ISO-10303-21;
HEADER;
/* Generated by software containing ST-Developer
 * from STEP Tools, Inc. (www.steptools.com) 
 */

FILE_DESCRIPTION(
/* description */ (''),
/* implementation_level */ '2;1');

FILE_NAME(
/* name */ 'M2.5 X 25mm Female to Female Standoff.step',
/* time_stamp */ '2026-03-06T00:56:58+05:30',
/* author */ (''),
/* organization */ (''),
/* preprocessor_version */ 'ST-DEVELOPER v20.1',
/* originating_system */ 'Autodesk Translation Framework v14.24.0.0',
/* authorisation */ '');

FILE_SCHEMA (('AUTOMOTIVE_DESIGN { 1 0 10303 214 3 1 1 }'));
ENDSEC;

DATA;
#10=MECHANICAL_DESIGN_GEOMETRIC_PRESENTATION_REPRESENTATION('',(#13),#11229);
#11=SHAPE_REPRESENTATION_RELATIONSHIP('SRR','None',#11236,#12);
#12=ADVANCED_BREP_SHAPE_REPRESENTATION('',(#14),#11228);
#13=STYLED_ITEM('',(#11245),#14);
#14=MANIFOLD_SOLID_BREP('Body1',#2928);
#15=B_SPLINE_SURFACE_WITH_KNOTS('',3,3,((#8337,#8338,#8339,#8340,#8341,
#8342,#8343,#8344,#8345,#8346,#8347,#8348,#8349,#8350,#8351,#8352,#8353,
#8354,#8355,#8356,#8357,#8358,#8359,#8360,#8361,#8362,#8363,#8364,#8365,
#8366,#8367,#8368,#8369,#8370,#8371,#8372,#8373,#8374,#8375,#8376,#8377,
#8378,#8379,#8380,#8381,#8382,#8383,#8384,#8385,#8386,#8387,#8388,#8389,
#8390,#8391,#8392,#8393,#8394,#8395,#8396,#8397,#8398,#8399,#8400,#8401,
#8402,#8403,#8404,#8405,#8406,#8407,#8408,#8409,#8410,#8411,#8412,#8413,
#8414,#8415,#8416,#8417,#8418,#8419,#8420,#8421,#8422,#8423,#8424,#8425,
#8426,#8427,#8428,#8429,#8430,#8431,#8432,#8433,#8434,#8435,#8436,#8437,
#8438,#8439,#8440,#8441,#8442,#8443,#8444,#8445,#8446,#8447,#8448,#8449,
#8450,#8451,#8452,#8453,#8454,#8455,#8456,#8457,#8458,#8459,#8460,#8461,
#8462,#8463,#8464,#8465,#8466,#8467,#8468,#8469,#8470,#8471,#8472,#8473,
#8474,#8475,#8476,#8477,#8478,#8479,#8480,#8481,#8482,#8483,#8484,#8485,
#8486,#8487,#8488,#8489,#8490,#8491,#8492,#8493,#8494,#8495,#8496,#8497,
#8498,#8499,#8500,#8501,#8502,#8503,#8504,#8505,#8506,#8507,#8508,#8509,
#8510,#8511,#8512,#8513,#8514,#8515,#8516,#8517,#8518,#8519,#8520,#8521,
#8522,#8523,#8524,#8525,#8526,#8527,#8528,#8529,#8530,#8531,#8532,#8533,
#8534,#8535,#8536,#8537,#8538,#8539,#8540,#8541,#8542,#8543,#8544,#8545,
#8546,#8547,#8548,#8549,#8550,#8551,#8552,#8553,#8554,#8555,#8556,#8557,
#8558,#8559,#8560,#8561,#8562,#8563,#8564,#8565,#8566,#8567,#8568,#8569,
#8570,#8571,#8572,#8573,#8574,#8575,#8576,#8577,#8578,#8579,#8580,#8581,
#8582,#8583,#8584,#8585,#8586,#8587,#8588,#8589,#8590,#8591,#8592,#8593,
#8594,#8595,#8596,#8597,#8598,#8599,#8600,#8601,#8602,#8603,#8604,#8605,
#8606,#8607,#8608,#8609,#8610,#8611,#8612,#8613,#8614,#8615,#8616,#8617,
#8618,#8619,#8620,#8621,#8622,#8623,#8624,#8625,#8626,#8627,#8628,#8629,
#8630,#8631,#8632,#8633,#8634,#8635,#8636,#8637,#8638,#8639,#8640,#8641,
#8642,#8643,#8644,#8645,#8646,#8647,#8648,#8649,#8650,#8651,#8652,#8653,
#8654,#8655,#8656,#8657,#8658,#8659,#8660,#8661,#8662,#8663,#8664,#8665,
#8666,#8667,#8668,#8669,#8670,#8671,#8672,#8673,#8674,#8675,#8676,#8677,
#8678,#8679,#8680,#8681,#8682,#8683,#8684,#8685,#8686,#8687,#8688,#8689,
#8690,#8691),(#8692,#8693,#8694,#8695,#8696,#8697,#8698,#8699,#8700,#8701,
#8702,#8703,#8704,#8705,#8706,#8707,#8708,#8709,#8710,#8711,#8712,#8713,
#8714,#8715,#8716,#8717,#8718,#8719,#8720,#8721,#8722,#8723,#8724,#8725,
#8726,#8727,#8728,#8729,#8730,#8731,#8732,#8733,#8734,#8735,#8736,#8737,
#8738,#8739,#8740,#8741,#8742,#8743,#8744,#8745,#8746,#8747,#8748,#8749,
#8750,#8751,#8752,#8753,#8754,#8755,#8756,#8757,#8758,#8759,#8760,#8761,
#8762,#8763,#8764,#8765,#8766,#8767,#8768,#8769,#8770,#8771,#8772,#8773,
#8774,#8775,#8776,#8777,#8778,#8779,#8780,#8781,#8782,#8783,#8784,#8785,
#8786,#8787,#8788,#8789,#8790,#8791,#8792,#8793,#8794,#8795,#8796,#8797,
#8798,#8799,#8800,#8801,#8802,#8803,#8804,#8805,#8806,#8807,#8808,#8809,
#8810,#8811,#8812,#8813,#8814,#8815,#8816,#8817,#8818,#8819,#8820,#8821,
#8822,#8823,#8824,#8825,#8826,#8827,#8828,#8829,#8830,#8831,#8832,#8833,
#8834,#8835,#8836,#8837,#8838,#8839,#8840,#8841,#8842,#8843,#8844,#8845,
#8846,#8847,#8848,#8849,#8850,#8851,#8852,#8853,#8854,#8855,#8856,#8857,
#8858,#8859,#8860,#8861,#8862,#8863,#8864,#8865,#8866,#8867,#8868,#8869,
#8870,#8871,#8872,#8873,#8874,#8875,#8876,#8877,#8878,#8879,#8880,#8881,
#8882,#8883,#8884,#8885,#8886,#8887,#8888,#8889,#8890,#8891,#8892,#8893,
#8894,#8895,#8896,#8897,#8898,#8899,#8900,#8901,#8902,#8903,#8904,#8905,
#8906,#8907,#8908,#8909,#8910,#8911,#8912,#8913,#8914,#8915,#8916,#8917,
#8918,#8919,#8920,#8921,#8922,#8923,#8924,#8925,#8926,#8927,#8928,#8929,
#8930,#8931,#8932,#8933,#8934,#8935,#8936,#8937,#8938,#8939,#8940,#8941,
#8942,#8943,#8944,#8945,#8946,#8947,#8948,#8949,#8950,#8951,#8952,#8953,
#8954,#8955,#8956,#8957,#8958,#8959,#8960,#8961,#8962,#8963,#8964,#8965,
#8966,#8967,#8968,#8969,#8970,#8971,#8972,#8973,#8974,#8975,#8976,#8977,
#8978,#8979,#8980,#8981,#8982,#8983,#8984,#8985,#8986,#8987,#8988,#8989,
#8990,#8991,#8992,#8993,#8994,#8995,#8996,#8997,#8998,#8999,#9000,#9001,
#9002,#9003,#9004,#9005,#9006,#9007,#9008,#9009,#9010,#9011,#9012,#9013,
#9014,#9015,#9016,#9017,#9018,#9019,#9020,#9021,#9022,#9023,#9024,#9025,
#9026,#9027,#9028,#9029,#9030,#9031,#9032,#9033,#9034,#9035,#9036,#9037,
#9038,#9039,#9040,#9041,#9042,#9043,#9044,#9045,#9046),(#9047,#9048,#9049,
#9050,#9051,#9052,#9053,#9054,#9055,#9056,#9057,#9058,#9059,#9060,#9061,
#9062,#9063,#9064,#9065,#9066,#9067,#9068,#9069,#9070,#9071,#9072,#9073,
#9074,#9075,#9076,#9077,#9078,#9079,#9080,#9081,#9082,#9083,#9084,#9085,
#9086,#9087,#9088,#9089,#9090,#9091,#9092,#9093,#9094,#9095,#9096,#9097,
#9098,#9099,#9100,#9101,#9102,#9103,#9104,#9105,#9106,#9107,#9108,#9109,
#9110,#9111,#9112,#9113,#9114,#9115,#9116,#9117,#9118,#9119,#9120,#9121,
#9122,#9123,#9124,#9125,#9126,#9127,#9128,#9129,#9130,#9131,#9132,#9133,
#9134,#9135,#9136,#9137,#9138,#9139,#9140,#9141,#9142,#9143,#9144,#9145,
#9146,#9147,#9148,#9149,#9150,#9151,#9152,#9153,#9154,#9155,#9156,#9157,
#9158,#9159,#9160,#9161,#9162,#9163,#9164,#9165,#9166,#9167,#9168,#9169,
#9170,#9171,#9172,#9173,#9174,#9175,#9176,#9177,#9178,#9179,#9180,#9181,
#9182,#9183,#9184,#9185,#9186,#9187,#9188,#9189,#9190,#9191,#9192,#9193,
#9194,#9195,#9196,#9197,#9198,#9199,#9200,#9201,#9202,#9203,#9204,#9205,
#9206,#9207,#9208,#9209,#9210,#9211,#9212,#9213,#9214,#9215,#9216,#9217,
#9218,#9219,#9220,#9221,#9222,#9223,#9224,#9225,#9226,#9227,#9228,#9229,
#9230,#9231,#9232,#9233,#9234,#9235,#9236,#9237,#9238,#9239,#9240,#9241,
#9242,#9243,#9244,#9245,#9246,#9247,#9248,#9249,#9250,#9251,#9252,#9253,
#9254,#9255,#9256,#9257,#9258,#9259,#9260,#9261,#9262,#9263,#9264,#9265,
#9266,#9267,#9268,#9269,#9270,#9271,#9272,#9273,#9274,#9275,#9276,#9277,
#9278,#9279,#9280,#9281,#9282,#9283,#9284,#9285,#9286,#9287,#9288,#9289,
#9290,#9291,#9292,#9293,#9294,#9295,#9296,#9297,#9298,#9299,#9300,#9301,
#9302,#9303,#9304,#9305,#9306,#9307,#9308,#9309,#9310,#9311,#9312,#9313,
#9314,#9315,#9316,#9317,#9318,#9319,#9320,#9321,#9322,#9323,#9324,#9325,
#9326,#9327,#9328,#9329,#9330,#9331,#9332,#9333,#9334,#9335,#9336,#9337,
#9338,#9339,#9340,#9341,#9342,#9343,#9344,#9345,#9346,#9347,#9348,#9349,
#9350,#9351,#9352,#9353,#9354,#9355,#9356,#9357,#9358,#9359,#9360,#9361,
#9362,#9363,#9364,#9365,#9366,#9367,#9368,#9369,#9370,#9371,#9372,#9373,
#9374,#9375,#9376,#9377,#9378,#9379,#9380,#9381,#9382,#9383,#9384,#9385,
#9386,#9387,#9388,#9389,#9390,#9391,#9392,#9393,#9394,#9395,#9396,#9397,
#9398,#9399,#9400,#9401),(#9402,#9403,#9404,#9405,#9406,#9407,#9408,#9409,
#9410,#9411,#9412,#9413,#9414,#9415,#9416,#9417,#9418,#9419,#9420,#9421,
#9422,#9423,#9424,#9425,#9426,#9427,#9428,#9429,#9430,#9431,#9432,#9433,
#9434,#9435,#9436,#9437,#9438,#9439,#9440,#9441,#9442,#9443,#9444,#9445,
#9446,#9447,#9448,#9449,#9450,#9451,#9452,#9453,#9454,#9455,#9456,#9457,
#9458,#9459,#9460,#9461,#9462,#9463,#9464,#9465,#9466,#9467,#9468,#9469,
#9470,#9471,#9472,#9473,#9474,#9475,#9476,#9477,#9478,#9479,#9480,#9481,
#9482,#9483,#9484,#9485,#9486,#9487,#9488,#9489,#9490,#9491,#9492,#9493,
#9494,#9495,#9496,#9497,#9498,#9499,#9500,#9501,#9502,#9503,#9504,#9505,
#9506,#9507,#9508,#9509,#9510,#9511,#9512,#9513,#9514,#9515,#9516,#9517,
#9518,#9519,#9520,#9521,#9522,#9523,#9524,#9525,#9526,#9527,#9528,#9529,
#9530,#9531,#9532,#9533,#9534,#9535,#9536,#9537,#9538,#9539,#9540,#9541,
#9542,#9543,#9544,#9545,#9546,#9547,#9548,#9549,#9550,#9551,#9552,#9553,
#9554,#9555,#9556,#9557,#9558,#9559,#9560,#9561,#9562,#9563,#9564,#9565,
#9566,#9567,#9568,#9569,#9570,#9571,#9572,#9573,#9574,#9575,#9576,#9577,
#9578,#9579,#9580,#9581,#9582,#9583,#9584,#9585,#9586,#9587,#9588,#9589,
#9590,#9591,#9592,#9593,#9594,#9595,#9596,#9597,#9598,#9599,#9600,#9601,
#9602,#9603,#9604,#9605,#9606,#9607,#9608,#9609,#9610,#9611,#9612,#9613,
#9614,#9615,#9616,#9617,#9618,#9619,#9620,#9621,#9622,#9623,#9624,#9625,
#9626,#9627,#9628,#9629,#9630,#9631,#9632,#9633,#9634,#9635,#9636,#9637,
#9638,#9639,#9640,#9641,#9642,#9643,#9644,#9645,#9646,#9647,#9648,#9649,
#9650,#9651,#9652,#9653,#9654,#9655,#9656,#9657,#9658,#9659,#9660,#9661,
#9662,#9663,#9664,#9665,#9666,#9667,#9668,#9669,#9670,#9671,#9672,#9673,
#9674,#9675,#9676,#9677,#9678,#9679,#9680,#9681,#9682,#9683,#9684,#9685,
#9686,#9687,#9688,#9689,#9690,#9691,#9692,#9693,#9694,#9695,#9696,#9697,
#9698,#9699,#9700,#9701,#9702,#9703,#9704,#9705,#9706,#9707,#9708,#9709,
#9710,#9711,#9712,#9713,#9714,#9715,#9716,#9717,#9718,#9719,#9720,#9721,
#9722,#9723,#9724,#9725,#9726,#9727,#9728,#9729,#9730,#9731,#9732,#9733,
#9734,#9735,#9736,#9737,#9738,#9739,#9740,#9741,#9742,#9743,#9744,#9745,
#9746,#9747,#9748,#9749,#9750,#9751,#9752,#9753,#9754,#9755,#9756)),
 .UNSPECIFIED.,.F.,.F.,.F.,(4,4),(4,1,1,1,1,1,1,1,1,1,1,1,1,1,1,1,1,1,1,
1,1,1,1,1,1,1,1,1,1,1,1,1,1,1,1,1,1,1,1,1,1,1,1,1,1,1,1,1,1,1,1,1,1,1,1,
1,1,1,1,1,1,1,1,1,1,1,1,1,1,1,1,1,1,1,1,1,1,1,1,1,1,1,1,1,1,1,1,1,1,1,1,
1,1,1,1,1,1,1,1,1,1,1,1,1,1,1,1,1,1,1,1,1,1,1,1,1,1,1,1,1,1,1,1,1,1,1,1,
1,1,1,1,1,1,1,1,1,1,1,1,1,1,1,1,1,1,1,1,1,1,1,1,1,1,1,1,1,1,1,1,1,1,1,1,
1,1,1,1,1,1,1,1,1,1,1,1,1,1,1,1,1,1,1,1,1,1,1,1,1,1,1,1,1,1,1,1,1,1,1,1,
1,1,1,1,1,1,1,1,1,1,1,1,1,1,1,1,1,1,1,1,1,1,1,1,1,1,1,1,1,1,1,1,1,1,1,1,
1,1,1,1,1,1,1,1,1,1,1,1,1,1,1,1,1,1,1,1,1,1,1,1,1,1,1,1,1,1,1,1,1,1,1,1,
1,1,1,1,1,1,1,1,1,1,1,1,1,1,1,1,1,1,1,1,1,1,1,1,1,1,1,1,1,1,1,1,1,1,1,1,
1,1,1,1,1,1,1,1,1,1,1,1,1,1,1,1,1,1,1,1,1,1,1,1,1,1,1,1,1,1,1,1,1,1,1,1,
1,1,1,1,1,1,1,1,1,4),(0.,0.0291273210806166),(11.8408508686662,12.8382921215623,
13.8357333744584,14.8331746273545,15.8306158802507,16.8280571331468,17.8254983860429,
18.822939638939,19.8203808918351,20.8178221447313,21.8152633976274,22.8127046505235,
23.8101459034196,24.8075871563158,25.8050284092119,26.802469662108,27.7999109150041,
28.7973521679003,29.7947934207964,30.7922346736925,31.7896759265886,32.7871171794847,
33.7845584323809,34.781999685277,35.7794409381731,36.7768821910692,37.7743234439654,
38.7717646968615,39.7692059497576,40.7666472026537,41.7640884555499,42.761529708446,
43.7589709613421,44.7564122142382,45.7538534671343,46.7512947200305,47.7487359729266,
48.7461772258227,49.7436184787188,50.741059731615,51.7385009845111,52.7359422374072,
53.7333834903033,54.7308247431994,55.7282659960956,56.7257072489917,57.7231485018878,
58.7205897547839,59.7180310076801,60.7154722605762,61.7129135134723,62.7103547663684,
63.7077960192645,64.7052372721607,65.7026785250568,66.7001197779529,67.697561030849,
68.6950022837452,69.6924435366413,70.6898847895374,71.6873260424335,72.6847672953296,
73.6822085482258,74.6796498011219,75.677091054018,76.6745323069141,77.6719735598103,
78.6694148127064,79.6668560656025,80.6642973184986,81.6617385713948,82.6591798242909,
83.656621077187,84.6540623300831,85.6515035829792,86.6489448358754,87.6463860887715,
88.6438273416676,89.6412685945637,90.6387098474599,91.636151100356,92.6335923532521,
93.6310336061482,94.6284748590444,95.6259161119405,96.6233573648366,97.6207986177327,
98.6182398706288,99.615681123525,100.613122376421,101.610563629317,102.608004882213,
103.605446135109,104.602887388006,105.600328640902,106.597769893798,107.595211146694,
108.59265239959,109.590093652486,110.587534905382,111.584976158278,112.582417411175,
113.579858664071,114.577299916967,115.574741169863,116.572182422759,117.569623675655,
118.567064928551,119.564506181447,120.561947434344,121.55938868724,122.556829940136,
123.554271193032,124.551712445928,125.549153698824,126.54659495172,127.544036204616,
128.541477457513,129.538918710409,130.536359963305,131.533801216201,132.531242469097,
133.528683721993,134.526124974889,135.523566227785,136.521007480682,137.518448733578,
138.515889986474,139.51333123937,140.510772492266,141.508213745162,142.505654998058,
143.503096250954,144.50053750385,145.497978756747,146.495420009643,147.492861262539,
148.490302515435,149.487743768331,150.485185021227,151.482626274123,152.480067527019,
153.477508779916,154.474950032812,155.472391285708,156.469832538604,157.4672737915,
158.464715044396,159.462156297292,160.459597550188,161.457038803085,162.454480055981,
163.451921308877,164.449362561773,165.446803814669,166.444245067565,167.441686320461,
168.439127573357,169.436568826254,170.43401007915,171.431451332046,172.428892584942,
173.426333837838,174.423775090734,175.42121634363,176.418657596526,177.416098849423,
178.413540102319,179.410981355215,180.408422608111,181.405863861007,182.403305113903,
183.400746366799,184.398187619695,185.395628872592,186.393070125488,187.390511378384,
188.38795263128,189.385393884176,190.382835137072,191.380276389968,192.377717642864,
193.375158895761,194.372600148657,195.370041401553,196.367482654449,197.364923907345,
198.362365160241,199.359806413137,200.357247666033,201.354688918929,202.352130171826,
203.349571424722,204.347012677618,205.344453930514,206.34189518341,207.339336436306,
208.336777689202,209.334218942098,210.331660194995,211.329101447891,212.326542700787,
213.323983953683,214.321425206579,215.318866459475,216.316307712371,217.313748965267,
218.311190218164,219.30863147106,220.306072723956,221.303513976852,222.300955229748,
223.298396482644,224.29583773554,225.293278988436,226.290720241333,227.288161494229,
228.285602747125,229.283044000021,230.280485252917,231.277926505813,232.275367758709,
233.272809011605,234.270250264502,235.267691517398,236.265132770294,237.26257402319,
238.260015276086,239.257456528982,240.254897781878,241.252339034774,242.249780287671,
243.247221540567,244.244662793463,245.242104046359,246.239545299255,247.236986552151,
248.234427805047,249.231869057943,250.22931031084,251.226751563736,252.224192816632,
253.221634069528,254.219075322424,255.21651657532,256.213957828216,257.211399081112,
258.208840334008,259.206281586905,260.203722839801,261.201164092697,262.198605345593,
263.196046598489,264.193487851385,265.190929104281,266.188370357177,267.185811610074,
268.18325286297,269.180694115866,270.178135368762,271.175576621658,272.173017874554,
273.17045912745,274.167900380346,275.165341633243,276.162782886139,277.160224139035,
278.157665391931,279.155106644827,280.152547897723,281.149989150619,282.147430403515,
283.144871656412,284.142312909308,285.139754162204,286.1371954151,287.134636667996,
288.132077920892,289.129519173788,290.126960426684,291.124401679581,292.121842932477,
293.119284185373,294.116725438269,295.114166691165,296.111607944061,297.109049196957,
298.106490449853,299.103931702749,300.101372955646,301.098814208542,302.096255461438,
303.093696714334,304.09113796723,305.088579220126,306.086020473022,307.083461725918,
308.080902978815,309.078344231711,310.075785484607,311.073226737503,312.070667990399,
313.068109243295,314.065550496191,315.062991749087,316.060433001984,317.05787425488,
318.055315507776,319.052756760672,320.050198013568,321.047639266464,322.04508051936,
323.042521772256,324.039963025153,325.037404278049,326.034845530945,327.032286783841,
328.029728036737,329.027169289633,330.024610542529,331.022051795425,332.019493048322,
333.016934301218,334.014375554114,335.01181680701,336.009258059906,337.006699312802,
338.004140565698,339.001581818594,339.999023071491,340.996464324387,341.993905577283,
342.991346830179,343.988788083075,344.986229335971,345.983670588867,346.981111841763,
347.97855309466,348.975994347556,349.973435600452,350.970876853348,351.968318106244,
352.96575935914,353.963200612036,354.960641864932,355.958083117828,356.955524370725,
357.952965623621,358.950406876517,359.947848129413,360.945289382309,361.942730635205,
362.940171888101),.UNSPECIFIED.);
#16=B_SPLINE_SURFACE_WITH_KNOTS('',3,3,((#9782,#9783,#9784,#9785,#9786,
#9787,#9788,#9789,#9790,#9791,#9792,#9793,#9794,#9795,#9796,#9797,#9798,
#9799,#9800,#9801,#9802,#9803,#9804,#9805,#9806,#9807,#9808,#9809,#9810,
#9811,#9812,#9813,#9814,#9815,#9816,#9817,#9818,#9819,#9820,#9821,#9822,
#9823,#9824,#9825,#9826,#9827,#9828,#9829,#9830,#9831,#9832,#9833,#9834,
#9835,#9836,#9837,#9838,#9839,#9840,#9841,#9842,#9843,#9844,#9845,#9846,
#9847,#9848,#9849,#9850,#9851,#9852,#9853,#9854,#9855,#9856,#9857,#9858,
#9859,#9860,#9861,#9862,#9863,#9864,#9865,#9866,#9867,#9868,#9869,#9870,
#9871,#9872,#9873,#9874,#9875,#9876,#9877,#9878,#9879,#9880,#9881,#9882,
#9883,#9884,#9885,#9886,#9887,#9888,#9889,#9890,#9891,#9892,#9893,#9894,
#9895,#9896,#9897,#9898,#9899,#9900,#9901,#9902,#9903,#9904,#9905,#9906,
#9907,#9908,#9909,#9910,#9911,#9912,#9913,#9914,#9915,#9916,#9917,#9918,
#9919,#9920,#9921,#9922,#9923,#9924,#9925,#9926,#9927,#9928,#9929,#9930,
#9931,#9932,#9933,#9934,#9935,#9936,#9937,#9938,#9939,#9940,#9941,#9942,
#9943,#9944,#9945,#9946,#9947,#9948,#9949,#9950,#9951,#9952,#9953,#9954,
#9955,#9956,#9957,#9958,#9959,#9960,#9961,#9962,#9963,#9964,#9965,#9966,
#9967,#9968,#9969,#9970,#9971,#9972,#9973,#9974,#9975,#9976,#9977,#9978,
#9979,#9980,#9981,#9982,#9983,#9984,#9985,#9986,#9987,#9988,#9989,#9990,
#9991,#9992,#9993,#9994,#9995,#9996,#9997,#9998,#9999,#10000,#10001,#10002,
#10003,#10004,#10005,#10006,#10007,#10008,#10009,#10010,#10011,#10012,#10013,
#10014,#10015,#10016,#10017,#10018,#10019,#10020,#10021,#10022,#10023,#10024,
#10025,#10026,#10027,#10028,#10029,#10030,#10031,#10032,#10033,#10034,#10035,
#10036,#10037,#10038,#10039,#10040,#10041,#10042,#10043,#10044,#10045,#10046,
#10047,#10048,#10049,#10050,#10051,#10052,#10053,#10054,#10055,#10056,#10057,
#10058,#10059,#10060,#10061,#10062,#10063,#10064,#10065,#10066,#10067,#10068,
#10069,#10070,#10071,#10072,#10073,#10074,#10075,#10076,#10077,#10078,#10079,
#10080,#10081,#10082,#10083,#10084,#10085,#10086,#10087,#10088,#10089,#10090,
#10091,#10092,#10093,#10094,#10095,#10096,#10097,#10098,#10099,#10100,#10101,
#10102,#10103,#10104,#10105,#10106,#10107,#10108,#10109,#10110,#10111,#10112,
#10113,#10114,#10115,#10116,#10117,#10118,#10119,#10120,#10121,#10122,#10123,
#10124,#10125,#10126,#10127,#10128,#10129,#10130,#10131,#10132,#10133,#10134,
#10135,#10136),(#10137,#10138,#10139,#10140,#10141,#10142,#10143,#10144,
#10145,#10146,#10147,#10148,#10149,#10150,#10151,#10152,#10153,#10154,#10155,
#10156,#10157,#10158,#10159,#10160,#10161,#10162,#10163,#10164,#10165,#10166,
#10167,#10168,#10169,#10170,#10171,#10172,#10173,#10174,#10175,#10176,#10177,
#10178,#10179,#10180,#10181,#10182,#10183,#10184,#10185,#10186,#10187,#10188,
#10189,#10190,#10191,#10192,#10193,#10194,#10195,#10196,#10197,#10198,#10199,
#10200,#10201,#10202,#10203,#10204,#10205,#10206,#10207,#10208,#10209,#10210,
#10211,#10212,#10213,#10214,#10215,#10216,#10217,#10218,#10219,#10220,#10221,
#10222,#10223,#10224,#10225,#10226,#10227,#10228,#10229,#10230,#10231,#10232,
#10233,#10234,#10235,#10236,#10237,#10238,#10239,#10240,#10241,#10242,#10243,
#10244,#10245,#10246,#10247,#10248,#10249,#10250,#10251,#10252,#10253,#10254,
#10255,#10256,#10257,#10258,#10259,#10260,#10261,#10262,#10263,#10264,#10265,
#10266,#10267,#10268,#10269,#10270,#10271,#10272,#10273,#10274,#10275,#10276,
#10277,#10278,#10279,#10280,#10281,#10282,#10283,#10284,#10285,#10286,#10287,
#10288,#10289,#10290,#10291,#10292,#10293,#10294,#10295,#10296,#10297,#10298,
#10299,#10300,#10301,#10302,#10303,#10304,#10305,#10306,#10307,#10308,#10309,
#10310,#10311,#10312,#10313,#10314,#10315,#10316,#10317,#10318,#10319,#10320,
#10321,#10322,#10323,#10324,#10325,#10326,#10327,#10328,#10329,#10330,#10331,
#10332,#10333,#10334,#10335,#10336,#10337,#10338,#10339,#10340,#10341,#10342,
#10343,#10344,#10345,#10346,#10347,#10348,#10349,#10350,#10351,#10352,#10353,
#10354,#10355,#10356,#10357,#10358,#10359,#10360,#10361,#10362,#10363,#10364,
#10365,#10366,#10367,#10368,#10369,#10370,#10371,#10372,#10373,#10374,#10375,
#10376,#10377,#10378,#10379,#10380,#10381,#10382,#10383,#10384,#10385,#10386,
#10387,#10388,#10389,#10390,#10391,#10392,#10393,#10394,#10395,#10396,#10397,
#10398,#10399,#10400,#10401,#10402,#10403,#10404,#10405,#10406,#10407,#10408,
#10409,#10410,#10411,#10412,#10413,#10414,#10415,#10416,#10417,#10418,#10419,
#10420,#10421,#10422,#10423,#10424,#10425,#10426,#10427,#10428,#10429,#10430,
#10431,#10432,#10433,#10434,#10435,#10436,#10437,#10438,#10439,#10440,#10441,
#10442,#10443,#10444,#10445,#10446,#10447,#10448,#10449,#10450,#10451,#10452,
#10453,#10454,#10455,#10456,#10457,#10458,#10459,#10460,#10461,#10462,#10463,
#10464,#10465,#10466,#10467,#10468,#10469,#10470,#10471,#10472,#10473,#10474,
#10475,#10476,#10477,#10478,#10479,#10480,#10481,#10482,#10483,#10484,#10485,
#10486,#10487,#10488,#10489,#10490,#10491),(#10492,#10493,#10494,#10495,
#10496,#10497,#10498,#10499,#10500,#10501,#10502,#10503,#10504,#10505,#10506,
#10507,#10508,#10509,#10510,#10511,#10512,#10513,#10514,#10515,#10516,#10517,
#10518,#10519,#10520,#10521,#10522,#10523,#10524,#10525,#10526,#10527,#10528,
#10529,#10530,#10531,#10532,#10533,#10534,#10535,#10536,#10537,#10538,#10539,
#10540,#10541,#10542,#10543,#10544,#10545,#10546,#10547,#10548,#10549,#10550,
#10551,#10552,#10553,#10554,#10555,#10556,#10557,#10558,#10559,#10560,#10561,
#10562,#10563,#10564,#10565,#10566,#10567,#10568,#10569,#10570,#10571,#10572,
#10573,#10574,#10575,#10576,#10577,#10578,#10579,#10580,#10581,#10582,#10583,
#10584,#10585,#10586,#10587,#10588,#10589,#10590,#10591,#10592,#10593,#10594,
#10595,#10596,#10597,#10598,#10599,#10600,#10601,#10602,#10603,#10604,#10605,
#10606,#10607,#10608,#10609,#10610,#10611,#10612,#10613,#10614,#10615,#10616,
#10617,#10618,#10619,#10620,#10621,#10622,#10623,#10624,#10625,#10626,#10627,
#10628,#10629,#10630,#10631,#10632,#10633,#10634,#10635,#10636,#10637,#10638,
#10639,#10640,#10641,#10642,#10643,#10644,#10645,#10646,#10647,#10648,#10649,
#10650,#10651,#10652,#10653,#10654,#10655,#10656,#10657,#10658,#10659,#10660,
#10661,#10662,#10663,#10664,#10665,#10666,#10667,#10668,#10669,#10670,#10671,
#10672,#10673,#10674,#10675,#10676,#10677,#10678,#10679,#10680,#10681,#10682,
#10683,#10684,#10685,#10686,#10687,#10688,#10689,#10690,#10691,#10692,#10693,
#10694,#10695,#10696,#10697,#10698,#10699,#10700,#10701,#10702,#10703,#10704,
#10705,#10706,#10707,#10708,#10709,#10710,#10711,#10712,#10713,#10714,#10715,
#10716,#10717,#10718,#10719,#10720,#10721,#10722,#10723,#10724,#10725,#10726,
#10727,#10728,#10729,#10730,#10731,#10732,#10733,#10734,#10735,#10736,#10737,
#10738,#10739,#10740,#10741,#10742,#10743,#10744,#10745,#10746,#10747,#10748,
#10749,#10750,#10751,#10752,#10753,#10754,#10755,#10756,#10757,#10758,#10759,
#10760,#10761,#10762,#10763,#10764,#10765,#10766,#10767,#10768,#10769,#10770,
#10771,#10772,#10773,#10774,#10775,#10776,#10777,#10778,#10779,#10780,#10781,
#10782,#10783,#10784,#10785,#10786,#10787,#10788,#10789,#10790,#10791,#10792,
#10793,#10794,#10795,#10796,#10797,#10798,#10799,#10800,#10801,#10802,#10803,
#10804,#10805,#10806,#10807,#10808,#10809,#10810,#10811,#10812,#10813,#10814,
#10815,#10816,#10817,#10818,#10819,#10820,#10821,#10822,#10823,#10824,#10825,
#10826,#10827,#10828,#10829,#10830,#10831,#10832,#10833,#10834,#10835,#10836,
#10837,#10838,#10839,#10840,#10841,#10842,#10843,#10844,#10845,#10846),
(#10847,#10848,#10849,#10850,#10851,#10852,#10853,#10854,#10855,#10856,
#10857,#10858,#10859,#10860,#10861,#10862,#10863,#10864,#10865,#10866,#10867,
#10868,#10869,#10870,#10871,#10872,#10873,#10874,#10875,#10876,#10877,#10878,
#10879,#10880,#10881,#10882,#10883,#10884,#10885,#10886,#10887,#10888,#10889,
#10890,#10891,#10892,#10893,#10894,#10895,#10896,#10897,#10898,#10899,#10900,
#10901,#10902,#10903,#10904,#10905,#10906,#10907,#10908,#10909,#10910,#10911,
#10912,#10913,#10914,#10915,#10916,#10917,#10918,#10919,#10920,#10921,#10922,
#10923,#10924,#10925,#10926,#10927,#10928,#10929,#10930,#10931,#10932,#10933,
#10934,#10935,#10936,#10937,#10938,#10939,#10940,#10941,#10942,#10943,#10944,
#10945,#10946,#10947,#10948,#10949,#10950,#10951,#10952,#10953,#10954,#10955,
#10956,#10957,#10958,#10959,#10960,#10961,#10962,#10963,#10964,#10965,#10966,
#10967,#10968,#10969,#10970,#10971,#10972,#10973,#10974,#10975,#10976,#10977,
#10978,#10979,#10980,#10981,#10982,#10983,#10984,#10985,#10986,#10987,#10988,
#10989,#10990,#10991,#10992,#10993,#10994,#10995,#10996,#10997,#10998,#10999,
#11000,#11001,#11002,#11003,#11004,#11005,#11006,#11007,#11008,#11009,#11010,
#11011,#11012,#11013,#11014,#11015,#11016,#11017,#11018,#11019,#11020,#11021,
#11022,#11023,#11024,#11025,#11026,#11027,#11028,#11029,#11030,#11031,#11032,
#11033,#11034,#11035,#11036,#11037,#11038,#11039,#11040,#11041,#11042,#11043,
#11044,#11045,#11046,#11047,#11048,#11049,#11050,#11051,#11052,#11053,#11054,
#11055,#11056,#11057,#11058,#11059,#11060,#11061,#11062,#11063,#11064,#11065,
#11066,#11067,#11068,#11069,#11070,#11071,#11072,#11073,#11074,#11075,#11076,
#11077,#11078,#11079,#11080,#11081,#11082,#11083,#11084,#11085,#11086,#11087,
#11088,#11089,#11090,#11091,#11092,#11093,#11094,#11095,#11096,#11097,#11098,
#11099,#11100,#11101,#11102,#11103,#11104,#11105,#11106,#11107,#11108,#11109,
#11110,#11111,#11112,#11113,#11114,#11115,#11116,#11117,#11118,#11119,#11120,
#11121,#11122,#11123,#11124,#11125,#11126,#11127,#11128,#11129,#11130,#11131,
#11132,#11133,#11134,#11135,#11136,#11137,#11138,#11139,#11140,#11141,#11142,
#11143,#11144,#11145,#11146,#11147,#11148,#11149,#11150,#11151,#11152,#11153,
#11154,#11155,#11156,#11157,#11158,#11159,#11160,#11161,#11162,#11163,#11164,
#11165,#11166,#11167,#11168,#11169,#11170,#11171,#11172,#11173,#11174,#11175,
#11176,#11177,#11178,#11179,#11180,#11181,#11182,#11183,#11184,#11185,#11186,
#11187,#11188,#11189,#11190,#11191,#11192,#11193,#11194,#11195,#11196,#11197,
#11198,#11199,#11200,#11201)),.UNSPECIFIED.,.F.,.F.,.F.,(4,4),(4,1,1,1,
1,1,1,1,1,1,1,1,1,1,1,1,1,1,1,1,1,1,1,1,1,1,1,1,1,1,1,1,1,1,1,1,1,1,1,1,
1,1,1,1,1,1,1,1,1,1,1,1,1,1,1,1,1,1,1,1,1,1,1,1,1,1,1,1,1,1,1,1,1,1,1,1,
1,1,1,1,1,1,1,1,1,1,1,1,1,1,1,1,1,1,1,1,1,1,1,1,1,1,1,1,1,1,1,1,1,1,1,1,
1,1,1,1,1,1,1,1,1,1,1,1,1,1,1,1,1,1,1,1,1,1,1,1,1,1,1,1,1,1,1,1,1,1,1,1,
1,1,1,1,1,1,1,1,1,1,1,1,1,1,1,1,1,1,1,1,1,1,1,1,1,1,1,1,1,1,1,1,1,1,1,1,
1,1,1,1,1,1,1,1,1,1,1,1,1,1,1,1,1,1,1,1,1,1,1,1,1,1,1,1,1,1,1,1,1,1,1,1,
1,1,1,1,1,1,1,1,1,1,1,1,1,1,1,1,1,1,1,1,1,1,1,1,1,1,1,1,1,1,1,1,1,1,1,1,
1,1,1,1,1,1,1,1,1,1,1,1,1,1,1,1,1,1,1,1,1,1,1,1,1,1,1,1,1,1,1,1,1,1,1,1,
1,1,1,1,1,1,1,1,1,1,1,1,1,1,1,1,1,1,1,1,1,1,1,1,1,1,1,1,1,1,1,1,1,1,1,1,
1,1,1,1,1,1,1,1,1,1,1,1,1,1,1,1,1,1,1,1,1,1,1,1,4),(0.,0.0291273210806166),
(14.4000123930741,15.3974536459702,16.3948948988664,17.3923361517625,18.3897774046586,
19.3872186575547,20.3846599104508,21.382101163347,22.3795424162431,23.3769836691392,
24.3744249220353,25.3718661749315,26.3693074278276,27.3667486807237,28.3641899336198,
29.361631186516,30.3590724394121,31.3565136923082,32.3539549452043,33.3513961981004,
34.3488374509966,35.3462787038927,36.3437199567888,37.3411612096849,38.3386024625811,
39.3360437154772,40.3334849683733,41.3309262212694,42.3283674741655,43.3258087270617,
44.3232499799578,45.3206912328539,46.31813248575,47.3155737386462,48.3130149915423,
49.3104562444384,50.3078974973345,51.3053387502306,52.3027800031268,53.3002212560229,
54.297662508919,55.2951037618151,56.2925450147113,57.2899862676074,58.2874275205035,
59.2848687733996,60.2823100262957,61.2797512791919,62.277192532088,63.2746337849841,
64.2720750378802,65.2695162907764,66.2669575436725,67.2643987965686,68.2618400494647,
69.2592813023608,70.256722555257,71.2541638081531,72.2516050610492,73.2490463139453,
74.2464875668415,75.2439288197376,76.2413700726337,77.2388113255298,78.2362525784259,
79.2336938313221,80.2311350842182,81.2285763371143,82.2260175900104,83.2234588429066,
84.2209000958027,85.2183413486988,86.2157826015949,87.213223854491,88.2106651073872,
89.2081063602833,90.2055476131794,91.2029888660755,92.2004301189717,93.1978713718678,
94.1953126247639,95.19275387766,96.1901951305561,97.1876363834523,98.1850776363484,
99.1825188892445,100.179960142141,101.177401395037,102.174842647933,103.172283900829,
104.169725153725,105.167166406621,106.164607659517,107.162048912413,108.15949016531,
109.156931418206,110.154372671102,111.151813923998,112.149255176894,113.14669642979,
114.144137682686,115.141578935582,116.139020188479,117.136461441375,118.133902694271,
119.131343947167,120.128785200063,121.126226452959,122.123667705855,123.121108958751,
124.118550211648,125.115991464544,126.11343271744,127.110873970336,128.108315223232,
129.105756476128,130.103197729024,131.10063898192,132.098080234817,133.095521487713,
134.092962740609,135.090403993505,136.087845246401,137.085286499297,138.082727752193,
139.080169005089,140.077610257986,141.075051510882,142.072492763778,143.069934016674,
144.06737526957,145.064816522466,146.062257775362,147.059699028258,148.057140281155,
149.054581534051,150.052022786947,151.049464039843,152.046905292739,153.044346545635,
154.041787798531,155.039229051427,156.036670304324,157.03411155722,158.031552810116,
159.028994063012,160.026435315908,161.023876568804,162.0213178217,163.018759074596,
164.016200327492,165.013641580389,166.011082833285,167.008524086181,168.005965339077,
169.003406591973,170.000847844869,170.998289097765,171.995730350661,172.993171603558,
173.990612856454,174.98805410935,175.985495362246,176.982936615142,177.980377868038,
178.977819120934,179.97526037383,180.972701626727,181.970142879623,182.967584132519,
183.965025385415,184.962466638311,185.959907891207,186.957349144103,187.954790396999,
188.952231649896,189.949672902792,190.947114155688,191.944555408584,192.94199666148,
193.939437914376,194.936879167272,195.934320420168,196.931761673065,197.929202925961,
198.926644178857,199.924085431753,200.921526684649,201.918967937545,202.916409190441,
203.913850443337,204.911291696234,205.90873294913,206.906174202026,207.903615454922,
208.901056707818,209.898497960714,210.89593921361,211.893380466506,212.890821719403,
213.888262972299,214.885704225195,215.883145478091,216.880586730987,217.878027983883,
218.875469236779,219.872910489675,220.870351742571,221.867792995468,222.865234248364,
223.86267550126,224.860116754156,225.857558007052,226.854999259948,227.852440512844,
228.84988176574,229.847323018637,230.844764271533,231.842205524429,232.839646777325,
233.837088030221,234.834529283117,235.831970536013,236.829411788909,237.826853041806,
238.824294294702,239.821735547598,240.819176800494,241.81661805339,242.814059306286,
243.811500559182,244.808941812078,245.806383064975,246.803824317871,247.801265570767,
248.798706823663,249.796148076559,250.793589329455,251.791030582351,252.788471835247,
253.785913088144,254.78335434104,255.780795593936,256.778236846832,257.775678099728,
258.773119352624,259.77056060552,260.768001858416,261.765443111312,262.762884364209,
263.760325617105,264.757766870001,265.755208122897,266.752649375793,267.750090628689,
268.747531881585,269.744973134481,270.742414387378,271.739855640274,272.73729689317,
273.734738146066,274.732179398962,275.729620651858,276.727061904754,277.72450315765,
278.721944410547,279.719385663443,280.716826916339,281.714268169235,282.711709422131,
283.709150675027,284.706591927923,285.704033180819,286.701474433716,287.698915686612,
288.696356939508,289.693798192404,290.6912394453,291.688680698196,292.686121951092,
293.683563203988,294.681004456885,295.678445709781,296.675886962677,297.673328215573,
298.670769468469,299.668210721365,300.665651974261,301.663093227157,302.660534480054,
303.65797573295,304.655416985846,305.652858238742,306.650299491638,307.647740744534,
308.64518199743,309.642623250326,310.640064503223,311.637505756119,312.634947009015,
313.632388261911,314.629829514807,315.627270767703,316.624712020599,317.622153273495,
318.619594526391,319.617035779288,320.614477032184,321.61191828508,322.609359537976,
323.606800790872,324.604242043768,325.601683296664,326.59912454956,327.596565802457,
328.594007055353,329.591448308249,330.588889561145,331.586330814041,332.583772066937,
333.581213319833,334.578654572729,335.576095825626,336.573537078522,337.570978331418,
338.568419584314,339.56586083721,340.563302090106,341.560743343002,342.558184595898,
343.555625848795,344.553067101691,345.550508354587,346.547949607483,347.545390860379,
348.542832113275,349.540273366171,350.537714619067,351.535155871964,352.53259712486,
353.530038377756,354.527479630652,355.524920883548,356.522362136444,357.51980338934,
358.517244642236,359.514685895133,360.512127148029,361.509568400925,362.507009653821,
363.504450906717,364.501892159613,365.499333412509),.UNSPECIFIED.);
#17=FACE_BOUND('',#342,.T.);
#18=FACE_BOUND('',#358,.T.);
#19=PLANE('',#3060);
#20=PLANE('',#3063);
#21=PLANE('',#3067);
#22=PLANE('',#3070);
#23=PLANE('',#3073);
#24=PLANE('',#3076);
#25=PLANE('',#3079);
#26=PLANE('',#3082);
#27=PLANE('',#3085);
#28=PLANE('',#3092);
#29=PLANE('',#3095);
#30=PLANE('',#3099);
#31=PLANE('',#3107);
#32=PLANE('',#3117);
#33=PLANE('',#3121);
#34=PLANE('',#3122);
#35=PLANE('',#3124);
#36=PLANE('',#3128);
#37=PLANE('',#3129);
#38=PLANE('',#3132);
#39=ELLIPSE('',#3058,0.223606797749979,0.1);
#40=ELLIPSE('',#3059,0.223606797749979,0.1);
#41=ELLIPSE('',#3061,0.223606797749979,0.1);
#42=ELLIPSE('',#3062,0.223606797749979,0.1);
#43=ELLIPSE('',#3065,0.223606797749979,0.1);
#44=ELLIPSE('',#3066,0.223606797749979,0.1);
#45=ELLIPSE('',#3068,0.223606797749979,0.1);
#46=ELLIPSE('',#3069,0.223606797749979,0.1);
#47=ELLIPSE('',#3072,0.223606797749979,0.1);
#48=ELLIPSE('',#3074,0.223606797749979,0.1);
#49=ELLIPSE('',#3075,0.223606797749979,0.1);
#50=ELLIPSE('',#3078,0.223606797749979,0.1);
#51=ELLIPSE('',#3080,0.223606797749979,0.1);
#52=ELLIPSE('',#3081,0.223606797749979,0.1);
#53=ELLIPSE('',#3084,0.223606797749979,0.1);
#54=ELLIPSE('',#3086,0.223606797749979,0.1);
#55=ELLIPSE('',#3087,0.223606797749979,0.1);
#56=ELLIPSE('',#3090,0.223606797749979,0.1);
#57=ELLIPSE('',#3091,0.223606797749979,0.1);
#58=ELLIPSE('',#3093,0.223606797749979,0.1);
#59=ELLIPSE('',#3094,0.223606797749978,0.1);
#60=ELLIPSE('',#3097,0.223606797749979,0.1);
#61=ELLIPSE('',#3098,0.223606797749979,0.1);
#62=ELLIPSE('',#3100,0.223606797749978,0.1);
#63=ELLIPSE('',#3101,0.223606797749979,0.1);
#64=ELLIPSE('',#3103,0.223606797749979,0.1);
#65=ELLIPSE('',#3105,0.223606797749979,0.1);
#66=ELLIPSE('',#3106,0.223606797749979,0.1);
#67=ELLIPSE('',#3108,0.223606797749978,0.1);
#68=ELLIPSE('',#3109,0.223606797749979,0.1);
#69=ELLIPSE('',#3111,0.223606797749979,0.1);
#70=ELLIPSE('',#3113,0.223606797749979,0.1);
#71=ELLIPSE('',#3116,0.223606797749978,0.1);
#72=ELLIPSE('',#3120,0.223606797749978,0.1);
#73=ELLIPSE('',#3126,0.223606797749978,0.1);
#74=ELLIPSE('',#3127,0.223606797749979,0.1);
#75=FACE_OUTER_BOUND('',#228,.T.);
#76=FACE_OUTER_BOUND('',#229,.T.);
#77=FACE_OUTER_BOUND('',#230,.T.);
#78=FACE_OUTER_BOUND('',#231,.T.);
#79=FACE_OUTER_BOUND('',#232,.T.);
#80=FACE_OUTER_BOUND('',#233,.T.);
#81=FACE_OUTER_BOUND('',#234,.T.);
#82=FACE_OUTER_BOUND('',#235,.T.);
#83=FACE_OUTER_BOUND('',#236,.T.);
#84=FACE_OUTER_BOUND('',#237,.T.);
#85=FACE_OUTER_BOUND('',#238,.T.);
#86=FACE_OUTER_BOUND('',#239,.T.);
#87=FACE_OUTER_BOUND('',#240,.T.);
#88=FACE_OUTER_BOUND('',#241,.T.);
#89=FACE_OUTER_BOUND('',#242,.T.);
#90=FACE_OUTER_BOUND('',#243,.T.);
#91=FACE_OUTER_BOUND('',#244,.T.);
#92=FACE_OUTER_BOUND('',#245,.T.);
#93=FACE_OUTER_BOUND('',#246,.T.);
#94=FACE_OUTER_BOUND('',#247,.T.);
#95=FACE_OUTER_BOUND('',#248,.T.);
#96=FACE_OUTER_BOUND('',#249,.T.);
#97=FACE_OUTER_BOUND('',#250,.T.);
#98=FACE_OUTER_BOUND('',#251,.T.);
#99=FACE_OUTER_BOUND('',#252,.T.);
#100=FACE_OUTER_BOUND('',#253,.T.);
#101=FACE_OUTER_BOUND('',#254,.T.);
#102=FACE_OUTER_BOUND('',#255,.T.);
#103=FACE_OUTER_BOUND('',#256,.T.);
#104=FACE_OUTER_BOUND('',#257,.T.);
#105=FACE_OUTER_BOUND('',#258,.T.);
#106=FACE_OUTER_BOUND('',#259,.T.);
#107=FACE_OUTER_BOUND('',#260,.T.);
#108=FACE_OUTER_BOUND('',#261,.T.);
#109=FACE_OUTER_BOUND('',#262,.T.);
#110=FACE_OUTER_BOUND('',#263,.T.);
#111=FACE_OUTER_BOUND('',#264,.T.);
#112=FACE_OUTER_BOUND('',#265,.T.);
#113=FACE_OUTER_BOUND('',#266,.T.);
#114=FACE_OUTER_BOUND('',#267,.T.);
#115=FACE_OUTER_BOUND('',#268,.T.);
#116=FACE_OUTER_BOUND('',#269,.T.);
#117=FACE_OUTER_BOUND('',#270,.T.);
#118=FACE_OUTER_BOUND('',#271,.T.);
#119=FACE_OUTER_BOUND('',#272,.T.);
#120=FACE_OUTER_BOUND('',#273,.T.);
#121=FACE_OUTER_BOUND('',#274,.T.);
#122=FACE_OUTER_BOUND('',#275,.T.);
#123=FACE_OUTER_BOUND('',#276,.T.);
#124=FACE_OUTER_BOUND('',#277,.T.);
#125=FACE_OUTER_BOUND('',#278,.T.);
#126=FACE_OUTER_BOUND('',#279,.T.);
#127=FACE_OUTER_BOUND('',#280,.T.);
#128=FACE_OUTER_BOUND('',#281,.T.);
#129=FACE_OUTER_BOUND('',#282,.T.);
#130=FACE_OUTER_BOUND('',#283,.T.);
#131=FACE_OUTER_BOUND('',#284,.T.);
#132=FACE_OUTER_BOUND('',#285,.T.);
#133=FACE_OUTER_BOUND('',#286,.T.);
#134=FACE_OUTER_BOUND('',#287,.T.);
#135=FACE_OUTER_BOUND('',#288,.T.);
#136=FACE_OUTER_BOUND('',#289,.T.);
#137=FACE_OUTER_BOUND('',#290,.T.);
#138=FACE_OUTER_BOUND('',#291,.T.);
#139=FACE_OUTER_BOUND('',#292,.T.);
#140=FACE_OUTER_BOUND('',#293,.T.);
#141=FACE_OUTER_BOUND('',#294,.T.);
#142=FACE_OUTER_BOUND('',#295,.T.);
#143=FACE_OUTER_BOUND('',#296,.T.);
#144=FACE_OUTER_BOUND('',#297,.T.);
#145=FACE_OUTER_BOUND('',#298,.T.);
#146=FACE_OUTER_BOUND('',#299,.T.);
#147=FACE_OUTER_BOUND('',#300,.T.);
#148=FACE_OUTER_BOUND('',#301,.T.);
#149=FACE_OUTER_BOUND('',#302,.T.);
#150=FACE_OUTER_BOUND('',#303,.T.);
#151=FACE_OUTER_BOUND('',#304,.T.);
#152=FACE_OUTER_BOUND('',#305,.T.);
#153=FACE_OUTER_BOUND('',#306,.T.);
#154=FACE_OUTER_BOUND('',#307,.T.);
#155=FACE_OUTER_BOUND('',#308,.T.);
#156=FACE_OUTER_BOUND('',#309,.T.);
#157=FACE_OUTER_BOUND('',#310,.T.);
#158=FACE_OUTER_BOUND('',#311,.T.);
#159=FACE_OUTER_BOUND('',#312,.T.);
#160=FACE_OUTER_BOUND('',#313,.T.);
#161=FACE_OUTER_BOUND('',#314,.T.);
#162=FACE_OUTER_BOUND('',#315,.T.);
#163=FACE_OUTER_BOUND('',#316,.T.);
#164=FACE_OUTER_BOUND('',#317,.T.);
#165=FACE_OUTER_BOUND('',#318,.T.);
#166=FACE_OUTER_BOUND('',#319,.T.);
#167=FACE_OUTER_BOUND('',#320,.T.);
#168=FACE_OUTER_BOUND('',#321,.T.);
#169=FACE_OUTER_BOUND('',#322,.T.);
#170=FACE_OUTER_BOUND('',#323,.T.);
#171=FACE_OUTER_BOUND('',#324,.T.);
#172=FACE_OUTER_BOUND('',#325,.T.);
#173=FACE_OUTER_BOUND('',#326,.T.);
#174=FACE_OUTER_BOUND('',#327,.T.);
#175=FACE_OUTER_BOUND('',#328,.T.);
#176=FACE_OUTER_BOUND('',#329,.T.);
#177=FACE_OUTER_BOUND('',#330,.T.);
#178=FACE_OUTER_BOUND('',#331,.T.);
#179=FACE_OUTER_BOUND('',#332,.T.);
#180=FACE_OUTER_BOUND('',#333,.T.);
#181=FACE_OUTER_BOUND('',#334,.T.);
#182=FACE_OUTER_BOUND('',#335,.T.);
#183=FACE_OUTER_BOUND('',#336,.T.);
#184=FACE_OUTER_BOUND('',#337,.T.);
#185=FACE_OUTER_BOUND('',#338,.T.);
#186=FACE_OUTER_BOUND('',#339,.T.);
#187=FACE_OUTER_BOUND('',#340,.T.);
#188=FACE_OUTER_BOUND('',#341,.T.);
#189=FACE_OUTER_BOUND('',#343,.T.);
#190=FACE_OUTER_BOUND('',#344,.T.);
#191=FACE_OUTER_BOUND('',#345,.T.);
#192=FACE_OUTER_BOUND('',#346,.T.);
#193=FACE_OUTER_BOUND('',#347,.T.);
#194=FACE_OUTER_BOUND('',#348,.T.);
#195=FACE_OUTER_BOUND('',#349,.T.);
#196=FACE_OUTER_BOUND('',#350,.T.);
#197=FACE_OUTER_BOUND('',#351,.T.);
#198=FACE_OUTER_BOUND('',#352,.T.);
#199=FACE_OUTER_BOUND('',#353,.T.);
#200=FACE_OUTER_BOUND('',#354,.T.);
#201=FACE_OUTER_BOUND('',#355,.T.);
#202=FACE_OUTER_BOUND('',#356,.T.);
#203=FACE_OUTER_BOUND('',#357,.T.);
#204=FACE_OUTER_BOUND('',#359,.T.);
#205=FACE_OUTER_BOUND('',#360,.T.);
#206=FACE_OUTER_BOUND('',#361,.T.);
#207=FACE_OUTER_BOUND('',#362,.T.);
#208=FACE_OUTER_BOUND('',#363,.T.);
#209=FACE_OUTER_BOUND('',#364,.T.);
#210=FACE_OUTER_BOUND('',#365,.T.);
#211=FACE_OUTER_BOUND('',#366,.T.);
#212=FACE_OUTER_BOUND('',#367,.T.);
#213=FACE_OUTER_BOUND('',#368,.T.);
#214=FACE_OUTER_BOUND('',#369,.T.);
#215=FACE_OUTER_BOUND('',#370,.T.);
#216=FACE_OUTER_BOUND('',#371,.T.);
#217=FACE_OUTER_BOUND('',#372,.T.);
#218=FACE_OUTER_BOUND('',#373,.T.);
#219=FACE_OUTER_BOUND('',#374,.T.);
#220=FACE_OUTER_BOUND('',#375,.T.);
#221=FACE_OUTER_BOUND('',#376,.T.);
#222=FACE_OUTER_BOUND('',#377,.T.);
#223=FACE_OUTER_BOUND('',#378,.T.);
#224=FACE_OUTER_BOUND('',#379,.T.);
#225=FACE_OUTER_BOUND('',#380,.T.);
#226=FACE_OUTER_BOUND('',#381,.T.);
#227=FACE_OUTER_BOUND('',#382,.T.);
#228=EDGE_LOOP('',(#1738,#1739,#1740,#1741));
#229=EDGE_LOOP('',(#1742,#1743,#1744,#1745));
#230=EDGE_LOOP('',(#1746,#1747,#1748,#1749));
#231=EDGE_LOOP('',(#1750,#1751,#1752,#1753));
#232=EDGE_LOOP('',(#1754,#1755,#1756,#1757));
#233=EDGE_LOOP('',(#1758,#1759,#1760,#1761));
#234=EDGE_LOOP('',(#1762,#1763,#1764,#1765));
#235=EDGE_LOOP('',(#1766,#1767,#1768,#1769));
#236=EDGE_LOOP('',(#1770,#1771,#1772,#1773));
#237=EDGE_LOOP('',(#1774,#1775,#1776,#1777));
#238=EDGE_LOOP('',(#1778,#1779,#1780,#1781));
#239=EDGE_LOOP('',(#1782,#1783,#1784,#1785));
#240=EDGE_LOOP('',(#1786,#1787,#1788,#1789));
#241=EDGE_LOOP('',(#1790,#1791,#1792,#1793));
#242=EDGE_LOOP('',(#1794,#1795,#1796,#1797));
#243=EDGE_LOOP('',(#1798,#1799,#1800,#1801));
#244=EDGE_LOOP('',(#1802,#1803,#1804,#1805));
#245=EDGE_LOOP('',(#1806,#1807,#1808,#1809));
#246=EDGE_LOOP('',(#1810,#1811,#1812,#1813));
#247=EDGE_LOOP('',(#1814,#1815,#1816,#1817));
#248=EDGE_LOOP('',(#1818,#1819,#1820,#1821));
#249=EDGE_LOOP('',(#1822,#1823,#1824,#1825));
#250=EDGE_LOOP('',(#1826,#1827,#1828,#1829));
#251=EDGE_LOOP('',(#1830,#1831,#1832,#1833));
#252=EDGE_LOOP('',(#1834,#1835,#1836,#1837));
#253=EDGE_LOOP('',(#1838,#1839,#1840,#1841));
#254=EDGE_LOOP('',(#1842,#1843,#1844,#1845));
#255=EDGE_LOOP('',(#1846,#1847,#1848,#1849));
#256=EDGE_LOOP('',(#1850,#1851,#1852,#1853));
#257=EDGE_LOOP('',(#1854,#1855,#1856,#1857));
#258=EDGE_LOOP('',(#1858,#1859,#1860,#1861));
#259=EDGE_LOOP('',(#1862,#1863,#1864,#1865));
#260=EDGE_LOOP('',(#1866,#1867,#1868,#1869));
#261=EDGE_LOOP('',(#1870,#1871,#1872,#1873));
#262=EDGE_LOOP('',(#1874,#1875,#1876,#1877));
#263=EDGE_LOOP('',(#1878,#1879,#1880,#1881));
#264=EDGE_LOOP('',(#1882,#1883,#1884,#1885));
#265=EDGE_LOOP('',(#1886,#1887,#1888,#1889));
#266=EDGE_LOOP('',(#1890,#1891,#1892,#1893));
#267=EDGE_LOOP('',(#1894,#1895,#1896,#1897));
#268=EDGE_LOOP('',(#1898,#1899,#1900,#1901));
#269=EDGE_LOOP('',(#1902,#1903,#1904,#1905));
#270=EDGE_LOOP('',(#1906,#1907,#1908,#1909));
#271=EDGE_LOOP('',(#1910,#1911,#1912,#1913));
#272=EDGE_LOOP('',(#1914,#1915,#1916,#1917));
#273=EDGE_LOOP('',(#1918,#1919,#1920,#1921));
#274=EDGE_LOOP('',(#1922,#1923,#1924,#1925));
#275=EDGE_LOOP('',(#1926,#1927,#1928,#1929));
#276=EDGE_LOOP('',(#1930,#1931,#1932,#1933));
#277=EDGE_LOOP('',(#1934,#1935,#1936,#1937));
#278=EDGE_LOOP('',(#1938,#1939,#1940,#1941));
#279=EDGE_LOOP('',(#1942,#1943,#1944,#1945));
#280=EDGE_LOOP('',(#1946,#1947,#1948,#1949));
#281=EDGE_LOOP('',(#1950,#1951,#1952,#1953));
#282=EDGE_LOOP('',(#1954,#1955,#1956,#1957));
#283=EDGE_LOOP('',(#1958,#1959,#1960,#1961));
#284=EDGE_LOOP('',(#1962,#1963,#1964,#1965));
#285=EDGE_LOOP('',(#1966,#1967,#1968,#1969));
#286=EDGE_LOOP('',(#1970,#1971,#1972,#1973));
#287=EDGE_LOOP('',(#1974,#1975,#1976,#1977));
#288=EDGE_LOOP('',(#1978,#1979,#1980,#1981));
#289=EDGE_LOOP('',(#1982,#1983,#1984,#1985));
#290=EDGE_LOOP('',(#1986,#1987,#1988,#1989));
#291=EDGE_LOOP('',(#1990,#1991,#1992,#1993));
#292=EDGE_LOOP('',(#1994,#1995,#1996,#1997));
#293=EDGE_LOOP('',(#1998,#1999,#2000,#2001));
#294=EDGE_LOOP('',(#2002,#2003,#2004,#2005));
#295=EDGE_LOOP('',(#2006,#2007,#2008,#2009));
#296=EDGE_LOOP('',(#2010,#2011,#2012,#2013));
#297=EDGE_LOOP('',(#2014,#2015,#2016,#2017));
#298=EDGE_LOOP('',(#2018,#2019,#2020,#2021));
#299=EDGE_LOOP('',(#2022,#2023,#2024,#2025));
#300=EDGE_LOOP('',(#2026,#2027,#2028,#2029));
#301=EDGE_LOOP('',(#2030,#2031,#2032,#2033));
#302=EDGE_LOOP('',(#2034,#2035,#2036,#2037));
#303=EDGE_LOOP('',(#2038,#2039,#2040,#2041));
#304=EDGE_LOOP('',(#2042,#2043,#2044,#2045));
#305=EDGE_LOOP('',(#2046,#2047,#2048,#2049));
#306=EDGE_LOOP('',(#2050,#2051,#2052,#2053));
#307=EDGE_LOOP('',(#2054,#2055,#2056,#2057));
#308=EDGE_LOOP('',(#2058,#2059,#2060,#2061));
#309=EDGE_LOOP('',(#2062,#2063,#2064,#2065));
#310=EDGE_LOOP('',(#2066,#2067,#2068,#2069));
#311=EDGE_LOOP('',(#2070,#2071,#2072,#2073));
#312=EDGE_LOOP('',(#2074,#2075,#2076,#2077));
#313=EDGE_LOOP('',(#2078,#2079,#2080,#2081));
#314=EDGE_LOOP('',(#2082,#2083,#2084,#2085));
#315=EDGE_LOOP('',(#2086,#2087,#2088,#2089));
#316=EDGE_LOOP('',(#2090,#2091,#2092,#2093));
#317=EDGE_LOOP('',(#2094,#2095,#2096,#2097));
#318=EDGE_LOOP('',(#2098,#2099,#2100,#2101));
#319=EDGE_LOOP('',(#2102,#2103,#2104,#2105));
#320=EDGE_LOOP('',(#2106,#2107,#2108,#2109));
#321=EDGE_LOOP('',(#2110,#2111,#2112,#2113));
#322=EDGE_LOOP('',(#2114,#2115,#2116,#2117));
#323=EDGE_LOOP('',(#2118,#2119,#2120,#2121));
#324=EDGE_LOOP('',(#2122,#2123,#2124,#2125));
#325=EDGE_LOOP('',(#2126,#2127,#2128,#2129));
#326=EDGE_LOOP('',(#2130,#2131,#2132,#2133));
#327=EDGE_LOOP('',(#2134,#2135,#2136,#2137));
#328=EDGE_LOOP('',(#2138,#2139,#2140,#2141));
#329=EDGE_LOOP('',(#2142,#2143,#2144,#2145));
#330=EDGE_LOOP('',(#2146,#2147,#2148,#2149));
#331=EDGE_LOOP('',(#2150,#2151,#2152,#2153));
#332=EDGE_LOOP('',(#2154,#2155,#2156,#2157));
#333=EDGE_LOOP('',(#2158,#2159,#2160,#2161));
#334=EDGE_LOOP('',(#2162,#2163,#2164,#2165));
#335=EDGE_LOOP('',(#2166,#2167,#2168,#2169));
#336=EDGE_LOOP('',(#2170,#2171,#2172,#2173));
#337=EDGE_LOOP('',(#2174,#2175,#2176,#2177));
#338=EDGE_LOOP('',(#2178,#2179,#2180,#2181));
#339=EDGE_LOOP('',(#2182,#2183,#2184,#2185));
#340=EDGE_LOOP('',(#2186,#2187,#2188,#2189,#2190,#2191));
#341=EDGE_LOOP('',(#2192,#2193,#2194,#2195,#2196,#2197,#2198,#2199,#2200,
#2201,#2202,#2203));
#342=EDGE_LOOP('',(#2204,#2205,#2206,#2207));
#343=EDGE_LOOP('',(#2208,#2209,#2210,#2211));
#344=EDGE_LOOP('',(#2212,#2213,#2214,#2215,#2216,#2217));
#345=EDGE_LOOP('',(#2218,#2219,#2220,#2221,#2222,#2223,#2224,#2225));
#346=EDGE_LOOP('',(#2226,#2227,#2228,#2229));
#347=EDGE_LOOP('',(#2230,#2231,#2232,#2233,#2234,#2235));
#348=EDGE_LOOP('',(#2236,#2237,#2238,#2239,#2240,#2241,#2242,#2243));
#349=EDGE_LOOP('',(#2244,#2245,#2246,#2247));
#350=EDGE_LOOP('',(#2248,#2249,#2250,#2251,#2252,#2253));
#351=EDGE_LOOP('',(#2254,#2255,#2256,#2257,#2258,#2259,#2260,#2261));
#352=EDGE_LOOP('',(#2262,#2263,#2264,#2265));
#353=EDGE_LOOP('',(#2266,#2267,#2268,#2269,#2270,#2271));
#354=EDGE_LOOP('',(#2272,#2273,#2274,#2275));
#355=EDGE_LOOP('',(#2276,#2277,#2278,#2279));
#356=EDGE_LOOP('',(#2280,#2281,#2282,#2283,#2284,#2285));
#357=EDGE_LOOP('',(#2286,#2287,#2288,#2289,#2290,#2291,#2292,#2293,#2294,
#2295,#2296,#2297));
#358=EDGE_LOOP('',(#2298,#2299,#2300,#2301));
#359=EDGE_LOOP('',(#2302,#2303,#2304,#2305));
#360=EDGE_LOOP('',(#2306,#2307,#2308,#2309,#2310,#2311));
#361=EDGE_LOOP('',(#2312,#2313,#2314,#2315));
#362=EDGE_LOOP('',(#2316,#2317,#2318,#2319));
#363=EDGE_LOOP('',(#2320,#2321,#2322,#2323,#2324,#2325));
#364=EDGE_LOOP('',(#2326,#2327,#2328,#2329));
#365=EDGE_LOOP('',(#2330,#2331,#2332,#2333));
#366=EDGE_LOOP('',(#2334,#2335,#2336,#2337));
#367=EDGE_LOOP('',(#2338,#2339,#2340,#2341));
#368=EDGE_LOOP('',(#2342,#2343,#2344,#2345,#2346,#2347));
#369=EDGE_LOOP('',(#2348,#2349,#2350,#2351));
#370=EDGE_LOOP('',(#2352,#2353,#2354,#2355));
#371=EDGE_LOOP('',(#2356,#2357,#2358,#2359,#2360,#2361));
#372=EDGE_LOOP('',(#2362,#2363,#2364,#2365,#2366,#2367,#2368,#2369));
#373=EDGE_LOOP('',(#2370,#2371,#2372,#2373));
#374=EDGE_LOOP('',(#2374,#2375,#2376,#2377,#2378,#2379,#2380,#2381));
#375=EDGE_LOOP('',(#2382,#2383,#2384,#2385));
#376=EDGE_LOOP('',(#2386,#2387,#2388,#2389,#2390,#2391));
#377=EDGE_LOOP('',(#2392,#2393,#2394,#2395,#2396,#2397));
#378=EDGE_LOOP('',(#2398,#2399,#2400,#2401));
#379=EDGE_LOOP('',(#2402,#2403,#2404,#2405,#2406,#2407,#2408,#2409,#2410,
#2411,#2412,#2413,#2414,#2415,#2416,#2417,#2418,#2419,#2420,#2421,#2422,
#2423,#2424,#2425,#2426,#2427,#2428,#2429,#2430,#2431,#2432,#2433,#2434,
#2435,#2436,#2437,#2438,#2439,#2440,#2441,#2442,#2443,#2444,#2445,#2446,
#2447,#2448,#2449,#2450,#2451,#2452,#2453,#2454,#2455,#2456,#2457,#2458,
#2459,#2460,#2461,#2462,#2463,#2464,#2465,#2466,#2467,#2468,#2469,#2470,
#2471,#2472,#2473,#2474,#2475,#2476,#2477,#2478,#2479,#2480,#2481,#2482,
#2483,#2484,#2485,#2486,#2487,#2488,#2489,#2490,#2491,#2492,#2493,#2494,
#2495,#2496,#2497,#2498,#2499,#2500,#2501,#2502,#2503,#2504,#2505,#2506,
#2507,#2508,#2509,#2510,#2511,#2512,#2513,#2514,#2515,#2516));
#380=EDGE_LOOP('',(#2517,#2518,#2519,#2520,#2521,#2522,#2523,#2524,#2525,
#2526,#2527,#2528,#2529,#2530,#2531,#2532,#2533,#2534,#2535,#2536,#2537,
#2538,#2539,#2540,#2541,#2542,#2543,#2544,#2545,#2546,#2547,#2548,#2549,
#2550,#2551,#2552,#2553,#2554,#2555,#2556,#2557,#2558,#2559,#2560,#2561,
#2562,#2563,#2564,#2565,#2566,#2567,#2568,#2569,#2570,#2571,#2572,#2573,
#2574,#2575,#2576,#2577,#2578,#2579,#2580,#2581,#2582,#2583,#2584,#2585,
#2586,#2587,#2588,#2589,#2590,#2591,#2592,#2593,#2594,#2595,#2596,#2597,
#2598,#2599,#2600,#2601,#2602,#2603,#2604,#2605,#2606,#2607,#2608,#2609,
#2610,#2611,#2612,#2613,#2614,#2615,#2616,#2617,#2618,#2619,#2620,#2621,
#2622,#2623,#2624,#2625,#2626,#2627,#2628,#2629,#2630,#2631));
#381=EDGE_LOOP('',(#2632,#2633,#2634,#2635));
#382=EDGE_LOOP('',(#2636,#2637,#2638,#2639,#2640,#2641,#2642,#2643));
#383=CIRCLE('',#2943,1.03775);
#384=CIRCLE('',#2998,1.03775);
#385=CIRCLE('',#3000,1.29);
#386=CIRCLE('',#3056,1.29);
#387=B_SPLINE_CURVE_WITH_KNOTS('',3,(#3706,#3707,#3708,#3709,#3710,#3711,
#3712,#3713,#3714,#3715,#3716,#3717,#3718),.UNSPECIFIED.,.F.,.F.,(4,3,3,
3,4),(-3.86711239928351,-2.99232375868837,-1.99488250579225,-0.997441252896122,
0.),.UNSPECIFIED.);
#388=B_SPLINE_CURVE_WITH_KNOTS('',3,(#3721,#3722,#3723,#3724,#3725,#3726,
#3727,#3728,#3729,#3730,#3731,#3732,#3733,#3734,#3735,#3736,#3737,#3738,
#3739),.UNSPECIFIED.,.F.,.F.,(4,3,3,3,3,3,4),(2.03347062056925,2.99232375868836,
3.98976501158448,4.98720626448059,5.98464751737671,6.98208877027283,7.59113618205576),
 .UNSPECIFIED.);
#389=B_SPLINE_CURVE_WITH_KNOTS('',3,(#3744,#3745,#3746,#3747,#3748,#3749,
#3750,#3751,#3752,#3753,#3754,#3755,#3756,#3757,#3758,#3759,#3760,#3761,
#3762,#3763,#3764,#3765,#3766,#3767,#3768),.UNSPECIFIED.,.F.,.F.,(4,3,3,
3,3,3,3,3,4),(-10.1502977064631,-9.97441252896123,-8.97697127606511,-7.97953002316899,
-6.98208877027286,-5.98464751737674,-4.98720626448061,-3.98976501158449,
-3.86711239928351),.UNSPECIFIED.);
#390=B_SPLINE_CURVE_WITH_KNOTS('',3,(#3769,#3770,#3771,#3772,#3773,#3774,
#3775,#3776,#3777,#3778,#3779,#3780,#3781,#3782,#3783,#3784,#3785,#3786,
#3787,#3788,#3789,#3790),.UNSPECIFIED.,.F.,.F.,(4,3,3,3,3,3,3,4),(7.59113618205576,
7.97953002316895,8.97697127606509,9.97441252896122,10.9718537818574,11.9692950347535,
12.9667362876496,13.8743214892354),.UNSPECIFIED.);
#391=B_SPLINE_CURVE_WITH_KNOTS('',3,(#3795,#3796,#3797,#3798,#3799,#3800,
#3801,#3802,#3803,#3804,#3805,#3806,#3807,#3808,#3809,#3810,#3811,#3812,
#3813,#3814,#3815,#3816),.UNSPECIFIED.,.F.,.F.,(4,3,3,3,3,3,3,4),(-16.4334830136427,
-15.959060046338,-14.9616187934418,-13.9641775405457,-12.9667362876496,
-11.9692950347535,-10.9718537818573,-10.1502977064631),.UNSPECIFIED.);
#392=B_SPLINE_CURVE_WITH_KNOTS('',3,(#3817,#3818,#3819,#3820,#3821,#3822,
#3823,#3824,#3825,#3826,#3827,#3828,#3829,#3830,#3831,#3832,#3833,#3834,
#3835,#3836,#3837,#3838,#3839,#3840,#3841),.UNSPECIFIED.,.F.,.F.,(4,3,3,
3,3,3,3,3,4),(13.8743214892354,13.9641775405458,14.9616187934419,15.959060046338,
16.9565012992341,17.9539425521302,18.9513838050263,19.9488250579225,20.1575067964149),
 .UNSPECIFIED.);
#393=B_SPLINE_CURVE_WITH_KNOTS('',3,(#3846,#3847,#3848,#3849,#3850,#3851,
#3852,#3853,#3854,#3855,#3856,#3857,#3858,#3859,#3860,#3861,#3862,#3863,
#3864,#3865,#3866,#3867),.UNSPECIFIED.,.F.,.F.,(4,3,3,3,3,3,3,4),(-22.7166683208223,
-21.9437075637147,-20.9462663108186,-19.9488250579225,-18.9513838050263,
-17.9539425521302,-16.9565012992341,-16.4334830136427),.UNSPECIFIED.);
#394=B_SPLINE_CURVE_WITH_KNOTS('',3,(#3868,#3869,#3870,#3871,#3872,#3873,
#3874,#3875,#3876,#3877,#3878,#3879,#3880,#3881,#3882,#3883,#3884,#3885,
#3886,#3887,#3888,#3889),.UNSPECIFIED.,.F.,.F.,(4,3,3,3,3,3,3,4),(20.1575067964149,
20.9462663108186,21.9437075637147,22.9411488166108,23.9385900695069,24.9360313224031,
25.9334725752992,26.4406921035945),.UNSPECIFIED.);
#395=B_SPLINE_CURVE_WITH_KNOTS('',3,(#3894,#3895,#3896,#3897,#3898,#3899,
#3900,#3901,#3902,#3903,#3904,#3905,#3906,#3907,#3908,#3909,#3910,#3911,
#3912,#3913,#3914,#3915,#3916,#3917,#3918),.UNSPECIFIED.,.F.,.F.,(4,3,3,
3,3,3,3,3,4),(-28.9998536280018,-28.9257963339876,-27.9283550810914,-26.9309138281953,
-25.9334725752992,-24.9360313224031,-23.9385900695069,-22.9411488166108,
-22.7166683208223),.UNSPECIFIED.);
#396=B_SPLINE_CURVE_WITH_KNOTS('',3,(#3919,#3920,#3921,#3922,#3923,#3924,
#3925,#3926,#3927,#3928,#3929,#3930,#3931,#3932,#3933,#3934,#3935,#3936,
#3937,#3938,#3939,#3940),.UNSPECIFIED.,.F.,.F.,(4,3,3,3,3,3,3,4),(26.4406921035945,
26.9309138281953,27.9283550810914,28.9257963339875,29.9232375868837,30.9206788397798,
31.9181200926759,32.7238774107741),.UNSPECIFIED.);
#397=B_SPLINE_CURVE_WITH_KNOTS('',3,(#3945,#3946,#3947,#3948,#3949,#3950,
#3951,#3952,#3953,#3954,#3955,#3956,#3957,#3958,#3959,#3960,#3961,#3962,
#3963,#3964,#3965,#3966),.UNSPECIFIED.,.F.,.F.,(4,3,3,3,3,3,3,4),(-35.2830389351814,
-34.9104438513643,-33.9130025984682,-32.9155613455721,-31.9181200926759,
-30.9206788397798,-29.9232375868837,-28.9998536280018),.UNSPECIFIED.);
#398=B_SPLINE_CURVE_WITH_KNOTS('',3,(#3967,#3968,#3969,#3970,#3971,#3972,
#3973,#3974,#3975,#3976,#3977,#3978,#3979,#3980,#3981,#3982,#3983,#3984,
#3985,#3986,#3987,#3988,#3989,#3990,#3991),.UNSPECIFIED.,.F.,.F.,(4,3,3,
3,3,3,3,3,4),(32.7238774107741,32.9155613455721,33.9130025984682,34.9104438513643,
35.9078851042604,36.9053263571565,37.9027676100526,38.9002088629488,39.0070627179537),
 .UNSPECIFIED.);
#399=B_SPLINE_CURVE_WITH_KNOTS('',3,(#3996,#3997,#3998,#3999,#4000,#4001,
#4002,#4003,#4004,#4005,#4006,#4007,#4008,#4009,#4010,#4011,#4012,#4013,
#4014,#4015,#4016,#4017),.UNSPECIFIED.,.F.,.F.,(4,3,3,3,3,3,3,4),(-41.566224242361,
-40.895091368741,-39.8976501158449,-38.9002088629488,-37.9027676100527,
-36.9053263571565,-35.9078851042604,-35.2830389351814),.UNSPECIFIED.);
#400=B_SPLINE_CURVE_WITH_KNOTS('',3,(#4018,#4019,#4020,#4021,#4022,#4023,
#4024,#4025,#4026,#4027,#4028,#4029,#4030,#4031,#4032,#4033,#4034,#4035,
#4036,#4037,#4038,#4039),.UNSPECIFIED.,.F.,.F.,(4,3,3,3,3,3,3,4),(39.0070627179537,
39.8976501158449,40.895091368741,41.8925326216372,42.8899738745333,43.8874151274294,
44.8848563803256,45.2902480251333),.UNSPECIFIED.);
#401=B_SPLINE_CURVE_WITH_KNOTS('',3,(#4044,#4045,#4046,#4047,#4048,#4049,
#4050,#4051,#4052,#4053,#4054,#4055,#4056,#4057,#4058,#4059,#4060,#4061,
#4062,#4063,#4064,#4065),.UNSPECIFIED.,.F.,.F.,(4,3,3,3,3,3,3,4),(-47.8494095495406,
-46.8797388861178,-45.8822976332216,-44.8848563803255,-43.8874151274294,
-42.8899738745333,-41.8925326216372,-41.566224242361),.UNSPECIFIED.);
#402=B_SPLINE_CURVE_WITH_KNOTS('',3,(#4066,#4067,#4068,#4069,#4070,#4071,
#4072,#4073,#4074,#4075,#4076,#4077,#4078,#4079,#4080,#4081,#4082,#4083,
#4084,#4085,#4086,#4087),.UNSPECIFIED.,.F.,.F.,(4,3,3,3,3,3,3,4),(45.2902480251333,
45.8822976332217,46.8797388861178,47.8771801390139,48.87462139191,49.8720626448061,
50.8695038977022,51.5734333323129),.UNSPECIFIED.);
#403=B_SPLINE_CURVE_WITH_KNOTS('',3,(#4092,#4093,#4094,#4095,#4096,#4097,
#4098,#4099,#4100,#4101,#4102,#4103,#4104,#4105,#4106,#4107,#4108,#4109,
#4110,#4111,#4112,#4113,#4114,#4115,#4116),.UNSPECIFIED.,.F.,.F.,(4,3,3,
3,3,3,3,3,4),(-54.1325948567202,-53.8618276563906,-52.8643864034945,-51.8669451505984,
-50.8695038977023,-49.8720626448061,-48.87462139191,-47.8771801390139,-47.8494095495406),
 .UNSPECIFIED.);
#404=B_SPLINE_CURVE_WITH_KNOTS('',3,(#4117,#4118,#4119,#4120,#4121,#4122,
#4123,#4124,#4125,#4126,#4127,#4128,#4129,#4130,#4131,#4132,#4133,#4134,
#4135,#4136,#4137,#4138,#4139,#4140,#4141),.UNSPECIFIED.,.F.,.F.,(4,3,3,
3,3,3,3,3,4),(51.5734333323129,51.8669451505983,52.8643864034945,53.8618276563906,
54.8592689092867,55.8567101621829,56.854151415079,57.8515926679751,57.8566186394925),
 .UNSPECIFIED.);
#405=B_SPLINE_CURVE_WITH_KNOTS('',3,(#4146,#4147,#4148,#4149,#4150,#4151,
#4152,#4153,#4154,#4155,#4156,#4157,#4158,#4159,#4160,#4161,#4162,#4163,
#4164,#4165,#4166,#4167),.UNSPECIFIED.,.F.,.F.,(4,3,3,3,3,3,3,4),(-60.4157801638998,
-59.8464751737674,-58.8490339208712,-57.8515926679751,-56.854151415079,
-55.8567101621829,-54.8592689092868,-54.1325948567202),.UNSPECIFIED.);
#406=B_SPLINE_CURVE_WITH_KNOTS('',3,(#4168,#4169,#4170,#4171,#4172,#4173,
#4174,#4175,#4176,#4177,#4178,#4179,#4180,#4181,#4182,#4183,#4184,#4185,
#4186,#4187,#4188,#4189),.UNSPECIFIED.,.F.,.F.,(4,3,3,3,3,3,3,4),(57.8566186394925,
58.8490339208713,59.8464751737674,60.8439164266635,61.8413576795596,62.8387989324557,
63.8362401853518,64.1398039466721),.UNSPECIFIED.);
#407=B_SPLINE_CURVE_WITH_KNOTS('',3,(#4194,#4195,#4196,#4197,#4198,#4199,
#4200,#4201,#4202,#4203,#4204,#4205,#4206,#4207,#4208,#4209,#4210,#4211,
#4212,#4213,#4214,#4215),.UNSPECIFIED.,.F.,.F.,(4,3,3,3,3,3,3,4),(-66.6989654710794,
-65.8311226911441,-64.833681438248,-63.8362401853518,-62.8387989324557,
-61.8413576795596,-60.8439164266635,-60.4157801638998),.UNSPECIFIED.);
#408=B_SPLINE_CURVE_WITH_KNOTS('',3,(#4216,#4217,#4218,#4219,#4220,#4221,
#4222,#4223,#4224,#4225,#4226,#4227,#4228,#4229,#4230,#4231,#4232,#4233,
#4234,#4235,#4236,#4237),.UNSPECIFIED.,.F.,.F.,(4,3,3,3,3,3,3,4),(64.1398039466721,
64.8336814382479,65.8311226911441,66.8285639440402,67.8260051969363,68.8234464498324,
69.8208877027286,70.4229892538517),.UNSPECIFIED.);
#409=B_SPLINE_CURVE_WITH_KNOTS('',3,(#4242,#4243,#4244,#4245,#4246,#4247,
#4248,#4249,#4250,#4251,#4252,#4253,#4254,#4255,#4256,#4257,#4258,#4259,
#4260,#4261,#4262,#4263,#4264,#4265,#4266),.UNSPECIFIED.,.F.,.F.,(4,3,3,
3,3,3,3,3,4),(-72.982150778259,-72.813211461417,-71.8157702085208,-70.8183289556247,
-69.8208877027286,-68.8234464498325,-67.8260051969364,-66.8285639440402,
-66.6989654710794),.UNSPECIFIED.);
#410=B_SPLINE_CURVE_WITH_KNOTS('',3,(#4267,#4268,#4269,#4270,#4271,#4272,
#4273,#4274,#4275,#4276,#4277,#4278,#4279,#4280,#4281,#4282,#4283,#4284,
#4285,#4286,#4287,#4288),.UNSPECIFIED.,.F.,.F.,(4,3,3,3,3,3,3,4),(70.4229892538517,
70.8183289556247,71.8157702085208,72.8132114614169,73.8106527143131,74.8080939672092,
75.8055352201053,76.7061745610313),.UNSPECIFIED.);
#411=B_SPLINE_CURVE_WITH_KNOTS('',3,(#4293,#4294,#4295,#4296,#4297,#4298,
#4299,#4300,#4301,#4302,#4303,#4304,#4305,#4306,#4307,#4308,#4309,#4310,
#4311,#4312,#4313,#4314),.UNSPECIFIED.,.F.,.F.,(4,3,3,3,3,3,3,4),(-79.2653360854386,
-78.7978589787937,-77.8004177258976,-76.8029764730015,-75.8055352201053,
-74.8080939672092,-73.8106527143131,-72.982150778259),.UNSPECIFIED.);
#412=B_SPLINE_CURVE_WITH_KNOTS('',3,(#4315,#4316,#4317,#4318,#4319,#4320,
#4321,#4322,#4323,#4324,#4325,#4326,#4327,#4328,#4329,#4330,#4331,#4332,
#4333,#4334,#4335,#4336,#4337,#4338,#4339),.UNSPECIFIED.,.F.,.F.,(4,3,3,
3,3,3,3,3,4),(76.7061745610313,76.8029764730014,77.8004177258975,78.7978589787937,
79.7953002316898,80.7927414845859,81.790182737482,82.7876239903782,82.9893598682109),
 .UNSPECIFIED.);
#413=B_SPLINE_CURVE_WITH_KNOTS('',3,(#4344,#4345,#4346,#4347,#4348,#4349,
#4350,#4351,#4352,#4353,#4354,#4355,#4356,#4357,#4358,#4359,#4360,#4361,
#4362,#4363,#4364,#4365),.UNSPECIFIED.,.F.,.F.,(4,3,3,3,3,3,3,4),(-85.5485213926182,
-84.7825064961704,-83.7850652432743,-82.7876239903782,-81.7901827374821,
-80.792741484586,-79.7953002316898,-79.2653360854386),.UNSPECIFIED.);
#414=B_SPLINE_CURVE_WITH_KNOTS('',3,(#4366,#4367,#4368,#4369,#4370,#4371,
#4372,#4373,#4374,#4375,#4376,#4377,#4378,#4379,#4380,#4381,#4382,#4383,
#4384,#4385,#4386,#4387),.UNSPECIFIED.,.F.,.F.,(4,3,3,3,3,3,3,4),(82.9893598682109,
83.7850652432743,84.7825064961704,85.7799477490665,86.7773890019626,87.7748302548588,
88.7722715077549,89.2725451753904),.UNSPECIFIED.);
#415=B_SPLINE_CURVE_WITH_KNOTS('',3,(#4392,#4393,#4394,#4395,#4396,#4397,
#4398,#4399,#4400,#4401,#4402,#4403,#4404,#4405,#4406,#4407,#4408,#4409,
#4410,#4411,#4412,#4413,#4414,#4415,#4416),.UNSPECIFIED.,.F.,.F.,(4,3,3,
3,3,3,3,3,4),(-91.8317066997978,-91.7645952664433,-90.7671540135472,-89.7697127606511,
-88.7722715077549,-87.7748302548588,-86.7773890019627,-85.7799477490666,
-85.5485213926182),.UNSPECIFIED.);
#416=B_SPLINE_CURVE_WITH_KNOTS('',3,(#4417,#4418,#4419,#4420,#4421,#4422,
#4423,#4424,#4425,#4426,#4427,#4428,#4429,#4430,#4431,#4432,#4433,#4434,
#4435,#4436,#4437,#4438),.UNSPECIFIED.,.F.,.F.,(4,3,3,3,3,3,3,4),(89.2725451753904,
89.769712760651,90.7671540135471,91.7645952664433,92.7620365193394,93.7594777722355,
94.7569190251316,95.55573048257),.UNSPECIFIED.);
#417=B_SPLINE_CURVE_WITH_KNOTS('',3,(#4443,#4444,#4445,#4446,#4447,#4448,
#4449,#4450,#4451,#4452,#4453,#4454,#4455,#4456,#4457,#4458,#4459,#4460,
#4461,#4462,#4463,#4464),.UNSPECIFIED.,.F.,.F.,(4,3,3,3,3,3,3,4),(-98.1148920069774,
-97.74924278382,-96.7518015309239,-95.7543602780278,-94.7569190251317,-93.7594777722355,
-92.7620365193394,-91.8317066997978),.UNSPECIFIED.);
#418=B_SPLINE_CURVE_WITH_KNOTS('',3,(#4465,#4466,#4467,#4468,#4469,#4470,
#4471,#4472,#4473,#4474,#4475,#4476,#4477,#4478,#4479,#4480,#4481,#4482,
#4483,#4484,#4485,#4486,#4487,#4488,#4489),.UNSPECIFIED.,.F.,.F.,(4,3,3,
3,3,3,3,3,4),(95.55573048257,95.7543602780278,96.7518015309239,97.74924278382,
98.7466840367161,99.7441252896123,100.741566542508,101.739007795404,101.83891578975),
 .UNSPECIFIED.);
#419=B_SPLINE_CURVE_WITH_KNOTS('',3,(#4494,#4495,#4496,#4497,#4498,#4499,
#4500,#4501,#4502,#4503,#4504,#4505,#4506,#4507,#4508,#4509,#4510,#4511,
#4512,#4513,#4514,#4515),.UNSPECIFIED.,.F.,.F.,(4,3,3,3,3,3,3,4),(-104.398077314157,
-103.733890301197,-102.736449048301,-101.739007795405,-100.741566542508,
-99.7441252896123,-98.7466840367161,-98.1148920069774),.UNSPECIFIED.);
#420=B_SPLINE_CURVE_WITH_KNOTS('',3,(#4516,#4517,#4518,#4519,#4520,#4521,
#4522,#4523,#4524,#4525,#4526,#4527,#4528,#4529,#4530,#4531,#4532,#4533,
#4534,#4535,#4536,#4537),.UNSPECIFIED.,.F.,.F.,(4,3,3,3,3,3,3,4),(101.83891578975,
102.736449048301,103.733890301197,104.731331554093,105.728772806989,106.726214059885,
107.723655312781,108.122101096929),.UNSPECIFIED.);
#421=B_SPLINE_CURVE_WITH_KNOTS('',3,(#4542,#4543,#4544,#4545,#4546,#4547,
#4548,#4549,#4550,#4551,#4552,#4553,#4554,#4555,#4556,#4557,#4558,#4559,
#4560,#4561,#4562,#4563),.UNSPECIFIED.,.F.,.F.,(4,3,3,3,3,3,3,4),(-110.681262621337,
-109.718537818573,-108.721096565677,-107.723655312781,-106.726214059885,
-105.728772806989,-104.731331554093,-104.398077314157),.UNSPECIFIED.);
#422=B_SPLINE_CURVE_WITH_KNOTS('',3,(#4564,#4565,#4566,#4567,#4568,#4569,
#4570,#4571,#4572,#4573,#4574,#4575,#4576,#4577,#4578,#4579,#4580,#4581,
#4582,#4583,#4584,#4585),.UNSPECIFIED.,.F.,.F.,(4,3,3,3,3,3,3,4),(108.122101096929,
108.721096565677,109.718537818573,110.71597907147,111.713420324366,112.710861577262,
113.708302830158,114.405286404109),.UNSPECIFIED.);
#423=B_SPLINE_CURVE_WITH_KNOTS('',3,(#4590,#4591,#4592,#4593,#4594,#4595,
#4596,#4597,#4598,#4599,#4600,#4601,#4602,#4603,#4604,#4605,#4606,#4607,
#4608,#4609,#4610,#4611,#4612,#4613,#4614),.UNSPECIFIED.,.F.,.F.,(4,3,3,
3,3,3,3,3,4),(-116.964447928516,-116.700626588846,-115.70318533595,-114.705744083054,
-113.708302830158,-112.710861577262,-111.713420324366,-110.71597907147,
-110.681262621337),.UNSPECIFIED.);
#424=B_SPLINE_CURVE_WITH_KNOTS('',3,(#4615,#4616,#4617,#4618,#4619,#4620,
#4621,#4622,#4623,#4624,#4625,#4626,#4627,#4628,#4629,#4630,#4631,#4632,
#4633,#4634,#4635,#4636),.UNSPECIFIED.,.F.,.F.,(4,3,3,3,3,3,3,4),(114.405286404109,
114.705744083054,115.70318533595,116.700626588846,117.698067841742,118.695509094639,
119.692950347535,120.688471711288),.UNSPECIFIED.);
#425=B_SPLINE_CURVE_WITH_KNOTS('',3,(#4641,#4642,#4643,#4644,#4645,#4646,
#4647,#4648,#4649,#4650,#4651,#4652,#4653,#4654,#4655,#4656,#4657,#4658,
#4659,#4660,#4661,#4662),.UNSPECIFIED.,.F.,.F.,(4,3,3,3,3,3,3,4),(-123.247633235696,
-122.685274106223,-121.687832853327,-120.690391600431,-119.692950347535,
-118.695509094639,-117.698067841742,-116.964447928516),.UNSPECIFIED.);
#426=B_SPLINE_CURVE_WITH_KNOTS('',3,(#4663,#4664,#4665,#4666,#4667,#4668,
#4669,#4670,#4671,#4672,#4673,#4674,#4675,#4676,#4677,#4678,#4679,#4680,
#4681,#4682,#4683,#4684),.UNSPECIFIED.,.F.,.F.,(4,3,3,3,3,3,3,4),(120.688471711288,
121.687832853327,122.685274106223,123.682715359119,124.680156612015,125.677597864911,
126.675039117808,126.971657018468),.UNSPECIFIED.);
#427=B_SPLINE_CURVE_WITH_KNOTS('',3,(#4689,#4690,#4691,#4692,#4693,#4694,
#4695,#4696,#4697,#4698,#4699,#4700,#4701,#4702,#4703,#4704,#4705,#4706,
#4707,#4708,#4709,#4710),.UNSPECIFIED.,.F.,.F.,(4,3,3,3,3,3,3,4),(-129.530818542875,
-128.6699216236,-127.672480370704,-126.675039117808,-125.677597864911,-124.680156612015,
-123.682715359119,-123.247633235696),.UNSPECIFIED.);
#428=B_SPLINE_CURVE_WITH_KNOTS('',3,(#4711,#4712,#4713,#4714,#4715,#4716,
#4717,#4718,#4719,#4720,#4721,#4722,#4723,#4724,#4725,#4726,#4727,#4728,
#4729,#4730,#4731,#4732),.UNSPECIFIED.,.F.,.F.,(4,3,3,3,3,3,3,4),(126.971657018468,
127.672480370704,128.6699216236,129.667362876496,130.664804129392,131.662245382288,
132.659686635184,133.254842325648),.UNSPECIFIED.);
#429=B_SPLINE_CURVE_WITH_KNOTS('',3,(#4737,#4738,#4739,#4740,#4741,#4742,
#4743,#4744,#4745,#4746,#4747,#4748,#4749,#4750,#4751,#4752,#4753,#4754,
#4755,#4756,#4757,#4758,#4759,#4760,#4761),.UNSPECIFIED.,.F.,.F.,(4,3,3,
3,3,3,3,3,4),(-135.814003850055,-135.652010393873,-134.654569140977,-133.65712788808,
-132.659686635184,-131.662245382288,-130.664804129392,-129.667362876496,
-129.530818542875),.UNSPECIFIED.);
#430=B_SPLINE_CURVE_WITH_KNOTS('',3,(#4762,#4763,#4764,#4765,#4766,#4767,
#4768,#4769,#4770,#4771,#4772,#4773,#4774,#4775,#4776,#4777,#4778,#4779,
#4780,#4781,#4782,#4783),.UNSPECIFIED.,.F.,.F.,(4,3,3,3,3,3,3,4),(133.254842325648,
133.65712788808,134.654569140977,135.652010393873,136.649451646769,137.646892899665,
138.644334152561,139.538027632827),.UNSPECIFIED.);
#431=B_SPLINE_CURVE_WITH_KNOTS('',3,(#4788,#4789,#4790,#4791,#4792,#4793,
#4794,#4795,#4796,#4797,#4798,#4799,#4800,#4801,#4802,#4803,#4804,#4805,
#4806,#4807,#4808,#4809),.UNSPECIFIED.,.F.,.F.,(4,3,3,3,3,3,3,4),(-142.097189157234,
-141.636657911249,-140.639216658353,-139.641775405457,-138.644334152561,
-137.646892899665,-136.649451646769,-135.814003850055),.UNSPECIFIED.);
#432=B_SPLINE_CURVE_WITH_KNOTS('',3,(#4810,#4811,#4812,#4813,#4814,#4815,
#4816,#4817,#4818,#4819,#4820,#4821,#4822,#4823,#4824,#4825,#4826,#4827,
#4828,#4829,#4830,#4831,#4832,#4833,#4834),.UNSPECIFIED.,.F.,.F.,(4,3,3,
3,3,3,3,3,4),(139.538027632827,139.641775405457,140.639216658353,141.636657911249,
142.634099164145,143.631540417042,144.628981669938,145.626422922834,145.821212940007),
 .UNSPECIFIED.);
#433=B_SPLINE_CURVE_WITH_KNOTS('',3,(#4839,#4840,#4841,#4842,#4843,#4844,
#4845,#4846,#4847,#4848,#4849,#4850,#4851,#4852,#4853,#4854,#4855,#4856,
#4857,#4858,#4859,#4860),.UNSPECIFIED.,.F.,.F.,(4,3,3,3,3,3,3,4),(-148.380374464414,
-147.621305428626,-146.62386417573,-145.626422922834,-144.628981669938,
-143.631540417042,-142.634099164146,-142.097189157234),.UNSPECIFIED.);
#434=B_SPLINE_CURVE_WITH_KNOTS('',3,(#4861,#4862,#4863,#4864,#4865,#4866,
#4867,#4868,#4869,#4870,#4871,#4872,#4873,#4874,#4875,#4876,#4877,#4878,
#4879,#4880,#4881,#4882),.UNSPECIFIED.,.F.,.F.,(4,3,3,3,3,3,3,4),(145.821212940007,
146.62386417573,147.621305428626,148.618746681522,149.616187934418,150.613629187315,
151.611070440211,152.104398247186),.UNSPECIFIED.);
#435=B_SPLINE_CURVE_WITH_KNOTS('',3,(#4887,#4888,#4889,#4890,#4891,#4892,
#4893,#4894,#4895,#4896,#4897,#4898,#4899,#4900,#4901,#4902,#4903,#4904,
#4905,#4906,#4907,#4908,#4909,#4910,#4911),.UNSPECIFIED.,.F.,.F.,(4,3,3,
3,3,3,3,3,4),(-154.663559771594,-154.603394198899,-153.605952946003,-152.608511693107,
-151.611070440211,-150.613629187315,-149.616187934418,-148.618746681522,
-148.380374464414),.UNSPECIFIED.);
#436=B_SPLINE_CURVE_WITH_KNOTS('',3,(#4912,#4913,#4914,#4915,#4916,#4917,
#4918,#4919,#4920,#4921,#4922,#4923,#4924,#4925,#4926,#4927,#4928,#4929,
#4930,#4931,#4932,#4933),.UNSPECIFIED.,.F.,.F.,(4,3,3,3,3,3,3,4),(152.104398247186,
152.608511693107,153.605952946003,154.603394198899,155.600835451795,156.598276704691,
157.595717957587,158.387583554366),.UNSPECIFIED.);
#437=B_SPLINE_CURVE_WITH_KNOTS('',3,(#4938,#4939,#4940,#4941,#4942,#4943,
#4944,#4945,#4946,#4947,#4948,#4949,#4950,#4951,#4952,#4953,#4954,#4955,
#4956,#4957,#4958,#4959),.UNSPECIFIED.,.F.,.F.,(4,3,3,3,3,3,3,4),(-160.946745078773,
-160.588041716276,-159.59060046338,-158.593159210484,-157.595717957587,
-156.598276704691,-155.600835451795,-154.663559771594),.UNSPECIFIED.);
#438=B_SPLINE_CURVE_WITH_KNOTS('',3,(#4960,#4961,#4962,#4963,#4964,#4965,
#4966,#4967,#4968,#4969,#4970,#4971,#4972,#4973,#4974,#4975,#4976,#4977,
#4978,#4979,#4980,#4981,#4982,#4983,#4984),.UNSPECIFIED.,.F.,.F.,(4,3,3,
3,3,3,3,3,4),(158.387583554366,158.593159210483,159.59060046338,160.588041716276,
161.585482969172,162.582924222068,163.580365474964,164.57780672786,164.670768861545),
 .UNSPECIFIED.);
#439=B_SPLINE_CURVE_WITH_KNOTS('',3,(#4989,#4990,#4991,#4992,#4993,#4994,
#4995,#4996,#4997,#4998,#4999,#5000,#5001,#5002,#5003,#5004,#5005,#5006,
#5007,#5008,#5009,#5010),.UNSPECIFIED.,.F.,.F.,(4,3,3,3,3,3,3,4),(-167.229930385953,
-166.572689233652,-165.575247980756,-164.57780672786,-163.580365474964,
-162.582924222068,-161.585482969172,-160.946745078773),.UNSPECIFIED.);
#440=B_SPLINE_CURVE_WITH_KNOTS('',3,(#5011,#5012,#5013,#5014,#5015,#5016,
#5017,#5018,#5019,#5020,#5021,#5022,#5023,#5024,#5025,#5026,#5027,#5028,
#5029,#5030,#5031,#5032),.UNSPECIFIED.,.F.,.F.,(4,3,3,3,3,3,3,4),(164.670768861545,
165.575247980756,166.572689233652,167.570130486549,168.567571739445,169.565012992341,
170.562454245237,170.953954168725),.UNSPECIFIED.);
#441=B_SPLINE_CURVE_WITH_KNOTS('',3,(#5037,#5038,#5039,#5040,#5041,#5042,
#5043,#5044,#5045,#5046,#5047,#5048,#5049,#5050,#5051,#5052,#5053,#5054,
#5055,#5056,#5057,#5058),.UNSPECIFIED.,.F.,.F.,(4,3,3,3,3,3,3,4),(-173.513115693132,
-172.557336751029,-171.559895498133,-170.562454245237,-169.565012992341,
-168.567571739445,-167.570130486549,-167.229930385953),.UNSPECIFIED.);
#442=B_SPLINE_CURVE_WITH_KNOTS('',3,(#5059,#5060,#5061,#5062,#5063,#5064,
#5065,#5066,#5067,#5068,#5069,#5070,#5071,#5072,#5073,#5074,#5075,#5076,
#5077,#5078,#5079,#5080),.UNSPECIFIED.,.F.,.F.,(4,3,3,3,3,3,3,4),(170.953954168725,
171.559895498133,172.557336751029,173.554778003925,174.552219256821,175.549660509718,
176.547101762614,177.237139475905),.UNSPECIFIED.);
#443=B_SPLINE_CURVE_WITH_KNOTS('',3,(#5085,#5086,#5087,#5088,#5089,#5090,
#5091,#5092,#5093,#5094,#5095,#5096,#5097,#5098,#5099,#5100,#5101,#5102,
#5103,#5104,#5105,#5106,#5107,#5108,#5109),.UNSPECIFIED.,.F.,.F.,(4,3,3,
3,3,3,3,3,4),(-179.796301000312,-179.539425521302,-178.541984268406,-177.54454301551,
-176.547101762614,-175.549660509718,-174.552219256822,-173.554778003925,
-173.513115693132),.UNSPECIFIED.);
#444=B_SPLINE_CURVE_WITH_KNOTS('',3,(#5110,#5111,#5112,#5113,#5114,#5115,
#5116,#5117,#5118,#5119,#5120,#5121,#5122,#5123,#5124,#5125,#5126,#5127,
#5128,#5129,#5130,#5131),.UNSPECIFIED.,.F.,.F.,(4,3,3,3,3,3,3,4),(177.237139475905,
177.54454301551,178.541984268406,179.539425521302,180.536866774198,181.534308027094,
182.53174927999,183.520324783084),.UNSPECIFIED.);
#445=B_SPLINE_CURVE_WITH_KNOTS('',3,(#5136,#5137,#5138,#5139,#5140,#5141,
#5142,#5143,#5144,#5145,#5146,#5147,#5148,#5149,#5150,#5151,#5152,#5153,
#5154,#5155,#5156,#5157),.UNSPECIFIED.,.F.,.F.,(4,3,3,3,3,3,3,4),(-186.079486307491,
-185.524073038679,-184.526631785783,-183.529190532887,-182.53174927999,
-181.534308027094,-180.536866774198,-179.796301000312),.UNSPECIFIED.);
#446=B_SPLINE_CURVE_WITH_KNOTS('',3,(#5158,#5159,#5160,#5161,#5162,#5163,
#5164,#5165,#5166,#5167,#5168,#5169,#5170,#5171,#5172,#5173,#5174,#5175,
#5176,#5177,#5178,#5179,#5180,#5181,#5182),.UNSPECIFIED.,.F.,.F.,(4,3,3,
3,3,3,3,3,4),(183.520324783084,183.529190532887,184.526631785783,185.524073038679,
186.521514291575,187.518955544471,188.516396797367,189.513838050263,189.803510090264),
 .UNSPECIFIED.);
#447=B_SPLINE_CURVE_WITH_KNOTS('',3,(#5187,#5188,#5189,#5190,#5191,#5192,
#5193,#5194,#5195,#5196,#5197,#5198,#5199,#5200,#5201,#5202,#5203,#5204,
#5205,#5206,#5207,#5208),.UNSPECIFIED.,.F.,.F.,(4,3,3,3,3,3,3,4),(-192.362671614671,
-191.508720556056,-190.511279303159,-189.513838050263,-188.516396797367,
-187.518955544471,-186.521514291575,-186.079486307491),.UNSPECIFIED.);
#448=B_SPLINE_CURVE_WITH_KNOTS('',3,(#5209,#5210,#5211,#5212,#5213,#5214,
#5215,#5216,#5217,#5218,#5219,#5220,#5221,#5222,#5223,#5224,#5225,#5226,
#5227,#5228,#5229,#5230),.UNSPECIFIED.,.F.,.F.,(4,3,3,3,3,3,3,4),(189.803510090264,
190.511279303159,191.508720556056,192.506161808952,193.503603061848,194.501044314744,
195.49848556764,196.086695397443),.UNSPECIFIED.);
#449=B_SPLINE_CURVE_WITH_KNOTS('',3,(#5235,#5236,#5237,#5238,#5239,#5240,
#5241,#5242,#5243,#5244,#5245,#5246,#5247,#5248,#5249,#5250,#5251,#5252,
#5253,#5254,#5255,#5256,#5257,#5258,#5259),.UNSPECIFIED.,.F.,.F.,(4,3,3,
3,3,3,3,3,4),(-198.645856921851,-198.490809326328,-197.493368073432,-196.495926820536,
-195.49848556764,-194.501044314744,-193.503603061848,-192.506161808952,
-192.362671614671),.UNSPECIFIED.);
#450=B_SPLINE_CURVE_WITH_KNOTS('',3,(#5260,#5261,#5262,#5263,#5264,#5265,
#5266,#5267,#5268,#5269,#5270,#5271,#5272,#5273,#5274,#5275,#5276,#5277,
#5278,#5279,#5280,#5281),.UNSPECIFIED.,.F.,.F.,(4,3,3,3,3,3,3,4),(196.086695397443,
196.495926820536,197.493368073432,198.490809326328,199.488250579225,200.485691832121,
201.483133085017,202.369880704623),.UNSPECIFIED.);
#451=B_SPLINE_CURVE_WITH_KNOTS('',3,(#5286,#5287,#5288,#5289,#5290,#5291,
#5292,#5293,#5294,#5295,#5296,#5297,#5298,#5299,#5300,#5301,#5302,#5303,
#5304,#5305,#5306,#5307),.UNSPECIFIED.,.F.,.F.,(4,3,3,3,3,3,3,4),(-204.92904222903,
-204.475456843705,-203.478015590809,-202.480574337913,-201.483133085017,
-200.485691832121,-199.488250579225,-198.645856921851),.UNSPECIFIED.);
#452=B_SPLINE_CURVE_WITH_KNOTS('',3,(#5308,#5309,#5310,#5311,#5312,#5313,
#5314,#5315,#5316,#5317,#5318,#5319,#5320,#5321,#5322,#5323,#5324,#5325,
#5326,#5327,#5328,#5329,#5330,#5331,#5332),.UNSPECIFIED.,.F.,.F.,(4,3,3,
3,3,3,3,3,4),(202.369880704623,202.480574337913,203.478015590809,204.475456843705,
205.472898096601,206.470339349497,207.467780602393,208.46522185529,208.653066011802),
 .UNSPECIFIED.);
#453=B_SPLINE_CURVE_WITH_KNOTS('',3,(#5337,#5338,#5339,#5340,#5341,#5342,
#5343,#5344,#5345,#5346,#5347,#5348,#5349,#5350,#5351,#5352,#5353,#5354,
#5355,#5356,#5357,#5358),.UNSPECIFIED.,.F.,.F.,(4,3,3,3,3,3,3,4),(-211.21222753621,
-210.460104361082,-209.462663108186,-208.46522185529,-207.467780602394,
-206.470339349497,-205.472898096601,-204.92904222903),.UNSPECIFIED.);
#454=B_SPLINE_CURVE_WITH_KNOTS('',3,(#5359,#5360,#5361,#5362,#5363,#5364,
#5365,#5366,#5367,#5368,#5369,#5370,#5371,#5372,#5373,#5374,#5375,#5376,
#5377,#5378,#5379,#5380),.UNSPECIFIED.,.F.,.F.,(4,3,3,3,3,3,3,4),(208.653066011802,
209.462663108186,210.460104361082,211.457545613978,212.454986866874,213.45242811977,
214.449869372666,214.936251318982),.UNSPECIFIED.);
#455=B_SPLINE_CURVE_WITH_KNOTS('',3,(#5385,#5386,#5387,#5388,#5389,#5390,
#5391,#5392,#5393,#5394,#5395,#5396,#5397,#5398,#5399,#5400,#5401,#5402,
#5403,#5404,#5405,#5406,#5407,#5408,#5409),.UNSPECIFIED.,.F.,.F.,(4,3,3,
3,3,3,3,3,4),(-217.495412843389,-217.442193131355,-216.444751878459,-215.447310625563,
-214.449869372666,-213.45242811977,-212.454986866874,-211.457545613978,
-211.21222753621),.UNSPECIFIED.);
#456=B_SPLINE_CURVE_WITH_KNOTS('',3,(#5410,#5411,#5412,#5413,#5414,#5415,
#5416,#5417,#5418,#5419,#5420,#5421,#5422,#5423,#5424,#5425,#5426,#5427,
#5428,#5429,#5430,#5431),.UNSPECIFIED.,.F.,.F.,(4,3,3,3,3,3,3,4),(214.936251318982,
215.447310625562,216.444751878459,217.442193131355,218.439634384251,219.437075637147,
220.434516890043,221.219436626162),.UNSPECIFIED.);
#457=B_SPLINE_CURVE_WITH_KNOTS('',3,(#5436,#5437,#5438,#5439,#5440,#5441,
#5442,#5443,#5444,#5445,#5446,#5447,#5448,#5449,#5450,#5451,#5452,#5453,
#5454,#5455,#5456,#5457),.UNSPECIFIED.,.F.,.F.,(4,3,3,3,3,3,3,4),(-223.778598150569,
-223.426840648732,-222.429399395835,-221.431958142939,-220.434516890043,
-219.437075637147,-218.439634384251,-217.495412843389),.UNSPECIFIED.);
#458=B_SPLINE_CURVE_WITH_KNOTS('',3,(#5458,#5459,#5460,#5461,#5462,#5463,
#5464,#5465,#5466,#5467,#5468,#5469,#5470,#5471,#5472,#5473,#5474,#5475,
#5476,#5477,#5478,#5479,#5480,#5481,#5482),.UNSPECIFIED.,.F.,.F.,(4,3,3,
3,3,3,3,3,4),(221.219436626162,221.431958142939,222.429399395835,223.426840648732,
224.424281901628,225.421723154524,226.41916440742,227.416605660316,227.502621933341),
 .UNSPECIFIED.);
#459=B_SPLINE_CURVE_WITH_KNOTS('',3,(#5487,#5488,#5489,#5490,#5491,#5492,
#5493,#5494,#5495,#5496,#5497,#5498,#5499,#5500,#5501,#5502,#5503,#5504,
#5505,#5506,#5507,#5508),.UNSPECIFIED.,.F.,.F.,(4,3,3,3,3,3,3,4),(-230.061783457748,
-229.411488166108,-228.414046913212,-227.416605660316,-226.41916440742,
-225.421723154524,-224.424281901628,-223.778598150569),.UNSPECIFIED.);
#460=B_SPLINE_CURVE_WITH_KNOTS('',3,(#5509,#5510,#5511,#5512,#5513,#5514,
#5515,#5516,#5517,#5518,#5519,#5520,#5521,#5522,#5523,#5524,#5525,#5526,
#5527,#5528,#5529,#5530),.UNSPECIFIED.,.F.,.F.,(4,3,3,3,3,3,3,4),(227.502621933341,
228.414046913212,229.411488166108,230.408929419004,231.4063706719,232.403811924797,
233.401253177693,233.785807240521),.UNSPECIFIED.);
#461=B_SPLINE_CURVE_WITH_KNOTS('',3,(#5535,#5536,#5537,#5538,#5539,#5540,
#5541,#5542,#5543,#5544,#5545,#5546,#5547,#5548,#5549,#5550,#5551,#5552,
#5553,#5554,#5555,#5556),.UNSPECIFIED.,.F.,.F.,(4,3,3,3,3,3,3,4),(-236.344968764928,
-235.396135683485,-234.398694430589,-233.401253177693,-232.403811924797,
-231.406370671901,-230.408929419004,-230.061783457748),.UNSPECIFIED.);
#462=B_SPLINE_CURVE_WITH_KNOTS('',3,(#5557,#5558,#5559,#5560,#5561,#5562,
#5563,#5564,#5565,#5566,#5567,#5568,#5569,#5570,#5571,#5572,#5573,#5574,
#5575,#5576,#5577,#5578),.UNSPECIFIED.,.F.,.F.,(4,3,3,3,3,3,3,4),(233.785807240521,
234.398694430589,235.396135683485,236.393576936381,237.391018189277,238.388459442173,
239.385900695069,240.0689925477),.UNSPECIFIED.);
#463=B_SPLINE_CURVE_WITH_KNOTS('',3,(#5583,#5584,#5585,#5586,#5587,#5588,
#5589,#5590,#5591,#5592,#5593,#5594,#5595,#5596,#5597,#5598,#5599,#5600,
#5601,#5602,#5603,#5604,#5605,#5606,#5607),.UNSPECIFIED.,.F.,.F.,(4,3,3,
3,3,3,3,3,4),(-242.628154072108,-242.378224453758,-241.380783200862,-240.383341947966,
-239.385900695069,-238.388459442173,-237.391018189277,-236.393576936381,
-236.344968764928),.UNSPECIFIED.);
#464=B_SPLINE_CURVE_WITH_KNOTS('',3,(#5608,#5609,#5610,#5611,#5612,#5613,
#5614,#5615,#5616,#5617,#5618,#5619,#5620,#5621,#5622,#5623,#5624,#5625,
#5626,#5627,#5628,#5629),.UNSPECIFIED.,.F.,.F.,(4,3,3,3,3,3,3,4),(240.0689925477,
240.383341947966,241.380783200862,242.378224453758,243.375665706654,244.37310695955,
245.370548212446,246.35217785488),.UNSPECIFIED.);
#465=B_SPLINE_CURVE_WITH_KNOTS('',3,(#5634,#5635,#5636,#5637,#5638,#5639,
#5640,#5641,#5642,#5643,#5644,#5645,#5646,#5647,#5648,#5649,#5650,#5651,
#5652,#5653,#5654,#5655),.UNSPECIFIED.,.F.,.F.,(4,3,3,3,3,3,3,4),(-248.911339379287,
-248.362871971135,-247.365430718238,-246.367989465342,-245.370548212446,
-244.37310695955,-243.375665706654,-242.628154072108),.UNSPECIFIED.);
#466=B_SPLINE_CURVE_WITH_KNOTS('',3,(#5656,#5657,#5658,#5659,#5660,#5661,
#5662,#5663,#5664,#5665,#5666,#5667,#5668,#5669,#5670,#5671,#5672,#5673,
#5674,#5675,#5676,#5677,#5678,#5679,#5680),.UNSPECIFIED.,.F.,.F.,(4,3,3,
3,3,3,3,3,4),(246.35217785488,246.367989465342,247.365430718238,248.362871971135,
249.360313224031,250.357754476927,251.355195729823,252.352636982719,252.635363162059),
 .UNSPECIFIED.);
#467=B_SPLINE_CURVE_WITH_KNOTS('',3,(#5685,#5686,#5687,#5688,#5689,#5690,
#5691,#5692,#5693,#5694,#5695,#5696,#5697,#5698,#5699,#5700,#5701,#5702,
#5703,#5704,#5705,#5706),.UNSPECIFIED.,.F.,.F.,(4,3,3,3,3,3,3,4),(-255.194524686467,
-254.347519488511,-253.350078235615,-252.352636982719,-251.355195729823,
-250.357754476927,-249.360313224031,-248.911339379287),.UNSPECIFIED.);
#468=B_SPLINE_CURVE_WITH_KNOTS('',3,(#5707,#5708,#5709,#5710,#5711,#5712,
#5713,#5714,#5715,#5716,#5717,#5718,#5719,#5720,#5721,#5722,#5723,#5724,
#5725,#5726,#5727,#5728),.UNSPECIFIED.,.F.,.F.,(4,3,3,3,3,3,3,4),(252.635363162059,
253.350078235615,254.347519488511,255.344960741407,256.342401994304,257.3398432472,
258.337284500096,258.918548469239),.UNSPECIFIED.);
#469=B_SPLINE_CURVE_WITH_KNOTS('',3,(#5733,#5734,#5735,#5736,#5737,#5738,
#5739,#5740,#5741,#5742,#5743,#5744,#5745,#5746,#5747,#5748,#5749,#5750,
#5751,#5752,#5753,#5754,#5755,#5756,#5757),.UNSPECIFIED.,.F.,.F.,(4,3,3,
3,3,3,3,3,4),(-261.477709993646,-261.329608258784,-260.332167005888,-259.334725752992,
-258.337284500096,-257.3398432472,-256.342401994304,-255.344960741407,-255.194524686467),
 .UNSPECIFIED.);
#470=B_SPLINE_CURVE_WITH_KNOTS('',3,(#5758,#5759,#5760,#5761,#5762,#5763,
#5764,#5765,#5766,#5767,#5768,#5769,#5770,#5771,#5772,#5773,#5774,#5775,
#5776,#5777,#5778,#5779),.UNSPECIFIED.,.F.,.F.,(4,3,3,3,3,3,3,4),(258.918548469239,
259.334725752992,260.332167005888,261.329608258784,262.32704951168,263.324490764576,
264.321932017472,265.201733776418),.UNSPECIFIED.);
#471=B_SPLINE_CURVE_WITH_KNOTS('',3,(#5784,#5785,#5786,#5787,#5788,#5789,
#5790,#5791,#5792,#5793,#5794,#5795,#5796,#5797,#5798,#5799,#5800,#5801,
#5802,#5803,#5804,#5805),.UNSPECIFIED.,.F.,.F.,(4,3,3,3,3,3,3,4),(-267.760895300826,
-267.314255776161,-266.316814523265,-265.319373270369,-264.321932017473,
-263.324490764576,-262.32704951168,-261.477709993646),.UNSPECIFIED.);
#472=B_SPLINE_CURVE_WITH_KNOTS('',3,(#5806,#5807,#5808,#5809,#5810,#5811,
#5812,#5813,#5814,#5815,#5816,#5817,#5818,#5819,#5820,#5821,#5822,#5823,
#5824,#5825,#5826,#5827,#5828,#5829,#5830),.UNSPECIFIED.,.F.,.F.,(4,3,3,
3,3,3,3,3,4),(265.201733776418,265.319373270369,266.316814523265,267.314255776161,
268.311697029057,269.309138281953,270.306579534849,271.304020787745,271.484919083598),
 .UNSPECIFIED.);
#473=B_SPLINE_CURVE_WITH_KNOTS('',3,(#5835,#5836,#5837,#5838,#5839,#5840,
#5841,#5842,#5843,#5844,#5845,#5846,#5847,#5848,#5849,#5850,#5851,#5852,
#5853,#5854,#5855,#5856),.UNSPECIFIED.,.F.,.F.,(4,3,3,3,3,3,3,4),(-274.044080608005,
-273.298903293538,-272.301462040642,-271.304020787745,-270.306579534849,
-269.309138281953,-268.311697029057,-267.760895300826),.UNSPECIFIED.);
#474=B_SPLINE_CURVE_WITH_KNOTS('',3,(#5857,#5858,#5859,#5860,#5861,#5862,
#5863,#5864,#5865,#5866,#5867,#5868,#5869,#5870,#5871,#5872,#5873,#5874,
#5875,#5876,#5877,#5878),.UNSPECIFIED.,.F.,.F.,(4,3,3,3,3,3,3,4),(271.484919083598,
272.301462040642,273.298903293538,274.296344546434,275.29378579933,276.291227052226,
277.288668305122,277.768104390778),.UNSPECIFIED.);
#475=B_SPLINE_CURVE_WITH_KNOTS('',3,(#5883,#5884,#5885,#5886,#5887,#5888,
#5889,#5890,#5891,#5892,#5893,#5894,#5895,#5896,#5897,#5898,#5899,#5900,
#5901,#5902,#5903,#5904,#5905,#5906,#5907),.UNSPECIFIED.,.F.,.F.,(4,3,3,
3,3,3,3,3,4),(-280.327265915185,-280.280992063811,-279.283550810914,-278.286109558018,
-277.288668305122,-276.291227052226,-275.29378579933,-274.296344546434,
-274.044080608005),.UNSPECIFIED.);
#476=B_SPLINE_CURVE_WITH_KNOTS('',3,(#5908,#5909,#5910,#5911,#5912,#5913,
#5914,#5915,#5916,#5917,#5918,#5919,#5920,#5921,#5922,#5923,#5924,#5925,
#5926,#5927,#5928,#5929),.UNSPECIFIED.,.F.,.F.,(4,3,3,3,3,3,3,4),(277.768104390778,
278.286109558018,279.283550810914,280.28099206381,281.278433316707,282.275874569603,
283.273315822499,284.051289697957),.UNSPECIFIED.);
#477=B_SPLINE_CURVE_WITH_KNOTS('',3,(#5934,#5935,#5936,#5937,#5938,#5939,
#5940,#5941,#5942,#5943,#5944,#5945,#5946,#5947,#5948,#5949,#5950,#5951,
#5952,#5953,#5954,#5955),.UNSPECIFIED.,.F.,.F.,(4,3,3,3,3,3,3,4),(-286.610451222364,
-286.265639581187,-285.268198328291,-284.270757075395,-283.273315822499,
-282.275874569603,-281.278433316707,-280.327265915185),.UNSPECIFIED.);
#478=B_SPLINE_CURVE_WITH_KNOTS('',3,(#5956,#5957,#5958,#5959,#5960,#5961,
#5962,#5963,#5964,#5965,#5966,#5967,#5968,#5969,#5970,#5971,#5972,#5973,
#5974,#5975,#5976,#5977,#5978,#5979,#5980),.UNSPECIFIED.,.F.,.F.,(4,3,3,
3,3,3,3,3,4),(284.051289697957,284.270757075395,285.268198328291,286.265639581187,
287.263080834083,288.260522086979,289.257963339876,290.255404592772,290.334475005137),
 .UNSPECIFIED.);
#479=B_SPLINE_CURVE_WITH_KNOTS('',3,(#5985,#5986,#5987,#5988,#5989,#5990,
#5991,#5992,#5993,#5994,#5995,#5996,#5997,#5998,#5999,#6000,#6001,#6002,
#6003,#6004,#6005,#6006),.UNSPECIFIED.,.F.,.F.,(4,3,3,3,3,3,3,4),(-292.893636529544,
-292.250287098564,-291.252845845668,-290.255404592772,-289.257963339876,
-288.260522086979,-287.263080834083,-286.610451222364),.UNSPECIFIED.);
#480=B_SPLINE_CURVE_WITH_KNOTS('',3,(#6007,#6008,#6009,#6010,#6011,#6012,
#6013,#6014,#6015,#6016,#6017,#6018,#6019,#6020,#6021,#6022,#6023,#6024,
#6025,#6026,#6027,#6028),.UNSPECIFIED.,.F.,.F.,(4,3,3,3,3,3,3,4),(290.334475005137,
291.252845845668,292.250287098564,293.24772835146,294.245169604356,295.242610857252,
296.240052110148,296.617660312316),.UNSPECIFIED.);
#481=B_SPLINE_CURVE_WITH_KNOTS('',3,(#6033,#6034,#6035,#6036,#6037,#6038,
#6039,#6040,#6041,#6042,#6043,#6044,#6045,#6046,#6047,#6048,#6049,#6050,
#6051,#6052,#6053,#6054),.UNSPECIFIED.,.F.,.F.,(4,3,3,3,3,3,3,4),(-299.176821836724,
-298.234934615941,-297.237493363045,-296.240052110148,-295.242610857252,
-294.245169604356,-293.24772835146,-292.893636529544),.UNSPECIFIED.);
#482=B_SPLINE_CURVE_WITH_KNOTS('',3,(#6055,#6056,#6057,#6058,#6059,#6060,
#6061,#6062,#6063,#6064,#6065,#6066,#6067,#6068,#6069,#6070,#6071,#6072,
#6073,#6074,#6075,#6076),.UNSPECIFIED.,.F.,.F.,(4,3,3,3,3,3,3,4),(296.617660312316,
297.237493363045,298.234934615941,299.232375868837,300.229817121733,301.227258374629,
302.224699627525,302.900845619496),.UNSPECIFIED.);
#483=B_SPLINE_CURVE_WITH_KNOTS('',3,(#6081,#6082,#6083,#6084,#6085,#6086,
#6087,#6088,#6089,#6090,#6091,#6092,#6093,#6094,#6095,#6096,#6097,#6098,
#6099,#6100,#6101,#6102,#6103,#6104,#6105),.UNSPECIFIED.,.F.,.F.,(4,3,3,
3,3,3,3,3,4),(-305.460007143903,-305.217023386214,-304.219582133317,-303.222140880421,
-302.224699627525,-301.227258374629,-300.229817121733,-299.232375868837,
-299.176821836724),.UNSPECIFIED.);
#484=B_SPLINE_CURVE_WITH_KNOTS('',3,(#6106,#6107,#6108,#6109,#6110,#6111,
#6112,#6113,#6114,#6115,#6116,#6117,#6118,#6119,#6120,#6121,#6122,#6123,
#6124,#6125,#6126,#6127),.UNSPECIFIED.,.F.,.F.,(4,3,3,3,3,3,3,4),(302.900845619496,
303.222140880421,304.219582133317,305.217023386213,306.21446463911,307.211905892006,
308.209347144902,309.184030926675),.UNSPECIFIED.);
#485=B_SPLINE_CURVE_WITH_KNOTS('',3,(#6132,#6133,#6134,#6135,#6136,#6137,
#6138,#6139,#6140,#6141,#6142,#6143,#6144,#6145,#6146,#6147,#6148,#6149,
#6150,#6151,#6152,#6153),.UNSPECIFIED.,.F.,.F.,(4,3,3,3,3,3,3,4),(-311.743192451083,
-311.20167090359,-310.204229650694,-309.206788397798,-308.209347144902,
-307.211905892006,-306.21446463911,-305.460007143903),.UNSPECIFIED.);
#486=B_SPLINE_CURVE_WITH_KNOTS('',3,(#6154,#6155,#6156,#6157,#6158,#6159,
#6160,#6161,#6162,#6163,#6164,#6165,#6166,#6167,#6168,#6169,#6170,#6171,
#6172,#6173,#6174,#6175,#6176,#6177,#6178),.UNSPECIFIED.,.F.,.F.,(4,3,3,
3,3,3,3,3,4),(309.184030926675,309.206788397798,310.204229650694,311.20167090359,
312.199112156486,313.196553409382,314.193994662279,315.191435915175,315.467216233855),
 .UNSPECIFIED.);
#487=B_SPLINE_CURVE_WITH_KNOTS('',3,(#6183,#6184,#6185,#6186,#6187,#6188,
#6189,#6190,#6191,#6192,#6193,#6194,#6195,#6196,#6197,#6198,#6199,#6200,
#6201,#6202,#6203,#6204),.UNSPECIFIED.,.F.,.F.,(4,3,3,3,3,3,3,4),(-318.026377758262,
-317.186318420967,-316.188877168071,-315.191435915175,-314.193994662279,
-313.196553409383,-312.199112156486,-311.743192451083),.UNSPECIFIED.);
#488=B_SPLINE_CURVE_WITH_KNOTS('',3,(#6205,#6206,#6207,#6208,#6209,#6210,
#6211,#6212,#6213,#6214,#6215,#6216,#6217,#6218,#6219,#6220,#6221,#6222,
#6223,#6224,#6225,#6226),.UNSPECIFIED.,.F.,.F.,(4,3,3,3,3,3,3,4),(315.467216233855,
316.188877168071,317.186318420967,318.183759673863,319.181200926759,320.178642179655,
321.176083432552,321.750401541035),.UNSPECIFIED.);
#489=B_SPLINE_CURVE_WITH_KNOTS('',3,(#6231,#6232,#6233,#6234,#6235,#6236,
#6237,#6238,#6239,#6240,#6241,#6242,#6243,#6244,#6245,#6246,#6247,#6248,
#6249,#6250,#6251,#6252,#6253,#6254,#6255),.UNSPECIFIED.,.F.,.F.,(4,3,3,
3,3,3,3,3,4),(-324.309563065442,-324.16840719124,-323.170965938344,-322.173524685448,
-321.176083432552,-320.178642179655,-319.181200926759,-318.183759673863,
-318.026377758262),.UNSPECIFIED.);
#490=B_SPLINE_CURVE_WITH_KNOTS('',3,(#6256,#6257,#6258,#6259,#6260,#6261,
#6262,#6263,#6264,#6265,#6266,#6267,#6268,#6269,#6270,#6271,#6272,#6273,
#6274,#6275,#6276,#6277),.UNSPECIFIED.,.F.,.F.,(4,3,3,3,3,3,3,4),(321.750401541035,
322.173524685448,323.170965938344,324.16840719124,325.165848444136,326.163289697032,
327.160730949928,328.033586848214),.UNSPECIFIED.);
#491=B_SPLINE_CURVE_WITH_KNOTS('',3,(#6282,#6283,#6284,#6285,#6286,#6287,
#6288,#6289,#6290,#6291,#6292,#6293,#6294,#6295,#6296,#6297,#6298,#6299,
#6300,#6301,#6302,#6303),.UNSPECIFIED.,.F.,.F.,(4,3,3,3,3,3,3,4),(-330.592748372621,
-330.153054708617,-329.155613455721,-328.158172202824,-327.160730949928,
-326.163289697032,-325.165848444136,-324.309563065442),.UNSPECIFIED.);
#492=B_SPLINE_CURVE_WITH_KNOTS('',3,(#6304,#6305,#6306,#6307,#6308,#6309,
#6310,#6311,#6312,#6313,#6314,#6315,#6316,#6317,#6318,#6319,#6320,#6321,
#6322,#6323,#6324,#6325,#6326,#6327,#6328),.UNSPECIFIED.,.F.,.F.,(4,3,3,
3,3,3,3,3,4),(328.033586848214,328.158172202824,329.15561345572,330.153054708617,
331.150495961513,332.147937214409,333.145378467305,334.142819720201,334.316772155394),
 .UNSPECIFIED.);
#493=B_SPLINE_CURVE_WITH_KNOTS('',3,(#6333,#6334,#6335,#6336,#6337,#6338,
#6339,#6340,#6341,#6342,#6343,#6344,#6345,#6346,#6347,#6348,#6349,#6350,
#6351,#6352,#6353,#6354),.UNSPECIFIED.,.F.,.F.,(4,3,3,3,3,3,3,4),(-336.875933679801,
-336.137702225993,-335.140260973097,-334.142819720201,-333.145378467305,
-332.147937214409,-331.150495961513,-330.592748372621),.UNSPECIFIED.);
#494=B_SPLINE_CURVE_WITH_KNOTS('',3,(#6355,#6356,#6357,#6358,#6359,#6360,
#6361,#6362,#6363,#6364,#6365,#6366,#6367,#6368,#6369,#6370,#6371,#6372,
#6373,#6374,#6375,#6376),.UNSPECIFIED.,.F.,.F.,(4,3,3,3,3,3,3,4),(334.316772155394,
335.140260973097,336.137702225993,337.135143478889,338.132584731786,339.130025984682,
340.127467237578,340.599957462573),.UNSPECIFIED.);
#495=B_SPLINE_CURVE_WITH_KNOTS('',3,(#6382,#6383,#6384,#6385,#6386,#6387,
#6388,#6389,#6390,#6391,#6392,#6393,#6394,#6395,#6396,#6397),
 .UNSPECIFIED.,.F.,.F.,(4,3,3,3,3,4),(346.883142769753,347.109556007851,
348.106997260747,349.104438513643,350.101879766539,351.099321019435),
 .UNSPECIFIED.);
#496=B_SPLINE_CURVE_WITH_KNOTS('',3,(#6400,#6401,#6402,#6403,#6404,#6405,
#6406,#6407,#6408,#6409,#6410,#6411,#6412,#6413,#6414,#6415,#6416,#6417,
#6418),.UNSPECIFIED.,.F.,.F.,(4,3,3,3,3,3,4),(-349.065850398866,-348.106997260747,
-347.109556007851,-346.112114754955,-345.114673502059,-344.117232249162,
-343.159118986981),.UNSPECIFIED.);
#497=B_SPLINE_CURVE_WITH_KNOTS('',3,(#6424,#6425,#6426,#6427,#6428),
 .UNSPECIFIED.,.F.,.F.,(4,1,4),(361.283155162826,361.942730635205,362.940171888101),
 .UNSPECIFIED.);
#498=B_SPLINE_CURVE_WITH_KNOTS('',3,(#6431,#6432,#6433,#6434,#6435,#6436),
 .UNSPECIFIED.,.F.,.F.,(4,1,1,4),(361.283155162826,361.509568400925,362.507009653821,
363.46586279194),.UNSPECIFIED.);
#499=B_SPLINE_CURVE_WITH_KNOTS('',3,(#6441,#6442,#6443,#6444,#6445,#6446,
#6447,#6448,#6449,#6450),.UNSPECIFIED.,.F.,.F.,(4,1,1,1,1,1,1,4),(354.999969855647,
355.958083117828,356.955524370725,357.952965623621,358.950406876517,359.947848129413,
360.945289382309,361.283155162826),.UNSPECIFIED.);
#500=B_SPLINE_CURVE_WITH_KNOTS('',3,(#6451,#6452,#6453,#6454,#6455,#6456,
#6457,#6458,#6459,#6460),.UNSPECIFIED.,.F.,.F.,(4,1,1,1,1,1,1,4),(354.999969855647,
355.524920883548,356.522362136444,357.51980338934,358.517244642236,359.514685895133,
360.512127148029,361.283155162826),.UNSPECIFIED.);
#501=B_SPLINE_CURVE_WITH_KNOTS('',3,(#6465,#6466,#6467,#6468,#6469,#6470,
#6471,#6472,#6473,#6474,#6475),.UNSPECIFIED.,.F.,.F.,(4,1,1,1,1,1,1,1,4),
(348.716784548467,348.975994347556,349.973435600452,350.970876853348,351.968318106244,
352.96575935914,353.963200612036,354.960641864932,354.999969855647),
 .UNSPECIFIED.);
#502=B_SPLINE_CURVE_WITH_KNOTS('',3,(#6476,#6477,#6478,#6479,#6480,#6481,
#6482,#6483,#6484,#6485),.UNSPECIFIED.,.F.,.F.,(4,1,1,1,1,1,1,4),(348.716784548467,
349.540273366171,350.537714619067,351.535155871964,352.53259712486,353.530038377756,
354.527479630652,354.999969855647),.UNSPECIFIED.);
#503=B_SPLINE_CURVE_WITH_KNOTS('',3,(#6490,#6491,#6492,#6493,#6494,#6495,
#6496,#6497,#6498,#6499),.UNSPECIFIED.,.F.,.F.,(4,1,1,1,1,1,1,4),(342.433599241288,
342.991346830179,343.988788083075,344.986229335971,345.983670588867,346.981111841763,
347.97855309466,348.716784548467),.UNSPECIFIED.);
#504=B_SPLINE_CURVE_WITH_KNOTS('',3,(#6500,#6501,#6502,#6503,#6504,#6505,
#6506,#6507,#6508,#6509,#6510),.UNSPECIFIED.,.F.,.F.,(4,1,1,1,1,1,1,1,4),
(342.433599241288,342.558184595898,343.555625848795,344.553067101691,345.550508354587,
346.547949607483,347.545390860379,348.542832113275,348.716784548467),
 .UNSPECIFIED.);
#505=B_SPLINE_CURVE_WITH_KNOTS('',3,(#6515,#6516,#6517,#6518,#6519,#6520,
#6521,#6522,#6523,#6524),.UNSPECIFIED.,.F.,.F.,(4,1,1,1,1,1,1,4),(336.150413934108,
337.006699312802,338.004140565698,339.001581818594,339.999023071491,340.996464324387,
341.993905577283,342.433599241288),.UNSPECIFIED.);
#506=B_SPLINE_CURVE_WITH_KNOTS('',3,(#6525,#6526,#6527,#6528,#6529,#6530,
#6531,#6532,#6533,#6534),.UNSPECIFIED.,.F.,.F.,(4,1,1,1,1,1,1,4),(336.150413934108,
336.573537078522,337.570978331418,338.568419584314,339.56586083721,340.563302090106,
341.560743343002,342.433599241288),.UNSPECIFIED.);
#507=B_SPLINE_CURVE_WITH_KNOTS('',3,(#6539,#6540,#6541,#6542,#6543,#6544,
#6545,#6546,#6547,#6548,#6549),.UNSPECIFIED.,.F.,.F.,(4,1,1,1,1,1,1,1,4),
(329.867228626928,330.024610542529,331.022051795425,332.019493048322,333.016934301218,
334.014375554114,335.01181680701,336.009258059906,336.150413934108),
 .UNSPECIFIED.);
#508=B_SPLINE_CURVE_WITH_KNOTS('',3,(#6550,#6551,#6552,#6553,#6554,#6555,
#6556,#6557,#6558,#6559),.UNSPECIFIED.,.F.,.F.,(4,1,1,1,1,1,1,4),(329.867228626928,
330.588889561145,331.586330814041,332.583772066937,333.581213319833,334.578654572729,
335.576095825626,336.150413934108),.UNSPECIFIED.);
#509=B_SPLINE_CURVE_WITH_KNOTS('',3,(#6564,#6565,#6566,#6567,#6568,#6569,
#6570,#6571,#6572,#6573),.UNSPECIFIED.,.F.,.F.,(4,1,1,1,1,1,1,4),(323.584043319749,
324.039963025153,325.037404278049,326.034845530945,327.032286783841,328.029728036737,
329.027169289633,329.867228626928),.UNSPECIFIED.);
#510=B_SPLINE_CURVE_WITH_KNOTS('',3,(#6574,#6575,#6576,#6577,#6578,#6579,
#6580,#6581,#6582,#6583,#6584),.UNSPECIFIED.,.F.,.F.,(4,1,1,1,1,1,1,1,4),
(323.584043319749,323.606800790872,324.604242043768,325.601683296664,326.59912454956,
327.596565802457,328.594007055353,329.591448308249,329.867228626928),
 .UNSPECIFIED.);
#511=B_SPLINE_CURVE_WITH_KNOTS('',3,(#6589,#6590,#6591,#6592,#6593,#6594,
#6595,#6596,#6597,#6598),.UNSPECIFIED.,.F.,.F.,(4,1,1,1,1,1,1,4),(317.300858012569,
318.055315507776,319.052756760672,320.050198013568,321.047639266464,322.04508051936,
323.042521772256,323.584043319749),.UNSPECIFIED.);
#512=B_SPLINE_CURVE_WITH_KNOTS('',3,(#6599,#6600,#6601,#6602,#6603,#6604,
#6605,#6606,#6607,#6608),.UNSPECIFIED.,.F.,.F.,(4,1,1,1,1,1,1,4),(317.300858012569,
317.622153273495,318.619594526391,319.617035779288,320.614477032184,321.61191828508,
322.609359537976,323.584043319749),.UNSPECIFIED.);
#513=B_SPLINE_CURVE_WITH_KNOTS('',3,(#6613,#6614,#6615,#6616,#6617,#6618,
#6619,#6620,#6621,#6622,#6623),.UNSPECIFIED.,.F.,.F.,(4,1,1,1,1,1,1,1,4),
(311.01767270539,311.073226737503,312.070667990399,313.068109243295,314.065550496191,
315.062991749087,316.060433001984,317.05787425488,317.300858012569),
 .UNSPECIFIED.);
#514=B_SPLINE_CURVE_WITH_KNOTS('',3,(#6624,#6625,#6626,#6627,#6628,#6629,
#6630,#6631,#6632,#6633),.UNSPECIFIED.,.F.,.F.,(4,1,1,1,1,1,1,4),(311.01767270539,
311.637505756119,312.634947009015,313.632388261911,314.629829514807,315.627270767703,
316.624712020599,317.300858012569),.UNSPECIFIED.);
#515=B_SPLINE_CURVE_WITH_KNOTS('',3,(#6638,#6639,#6640,#6641,#6642,#6643,
#6644,#6645,#6646,#6647),.UNSPECIFIED.,.F.,.F.,(4,1,1,1,1,1,1,4),(304.73448739821,
305.088579220126,306.086020473022,307.083461725918,308.080902978815,309.078344231711,
310.075785484607,311.01767270539),.UNSPECIFIED.);
#516=B_SPLINE_CURVE_WITH_KNOTS('',3,(#6648,#6649,#6650,#6651,#6652,#6653,
#6654,#6655,#6656,#6657),.UNSPECIFIED.,.F.,.F.,(4,1,1,1,1,1,1,4),(304.73448739821,
305.652858238742,306.650299491638,307.647740744534,308.64518199743,309.642623250326,
310.640064503223,311.01767270539),.UNSPECIFIED.);
#517=B_SPLINE_CURVE_WITH_KNOTS('',3,(#6662,#6663,#6664,#6665,#6666,#6667,
#6668,#6669,#6670,#6671),.UNSPECIFIED.,.F.,.F.,(4,1,1,1,1,1,1,4),(298.451302091031,
299.103931702749,300.101372955646,301.098814208542,302.096255461438,303.093696714334,
304.09113796723,304.73448739821),.UNSPECIFIED.);
#518=B_SPLINE_CURVE_WITH_KNOTS('',3,(#6672,#6673,#6674,#6675,#6676,#6677,
#6678,#6679,#6680,#6681,#6682),.UNSPECIFIED.,.F.,.F.,(4,1,1,1,1,1,1,1,4),
(298.451302091031,298.670769468469,299.668210721365,300.665651974261,301.663093227157,
302.660534480054,303.65797573295,304.655416985846,304.73448739821),
 .UNSPECIFIED.);
#519=B_SPLINE_CURVE_WITH_KNOTS('',3,(#6687,#6688,#6689,#6690,#6691,#6692,
#6693,#6694,#6695,#6696),.UNSPECIFIED.,.F.,.F.,(4,1,1,1,1,1,1,4),(292.168116783851,
293.119284185373,294.116725438269,295.114166691165,296.111607944061,297.109049196957,
298.106490449853,298.451302091031),.UNSPECIFIED.);
#520=B_SPLINE_CURVE_WITH_KNOTS('',3,(#6697,#6698,#6699,#6700,#6701,#6702,
#6703,#6704,#6705,#6706),.UNSPECIFIED.,.F.,.F.,(4,1,1,1,1,1,1,4),(292.168116783851,
292.686121951092,293.683563203988,294.681004456885,295.678445709781,296.675886962677,
297.673328215573,298.451302091031),.UNSPECIFIED.);
#521=B_SPLINE_CURVE_WITH_KNOTS('',3,(#6711,#6712,#6713,#6714,#6715,#6716,
#6717,#6718,#6719,#6720,#6721),.UNSPECIFIED.,.F.,.F.,(4,1,1,1,1,1,1,1,4),
(285.884931476671,286.1371954151,287.134636667996,288.132077920892,289.129519173788,
290.126960426684,291.124401679581,292.121842932477,292.168116783851),
 .UNSPECIFIED.);
#522=B_SPLINE_CURVE_WITH_KNOTS('',3,(#6722,#6723,#6724,#6725,#6726,#6727,
#6728,#6729,#6730,#6731),.UNSPECIFIED.,.F.,.F.,(4,1,1,1,1,1,1,4),(285.884931476671,
286.701474433716,287.698915686612,288.696356939508,289.693798192404,290.6912394453,
291.688680698196,292.168116783851),.UNSPECIFIED.);
#523=B_SPLINE_CURVE_WITH_KNOTS('',3,(#6736,#6737,#6738,#6739,#6740,#6741,
#6742,#6743,#6744,#6745),.UNSPECIFIED.,.F.,.F.,(4,1,1,1,1,1,1,4),(279.601746169492,
280.152547897723,281.149989150619,282.147430403515,283.144871656412,284.142312909308,
285.139754162204,285.884931476671),.UNSPECIFIED.);
#524=B_SPLINE_CURVE_WITH_KNOTS('',3,(#6746,#6747,#6748,#6749,#6750,#6751,
#6752,#6753,#6754,#6755,#6756),.UNSPECIFIED.,.F.,.F.,(4,1,1,1,1,1,1,1,4),
(279.601746169492,279.719385663443,280.716826916339,281.714268169235,282.711709422131,
283.709150675027,284.706591927923,285.704033180819,285.884931476671),
 .UNSPECIFIED.);
#525=B_SPLINE_CURVE_WITH_KNOTS('',3,(#6761,#6762,#6763,#6764,#6765,#6766,
#6767,#6768,#6769,#6770),.UNSPECIFIED.,.F.,.F.,(4,1,1,1,1,1,1,4),(273.318560862312,
274.167900380346,275.165341633243,276.162782886139,277.160224139035,278.157665391931,
279.155106644827,279.601746169492),.UNSPECIFIED.);
#526=B_SPLINE_CURVE_WITH_KNOTS('',3,(#6771,#6772,#6773,#6774,#6775,#6776,
#6777,#6778,#6779,#6780),.UNSPECIFIED.,.F.,.F.,(4,1,1,1,1,1,1,4),(273.318560862312,
273.734738146066,274.732179398962,275.729620651858,276.727061904754,277.72450315765,
278.721944410547,279.601746169492),.UNSPECIFIED.);
#527=B_SPLINE_CURVE_WITH_KNOTS('',3,(#6785,#6786,#6787,#6788,#6789,#6790,
#6791,#6792,#6793,#6794,#6795),.UNSPECIFIED.,.F.,.F.,(4,1,1,1,1,1,1,1,4),
(267.035375555133,267.185811610074,268.18325286297,269.180694115866,270.178135368762,
271.175576621658,272.173017874554,273.17045912745,273.318560862312),
 .UNSPECIFIED.);
#528=B_SPLINE_CURVE_WITH_KNOTS('',3,(#6796,#6797,#6798,#6799,#6800,#6801,
#6802,#6803,#6804,#6805),.UNSPECIFIED.,.F.,.F.,(4,1,1,1,1,1,1,4),(267.035375555133,
267.750090628689,268.747531881585,269.744973134481,270.742414387378,271.739855640274,
272.73729689317,273.318560862312),.UNSPECIFIED.);
#529=B_SPLINE_CURVE_WITH_KNOTS('',3,(#6810,#6811,#6812,#6813,#6814,#6815,
#6816,#6817,#6818,#6819),.UNSPECIFIED.,.F.,.F.,(4,1,1,1,1,1,1,4),(260.752190247953,
261.201164092697,262.198605345593,263.196046598489,264.193487851385,265.190929104281,
266.188370357177,267.035375555133),.UNSPECIFIED.);
#530=B_SPLINE_CURVE_WITH_KNOTS('',3,(#6820,#6821,#6822,#6823,#6824,#6825,
#6826,#6827,#6828,#6829,#6830),.UNSPECIFIED.,.F.,.F.,(4,1,1,1,1,1,1,1,4),
(260.752190247953,260.768001858416,261.765443111312,262.762884364209,263.760325617105,
264.757766870001,265.755208122897,266.752649375793,267.035375555133),
 .UNSPECIFIED.);
#531=B_SPLINE_CURVE_WITH_KNOTS('',3,(#6835,#6836,#6837,#6838,#6839,#6840,
#6841,#6842,#6843,#6844),.UNSPECIFIED.,.F.,.F.,(4,1,1,1,1,1,1,4),(254.469004940774,
255.21651657532,256.213957828216,257.211399081112,258.208840334008,259.206281586905,
260.203722839801,260.752190247953),.UNSPECIFIED.);
#532=B_SPLINE_CURVE_WITH_KNOTS('',3,(#6845,#6846,#6847,#6848,#6849,#6850,
#6851,#6852,#6853,#6854),.UNSPECIFIED.,.F.,.F.,(4,1,1,1,1,1,1,4),(254.469004940774,
254.78335434104,255.780795593936,256.778236846832,257.775678099728,258.773119352624,
259.77056060552,260.752190247953),.UNSPECIFIED.);
#533=B_SPLINE_CURVE_WITH_KNOTS('',3,(#6859,#6860,#6861,#6862,#6863,#6864,
#6865,#6866,#6867,#6868,#6869),.UNSPECIFIED.,.F.,.F.,(4,1,1,1,1,1,1,1,4),
(248.185819633594,248.234427805047,249.231869057943,250.22931031084,251.226751563736,
252.224192816632,253.221634069528,254.219075322424,254.469004940774),
 .UNSPECIFIED.);
#534=B_SPLINE_CURVE_WITH_KNOTS('',3,(#6870,#6871,#6872,#6873,#6874,#6875,
#6876,#6877,#6878,#6879),.UNSPECIFIED.,.F.,.F.,(4,1,1,1,1,1,1,4),(248.185819633594,
248.798706823663,249.796148076559,250.793589329455,251.791030582351,252.788471835247,
253.785913088144,254.469004940774),.UNSPECIFIED.);
#535=B_SPLINE_CURVE_WITH_KNOTS('',3,(#6884,#6885,#6886,#6887,#6888,#6889,
#6890,#6891,#6892,#6893),.UNSPECIFIED.,.F.,.F.,(4,1,1,1,1,1,1,4),(241.902634326414,
242.249780287671,243.247221540567,244.244662793463,245.242104046359,246.239545299255,
247.236986552151,248.185819633594),.UNSPECIFIED.);
#536=B_SPLINE_CURVE_WITH_KNOTS('',3,(#6894,#6895,#6896,#6897,#6898,#6899,
#6900,#6901,#6902,#6903),.UNSPECIFIED.,.F.,.F.,(4,1,1,1,1,1,1,4),(241.902634326414,
242.814059306286,243.811500559182,244.808941812078,245.806383064975,246.803824317871,
247.801265570767,248.185819633594),.UNSPECIFIED.);
#537=B_SPLINE_CURVE_WITH_KNOTS('',3,(#6908,#6909,#6910,#6911,#6912,#6913,
#6914,#6915,#6916,#6917),.UNSPECIFIED.,.F.,.F.,(4,1,1,1,1,1,1,4),(235.619449019235,
236.265132770294,237.26257402319,238.260015276086,239.257456528982,240.254897781878,
241.252339034774,241.902634326414),.UNSPECIFIED.);
#538=B_SPLINE_CURVE_WITH_KNOTS('',3,(#6918,#6919,#6920,#6921,#6922,#6923,
#6924,#6925,#6926,#6927,#6928),.UNSPECIFIED.,.F.,.F.,(4,1,1,1,1,1,1,1,4),
(235.619449019235,235.831970536013,236.829411788909,237.826853041806,238.824294294702,
239.821735547598,240.819176800494,241.81661805339,241.902634326414),
 .UNSPECIFIED.);
#539=B_SPLINE_CURVE_WITH_KNOTS('',3,(#6933,#6934,#6935,#6936,#6937,#6938,
#6939,#6940,#6941,#6942),.UNSPECIFIED.,.F.,.F.,(4,1,1,1,1,1,1,4),(229.336263712055,
230.280485252917,231.277926505813,232.275367758709,233.272809011605,234.270250264502,
235.267691517398,235.619449019235),.UNSPECIFIED.);
#540=B_SPLINE_CURVE_WITH_KNOTS('',3,(#6943,#6944,#6945,#6946,#6947,#6948,
#6949,#6950,#6951,#6952),.UNSPECIFIED.,.F.,.F.,(4,1,1,1,1,1,1,4),(229.336263712055,
229.847323018637,230.844764271533,231.842205524429,232.839646777325,233.837088030221,
234.834529283117,235.619449019235),.UNSPECIFIED.);
#541=B_SPLINE_CURVE_WITH_KNOTS('',3,(#6957,#6958,#6959,#6960,#6961,#6962,
#6963,#6964,#6965,#6966,#6967),.UNSPECIFIED.,.F.,.F.,(4,1,1,1,1,1,1,1,4),
(223.053078404876,223.298396482644,224.29583773554,225.293278988436,226.290720241333,
227.288161494229,228.285602747125,229.283044000021,229.336263712055),
 .UNSPECIFIED.);
#542=B_SPLINE_CURVE_WITH_KNOTS('',3,(#6968,#6969,#6970,#6971,#6972,#6973,
#6974,#6975,#6976,#6977),.UNSPECIFIED.,.F.,.F.,(4,1,1,1,1,1,1,4),(223.053078404876,
223.86267550126,224.860116754156,225.857558007052,226.854999259948,227.852440512844,
228.84988176574,229.336263712055),.UNSPECIFIED.);
#543=B_SPLINE_CURVE_WITH_KNOTS('',3,(#6982,#6983,#6984,#6985,#6986,#6987,
#6988,#6989,#6990,#6991),.UNSPECIFIED.,.F.,.F.,(4,1,1,1,1,1,1,4),(216.769893097696,
217.313748965267,218.311190218164,219.30863147106,220.306072723956,221.303513976852,
222.300955229748,223.053078404876),.UNSPECIFIED.);
#544=B_SPLINE_CURVE_WITH_KNOTS('',3,(#6992,#6993,#6994,#6995,#6996,#6997,
#6998,#6999,#7000,#7001,#7002),.UNSPECIFIED.,.F.,.F.,(4,1,1,1,1,1,1,1,4),
(216.769893097696,216.880586730987,217.878027983883,218.875469236779,219.872910489675,
220.870351742571,221.867792995468,222.865234248364,223.053078404876),
 .UNSPECIFIED.);
#545=B_SPLINE_CURVE_WITH_KNOTS('',3,(#7007,#7008,#7009,#7010,#7011,#7012,
#7013,#7014,#7015,#7016),.UNSPECIFIED.,.F.,.F.,(4,1,1,1,1,1,1,4),(210.486707790517,
211.329101447891,212.326542700787,213.323983953683,214.321425206579,215.318866459475,
216.316307712371,216.769893097696),.UNSPECIFIED.);
#546=B_SPLINE_CURVE_WITH_KNOTS('',3,(#7017,#7018,#7019,#7020,#7021,#7022,
#7023,#7024,#7025,#7026),.UNSPECIFIED.,.F.,.F.,(4,1,1,1,1,1,1,4),(210.486707790517,
210.89593921361,211.893380466506,212.890821719403,213.888262972299,214.885704225195,
215.883145478091,216.769893097696),.UNSPECIFIED.);
#547=B_SPLINE_CURVE_WITH_KNOTS('',3,(#7031,#7032,#7033,#7034,#7035,#7036,
#7037,#7038,#7039,#7040,#7041),.UNSPECIFIED.,.F.,.F.,(4,1,1,1,1,1,1,1,4),
(204.203522483337,204.347012677618,205.344453930514,206.34189518341,207.339336436306,
208.336777689202,209.334218942098,210.331660194995,210.486707790517),
 .UNSPECIFIED.);
#548=B_SPLINE_CURVE_WITH_KNOTS('',3,(#7042,#7043,#7044,#7045,#7046,#7047,
#7048,#7049,#7050,#7051),.UNSPECIFIED.,.F.,.F.,(4,1,1,1,1,1,1,4),(204.203522483337,
204.911291696234,205.90873294913,206.906174202026,207.903615454922,208.901056707818,
209.898497960714,210.486707790517),.UNSPECIFIED.);
#549=B_SPLINE_CURVE_WITH_KNOTS('',3,(#7056,#7057,#7058,#7059,#7060,#7061,
#7062,#7063,#7064,#7065),.UNSPECIFIED.,.F.,.F.,(4,1,1,1,1,1,1,4),(197.920337176158,
198.362365160241,199.359806413137,200.357247666033,201.354688918929,202.352130171826,
203.349571424722,204.203522483337),.UNSPECIFIED.);
#550=B_SPLINE_CURVE_WITH_KNOTS('',3,(#7066,#7067,#7068,#7069,#7070,#7071,
#7072,#7073,#7074,#7075,#7076),.UNSPECIFIED.,.F.,.F.,(4,1,1,1,1,1,1,1,4),
(197.920337176158,197.929202925961,198.926644178857,199.924085431753,200.921526684649,
201.918967937545,202.916409190441,203.913850443337,204.203522483337),
 .UNSPECIFIED.);
#551=B_SPLINE_CURVE_WITH_KNOTS('',3,(#7081,#7082,#7083,#7084,#7085,#7086,
#7087,#7088,#7089,#7090),.UNSPECIFIED.,.F.,.F.,(4,1,1,1,1,1,1,4),(191.637151868978,
192.377717642864,193.375158895761,194.372600148657,195.370041401553,196.367482654449,
197.364923907345,197.920337176158),.UNSPECIFIED.);
#552=B_SPLINE_CURVE_WITH_KNOTS('',3,(#7091,#7092,#7093,#7094,#7095,#7096,
#7097,#7098,#7099,#7100),.UNSPECIFIED.,.F.,.F.,(4,1,1,1,1,1,1,4),(191.637151868978,
191.944555408584,192.94199666148,193.939437914376,194.936879167272,195.934320420168,
196.931761673065,197.920337176158),.UNSPECIFIED.);
#553=B_SPLINE_CURVE_WITH_KNOTS('',3,(#7105,#7106,#7107,#7108,#7109,#7110,
#7111,#7112,#7113,#7114,#7115),.UNSPECIFIED.,.F.,.F.,(4,1,1,1,1,1,1,1,4),
(185.353966561798,185.395628872592,186.393070125488,187.390511378384,188.38795263128,
189.385393884176,190.382835137072,191.380276389968,191.637151868978),
 .UNSPECIFIED.);
#554=B_SPLINE_CURVE_WITH_KNOTS('',3,(#7116,#7117,#7118,#7119,#7120,#7121,
#7122,#7123,#7124,#7125),.UNSPECIFIED.,.F.,.F.,(4,1,1,1,1,1,1,4),(185.353966561798,
185.959907891207,186.957349144103,187.954790396999,188.952231649896,189.949672902792,
190.947114155688,191.637151868978),.UNSPECIFIED.);
#555=B_SPLINE_CURVE_WITH_KNOTS('',3,(#7130,#7131,#7132,#7133,#7134,#7135,
#7136,#7137,#7138,#7139),.UNSPECIFIED.,.F.,.F.,(4,1,1,1,1,1,1,4),(179.070781254619,
179.410981355215,180.408422608111,181.405863861007,182.403305113903,183.400746366799,
184.398187619695,185.353966561798),.UNSPECIFIED.);
#556=B_SPLINE_CURVE_WITH_KNOTS('',3,(#7140,#7141,#7142,#7143,#7144,#7145,
#7146,#7147,#7148,#7149),.UNSPECIFIED.,.F.,.F.,(4,1,1,1,1,1,1,4),(179.070781254619,
179.97526037383,180.972701626727,181.970142879623,182.967584132519,183.965025385415,
184.962466638311,185.353966561798),.UNSPECIFIED.);
#557=B_SPLINE_CURVE_WITH_KNOTS('',3,(#7154,#7155,#7156,#7157,#7158,#7159,
#7160,#7161,#7162,#7163),.UNSPECIFIED.,.F.,.F.,(4,1,1,1,1,1,1,4),(172.787595947439,
173.426333837838,174.423775090734,175.42121634363,176.418657596526,177.416098849423,
178.413540102319,179.070781254619),.UNSPECIFIED.);
#558=B_SPLINE_CURVE_WITH_KNOTS('',3,(#7164,#7165,#7166,#7167,#7168,#7169,
#7170,#7171,#7172,#7173,#7174),.UNSPECIFIED.,.F.,.F.,(4,1,1,1,1,1,1,1,4),
(172.787595947439,172.993171603558,173.990612856454,174.98805410935,175.985495362246,
176.982936615142,177.980377868038,178.977819120934,179.070781254619),
 .UNSPECIFIED.);
#559=B_SPLINE_CURVE_WITH_KNOTS('',3,(#7179,#7180,#7181,#7182,#7183,#7184,
#7185,#7186,#7187,#7188),.UNSPECIFIED.,.F.,.F.,(4,1,1,1,1,1,1,4),(166.50441064026,
167.441686320461,168.439127573357,169.436568826254,170.43401007915,171.431451332046,
172.428892584942,172.787595947439),.UNSPECIFIED.);
#560=B_SPLINE_CURVE_WITH_KNOTS('',3,(#7189,#7190,#7191,#7192,#7193,#7194,
#7195,#7196,#7197,#7198),.UNSPECIFIED.,.F.,.F.,(4,1,1,1,1,1,1,4),(166.50441064026,
167.008524086181,168.005965339077,169.003406591973,170.000847844869,170.998289097765,
171.995730350661,172.787595947439),.UNSPECIFIED.);
#561=B_SPLINE_CURVE_WITH_KNOTS('',3,(#7203,#7204,#7205,#7206,#7207,#7208,
#7209,#7210,#7211,#7212,#7213),.UNSPECIFIED.,.F.,.F.,(4,1,1,1,1,1,1,1,4),
(160.22122533308,160.459597550188,161.457038803085,162.454480055981,163.451921308877,
164.449362561773,165.446803814669,166.444245067565,166.50441064026),
 .UNSPECIFIED.);
#562=B_SPLINE_CURVE_WITH_KNOTS('',3,(#7214,#7215,#7216,#7217,#7218,#7219,
#7220,#7221,#7222,#7223),.UNSPECIFIED.,.F.,.F.,(4,1,1,1,1,1,1,4),(160.22122533308,
161.023876568804,162.0213178217,163.018759074596,164.016200327492,165.013641580389,
166.011082833285,166.50441064026),.UNSPECIFIED.);
#563=B_SPLINE_CURVE_WITH_KNOTS('',3,(#7228,#7229,#7230,#7231,#7232,#7233,
#7234,#7235,#7236,#7237),.UNSPECIFIED.,.F.,.F.,(4,1,1,1,1,1,1,4),(153.938040025901,
154.474950032812,155.472391285708,156.469832538604,157.4672737915,158.464715044396,
159.462156297292,160.22122533308),.UNSPECIFIED.);
#564=B_SPLINE_CURVE_WITH_KNOTS('',3,(#7238,#7239,#7240,#7241,#7242,#7243,
#7244,#7245,#7246,#7247,#7248),.UNSPECIFIED.,.F.,.F.,(4,1,1,1,1,1,1,1,4),
(153.938040025901,154.041787798531,155.039229051427,156.036670304324,157.03411155722,
158.031552810116,159.028994063012,160.026435315908,160.22122533308),
 .UNSPECIFIED.);
#565=B_SPLINE_CURVE_WITH_KNOTS('',3,(#7253,#7254,#7255,#7256,#7257,#7258,
#7259,#7260,#7261,#7262),.UNSPECIFIED.,.F.,.F.,(4,1,1,1,1,1,1,4),(147.654854718721,
148.490302515435,149.487743768331,150.485185021227,151.482626274123,152.480067527019,
153.477508779916,153.938040025901),.UNSPECIFIED.);
#566=B_SPLINE_CURVE_WITH_KNOTS('',3,(#7263,#7264,#7265,#7266,#7267,#7268,
#7269,#7270,#7271,#7272),.UNSPECIFIED.,.F.,.F.,(4,1,1,1,1,1,1,4),(147.654854718721,
148.057140281155,149.054581534051,150.052022786947,151.049464039843,152.046905292739,
153.044346545635,153.938040025901),.UNSPECIFIED.);
#567=B_SPLINE_CURVE_WITH_KNOTS('',3,(#7277,#7278,#7279,#7280,#7281,#7282,
#7283,#7284,#7285,#7286,#7287),.UNSPECIFIED.,.F.,.F.,(4,1,1,1,1,1,1,1,4),
(141.371669411541,141.508213745162,142.505654998058,143.503096250954,144.50053750385,
145.497978756747,146.495420009643,147.492861262539,147.654854718721),
 .UNSPECIFIED.);
#568=B_SPLINE_CURVE_WITH_KNOTS('',3,(#7288,#7289,#7290,#7291,#7292,#7293,
#7294,#7295,#7296,#7297),.UNSPECIFIED.,.F.,.F.,(4,1,1,1,1,1,1,4),(141.371669411541,
142.072492763778,143.069934016674,144.06737526957,145.064816522466,146.062257775362,
147.059699028258,147.654854718721),.UNSPECIFIED.);
#569=B_SPLINE_CURVE_WITH_KNOTS('',3,(#7302,#7303,#7304,#7305,#7306,#7307,
#7308,#7309,#7310,#7311),.UNSPECIFIED.,.F.,.F.,(4,1,1,1,1,1,1,4),(135.088484104362,
135.523566227785,136.521007480682,137.518448733578,138.515889986474,139.51333123937,
140.510772492266,141.371669411541),.UNSPECIFIED.);
#570=B_SPLINE_CURVE_WITH_KNOTS('',3,(#7312,#7313,#7314,#7315,#7316,#7317,
#7318,#7319,#7320,#7321,#7322),.UNSPECIFIED.,.F.,.F.,(4,1,1,1,1,1,1,1,4),
(135.088484104362,135.090403993505,136.087845246401,137.085286499297,138.082727752193,
139.080169005089,140.077610257986,141.075051510882,141.371669411541),
 .UNSPECIFIED.);
#571=B_SPLINE_CURVE_WITH_KNOTS('',3,(#7327,#7328,#7329,#7330,#7331,#7332,
#7333,#7334,#7335,#7336),.UNSPECIFIED.,.F.,.F.,(4,1,1,1,1,1,1,4),(128.805298797182,
129.538918710409,130.536359963305,131.533801216201,132.531242469097,133.528683721993,
134.526124974889,135.088484104362),.UNSPECIFIED.);
#572=B_SPLINE_CURVE_WITH_KNOTS('',3,(#7337,#7338,#7339,#7340,#7341,#7342,
#7343,#7344,#7345,#7346),.UNSPECIFIED.,.F.,.F.,(4,1,1,1,1,1,1,4),(128.805298797182,
129.105756476128,130.103197729024,131.10063898192,132.098080234817,133.095521487713,
134.092962740609,135.088484104362),.UNSPECIFIED.);
#573=B_SPLINE_CURVE_WITH_KNOTS('',3,(#7351,#7352,#7353,#7354,#7355,#7356,
#7357,#7358,#7359,#7360,#7361),.UNSPECIFIED.,.F.,.F.,(4,1,1,1,1,1,1,1,4),
(122.522113490003,122.556829940136,123.554271193032,124.551712445928,125.549153698824,
126.54659495172,127.544036204616,128.541477457513,128.805298797182),
 .UNSPECIFIED.);
#574=B_SPLINE_CURVE_WITH_KNOTS('',3,(#7362,#7363,#7364,#7365,#7366,#7367,
#7368,#7369,#7370,#7371),.UNSPECIFIED.,.F.,.F.,(4,1,1,1,1,1,1,4),(122.522113490003,
123.121108958751,124.118550211648,125.115991464544,126.11343271744,127.110873970336,
128.108315223232,128.805298797182),.UNSPECIFIED.);
#575=B_SPLINE_CURVE_WITH_KNOTS('',3,(#7376,#7377,#7378,#7379,#7380,#7381,
#7382,#7383,#7384,#7385),.UNSPECIFIED.,.F.,.F.,(4,1,1,1,1,1,1,4),(116.238928182823,
116.572182422759,117.569623675655,118.567064928551,119.564506181447,120.561947434344,
121.55938868724,122.522113490003),.UNSPECIFIED.);
#576=B_SPLINE_CURVE_WITH_KNOTS('',3,(#7386,#7387,#7388,#7389,#7390,#7391,
#7392,#7393,#7394,#7395),.UNSPECIFIED.,.F.,.F.,(4,1,1,1,1,1,1,4),(116.238928182823,
117.136461441375,118.133902694271,119.131343947167,120.128785200063,121.126226452959,
122.123667705855,122.522113490003),.UNSPECIFIED.);
#577=B_SPLINE_CURVE_WITH_KNOTS('',3,(#7400,#7401,#7402,#7403,#7404,#7405,
#7406,#7407,#7408,#7409),.UNSPECIFIED.,.F.,.F.,(4,1,1,1,1,1,1,4),(109.955742875644,
110.587534905382,111.584976158278,112.582417411175,113.579858664071,114.577299916967,
115.574741169863,116.238928182823),.UNSPECIFIED.);
#578=B_SPLINE_CURVE_WITH_KNOTS('',3,(#7410,#7411,#7412,#7413,#7414,#7415,
#7416,#7417,#7418,#7419,#7420),.UNSPECIFIED.,.F.,.F.,(4,1,1,1,1,1,1,1,4),
(109.955742875644,110.154372671102,111.151813923998,112.149255176894,113.14669642979,
114.144137682686,115.141578935582,116.139020188479,116.238928182823),
 .UNSPECIFIED.);
#579=B_SPLINE_CURVE_WITH_KNOTS('',3,(#7425,#7426,#7427,#7428,#7429,#7430,
#7431,#7432,#7433,#7434),.UNSPECIFIED.,.F.,.F.,(4,1,1,1,1,1,1,4),(103.672557568464,
104.602887388006,105.600328640902,106.597769893798,107.595211146694,108.59265239959,
109.590093652486,109.955742875644),.UNSPECIFIED.);
#580=B_SPLINE_CURVE_WITH_KNOTS('',3,(#7435,#7436,#7437,#7438,#7439,#7440,
#7441,#7442,#7443,#7444),.UNSPECIFIED.,.F.,.F.,(4,1,1,1,1,1,1,4),(103.672557568464,
104.169725153725,105.167166406621,106.164607659517,107.162048912413,108.15949016531,
109.156931418206,109.955742875644),.UNSPECIFIED.);
#581=B_SPLINE_CURVE_WITH_KNOTS('',3,(#7449,#7450,#7451,#7452,#7453,#7454,
#7455,#7456,#7457,#7458,#7459),.UNSPECIFIED.,.F.,.F.,(4,1,1,1,1,1,1,1,4),
(97.3893722612844,97.6207986177327,98.6182398706288,99.615681123525,100.613122376421,
101.610563629317,102.608004882213,103.605446135109,103.672557568464),
 .UNSPECIFIED.);
#582=B_SPLINE_CURVE_WITH_KNOTS('',3,(#7460,#7461,#7462,#7463,#7464,#7465,
#7466,#7467,#7468,#7469),.UNSPECIFIED.,.F.,.F.,(4,1,1,1,1,1,1,4),(97.3893722612844,
98.1850776363484,99.1825188892445,100.179960142141,101.177401395037,102.174842647933,
103.172283900829,103.672557568464),.UNSPECIFIED.);
#583=B_SPLINE_CURVE_WITH_KNOTS('',3,(#7474,#7475,#7476,#7477,#7478,#7479,
#7480,#7481,#7482,#7483),.UNSPECIFIED.,.F.,.F.,(4,1,1,1,1,1,1,4),(91.1061869541048,
91.636151100356,92.6335923532521,93.6310336061482,94.6284748590444,95.6259161119405,
96.6233573648366,97.3893722612844),.UNSPECIFIED.);
#584=B_SPLINE_CURVE_WITH_KNOTS('',3,(#7484,#7485,#7486,#7487,#7488,#7489,
#7490,#7491,#7492,#7493,#7494),.UNSPECIFIED.,.F.,.F.,(4,1,1,1,1,1,1,1,4),
(91.1061869541048,91.2029888660755,92.2004301189717,93.1978713718678,94.1953126247639,
95.19275387766,96.1901951305561,97.1876363834523,97.3893722612844),
 .UNSPECIFIED.);
#585=B_SPLINE_CURVE_WITH_KNOTS('',3,(#7499,#7500,#7501,#7502,#7503,#7504,
#7505,#7506,#7507,#7508),.UNSPECIFIED.,.F.,.F.,(4,1,1,1,1,1,1,4),(84.8230016469252,
85.6515035829792,86.6489448358754,87.6463860887715,88.6438273416676,89.6412685945637,
90.6387098474599,91.1061869541048),.UNSPECIFIED.);
#586=B_SPLINE_CURVE_WITH_KNOTS('',3,(#7509,#7510,#7511,#7512,#7513,#7514,
#7515,#7516,#7517,#7518),.UNSPECIFIED.,.F.,.F.,(4,1,1,1,1,1,1,4),(84.8230016469252,
85.2183413486988,86.2157826015949,87.213223854491,88.2106651073872,89.2081063602833,
90.2055476131794,91.1061869541048),.UNSPECIFIED.);
#587=B_SPLINE_CURVE_WITH_KNOTS('',3,(#7523,#7524,#7525,#7526,#7527,#7528,
#7529,#7530,#7531,#7532,#7533),.UNSPECIFIED.,.F.,.F.,(4,1,1,1,1,1,1,1,4),
(78.5398163397456,78.6694148127064,79.6668560656025,80.6642973184986,81.6617385713948,
82.6591798242909,83.656621077187,84.6540623300831,84.8230016469252),
 .UNSPECIFIED.);
#588=B_SPLINE_CURVE_WITH_KNOTS('',3,(#7534,#7535,#7536,#7537,#7538,#7539,
#7540,#7541,#7542,#7543),.UNSPECIFIED.,.F.,.F.,(4,1,1,1,1,1,1,4),(78.5398163397456,
79.2336938313221,80.2311350842182,81.2285763371143,82.2260175900104,83.2234588429066,
84.2209000958027,84.8230016469252),.UNSPECIFIED.);
#589=B_SPLINE_CURVE_WITH_KNOTS('',3,(#7548,#7549,#7550,#7551,#7552,#7553,
#7554,#7555,#7556,#7557),.UNSPECIFIED.,.F.,.F.,(4,1,1,1,1,1,1,4),(72.256631032566,
72.6847672953296,73.6822085482258,74.6796498011219,75.677091054018,76.6745323069141,
77.6719735598103,78.5398163397456),.UNSPECIFIED.);
#590=B_SPLINE_CURVE_WITH_KNOTS('',3,(#7558,#7559,#7560,#7561,#7562,#7563,
#7564,#7565,#7566,#7567),.UNSPECIFIED.,.F.,.F.,(4,1,1,1,1,1,1,4),(72.256631032566,
73.2490463139453,74.2464875668415,75.2439288197376,76.2413700726337,77.2388113255298,
78.2362525784259,78.5398163397456),.UNSPECIFIED.);
#591=B_SPLINE_CURVE_WITH_KNOTS('',3,(#7572,#7573,#7574,#7575,#7576,#7577,
#7578,#7579,#7580,#7581),.UNSPECIFIED.,.F.,.F.,(4,1,1,1,1,1,1,4),(65.9734457253864,
66.7001197779529,67.697561030849,68.6950022837452,69.6924435366413,70.6898847895374,
71.6873260424335,72.256631032566),.UNSPECIFIED.);
#592=B_SPLINE_CURVE_WITH_KNOTS('',3,(#7582,#7583,#7584,#7585,#7586,#7587,
#7588,#7589,#7590,#7591,#7592),.UNSPECIFIED.,.F.,.F.,(4,1,1,1,1,1,1,1,4),
(65.9734457253864,66.2669575436725,67.2643987965686,68.2618400494647,69.2592813023608,
70.256722555257,71.2541638081531,72.2516050610492,72.256631032566),
 .UNSPECIFIED.);
#593=B_SPLINE_CURVE_WITH_KNOTS('',3,(#7597,#7598,#7599,#7600,#7601,#7602,
#7603,#7604,#7605,#7606,#7607),.UNSPECIFIED.,.F.,.F.,(4,1,1,1,1,1,1,1,4),
(59.6902604182068,59.7180310076801,60.7154722605762,61.7129135134723,62.7103547663684,
63.7077960192645,64.7052372721607,65.7026785250568,65.9734457253864),
 .UNSPECIFIED.);
#594=B_SPLINE_CURVE_WITH_KNOTS('',3,(#7608,#7609,#7610,#7611,#7612,#7613,
#7614,#7615,#7616,#7617),.UNSPECIFIED.,.F.,.F.,(4,1,1,1,1,1,1,4),(59.6902604182068,
60.2823100262957,61.2797512791919,62.277192532088,63.2746337849841,64.2720750378802,
65.2695162907764,65.9734457253864),.UNSPECIFIED.);
#595=B_SPLINE_CURVE_WITH_KNOTS('',3,(#7622,#7623,#7624,#7625,#7626,#7627,
#7628,#7629,#7630,#7631),.UNSPECIFIED.,.F.,.F.,(4,1,1,1,1,1,1,4),(53.4070751110272,
53.7333834903033,54.7308247431994,55.7282659960956,56.7257072489917,57.7231485018878,
58.7205897547839,59.6902604182068),.UNSPECIFIED.);
#596=B_SPLINE_CURVE_WITH_KNOTS('',3,(#7632,#7633,#7634,#7635,#7636,#7637,
#7638,#7639,#7640,#7641),.UNSPECIFIED.,.F.,.F.,(4,1,1,1,1,1,1,4),(53.4070751110272,
54.297662508919,55.2951037618151,56.2925450147113,57.2899862676074,58.2874275205035,
59.2848687733996,59.6902604182068),.UNSPECIFIED.);
#597=B_SPLINE_CURVE_WITH_KNOTS('',3,(#7646,#7647,#7648,#7649,#7650,#7651,
#7652,#7653,#7654,#7655),.UNSPECIFIED.,.F.,.F.,(4,1,1,1,1,1,1,4),(47.1238898038476,
47.7487359729266,48.7461772258227,49.7436184787188,50.741059731615,51.7385009845111,
52.7359422374072,53.4070751110272),.UNSPECIFIED.);
#598=B_SPLINE_CURVE_WITH_KNOTS('',3,(#7656,#7657,#7658,#7659,#7660,#7661,
#7662,#7663,#7664,#7665,#7666),.UNSPECIFIED.,.F.,.F.,(4,1,1,1,1,1,1,1,4),
(47.1238898038476,47.3155737386462,48.3130149915423,49.3104562444384,50.3078974973345,
51.3053387502306,52.3027800031268,53.3002212560229,53.4070751110272),
 .UNSPECIFIED.);
#599=B_SPLINE_CURVE_WITH_KNOTS('',3,(#7671,#7672,#7673,#7674,#7675,#7676,
#7677,#7678,#7679,#7680),.UNSPECIFIED.,.F.,.F.,(4,1,1,1,1,1,1,4),(40.840704496668,
41.7640884555499,42.761529708446,43.7589709613421,44.7564122142382,45.7538534671343,
46.7512947200305,47.1238898038476),.UNSPECIFIED.);
#600=B_SPLINE_CURVE_WITH_KNOTS('',3,(#7681,#7682,#7683,#7684,#7685,#7686,
#7687,#7688,#7689,#7690),.UNSPECIFIED.,.F.,.F.,(4,1,1,1,1,1,1,4),(40.840704496668,
41.3309262212694,42.3283674741655,43.3258087270617,44.3232499799578,45.3206912328539,
46.31813248575,47.1238898038476),.UNSPECIFIED.);
#601=B_SPLINE_CURVE_WITH_KNOTS('',3,(#7695,#7696,#7697,#7698,#7699,#7700,
#7701,#7702,#7703,#7704,#7705),.UNSPECIFIED.,.F.,.F.,(4,1,1,1,1,1,1,1,4),
(34.5575191894884,34.781999685277,35.7794409381731,36.7768821910692,37.7743234439654,
38.7717646968615,39.7692059497576,40.7666472026537,40.840704496668),
 .UNSPECIFIED.);
#602=B_SPLINE_CURVE_WITH_KNOTS('',3,(#7706,#7707,#7708,#7709,#7710,#7711,
#7712,#7713,#7714,#7715),.UNSPECIFIED.,.F.,.F.,(4,1,1,1,1,1,1,4),(34.5575191894884,
35.3462787038927,36.3437199567888,37.3411612096849,38.3386024625811,39.3360437154772,
40.3334849683733,40.840704496668),.UNSPECIFIED.);
#603=B_SPLINE_CURVE_WITH_KNOTS('',3,(#7720,#7721,#7722,#7723,#7724,#7725,
#7726,#7727,#7728,#7729),.UNSPECIFIED.,.F.,.F.,(4,1,1,1,1,1,1,4),(28.2743338823088,
28.7973521679003,29.7947934207964,30.7922346736925,31.7896759265886,32.7871171794847,
33.7845584323809,34.5575191894884),.UNSPECIFIED.);
#604=B_SPLINE_CURVE_WITH_KNOTS('',3,(#7730,#7731,#7732,#7733,#7734,#7735,
#7736,#7737,#7738,#7739,#7740),.UNSPECIFIED.,.F.,.F.,(4,1,1,1,1,1,1,1,4),
(28.2743338823088,28.3641899336198,29.361631186516,30.3590724394121,31.3565136923082,
32.3539549452043,33.3513961981004,34.3488374509966,34.5575191894884),
 .UNSPECIFIED.);
#605=B_SPLINE_CURVE_WITH_KNOTS('',3,(#7745,#7746,#7747,#7748,#7749,#7750,
#7751,#7752,#7753,#7754),.UNSPECIFIED.,.F.,.F.,(4,1,1,1,1,1,1,4),(21.9911485751293,
22.8127046505235,23.8101459034196,24.8075871563158,25.8050284092119,26.802469662108,
27.7999109150041,28.2743338823088),.UNSPECIFIED.);
#606=B_SPLINE_CURVE_WITH_KNOTS('',3,(#7755,#7756,#7757,#7758,#7759,#7760,
#7761,#7762,#7763,#7764),.UNSPECIFIED.,.F.,.F.,(4,1,1,1,1,1,1,4),(21.9911485751293,
22.3795424162431,23.3769836691392,24.3744249220353,25.3718661749315,26.3693074278276,
27.3667486807237,28.2743338823088),.UNSPECIFIED.);
#607=B_SPLINE_CURVE_WITH_KNOTS('',3,(#7770,#7771,#7772,#7773,#7774),
 .UNSPECIFIED.,.F.,.F.,(4,1,4),(14.4000123930741,15.3974536459702,15.7079632679497),
 .UNSPECIFIED.);
#608=B_SPLINE_CURVE_WITH_KNOTS('',3,(#7777,#7778,#7779,#7780,#7781),
 .UNSPECIFIED.,.F.,.F.,(4,1,4),(13.8743214892354,14.8331746273545,15.7079632679497),
 .UNSPECIFIED.);
#609=B_SPLINE_CURVE_WITH_KNOTS('',3,(#7821,#7822,#7823,#7824,#7825,#7826,
#7827,#7828,#7829,#7830,#7831,#7832,#7833,#7834,#7835,#7836,#7837,#7838,
#7839,#7840,#7841,#7842,#7843,#7844,#7845,#7846,#7847,#7848,#7849,#7850,
#7851,#7852,#7853,#7854,#7855,#7856,#7857,#7858,#7859,#7860,#7861,#7862,
#7863,#7864,#7865,#7866,#7867,#7868,#7869,#7870,#7871,#7872,#7873,#7874,
#7875,#7876,#7877,#7878,#7879,#7880,#7881,#7882,#7883,#7884,#7885,#7886,
#7887,#7888,#7889,#7890,#7891,#7892,#7893,#7894,#7895,#7896,#7897,#7898,
#7899),.UNSPECIFIED.,.F.,.F.,(4,3,3,3,3,3,3,3,3,3,3,3,3,3,3,3,3,3,3,3,3,
3,3,3,3,3,4),(0.,0.0157332472533015,0.0316482442246859,0.0431490120823704,
0.0480543177258051,0.051144960460507,0.0666013067952468,0.0817046192276188,
0.0921920611922546,0.0957683278206731,0.0985929821215818,0.113207960239315,
0.123654387086162,0.137587395539867,0.14116623822487,0.144085575631896,
0.158622192696868,0.173119177630898,0.180869087266511,0.184847025215537,
0.188019187559059,0.201915982735673,0.211224058423419,0.215328370820274,
0.228642972454785,0.235118454715802,0.239178774929425),.UNSPECIFIED.);
#610=B_SPLINE_CURVE_WITH_KNOTS('',3,(#7900,#7901,#7902,#7903,#7904,#7905,
#7906,#7907,#7908,#7909,#7910,#7911,#7912,#7913,#7914,#7915,#7916,#7917,
#7918,#7919,#7920,#7921,#7922,#7923,#7924,#7925,#7926,#7927,#7928,#7929,
#7930,#7931,#7932,#7933,#7934,#7935,#7936,#7937,#7938,#7939,#7940,#7941,
#7942,#7943,#7944,#7945,#7946,#7947,#7948,#7949,#7950,#7951,#7952,#7953,
#7954,#7955,#7956,#7957,#7958,#7959,#7960,#7961,#7962,#7963,#7964,#7965,
#7966,#7967,#7968,#7969,#7970,#7971,#7972,#7973,#7974,#7975,#7976,#7977,
#7978),.UNSPECIFIED.,.F.,.F.,(4,3,3,3,3,3,3,3,3,3,3,3,3,3,3,3,3,3,3,3,3,
3,3,3,3,3,4),(0.,0.013037723751066,0.026671028818761,0.0371614932810426,
0.0404491384095347,0.0430634664581916,0.0571413059316466,0.0714965852233529,
0.081271125046768,0.0839836517972904,0.0867150849136552,0.101515217208116,
0.110594744517013,0.125007152195661,0.128696932575218,0.131702465203742,
0.146496576925941,0.161652856940892,0.170584158318994,0.174828975865479,
0.177824186607727,0.193492412108077,0.204157579683654,0.208958527729927,
0.224841334956345,0.233103267965708,0.238077416065718),.UNSPECIFIED.);
#611=B_SPLINE_CURVE_WITH_KNOTS('',3,(#8102,#8103,#8104,#8105,#8106,#8107,
#8108,#8109,#8110,#8111,#8112,#8113,#8114,#8115,#8116,#8117,#8118,#8119,
#8120,#8121,#8122,#8123,#8124,#8125,#8126,#8127,#8128,#8129,#8130,#8131,
#8132,#8133,#8134,#8135,#8136,#8137,#8138,#8139,#8140,#8141,#8142,#8143,
#8144,#8145,#8146,#8147,#8148,#8149,#8150,#8151,#8152,#8153,#8154,#8155,
#8156,#8157,#8158,#8159,#8160,#8161,#8162,#8163,#8164,#8165,#8166,#8167,
#8168,#8169,#8170,#8171,#8172,#8173,#8174,#8175,#8176,#8177,#8178,#8179,
#8180),.UNSPECIFIED.,.F.,.F.,(4,3,3,3,3,3,3,3,3,3,3,3,3,3,3,3,3,3,3,3,3,
3,3,3,3,3,4),(0.,0.0130377220226543,0.0266710258724886,0.0371614907030563,
0.0404491368265322,0.0430634648783133,0.0571413031147914,0.0714965825595372,
0.0812711230489106,0.0839836442988193,0.0867150838518708,0.101515216380104,
0.110594744517031,0.125007153130636,0.128696937063322,0.131702466212125,
0.146496579006701,0.161652859488525,0.170584160548172,0.174828983483062,
0.177824194121492,0.193492419707795,0.204157590592913,0.2089585279324,0.224841335158393,
0.233103267965702,0.238077416065719),.UNSPECIFIED.);
#612=B_SPLINE_CURVE_WITH_KNOTS('',3,(#8181,#8182,#8183,#8184,#8185,#8186,
#8187,#8188,#8189,#8190,#8191,#8192,#8193,#8194,#8195,#8196,#8197,#8198,
#8199,#8200,#8201,#8202,#8203,#8204,#8205,#8206,#8207,#8208,#8209,#8210,
#8211,#8212,#8213,#8214,#8215,#8216,#8217,#8218,#8219,#8220,#8221,#8222,
#8223,#8224,#8225,#8226,#8227,#8228,#8229,#8230,#8231,#8232,#8233,#8234,
#8235,#8236,#8237,#8238,#8239,#8240,#8241,#8242,#8243,#8244,#8245,#8246,
#8247,#8248,#8249,#8250,#8251,#8252,#8253,#8254,#8255,#8256,#8257,#8258,
#8259),.UNSPECIFIED.,.F.,.F.,(4,3,3,3,3,3,3,3,3,3,3,3,3,3,3,3,3,3,3,3,3,
3,3,3,3,3,4),(0.,0.015733248168965,0.0316482451356638,0.043149012879477,
0.048054320076929,0.0511449602606823,0.066601306518204,0.0817046184760555,
0.092192060628584,0.0957683242439669,0.0985929801563087,0.113207957854158,
0.12365438708617,0.137587395539873,0.141166237886329,0.144085575580413,
0.158622192697345,0.173119177455116,0.1808690871127,0.184847024099439,0.188019187369966,
0.201915981915594,0.211224057022686,0.215328370271947,0.228642970877181,
0.235118454715794,0.239178774929418),.UNSPECIFIED.);
#613=B_SPLINE_CURVE_WITH_KNOTS('',3,(#8316,#8317,#8318,#8319,#8320,#8321,
#8322,#8323,#8324,#8325,#8326),.UNSPECIFIED.,.F.,.F.,(4,1,1,1,1,1,1,1,4),
(15.7079632679497,15.8306158802507,16.8280571331468,17.8254983860429,18.822939638939,
19.8203808918351,20.8178221447313,21.8152633976274,21.9911485751293),
 .UNSPECIFIED.);
#614=B_SPLINE_CURVE_WITH_KNOTS('',3,(#8327,#8328,#8329,#8330,#8331,#8332,
#8333,#8334,#8335,#8336),.UNSPECIFIED.,.F.,.F.,(4,1,1,1,1,1,1,4),(15.7079632679497,
16.3948948988664,17.3923361517625,18.3897774046586,19.3872186575547,20.3846599104508,
21.382101163347,21.9911485751293),.UNSPECIFIED.);
#615=B_SPLINE_CURVE_WITH_KNOTS('',3,(#9757,#9758,#9759,#9760,#9761,#9762,
#9763,#9764,#9765,#9766,#9767,#9768,#9769,#9770,#9771,#9772,#9773,#9774,
#9775,#9776,#9777,#9778,#9779,#9780,#9781),.UNSPECIFIED.,.F.,.F.,(4,3,3,
3,3,3,3,3,4),(-343.159118986981,-343.119790996266,-342.12234974337,-341.124908490474,
-340.127467237578,-339.130025984682,-338.132584731786,-337.135143478889,
-336.875933679801),.UNSPECIFIED.);
#616=B_SPLINE_CURVE_WITH_KNOTS('',3,(#11202,#11203,#11204,#11205,#11206,
#11207,#11208,#11209,#11210,#11211,#11212,#11213,#11214,#11215,#11216,#11217,
#11218,#11219,#11220,#11221,#11222,#11223),.UNSPECIFIED.,.F.,.F.,(4,3,3,
3,3,3,3,4),(340.599957462573,341.124908490474,342.12234974337,343.119790996266,
344.117232249162,345.114673502058,346.112114754955,346.883142769753),
 .UNSPECIFIED.);
#617=LINE('',#3704,#800);
#618=LINE('',#3743,#801);
#619=LINE('',#3794,#802);
#620=LINE('',#3845,#803);
#621=LINE('',#3893,#804);
#622=LINE('',#3944,#805);
#623=LINE('',#3995,#806);
#624=LINE('',#4043,#807);
#625=LINE('',#4091,#808);
#626=LINE('',#4145,#809);
#627=LINE('',#4193,#810);
#628=LINE('',#4241,#811);
#629=LINE('',#4292,#812);
#630=LINE('',#4343,#813);
#631=LINE('',#4391,#814);
#632=LINE('',#4442,#815);
#633=LINE('',#4493,#816);
#634=LINE('',#4541,#817);
#635=LINE('',#4589,#818);
#636=LINE('',#4640,#819);
#637=LINE('',#4688,#820);
#638=LINE('',#4736,#821);
#639=LINE('',#4787,#822);
#640=LINE('',#4838,#823);
#641=LINE('',#4886,#824);
#642=LINE('',#4937,#825);
#643=LINE('',#4988,#826);
#644=LINE('',#5036,#827);
#645=LINE('',#5084,#828);
#646=LINE('',#5135,#829);
#647=LINE('',#5186,#830);
#648=LINE('',#5234,#831);
#649=LINE('',#5285,#832);
#650=LINE('',#5336,#833);
#651=LINE('',#5384,#834);
#652=LINE('',#5435,#835);
#653=LINE('',#5486,#836);
#654=LINE('',#5534,#837);
#655=LINE('',#5582,#838);
#656=LINE('',#5633,#839);
#657=LINE('',#5684,#840);
#658=LINE('',#5732,#841);
#659=LINE('',#5783,#842);
#660=LINE('',#5834,#843);
#661=LINE('',#5882,#844);
#662=LINE('',#5933,#845);
#663=LINE('',#5984,#846);
#664=LINE('',#6032,#847);
#665=LINE('',#6080,#848);
#666=LINE('',#6131,#849);
#667=LINE('',#6182,#850);
#668=LINE('',#6230,#851);
#669=LINE('',#6281,#852);
#670=LINE('',#6332,#853);
#671=LINE('',#6380,#854);
#672=LINE('',#6422,#855);
#673=LINE('',#6440,#856);
#674=LINE('',#6464,#857);
#675=LINE('',#6489,#858);
#676=LINE('',#6514,#859);
#677=LINE('',#6538,#860);
#678=LINE('',#6563,#861);
#679=LINE('',#6588,#862);
#680=LINE('',#6612,#863);
#681=LINE('',#6637,#864);
#682=LINE('',#6661,#865);
#683=LINE('',#6686,#866);
#684=LINE('',#6710,#867);
#685=LINE('',#6735,#868);
#686=LINE('',#6760,#869);
#687=LINE('',#6784,#870);
#688=LINE('',#6809,#871);
#689=LINE('',#6834,#872);
#690=LINE('',#6858,#873);
#691=LINE('',#6883,#874);
#692=LINE('',#6907,#875);
#693=LINE('',#6932,#876);
#694=LINE('',#6956,#877);
#695=LINE('',#6981,#878);
#696=LINE('',#7006,#879);
#697=LINE('',#7030,#880);
#698=LINE('',#7055,#881);
#699=LINE('',#7080,#882);
#700=LINE('',#7104,#883);
#701=LINE('',#7129,#884);
#702=LINE('',#7153,#885);
#703=LINE('',#7178,#886);
#704=LINE('',#7202,#887);
#705=LINE('',#7227,#888);
#706=LINE('',#7252,#889);
#707=LINE('',#7276,#890);
#708=LINE('',#7301,#891);
#709=LINE('',#7326,#892);
#710=LINE('',#7350,#893);
#711=LINE('',#7375,#894);
#712=LINE('',#7399,#895);
#713=LINE('',#7424,#896);
#714=LINE('',#7448,#897);
#715=LINE('',#7473,#898);
#716=LINE('',#7498,#899);
#717=LINE('',#7522,#900);
#718=LINE('',#7547,#901);
#719=LINE('',#7571,#902);
#720=LINE('',#7596,#903);
#721=LINE('',#7621,#904);
#722=LINE('',#7645,#905);
#723=LINE('',#7670,#906);
#724=LINE('',#7694,#907);
#725=LINE('',#7719,#908);
#726=LINE('',#7744,#909);
#727=LINE('',#7768,#910);
#728=LINE('',#7787,#911);
#729=LINE('',#7790,#912);
#730=LINE('',#7793,#913);
#731=LINE('',#7797,#914);
#732=LINE('',#7800,#915);
#733=LINE('',#7803,#916);
#734=LINE('',#7805,#917);
#735=LINE('',#7807,#918);
#736=LINE('',#7809,#919);
#737=LINE('',#7811,#920);
#738=LINE('',#7813,#921);
#739=LINE('',#7815,#922);
#740=LINE('',#7817,#923);
#741=LINE('',#7819,#924);
#742=LINE('',#7820,#925);
#743=LINE('',#7983,#926);
#744=LINE('',#7987,#927);
#745=LINE('',#7991,#928);
#746=LINE('',#7995,#929);
#747=LINE('',#7997,#930);
#748=LINE('',#7999,#931);
#749=LINE('',#8001,#932);
#750=LINE('',#8003,#933);
#751=LINE('',#8004,#934);
#752=LINE('',#8007,#935);
#753=LINE('',#8011,#936);
#754=LINE('',#8015,#937);
#755=LINE('',#8019,#938);
#756=LINE('',#8021,#939);
#757=LINE('',#8023,#940);
#758=LINE('',#8025,#941);
#759=LINE('',#8026,#942);
#760=LINE('',#8029,#943);
#761=LINE('',#8033,#944);
#762=LINE('',#8037,#945);
#763=LINE('',#8041,#946);
#764=LINE('',#8043,#947);
#765=LINE('',#8045,#948);
#766=LINE('',#8047,#949);
#767=LINE('',#8048,#950);
#768=LINE('',#8051,#951);
#769=LINE('',#8055,#952);
#770=LINE('',#8059,#953);
#771=LINE('',#8062,#954);
#772=LINE('',#8068,#955);
#773=LINE('',#8071,#956);
#774=LINE('',#8074,#957);
#775=LINE('',#8078,#958);
#776=LINE('',#8081,#959);
#777=LINE('',#8084,#960);
#778=LINE('',#8086,#961);
#779=LINE('',#8088,#962);
#780=LINE('',#8090,#963);
#781=LINE('',#8092,#964);
#782=LINE('',#8094,#965);
#783=LINE('',#8096,#966);
#784=LINE('',#8098,#967);
#785=LINE('',#8100,#968);
#786=LINE('',#8101,#969);
#787=LINE('',#8265,#970);
#788=LINE('',#8268,#971);
#789=LINE('',#8284,#972);
#790=LINE('',#8290,#973);
#791=LINE('',#8295,#974);
#792=LINE('',#8296,#975);
#793=LINE('',#8298,#976);
#794=LINE('',#8299,#977);
#795=LINE('',#8302,#978);
#796=LINE('',#8303,#979);
#797=LINE('',#8310,#980);
#798=LINE('',#8312,#981);
#799=LINE('',#8314,#982);
#800=VECTOR('',#3137,1.25);
#801=VECTOR('',#3142,1.25);
#802=VECTOR('',#3145,1.25);
#803=VECTOR('',#3148,1.25);
#804=VECTOR('',#3151,1.25);
#805=VECTOR('',#3154,1.25);
#806=VECTOR('',#3157,1.25);
#807=VECTOR('',#3160,1.25);
#808=VECTOR('',#3163,1.25);
#809=VECTOR('',#3166,1.25);
#810=VECTOR('',#3169,1.25);
#811=VECTOR('',#3172,1.25);
#812=VECTOR('',#3175,1.25);
#813=VECTOR('',#3178,1.25);
#814=VECTOR('',#3181,1.25);
#815=VECTOR('',#3184,1.25);
#816=VECTOR('',#3187,1.25);
#817=VECTOR('',#3190,1.25);
#818=VECTOR('',#3193,1.25);
#819=VECTOR('',#3196,1.25);
#820=VECTOR('',#3199,1.25);
#821=VECTOR('',#3202,1.25);
#822=VECTOR('',#3205,1.25);
#823=VECTOR('',#3208,1.25);
#824=VECTOR('',#3211,1.25);
#825=VECTOR('',#3214,1.25);
#826=VECTOR('',#3217,1.25);
#827=VECTOR('',#3220,1.25);
#828=VECTOR('',#3223,1.25);
#829=VECTOR('',#3226,1.25);
#830=VECTOR('',#3229,1.25);
#831=VECTOR('',#3232,1.25);
#832=VECTOR('',#3235,1.25);
#833=VECTOR('',#3238,1.25);
#834=VECTOR('',#3241,1.25);
#835=VECTOR('',#3244,1.25);
#836=VECTOR('',#3247,1.25);
#837=VECTOR('',#3250,1.25);
#838=VECTOR('',#3253,1.25);
#839=VECTOR('',#3256,1.25);
#840=VECTOR('',#3259,1.25);
#841=VECTOR('',#3262,1.25);
#842=VECTOR('',#3265,1.25);
#843=VECTOR('',#3268,1.25);
#844=VECTOR('',#3271,1.25);
#845=VECTOR('',#3274,1.25);
#846=VECTOR('',#3277,1.25);
#847=VECTOR('',#3280,1.25);
#848=VECTOR('',#3283,1.25);
#849=VECTOR('',#3286,1.25);
#850=VECTOR('',#3289,1.25);
#851=VECTOR('',#3292,1.25);
#852=VECTOR('',#3295,1.25);
#853=VECTOR('',#3298,1.25);
#854=VECTOR('',#3301,1.25);
#855=VECTOR('',#3306,1.29);
#856=VECTOR('',#3311,1.29);
#857=VECTOR('',#3314,1.29);
#858=VECTOR('',#3317,1.29);
#859=VECTOR('',#3320,1.29);
#860=VECTOR('',#3323,1.29);
#861=VECTOR('',#3326,1.29);
#862=VECTOR('',#3329,1.29);
#863=VECTOR('',#3332,1.29);
#864=VECTOR('',#3335,1.29);
#865=VECTOR('',#3338,1.29);
#866=VECTOR('',#3341,1.29);
#867=VECTOR('',#3344,1.29);
#868=VECTOR('',#3347,1.29);
#869=VECTOR('',#3350,1.29);
#870=VECTOR('',#3353,1.29);
#871=VECTOR('',#3356,1.29);
#872=VECTOR('',#3359,1.29);
#873=VECTOR('',#3362,1.29);
#874=VECTOR('',#3365,1.29);
#875=VECTOR('',#3368,1.29);
#876=VECTOR('',#3371,1.29);
#877=VECTOR('',#3374,1.29);
#878=VECTOR('',#3377,1.29);
#879=VECTOR('',#3380,1.29);
#880=VECTOR('',#3383,1.29);
#881=VECTOR('',#3386,1.29);
#882=VECTOR('',#3389,1.29);
#883=VECTOR('',#3392,1.29);
#884=VECTOR('',#3395,1.29);
#885=VECTOR('',#3398,1.29);
#886=VECTOR('',#3401,1.29);
#887=VECTOR('',#3404,1.29);
#888=VECTOR('',#3407,1.29);
#889=VECTOR('',#3410,1.29);
#890=VECTOR('',#3413,1.29);
#891=VECTOR('',#3416,1.29);
#892=VECTOR('',#3419,1.29);
#893=VECTOR('',#3422,1.29);
#894=VECTOR('',#3425,1.29);
#895=VECTOR('',#3428,1.29);
#896=VECTOR('',#3431,1.29);
#897=VECTOR('',#3434,1.29);
#898=VECTOR('',#3437,1.29);
#899=VECTOR('',#3440,1.29);
#900=VECTOR('',#3443,1.29);
#901=VECTOR('',#3446,1.29);
#902=VECTOR('',#3449,1.29);
#903=VECTOR('',#3452,1.29);
#904=VECTOR('',#3455,1.29);
#905=VECTOR('',#3458,1.29);
#906=VECTOR('',#3461,1.29);
#907=VECTOR('',#3464,1.29);
#908=VECTOR('',#3467,1.29);
#909=VECTOR('',#3470,1.29);
#910=VECTOR('',#3473,1.29);
#911=VECTOR('',#3480,10.);
#912=VECTOR('',#3483,10.);
#913=VECTOR('',#3486,10.);
#914=VECTOR('',#3489,10.);
#915=VECTOR('',#3492,10.);
#916=VECTOR('',#3495,10.);
#917=VECTOR('',#3496,10.);
#918=VECTOR('',#3497,10.);
#919=VECTOR('',#3498,10.);
#920=VECTOR('',#3499,10.);
#921=VECTOR('',#3500,10.);
#922=VECTOR('',#3501,10.);
#923=VECTOR('',#3502,10.);
#924=VECTOR('',#3503,10.);
#925=VECTOR('',#3504,10.);
#926=VECTOR('',#3509,10.);
#927=VECTOR('',#3514,10.);
#928=VECTOR('',#3517,10.);
#929=VECTOR('',#3522,10.);
#930=VECTOR('',#3523,10.);
#931=VECTOR('',#3524,10.);
#932=VECTOR('',#3525,10.);
#933=VECTOR('',#3526,10.);
#934=VECTOR('',#3527,10.);
#935=VECTOR('',#3530,10.);
#936=VECTOR('',#3535,10.);
#937=VECTOR('',#3538,10.);
#938=VECTOR('',#3543,10.);
#939=VECTOR('',#3544,10.);
#940=VECTOR('',#3545,10.);
#941=VECTOR('',#3546,10.);
#942=VECTOR('',#3547,10.);
#943=VECTOR('',#3550,10.);
#944=VECTOR('',#3555,10.);
#945=VECTOR('',#3558,10.);
#946=VECTOR('',#3563,10.);
#947=VECTOR('',#3564,10.);
#948=VECTOR('',#3565,10.);
#949=VECTOR('',#3566,10.);
#950=VECTOR('',#3567,10.);
#951=VECTOR('',#3570,10.);
#952=VECTOR('',#3575,10.);
#953=VECTOR('',#3578,10.);
#954=VECTOR('',#3583,10.);
#955=VECTOR('',#3588,10.);
#956=VECTOR('',#3591,10.);
#957=VECTOR('',#3594,10.);
#958=VECTOR('',#3597,10.);
#959=VECTOR('',#3600,10.);
#960=VECTOR('',#3603,10.);
#961=VECTOR('',#3604,10.);
#962=VECTOR('',#3605,10.);
#963=VECTOR('',#3606,10.);
#964=VECTOR('',#3607,10.);
#965=VECTOR('',#3608,10.);
#966=VECTOR('',#3609,10.);
#967=VECTOR('',#3610,10.);
#968=VECTOR('',#3611,10.);
#969=VECTOR('',#3612,10.);
#970=VECTOR('',#3619,10.);
#971=VECTOR('',#3622,10.);
#972=VECTOR('',#3651,10.);
#973=VECTOR('',#3662,10.);
#974=VECTOR('',#3667,10.);
#975=VECTOR('',#3668,10.);
#976=VECTOR('',#3671,10.);
#977=VECTOR('',#3672,10.);
#978=VECTOR('',#3677,10.);
#979=VECTOR('',#3678,10.);
#980=VECTOR('',#3687,10.);
#981=VECTOR('',#3690,10.);
#982=VECTOR('',#3693,10.);
#983=VERTEX_POINT('',#3702);
#984=VERTEX_POINT('',#3703);
#985=VERTEX_POINT('',#3705);
#986=VERTEX_POINT('',#3719);
#987=VERTEX_POINT('',#3741);
#988=VERTEX_POINT('',#3742);
#989=VERTEX_POINT('',#3792);
#990=VERTEX_POINT('',#3793);
#991=VERTEX_POINT('',#3843);
#992=VERTEX_POINT('',#3844);
#993=VERTEX_POINT('',#3891);
#994=VERTEX_POINT('',#3892);
#995=VERTEX_POINT('',#3942);
#996=VERTEX_POINT('',#3943);
#997=VERTEX_POINT('',#3993);
#998=VERTEX_POINT('',#3994);
#999=VERTEX_POINT('',#4041);
#1000=VERTEX_POINT('',#4042);
#1001=VERTEX_POINT('',#4089);
#1002=VERTEX_POINT('',#4090);
#1003=VERTEX_POINT('',#4143);
#1004=VERTEX_POINT('',#4144);
#1005=VERTEX_POINT('',#4191);
#1006=VERTEX_POINT('',#4192);
#1007=VERTEX_POINT('',#4239);
#1008=VERTEX_POINT('',#4240);
#1009=VERTEX_POINT('',#4290);
#1010=VERTEX_POINT('',#4291);
#1011=VERTEX_POINT('',#4341);
#1012=VERTEX_POINT('',#4342);
#1013=VERTEX_POINT('',#4389);
#1014=VERTEX_POINT('',#4390);
#1015=VERTEX_POINT('',#4440);
#1016=VERTEX_POINT('',#4441);
#1017=VERTEX_POINT('',#4491);
#1018=VERTEX_POINT('',#4492);
#1019=VERTEX_POINT('',#4539);
#1020=VERTEX_POINT('',#4540);
#1021=VERTEX_POINT('',#4587);
#1022=VERTEX_POINT('',#4588);
#1023=VERTEX_POINT('',#4638);
#1024=VERTEX_POINT('',#4639);
#1025=VERTEX_POINT('',#4686);
#1026=VERTEX_POINT('',#4687);
#1027=VERTEX_POINT('',#4734);
#1028=VERTEX_POINT('',#4735);
#1029=VERTEX_POINT('',#4785);
#1030=VERTEX_POINT('',#4786);
#1031=VERTEX_POINT('',#4836);
#1032=VERTEX_POINT('',#4837);
#1033=VERTEX_POINT('',#4884);
#1034=VERTEX_POINT('',#4885);
#1035=VERTEX_POINT('',#4935);
#1036=VERTEX_POINT('',#4936);
#1037=VERTEX_POINT('',#4986);
#1038=VERTEX_POINT('',#4987);
#1039=VERTEX_POINT('',#5034);
#1040=VERTEX_POINT('',#5035);
#1041=VERTEX_POINT('',#5082);
#1042=VERTEX_POINT('',#5083);
#1043=VERTEX_POINT('',#5133);
#1044=VERTEX_POINT('',#5134);
#1045=VERTEX_POINT('',#5184);
#1046=VERTEX_POINT('',#5185);
#1047=VERTEX_POINT('',#5232);
#1048=VERTEX_POINT('',#5233);
#1049=VERTEX_POINT('',#5283);
#1050=VERTEX_POINT('',#5284);
#1051=VERTEX_POINT('',#5334);
#1052=VERTEX_POINT('',#5335);
#1053=VERTEX_POINT('',#5382);
#1054=VERTEX_POINT('',#5383);
#1055=VERTEX_POINT('',#5433);
#1056=VERTEX_POINT('',#5434);
#1057=VERTEX_POINT('',#5484);
#1058=VERTEX_POINT('',#5485);
#1059=VERTEX_POINT('',#5532);
#1060=VERTEX_POINT('',#5533);
#1061=VERTEX_POINT('',#5580);
#1062=VERTEX_POINT('',#5581);
#1063=VERTEX_POINT('',#5631);
#1064=VERTEX_POINT('',#5632);
#1065=VERTEX_POINT('',#5682);
#1066=VERTEX_POINT('',#5683);
#1067=VERTEX_POINT('',#5730);
#1068=VERTEX_POINT('',#5731);
#1069=VERTEX_POINT('',#5781);
#1070=VERTEX_POINT('',#5782);
#1071=VERTEX_POINT('',#5832);
#1072=VERTEX_POINT('',#5833);
#1073=VERTEX_POINT('',#5880);
#1074=VERTEX_POINT('',#5881);
#1075=VERTEX_POINT('',#5931);
#1076=VERTEX_POINT('',#5932);
#1077=VERTEX_POINT('',#5982);
#1078=VERTEX_POINT('',#5983);
#1079=VERTEX_POINT('',#6030);
#1080=VERTEX_POINT('',#6031);
#1081=VERTEX_POINT('',#6078);
#1082=VERTEX_POINT('',#6079);
#1083=VERTEX_POINT('',#6129);
#1084=VERTEX_POINT('',#6130);
#1085=VERTEX_POINT('',#6180);
#1086=VERTEX_POINT('',#6181);
#1087=VERTEX_POINT('',#6228);
#1088=VERTEX_POINT('',#6229);
#1089=VERTEX_POINT('',#6279);
#1090=VERTEX_POINT('',#6280);
#1091=VERTEX_POINT('',#6330);
#1092=VERTEX_POINT('',#6331);
#1093=VERTEX_POINT('',#6378);
#1094=VERTEX_POINT('',#6379);
#1095=VERTEX_POINT('',#6381);
#1096=VERTEX_POINT('',#6398);
#1097=VERTEX_POINT('',#6420);
#1098=VERTEX_POINT('',#6421);
#1099=VERTEX_POINT('',#6423);
#1100=VERTEX_POINT('',#6429);
#1101=VERTEX_POINT('',#6438);
#1102=VERTEX_POINT('',#6439);
#1103=VERTEX_POINT('',#6462);
#1104=VERTEX_POINT('',#6463);
#1105=VERTEX_POINT('',#6487);
#1106=VERTEX_POINT('',#6488);
#1107=VERTEX_POINT('',#6512);
#1108=VERTEX_POINT('',#6513);
#1109=VERTEX_POINT('',#6536);
#1110=VERTEX_POINT('',#6537);
#1111=VERTEX_POINT('',#6561);
#1112=VERTEX_POINT('',#6562);
#1113=VERTEX_POINT('',#6586);
#1114=VERTEX_POINT('',#6587);
#1115=VERTEX_POINT('',#6610);
#1116=VERTEX_POINT('',#6611);
#1117=VERTEX_POINT('',#6635);
#1118=VERTEX_POINT('',#6636);
#1119=VERTEX_POINT('',#6659);
#1120=VERTEX_POINT('',#6660);
#1121=VERTEX_POINT('',#6684);
#1122=VERTEX_POINT('',#6685);
#1123=VERTEX_POINT('',#6708);
#1124=VERTEX_POINT('',#6709);
#1125=VERTEX_POINT('',#6733);
#1126=VERTEX_POINT('',#6734);
#1127=VERTEX_POINT('',#6758);
#1128=VERTEX_POINT('',#6759);
#1129=VERTEX_POINT('',#6782);
#1130=VERTEX_POINT('',#6783);
#1131=VERTEX_POINT('',#6807);
#1132=VERTEX_POINT('',#6808);
#1133=VERTEX_POINT('',#6832);
#1134=VERTEX_POINT('',#6833);
#1135=VERTEX_POINT('',#6856);
#1136=VERTEX_POINT('',#6857);
#1137=VERTEX_POINT('',#6881);
#1138=VERTEX_POINT('',#6882);
#1139=VERTEX_POINT('',#6905);
#1140=VERTEX_POINT('',#6906);
#1141=VERTEX_POINT('',#6930);
#1142=VERTEX_POINT('',#6931);
#1143=VERTEX_POINT('',#6954);
#1144=VERTEX_POINT('',#6955);
#1145=VERTEX_POINT('',#6979);
#1146=VERTEX_POINT('',#6980);
#1147=VERTEX_POINT('',#7004);
#1148=VERTEX_POINT('',#7005);
#1149=VERTEX_POINT('',#7028);
#1150=VERTEX_POINT('',#7029);
#1151=VERTEX_POINT('',#7053);
#1152=VERTEX_POINT('',#7054);
#1153=VERTEX_POINT('',#7078);
#1154=VERTEX_POINT('',#7079);
#1155=VERTEX_POINT('',#7102);
#1156=VERTEX_POINT('',#7103);
#1157=VERTEX_POINT('',#7127);
#1158=VERTEX_POINT('',#7128);
#1159=VERTEX_POINT('',#7151);
#1160=VERTEX_POINT('',#7152);
#1161=VERTEX_POINT('',#7176);
#1162=VERTEX_POINT('',#7177);
#1163=VERTEX_POINT('',#7200);
#1164=VERTEX_POINT('',#7201);
#1165=VERTEX_POINT('',#7225);
#1166=VERTEX_POINT('',#7226);
#1167=VERTEX_POINT('',#7250);
#1168=VERTEX_POINT('',#7251);
#1169=VERTEX_POINT('',#7274);
#1170=VERTEX_POINT('',#7275);
#1171=VERTEX_POINT('',#7299);
#1172=VERTEX_POINT('',#7300);
#1173=VERTEX_POINT('',#7324);
#1174=VERTEX_POINT('',#7325);
#1175=VERTEX_POINT('',#7348);
#1176=VERTEX_POINT('',#7349);
#1177=VERTEX_POINT('',#7373);
#1178=VERTEX_POINT('',#7374);
#1179=VERTEX_POINT('',#7397);
#1180=VERTEX_POINT('',#7398);
#1181=VERTEX_POINT('',#7422);
#1182=VERTEX_POINT('',#7423);
#1183=VERTEX_POINT('',#7446);
#1184=VERTEX_POINT('',#7447);
#1185=VERTEX_POINT('',#7471);
#1186=VERTEX_POINT('',#7472);
#1187=VERTEX_POINT('',#7496);
#1188=VERTEX_POINT('',#7497);
#1189=VERTEX_POINT('',#7520);
#1190=VERTEX_POINT('',#7521);
#1191=VERTEX_POINT('',#7545);
#1192=VERTEX_POINT('',#7546);
#1193=VERTEX_POINT('',#7569);
#1194=VERTEX_POINT('',#7570);
#1195=VERTEX_POINT('',#7594);
#1196=VERTEX_POINT('',#7595);
#1197=VERTEX_POINT('',#7619);
#1198=VERTEX_POINT('',#7620);
#1199=VERTEX_POINT('',#7643);
#1200=VERTEX_POINT('',#7644);
#1201=VERTEX_POINT('',#7668);
#1202=VERTEX_POINT('',#7669);
#1203=VERTEX_POINT('',#7692);
#1204=VERTEX_POINT('',#7693);
#1205=VERTEX_POINT('',#7717);
#1206=VERTEX_POINT('',#7718);
#1207=VERTEX_POINT('',#7742);
#1208=VERTEX_POINT('',#7743);
#1209=VERTEX_POINT('',#7766);
#1210=VERTEX_POINT('',#7767);
#1211=VERTEX_POINT('',#7769);
#1212=VERTEX_POINT('',#7775);
#1213=VERTEX_POINT('',#7783);
#1214=VERTEX_POINT('',#7784);
#1215=VERTEX_POINT('',#7786);
#1216=VERTEX_POINT('',#7788);
#1217=VERTEX_POINT('',#7792);
#1218=VERTEX_POINT('',#7794);
#1219=VERTEX_POINT('',#7796);
#1220=VERTEX_POINT('',#7798);
#1221=VERTEX_POINT('',#7802);
#1222=VERTEX_POINT('',#7804);
#1223=VERTEX_POINT('',#7806);
#1224=VERTEX_POINT('',#7808);
#1225=VERTEX_POINT('',#7810);
#1226=VERTEX_POINT('',#7812);
#1227=VERTEX_POINT('',#7814);
#1228=VERTEX_POINT('',#7816);
#1229=VERTEX_POINT('',#7818);
#1230=VERTEX_POINT('',#7980);
#1231=VERTEX_POINT('',#7982);
#1232=VERTEX_POINT('',#7986);
#1233=VERTEX_POINT('',#7988);
#1234=VERTEX_POINT('',#7990);
#1235=VERTEX_POINT('',#7994);
#1236=VERTEX_POINT('',#7996);
#1237=VERTEX_POINT('',#7998);
#1238=VERTEX_POINT('',#8000);
#1239=VERTEX_POINT('',#8002);
#1240=VERTEX_POINT('',#8006);
#1241=VERTEX_POINT('',#8010);
#1242=VERTEX_POINT('',#8012);
#1243=VERTEX_POINT('',#8014);
#1244=VERTEX_POINT('',#8018);
#1245=VERTEX_POINT('',#8020);
#1246=VERTEX_POINT('',#8022);
#1247=VERTEX_POINT('',#8024);
#1248=VERTEX_POINT('',#8028);
#1249=VERTEX_POINT('',#8032);
#1250=VERTEX_POINT('',#8034);
#1251=VERTEX_POINT('',#8036);
#1252=VERTEX_POINT('',#8040);
#1253=VERTEX_POINT('',#8042);
#1254=VERTEX_POINT('',#8044);
#1255=VERTEX_POINT('',#8046);
#1256=VERTEX_POINT('',#8050);
#1257=VERTEX_POINT('',#8054);
#1258=VERTEX_POINT('',#8056);
#1259=VERTEX_POINT('',#8058);
#1260=VERTEX_POINT('',#8064);
#1261=VERTEX_POINT('',#8065);
#1262=VERTEX_POINT('',#8067);
#1263=VERTEX_POINT('',#8069);
#1264=VERTEX_POINT('',#8073);
#1265=VERTEX_POINT('',#8075);
#1266=VERTEX_POINT('',#8077);
#1267=VERTEX_POINT('',#8079);
#1268=VERTEX_POINT('',#8083);
#1269=VERTEX_POINT('',#8085);
#1270=VERTEX_POINT('',#8087);
#1271=VERTEX_POINT('',#8089);
#1272=VERTEX_POINT('',#8091);
#1273=VERTEX_POINT('',#8093);
#1274=VERTEX_POINT('',#8095);
#1275=VERTEX_POINT('',#8097);
#1276=VERTEX_POINT('',#8099);
#1277=VERTEX_POINT('',#8261);
#1278=VERTEX_POINT('',#8263);
#1279=VERTEX_POINT('',#8267);
#1280=VERTEX_POINT('',#8282);
#1281=VERTEX_POINT('',#8292);
#1282=VERTEX_POINT('',#8293);
#1283=VERTEX_POINT('',#8306);
#1284=VERTEX_POINT('',#8308);
#1285=EDGE_CURVE('',#983,#984,#617,.T.);
#1286=EDGE_CURVE('',#984,#985,#387,.T.);
#1287=EDGE_CURVE('',#985,#986,#383,.F.);
#1288=EDGE_CURVE('',#986,#983,#388,.T.);
#1289=EDGE_CURVE('',#987,#988,#618,.T.);
#1290=EDGE_CURVE('',#988,#984,#389,.T.);
#1291=EDGE_CURVE('',#983,#987,#390,.T.);
#1292=EDGE_CURVE('',#989,#990,#619,.T.);
#1293=EDGE_CURVE('',#990,#988,#391,.T.);
#1294=EDGE_CURVE('',#987,#989,#392,.T.);
#1295=EDGE_CURVE('',#991,#992,#620,.T.);
#1296=EDGE_CURVE('',#992,#990,#393,.T.);
#1297=EDGE_CURVE('',#989,#991,#394,.T.);
#1298=EDGE_CURVE('',#993,#994,#621,.T.);
#1299=EDGE_CURVE('',#994,#992,#395,.T.);
#1300=EDGE_CURVE('',#991,#993,#396,.T.);
#1301=EDGE_CURVE('',#995,#996,#622,.T.);
#1302=EDGE_CURVE('',#996,#994,#397,.T.);
#1303=EDGE_CURVE('',#993,#995,#398,.T.);
#1304=EDGE_CURVE('',#997,#998,#623,.T.);
#1305=EDGE_CURVE('',#998,#996,#399,.T.);
#1306=EDGE_CURVE('',#995,#997,#400,.T.);
#1307=EDGE_CURVE('',#999,#1000,#624,.T.);
#1308=EDGE_CURVE('',#1000,#998,#401,.T.);
#1309=EDGE_CURVE('',#997,#999,#402,.T.);
#1310=EDGE_CURVE('',#1001,#1002,#625,.T.);
#1311=EDGE_CURVE('',#1002,#1000,#403,.T.);
#1312=EDGE_CURVE('',#999,#1001,#404,.T.);
#1313=EDGE_CURVE('',#1003,#1004,#626,.T.);
#1314=EDGE_CURVE('',#1004,#1002,#405,.T.);
#1315=EDGE_CURVE('',#1001,#1003,#406,.T.);
#1316=EDGE_CURVE('',#1005,#1006,#627,.T.);
#1317=EDGE_CURVE('',#1006,#1004,#407,.T.);
#1318=EDGE_CURVE('',#1003,#1005,#408,.T.);
#1319=EDGE_CURVE('',#1007,#1008,#628,.T.);
#1320=EDGE_CURVE('',#1008,#1006,#409,.T.);
#1321=EDGE_CURVE('',#1005,#1007,#410,.T.);
#1322=EDGE_CURVE('',#1009,#1010,#629,.T.);
#1323=EDGE_CURVE('',#1010,#1008,#411,.T.);
#1324=EDGE_CURVE('',#1007,#1009,#412,.T.);
#1325=EDGE_CURVE('',#1011,#1012,#630,.T.);
#1326=EDGE_CURVE('',#1012,#1010,#413,.T.);
#1327=EDGE_CURVE('',#1009,#1011,#414,.T.);
#1328=EDGE_CURVE('',#1013,#1014,#631,.T.);
#1329=EDGE_CURVE('',#1014,#1012,#415,.T.);
#1330=EDGE_CURVE('',#1011,#1013,#416,.T.);
#1331=EDGE_CURVE('',#1015,#1016,#632,.T.);
#1332=EDGE_CURVE('',#1016,#1014,#417,.T.);
#1333=EDGE_CURVE('',#1013,#1015,#418,.T.);
#1334=EDGE_CURVE('',#1017,#1018,#633,.T.);
#1335=EDGE_CURVE('',#1018,#1016,#419,.T.);
#1336=EDGE_CURVE('',#1015,#1017,#420,.T.);
#1337=EDGE_CURVE('',#1019,#1020,#634,.T.);
#1338=EDGE_CURVE('',#1020,#1018,#421,.T.);
#1339=EDGE_CURVE('',#1017,#1019,#422,.T.);
#1340=EDGE_CURVE('',#1021,#1022,#635,.T.);
#1341=EDGE_CURVE('',#1022,#1020,#423,.T.);
#1342=EDGE_CURVE('',#1019,#1021,#424,.T.);
#1343=EDGE_CURVE('',#1023,#1024,#636,.T.);
#1344=EDGE_CURVE('',#1024,#1022,#425,.T.);
#1345=EDGE_CURVE('',#1021,#1023,#426,.T.);
#1346=EDGE_CURVE('',#1025,#1026,#637,.T.);
#1347=EDGE_CURVE('',#1026,#1024,#427,.T.);
#1348=EDGE_CURVE('',#1023,#1025,#428,.T.);
#1349=EDGE_CURVE('',#1027,#1028,#638,.T.);
#1350=EDGE_CURVE('',#1028,#1026,#429,.T.);
#1351=EDGE_CURVE('',#1025,#1027,#430,.T.);
#1352=EDGE_CURVE('',#1029,#1030,#639,.T.);
#1353=EDGE_CURVE('',#1030,#1028,#431,.T.);
#1354=EDGE_CURVE('',#1027,#1029,#432,.T.);
#1355=EDGE_CURVE('',#1031,#1032,#640,.T.);
#1356=EDGE_CURVE('',#1032,#1030,#433,.T.);
#1357=EDGE_CURVE('',#1029,#1031,#434,.T.);
#1358=EDGE_CURVE('',#1033,#1034,#641,.T.);
#1359=EDGE_CURVE('',#1034,#1032,#435,.T.);
#1360=EDGE_CURVE('',#1031,#1033,#436,.T.);
#1361=EDGE_CURVE('',#1035,#1036,#642,.T.);
#1362=EDGE_CURVE('',#1036,#1034,#437,.T.);
#1363=EDGE_CURVE('',#1033,#1035,#438,.T.);
#1364=EDGE_CURVE('',#1037,#1038,#643,.T.);
#1365=EDGE_CURVE('',#1038,#1036,#439,.T.);
#1366=EDGE_CURVE('',#1035,#1037,#440,.T.);
#1367=EDGE_CURVE('',#1039,#1040,#644,.T.);
#1368=EDGE_CURVE('',#1040,#1038,#441,.T.);
#1369=EDGE_CURVE('',#1037,#1039,#442,.T.);
#1370=EDGE_CURVE('',#1041,#1042,#645,.T.);
#1371=EDGE_CURVE('',#1042,#1040,#443,.T.);
#1372=EDGE_CURVE('',#1039,#1041,#444,.T.);
#1373=EDGE_CURVE('',#1043,#1044,#646,.T.);
#1374=EDGE_CURVE('',#1044,#1042,#445,.T.);
#1375=EDGE_CURVE('',#1041,#1043,#446,.T.);
#1376=EDGE_CURVE('',#1045,#1046,#647,.T.);
#1377=EDGE_CURVE('',#1046,#1044,#447,.T.);
#1378=EDGE_CURVE('',#1043,#1045,#448,.T.);
#1379=EDGE_CURVE('',#1047,#1048,#648,.T.);
#1380=EDGE_CURVE('',#1048,#1046,#449,.T.);
#1381=EDGE_CURVE('',#1045,#1047,#450,.T.);
#1382=EDGE_CURVE('',#1049,#1050,#649,.T.);
#1383=EDGE_CURVE('',#1050,#1048,#451,.T.);
#1384=EDGE_CURVE('',#1047,#1049,#452,.T.);
#1385=EDGE_CURVE('',#1051,#1052,#650,.T.);
#1386=EDGE_CURVE('',#1052,#1050,#453,.T.);
#1387=EDGE_CURVE('',#1049,#1051,#454,.T.);
#1388=EDGE_CURVE('',#1053,#1054,#651,.T.);
#1389=EDGE_CURVE('',#1054,#1052,#455,.T.);
#1390=EDGE_CURVE('',#1051,#1053,#456,.T.);
#1391=EDGE_CURVE('',#1055,#1056,#652,.T.);
#1392=EDGE_CURVE('',#1056,#1054,#457,.T.);
#1393=EDGE_CURVE('',#1053,#1055,#458,.T.);
#1394=EDGE_CURVE('',#1057,#1058,#653,.T.);
#1395=EDGE_CURVE('',#1058,#1056,#459,.T.);
#1396=EDGE_CURVE('',#1055,#1057,#460,.T.);
#1397=EDGE_CURVE('',#1059,#1060,#654,.T.);
#1398=EDGE_CURVE('',#1060,#1058,#461,.T.);
#1399=EDGE_CURVE('',#1057,#1059,#462,.T.);
#1400=EDGE_CURVE('',#1061,#1062,#655,.T.);
#1401=EDGE_CURVE('',#1062,#1060,#463,.T.);
#1402=EDGE_CURVE('',#1059,#1061,#464,.T.);
#1403=EDGE_CURVE('',#1063,#1064,#656,.T.);
#1404=EDGE_CURVE('',#1064,#1062,#465,.T.);
#1405=EDGE_CURVE('',#1061,#1063,#466,.T.);
#1406=EDGE_CURVE('',#1065,#1066,#657,.T.);
#1407=EDGE_CURVE('',#1066,#1064,#467,.T.);
#1408=EDGE_CURVE('',#1063,#1065,#468,.T.);
#1409=EDGE_CURVE('',#1067,#1068,#658,.T.);
#1410=EDGE_CURVE('',#1068,#1066,#469,.T.);
#1411=EDGE_CURVE('',#1065,#1067,#470,.T.);
#1412=EDGE_CURVE('',#1069,#1070,#659,.T.);
#1413=EDGE_CURVE('',#1070,#1068,#471,.T.);
#1414=EDGE_CURVE('',#1067,#1069,#472,.T.);
#1415=EDGE_CURVE('',#1071,#1072,#660,.T.);
#1416=EDGE_CURVE('',#1072,#1070,#473,.T.);
#1417=EDGE_CURVE('',#1069,#1071,#474,.T.);
#1418=EDGE_CURVE('',#1073,#1074,#661,.T.);
#1419=EDGE_CURVE('',#1074,#1072,#475,.T.);
#1420=EDGE_CURVE('',#1071,#1073,#476,.T.);
#1421=EDGE_CURVE('',#1075,#1076,#662,.T.);
#1422=EDGE_CURVE('',#1076,#1074,#477,.T.);
#1423=EDGE_CURVE('',#1073,#1075,#478,.T.);
#1424=EDGE_CURVE('',#1077,#1078,#663,.T.);
#1425=EDGE_CURVE('',#1078,#1076,#479,.T.);
#1426=EDGE_CURVE('',#1075,#1077,#480,.T.);
#1427=EDGE_CURVE('',#1079,#1080,#664,.T.);
#1428=EDGE_CURVE('',#1080,#1078,#481,.T.);
#1429=EDGE_CURVE('',#1077,#1079,#482,.T.);
#1430=EDGE_CURVE('',#1081,#1082,#665,.T.);
#1431=EDGE_CURVE('',#1082,#1080,#483,.T.);
#1432=EDGE_CURVE('',#1079,#1081,#484,.T.);
#1433=EDGE_CURVE('',#1083,#1084,#666,.T.);
#1434=EDGE_CURVE('',#1084,#1082,#485,.T.);
#1435=EDGE_CURVE('',#1081,#1083,#486,.T.);
#1436=EDGE_CURVE('',#1085,#1086,#667,.T.);
#1437=EDGE_CURVE('',#1086,#1084,#487,.T.);
#1438=EDGE_CURVE('',#1083,#1085,#488,.T.);
#1439=EDGE_CURVE('',#1087,#1088,#668,.T.);
#1440=EDGE_CURVE('',#1088,#1086,#489,.T.);
#1441=EDGE_CURVE('',#1085,#1087,#490,.T.);
#1442=EDGE_CURVE('',#1089,#1090,#669,.T.);
#1443=EDGE_CURVE('',#1090,#1088,#491,.T.);
#1444=EDGE_CURVE('',#1087,#1089,#492,.T.);
#1445=EDGE_CURVE('',#1091,#1092,#670,.T.);
#1446=EDGE_CURVE('',#1092,#1090,#493,.T.);
#1447=EDGE_CURVE('',#1089,#1091,#494,.T.);
#1448=EDGE_CURVE('',#1093,#1094,#671,.T.);
#1449=EDGE_CURVE('',#1093,#1095,#495,.T.);
#1450=EDGE_CURVE('',#1096,#1095,#384,.F.);
#1451=EDGE_CURVE('',#1096,#1094,#496,.T.);
#1452=EDGE_CURVE('',#1097,#1098,#672,.T.);
#1453=EDGE_CURVE('',#1098,#1099,#497,.T.);
#1454=EDGE_CURVE('',#1100,#1099,#385,.T.);
#1455=EDGE_CURVE('',#1097,#1100,#498,.T.);
#1456=EDGE_CURVE('',#1101,#1102,#673,.T.);
#1457=EDGE_CURVE('',#1102,#1098,#499,.T.);
#1458=EDGE_CURVE('',#1101,#1097,#500,.T.);
#1459=EDGE_CURVE('',#1103,#1104,#674,.T.);
#1460=EDGE_CURVE('',#1104,#1102,#501,.T.);
#1461=EDGE_CURVE('',#1103,#1101,#502,.T.);
#1462=EDGE_CURVE('',#1105,#1106,#675,.T.);
#1463=EDGE_CURVE('',#1106,#1104,#503,.T.);
#1464=EDGE_CURVE('',#1105,#1103,#504,.T.);
#1465=EDGE_CURVE('',#1107,#1108,#676,.T.);
#1466=EDGE_CURVE('',#1108,#1106,#505,.T.);
#1467=EDGE_CURVE('',#1107,#1105,#506,.T.);
#1468=EDGE_CURVE('',#1109,#1110,#677,.T.);
#1469=EDGE_CURVE('',#1110,#1108,#507,.T.);
#1470=EDGE_CURVE('',#1109,#1107,#508,.T.);
#1471=EDGE_CURVE('',#1111,#1112,#678,.T.);
#1472=EDGE_CURVE('',#1112,#1110,#509,.T.);
#1473=EDGE_CURVE('',#1111,#1109,#510,.T.);
#1474=EDGE_CURVE('',#1113,#1114,#679,.T.);
#1475=EDGE_CURVE('',#1114,#1112,#511,.T.);
#1476=EDGE_CURVE('',#1113,#1111,#512,.T.);
#1477=EDGE_CURVE('',#1115,#1116,#680,.T.);
#1478=EDGE_CURVE('',#1116,#1114,#513,.T.);
#1479=EDGE_CURVE('',#1115,#1113,#514,.T.);
#1480=EDGE_CURVE('',#1117,#1118,#681,.T.);
#1481=EDGE_CURVE('',#1118,#1116,#515,.T.);
#1482=EDGE_CURVE('',#1117,#1115,#516,.T.);
#1483=EDGE_CURVE('',#1119,#1120,#682,.T.);
#1484=EDGE_CURVE('',#1120,#1118,#517,.T.);
#1485=EDGE_CURVE('',#1119,#1117,#518,.T.);
#1486=EDGE_CURVE('',#1121,#1122,#683,.T.);
#1487=EDGE_CURVE('',#1122,#1120,#519,.T.);
#1488=EDGE_CURVE('',#1121,#1119,#520,.T.);
#1489=EDGE_CURVE('',#1123,#1124,#684,.T.);
#1490=EDGE_CURVE('',#1124,#1122,#521,.T.);
#1491=EDGE_CURVE('',#1123,#1121,#522,.T.);
#1492=EDGE_CURVE('',#1125,#1126,#685,.T.);
#1493=EDGE_CURVE('',#1126,#1124,#523,.T.);
#1494=EDGE_CURVE('',#1125,#1123,#524,.T.);
#1495=EDGE_CURVE('',#1127,#1128,#686,.T.);
#1496=EDGE_CURVE('',#1128,#1126,#525,.T.);
#1497=EDGE_CURVE('',#1127,#1125,#526,.T.);
#1498=EDGE_CURVE('',#1129,#1130,#687,.T.);
#1499=EDGE_CURVE('',#1130,#1128,#527,.T.);
#1500=EDGE_CURVE('',#1129,#1127,#528,.T.);
#1501=EDGE_CURVE('',#1131,#1132,#688,.T.);
#1502=EDGE_CURVE('',#1132,#1130,#529,.T.);
#1503=EDGE_CURVE('',#1131,#1129,#530,.T.);
#1504=EDGE_CURVE('',#1133,#1134,#689,.T.);
#1505=EDGE_CURVE('',#1134,#1132,#531,.T.);
#1506=EDGE_CURVE('',#1133,#1131,#532,.T.);
#1507=EDGE_CURVE('',#1135,#1136,#690,.T.);
#1508=EDGE_CURVE('',#1136,#1134,#533,.T.);
#1509=EDGE_CURVE('',#1135,#1133,#534,.T.);
#1510=EDGE_CURVE('',#1137,#1138,#691,.T.);
#1511=EDGE_CURVE('',#1138,#1136,#535,.T.);
#1512=EDGE_CURVE('',#1137,#1135,#536,.T.);
#1513=EDGE_CURVE('',#1139,#1140,#692,.T.);
#1514=EDGE_CURVE('',#1140,#1138,#537,.T.);
#1515=EDGE_CURVE('',#1139,#1137,#538,.T.);
#1516=EDGE_CURVE('',#1141,#1142,#693,.T.);
#1517=EDGE_CURVE('',#1142,#1140,#539,.T.);
#1518=EDGE_CURVE('',#1141,#1139,#540,.T.);
#1519=EDGE_CURVE('',#1143,#1144,#694,.T.);
#1520=EDGE_CURVE('',#1144,#1142,#541,.T.);
#1521=EDGE_CURVE('',#1143,#1141,#542,.T.);
#1522=EDGE_CURVE('',#1145,#1146,#695,.T.);
#1523=EDGE_CURVE('',#1146,#1144,#543,.T.);
#1524=EDGE_CURVE('',#1145,#1143,#544,.T.);
#1525=EDGE_CURVE('',#1147,#1148,#696,.T.);
#1526=EDGE_CURVE('',#1148,#1146,#545,.T.);
#1527=EDGE_CURVE('',#1147,#1145,#546,.T.);
#1528=EDGE_CURVE('',#1149,#1150,#697,.T.);
#1529=EDGE_CURVE('',#1150,#1148,#547,.T.);
#1530=EDGE_CURVE('',#1149,#1147,#548,.T.);
#1531=EDGE_CURVE('',#1151,#1152,#698,.T.);
#1532=EDGE_CURVE('',#1152,#1150,#549,.T.);
#1533=EDGE_CURVE('',#1151,#1149,#550,.T.);
#1534=EDGE_CURVE('',#1153,#1154,#699,.T.);
#1535=EDGE_CURVE('',#1154,#1152,#551,.T.);
#1536=EDGE_CURVE('',#1153,#1151,#552,.T.);
#1537=EDGE_CURVE('',#1155,#1156,#700,.T.);
#1538=EDGE_CURVE('',#1156,#1154,#553,.T.);
#1539=EDGE_CURVE('',#1155,#1153,#554,.T.);
#1540=EDGE_CURVE('',#1157,#1158,#701,.T.);
#1541=EDGE_CURVE('',#1158,#1156,#555,.T.);
#1542=EDGE_CURVE('',#1157,#1155,#556,.T.);
#1543=EDGE_CURVE('',#1159,#1160,#702,.T.);
#1544=EDGE_CURVE('',#1160,#1158,#557,.T.);
#1545=EDGE_CURVE('',#1159,#1157,#558,.T.);
#1546=EDGE_CURVE('',#1161,#1162,#703,.T.);
#1547=EDGE_CURVE('',#1162,#1160,#559,.T.);
#1548=EDGE_CURVE('',#1161,#1159,#560,.T.);
#1549=EDGE_CURVE('',#1163,#1164,#704,.T.);
#1550=EDGE_CURVE('',#1164,#1162,#561,.T.);
#1551=EDGE_CURVE('',#1163,#1161,#562,.T.);
#1552=EDGE_CURVE('',#1165,#1166,#705,.T.);
#1553=EDGE_CURVE('',#1166,#1164,#563,.T.);
#1554=EDGE_CURVE('',#1165,#1163,#564,.T.);
#1555=EDGE_CURVE('',#1167,#1168,#706,.T.);
#1556=EDGE_CURVE('',#1168,#1166,#565,.T.);
#1557=EDGE_CURVE('',#1167,#1165,#566,.T.);
#1558=EDGE_CURVE('',#1169,#1170,#707,.T.);
#1559=EDGE_CURVE('',#1170,#1168,#567,.T.);
#1560=EDGE_CURVE('',#1169,#1167,#568,.T.);
#1561=EDGE_CURVE('',#1171,#1172,#708,.T.);
#1562=EDGE_CURVE('',#1172,#1170,#569,.T.);
#1563=EDGE_CURVE('',#1171,#1169,#570,.T.);
#1564=EDGE_CURVE('',#1173,#1174,#709,.T.);
#1565=EDGE_CURVE('',#1174,#1172,#571,.T.);
#1566=EDGE_CURVE('',#1173,#1171,#572,.T.);
#1567=EDGE_CURVE('',#1175,#1176,#710,.T.);
#1568=EDGE_CURVE('',#1176,#1174,#573,.T.);
#1569=EDGE_CURVE('',#1175,#1173,#574,.T.);
#1570=EDGE_CURVE('',#1177,#1178,#711,.T.);
#1571=EDGE_CURVE('',#1178,#1176,#575,.T.);
#1572=EDGE_CURVE('',#1177,#1175,#576,.T.);
#1573=EDGE_CURVE('',#1179,#1180,#712,.T.);
#1574=EDGE_CURVE('',#1180,#1178,#577,.T.);
#1575=EDGE_CURVE('',#1179,#1177,#578,.T.);
#1576=EDGE_CURVE('',#1181,#1182,#713,.T.);
#1577=EDGE_CURVE('',#1182,#1180,#579,.T.);
#1578=EDGE_CURVE('',#1181,#1179,#580,.T.);
#1579=EDGE_CURVE('',#1183,#1184,#714,.T.);
#1580=EDGE_CURVE('',#1184,#1182,#581,.T.);
#1581=EDGE_CURVE('',#1183,#1181,#582,.T.);
#1582=EDGE_CURVE('',#1185,#1186,#715,.T.);
#1583=EDGE_CURVE('',#1186,#1184,#583,.T.);
#1584=EDGE_CURVE('',#1185,#1183,#584,.T.);
#1585=EDGE_CURVE('',#1187,#1188,#716,.T.);
#1586=EDGE_CURVE('',#1188,#1186,#585,.T.);
#1587=EDGE_CURVE('',#1187,#1185,#586,.T.);
#1588=EDGE_CURVE('',#1189,#1190,#717,.T.);
#1589=EDGE_CURVE('',#1190,#1188,#587,.T.);
#1590=EDGE_CURVE('',#1189,#1187,#588,.T.);
#1591=EDGE_CURVE('',#1191,#1192,#718,.T.);
#1592=EDGE_CURVE('',#1192,#1190,#589,.T.);
#1593=EDGE_CURVE('',#1191,#1189,#590,.T.);
#1594=EDGE_CURVE('',#1193,#1194,#719,.T.);
#1595=EDGE_CURVE('',#1194,#1192,#591,.T.);
#1596=EDGE_CURVE('',#1193,#1191,#592,.T.);
#1597=EDGE_CURVE('',#1195,#1196,#720,.T.);
#1598=EDGE_CURVE('',#1196,#1194,#593,.T.);
#1599=EDGE_CURVE('',#1195,#1193,#594,.T.);
#1600=EDGE_CURVE('',#1197,#1198,#721,.T.);
#1601=EDGE_CURVE('',#1198,#1196,#595,.T.);
#1602=EDGE_CURVE('',#1197,#1195,#596,.T.);
#1603=EDGE_CURVE('',#1199,#1200,#722,.T.);
#1604=EDGE_CURVE('',#1200,#1198,#597,.T.);
#1605=EDGE_CURVE('',#1199,#1197,#598,.T.);
#1606=EDGE_CURVE('',#1201,#1202,#723,.T.);
#1607=EDGE_CURVE('',#1202,#1200,#599,.T.);
#1608=EDGE_CURVE('',#1201,#1199,#600,.T.);
#1609=EDGE_CURVE('',#1203,#1204,#724,.T.);
#1610=EDGE_CURVE('',#1204,#1202,#601,.T.);
#1611=EDGE_CURVE('',#1203,#1201,#602,.T.);
#1612=EDGE_CURVE('',#1205,#1206,#725,.T.);
#1613=EDGE_CURVE('',#1206,#1204,#603,.T.);
#1614=EDGE_CURVE('',#1205,#1203,#604,.T.);
#1615=EDGE_CURVE('',#1207,#1208,#726,.T.);
#1616=EDGE_CURVE('',#1208,#1206,#605,.T.);
#1617=EDGE_CURVE('',#1207,#1205,#606,.T.);
#1618=EDGE_CURVE('',#1209,#1210,#727,.T.);
#1619=EDGE_CURVE('',#1211,#1209,#607,.T.);
#1620=EDGE_CURVE('',#1212,#1211,#386,.T.);
#1621=EDGE_CURVE('',#1212,#1210,#608,.T.);
#1622=EDGE_CURVE('',#1213,#1214,#39,.T.);
#1623=EDGE_CURVE('',#1214,#1215,#728,.T.);
#1624=EDGE_CURVE('',#1215,#1216,#40,.T.);
#1625=EDGE_CURVE('',#1216,#1213,#729,.T.);
#1626=EDGE_CURVE('',#1213,#1217,#730,.T.);
#1627=EDGE_CURVE('',#1218,#1217,#41,.T.);
#1628=EDGE_CURVE('',#1218,#1219,#731,.T.);
#1629=EDGE_CURVE('',#1220,#1219,#42,.T.);
#1630=EDGE_CURVE('',#1220,#1214,#732,.T.);
#1631=EDGE_CURVE('',#1216,#1221,#733,.T.);
#1632=EDGE_CURVE('',#1222,#1221,#734,.T.);
#1633=EDGE_CURVE('',#1223,#1222,#735,.T.);
#1634=EDGE_CURVE('',#1224,#1223,#736,.T.);
#1635=EDGE_CURVE('',#1225,#1224,#737,.T.);
#1636=EDGE_CURVE('',#1226,#1225,#738,.T.);
#1637=EDGE_CURVE('',#1227,#1226,#739,.T.);
#1638=EDGE_CURVE('',#1228,#1227,#740,.T.);
#1639=EDGE_CURVE('',#1229,#1228,#741,.T.);
#1640=EDGE_CURVE('',#1217,#1229,#742,.T.);
#1641=EDGE_CURVE('',#1211,#986,#609,.T.);
#1642=EDGE_CURVE('',#985,#1212,#610,.T.);
#1643=EDGE_CURVE('',#1221,#1230,#43,.T.);
#1644=EDGE_CURVE('',#1230,#1231,#743,.T.);
#1645=EDGE_CURVE('',#1231,#1222,#44,.T.);
#1646=EDGE_CURVE('',#1231,#1232,#744,.T.);
#1647=EDGE_CURVE('',#1233,#1232,#45,.T.);
#1648=EDGE_CURVE('',#1233,#1234,#745,.T.);
#1649=EDGE_CURVE('',#1223,#1234,#46,.T.);
#1650=EDGE_CURVE('',#1230,#1235,#746,.T.);
#1651=EDGE_CURVE('',#1236,#1235,#747,.T.);
#1652=EDGE_CURVE('',#1236,#1237,#748,.T.);
#1653=EDGE_CURVE('',#1238,#1237,#749,.T.);
#1654=EDGE_CURVE('',#1239,#1238,#750,.T.);
#1655=EDGE_CURVE('',#1232,#1239,#751,.T.);
#1656=EDGE_CURVE('',#1234,#1240,#752,.T.);
#1657=EDGE_CURVE('',#1240,#1224,#47,.T.);
#1658=EDGE_CURVE('',#1240,#1241,#753,.T.);
#1659=EDGE_CURVE('',#1242,#1241,#48,.T.);
#1660=EDGE_CURVE('',#1242,#1243,#754,.T.);
#1661=EDGE_CURVE('',#1225,#1243,#49,.T.);
#1662=EDGE_CURVE('',#1244,#1233,#755,.T.);
#1663=EDGE_CURVE('',#1245,#1244,#756,.T.);
#1664=EDGE_CURVE('',#1246,#1245,#757,.T.);
#1665=EDGE_CURVE('',#1247,#1246,#758,.T.);
#1666=EDGE_CURVE('',#1241,#1247,#759,.T.);
#1667=EDGE_CURVE('',#1243,#1248,#760,.T.);
#1668=EDGE_CURVE('',#1248,#1226,#50,.T.);
#1669=EDGE_CURVE('',#1248,#1249,#761,.T.);
#1670=EDGE_CURVE('',#1250,#1249,#51,.T.);
#1671=EDGE_CURVE('',#1250,#1251,#762,.T.);
#1672=EDGE_CURVE('',#1227,#1251,#52,.T.);
#1673=EDGE_CURVE('',#1252,#1242,#763,.T.);
#1674=EDGE_CURVE('',#1253,#1252,#764,.T.);
#1675=EDGE_CURVE('',#1254,#1253,#765,.T.);
#1676=EDGE_CURVE('',#1255,#1254,#766,.T.);
#1677=EDGE_CURVE('',#1249,#1255,#767,.T.);
#1678=EDGE_CURVE('',#1251,#1256,#768,.T.);
#1679=EDGE_CURVE('',#1256,#1228,#53,.T.);
#1680=EDGE_CURVE('',#1256,#1257,#769,.T.);
#1681=EDGE_CURVE('',#1258,#1257,#54,.T.);
#1682=EDGE_CURVE('',#1258,#1259,#770,.T.);
#1683=EDGE_CURVE('',#1229,#1259,#55,.T.);
#1684=EDGE_CURVE('',#1259,#1218,#771,.T.);
#1685=EDGE_CURVE('',#1260,#1261,#56,.T.);
#1686=EDGE_CURVE('',#1261,#1262,#772,.T.);
#1687=EDGE_CURVE('',#1262,#1263,#57,.T.);
#1688=EDGE_CURVE('',#1263,#1260,#773,.T.);
#1689=EDGE_CURVE('',#1262,#1264,#774,.T.);
#1690=EDGE_CURVE('',#1265,#1264,#58,.T.);
#1691=EDGE_CURVE('',#1265,#1266,#775,.T.);
#1692=EDGE_CURVE('',#1267,#1266,#59,.T.);
#1693=EDGE_CURVE('',#1267,#1263,#776,.T.);
#1694=EDGE_CURVE('',#1268,#1261,#777,.T.);
#1695=EDGE_CURVE('',#1269,#1268,#778,.T.);
#1696=EDGE_CURVE('',#1270,#1269,#779,.T.);
#1697=EDGE_CURVE('',#1271,#1270,#780,.T.);
#1698=EDGE_CURVE('',#1272,#1271,#781,.T.);
#1699=EDGE_CURVE('',#1273,#1272,#782,.T.);
#1700=EDGE_CURVE('',#1274,#1273,#783,.T.);
#1701=EDGE_CURVE('',#1275,#1274,#784,.T.);
#1702=EDGE_CURVE('',#1275,#1276,#785,.T.);
#1703=EDGE_CURVE('',#1264,#1276,#786,.T.);
#1704=EDGE_CURVE('',#1095,#1100,#611,.T.);
#1705=EDGE_CURVE('',#1099,#1096,#612,.T.);
#1706=EDGE_CURVE('',#1277,#1269,#60,.T.);
#1707=EDGE_CURVE('',#1268,#1278,#61,.T.);
#1708=EDGE_CURVE('',#1278,#1277,#787,.T.);
#1709=EDGE_CURVE('',#1277,#1279,#788,.T.);
#1710=EDGE_CURVE('',#1255,#1279,#62,.T.);
#1711=EDGE_CURVE('',#1270,#1254,#63,.T.);
#1712=EDGE_CURVE('',#1253,#1271,#64,.T.);
#1713=EDGE_CURVE('',#1245,#1273,#65,.T.);
#1714=EDGE_CURVE('',#1272,#1246,#66,.T.);
#1715=EDGE_CURVE('',#1239,#1244,#67,.T.);
#1716=EDGE_CURVE('',#1274,#1238,#68,.T.);
#1717=EDGE_CURVE('',#1237,#1275,#69,.T.);
#1718=EDGE_CURVE('',#1276,#1280,#70,.T.);
#1719=EDGE_CURVE('',#1280,#1265,#789,.T.);
#1720=EDGE_CURVE('',#1247,#1252,#71,.T.);
#1721=EDGE_CURVE('',#1279,#1250,#790,.T.);
#1722=EDGE_CURVE('',#1281,#1282,#72,.T.);
#1723=EDGE_CURVE('',#1282,#1258,#791,.T.);
#1724=EDGE_CURVE('',#1257,#1281,#792,.T.);
#1725=EDGE_CURVE('',#1260,#1282,#793,.T.);
#1726=EDGE_CURVE('',#1281,#1278,#794,.T.);
#1727=EDGE_CURVE('',#1266,#1220,#795,.T.);
#1728=EDGE_CURVE('',#1219,#1267,#796,.T.);
#1729=EDGE_CURVE('',#1283,#1236,#73,.T.);
#1730=EDGE_CURVE('',#1235,#1284,#74,.T.);
#1731=EDGE_CURVE('',#1284,#1283,#797,.T.);
#1732=EDGE_CURVE('',#1284,#1215,#798,.T.);
#1733=EDGE_CURVE('',#1280,#1283,#799,.T.);
#1734=EDGE_CURVE('',#1210,#1208,#613,.T.);
#1735=EDGE_CURVE('',#1209,#1207,#614,.T.);
#1736=EDGE_CURVE('',#1094,#1092,#615,.T.);
#1737=EDGE_CURVE('',#1091,#1093,#616,.T.);
#1738=ORIENTED_EDGE('',*,*,#1285,.T.);
#1739=ORIENTED_EDGE('',*,*,#1286,.T.);
#1740=ORIENTED_EDGE('',*,*,#1287,.T.);
#1741=ORIENTED_EDGE('',*,*,#1288,.T.);
#1742=ORIENTED_EDGE('',*,*,#1289,.T.);
#1743=ORIENTED_EDGE('',*,*,#1290,.T.);
#1744=ORIENTED_EDGE('',*,*,#1285,.F.);
#1745=ORIENTED_EDGE('',*,*,#1291,.T.);
#1746=ORIENTED_EDGE('',*,*,#1292,.T.);
#1747=ORIENTED_EDGE('',*,*,#1293,.T.);
#1748=ORIENTED_EDGE('',*,*,#1289,.F.);
#1749=ORIENTED_EDGE('',*,*,#1294,.T.);
#1750=ORIENTED_EDGE('',*,*,#1295,.T.);
#1751=ORIENTED_EDGE('',*,*,#1296,.T.);
#1752=ORIENTED_EDGE('',*,*,#1292,.F.);
#1753=ORIENTED_EDGE('',*,*,#1297,.T.);
#1754=ORIENTED_EDGE('',*,*,#1298,.T.);
#1755=ORIENTED_EDGE('',*,*,#1299,.T.);
#1756=ORIENTED_EDGE('',*,*,#1295,.F.);
#1757=ORIENTED_EDGE('',*,*,#1300,.T.);
#1758=ORIENTED_EDGE('',*,*,#1301,.T.);
#1759=ORIENTED_EDGE('',*,*,#1302,.T.);
#1760=ORIENTED_EDGE('',*,*,#1298,.F.);
#1761=ORIENTED_EDGE('',*,*,#1303,.T.);
#1762=ORIENTED_EDGE('',*,*,#1304,.T.);
#1763=ORIENTED_EDGE('',*,*,#1305,.T.);
#1764=ORIENTED_EDGE('',*,*,#1301,.F.);
#1765=ORIENTED_EDGE('',*,*,#1306,.T.);
#1766=ORIENTED_EDGE('',*,*,#1307,.T.);
#1767=ORIENTED_EDGE('',*,*,#1308,.T.);
#1768=ORIENTED_EDGE('',*,*,#1304,.F.);
#1769=ORIENTED_EDGE('',*,*,#1309,.T.);
#1770=ORIENTED_EDGE('',*,*,#1310,.T.);
#1771=ORIENTED_EDGE('',*,*,#1311,.T.);
#1772=ORIENTED_EDGE('',*,*,#1307,.F.);
#1773=ORIENTED_EDGE('',*,*,#1312,.T.);
#1774=ORIENTED_EDGE('',*,*,#1313,.T.);
#1775=ORIENTED_EDGE('',*,*,#1314,.T.);
#1776=ORIENTED_EDGE('',*,*,#1310,.F.);
#1777=ORIENTED_EDGE('',*,*,#1315,.T.);
#1778=ORIENTED_EDGE('',*,*,#1316,.T.);
#1779=ORIENTED_EDGE('',*,*,#1317,.T.);
#1780=ORIENTED_EDGE('',*,*,#1313,.F.);
#1781=ORIENTED_EDGE('',*,*,#1318,.T.);
#1782=ORIENTED_EDGE('',*,*,#1319,.T.);
#1783=ORIENTED_EDGE('',*,*,#1320,.T.);
#1784=ORIENTED_EDGE('',*,*,#1316,.F.);
#1785=ORIENTED_EDGE('',*,*,#1321,.T.);
#1786=ORIENTED_EDGE('',*,*,#1322,.T.);
#1787=ORIENTED_EDGE('',*,*,#1323,.T.);
#1788=ORIENTED_EDGE('',*,*,#1319,.F.);
#1789=ORIENTED_EDGE('',*,*,#1324,.T.);
#1790=ORIENTED_EDGE('',*,*,#1325,.T.);
#1791=ORIENTED_EDGE('',*,*,#1326,.T.);
#1792=ORIENTED_EDGE('',*,*,#1322,.F.);
#1793=ORIENTED_EDGE('',*,*,#1327,.T.);
#1794=ORIENTED_EDGE('',*,*,#1328,.T.);
#1795=ORIENTED_EDGE('',*,*,#1329,.T.);
#1796=ORIENTED_EDGE('',*,*,#1325,.F.);
#1797=ORIENTED_EDGE('',*,*,#1330,.T.);
#1798=ORIENTED_EDGE('',*,*,#1331,.T.);
#1799=ORIENTED_EDGE('',*,*,#1332,.T.);
#1800=ORIENTED_EDGE('',*,*,#1328,.F.);
#1801=ORIENTED_EDGE('',*,*,#1333,.T.);
#1802=ORIENTED_EDGE('',*,*,#1334,.T.);
#1803=ORIENTED_EDGE('',*,*,#1335,.T.);
#1804=ORIENTED_EDGE('',*,*,#1331,.F.);
#1805=ORIENTED_EDGE('',*,*,#1336,.T.);
#1806=ORIENTED_EDGE('',*,*,#1337,.T.);
#1807=ORIENTED_EDGE('',*,*,#1338,.T.);
#1808=ORIENTED_EDGE('',*,*,#1334,.F.);
#1809=ORIENTED_EDGE('',*,*,#1339,.T.);
#1810=ORIENTED_EDGE('',*,*,#1340,.T.);
#1811=ORIENTED_EDGE('',*,*,#1341,.T.);
#1812=ORIENTED_EDGE('',*,*,#1337,.F.);
#1813=ORIENTED_EDGE('',*,*,#1342,.T.);
#1814=ORIENTED_EDGE('',*,*,#1343,.T.);
#1815=ORIENTED_EDGE('',*,*,#1344,.T.);
#1816=ORIENTED_EDGE('',*,*,#1340,.F.);
#1817=ORIENTED_EDGE('',*,*,#1345,.T.);
#1818=ORIENTED_EDGE('',*,*,#1346,.T.);
#1819=ORIENTED_EDGE('',*,*,#1347,.T.);
#1820=ORIENTED_EDGE('',*,*,#1343,.F.);
#1821=ORIENTED_EDGE('',*,*,#1348,.T.);
#1822=ORIENTED_EDGE('',*,*,#1349,.T.);
#1823=ORIENTED_EDGE('',*,*,#1350,.T.);
#1824=ORIENTED_EDGE('',*,*,#1346,.F.);
#1825=ORIENTED_EDGE('',*,*,#1351,.T.);
#1826=ORIENTED_EDGE('',*,*,#1352,.T.);
#1827=ORIENTED_EDGE('',*,*,#1353,.T.);
#1828=ORIENTED_EDGE('',*,*,#1349,.F.);
#1829=ORIENTED_EDGE('',*,*,#1354,.T.);
#1830=ORIENTED_EDGE('',*,*,#1355,.T.);
#1831=ORIENTED_EDGE('',*,*,#1356,.T.);
#1832=ORIENTED_EDGE('',*,*,#1352,.F.);
#1833=ORIENTED_EDGE('',*,*,#1357,.T.);
#1834=ORIENTED_EDGE('',*,*,#1358,.T.);
#1835=ORIENTED_EDGE('',*,*,#1359,.T.);
#1836=ORIENTED_EDGE('',*,*,#1355,.F.);
#1837=ORIENTED_EDGE('',*,*,#1360,.T.);
#1838=ORIENTED_EDGE('',*,*,#1361,.T.);
#1839=ORIENTED_EDGE('',*,*,#1362,.T.);
#1840=ORIENTED_EDGE('',*,*,#1358,.F.);
#1841=ORIENTED_EDGE('',*,*,#1363,.T.);
#1842=ORIENTED_EDGE('',*,*,#1364,.T.);
#1843=ORIENTED_EDGE('',*,*,#1365,.T.);
#1844=ORIENTED_EDGE('',*,*,#1361,.F.);
#1845=ORIENTED_EDGE('',*,*,#1366,.T.);
#1846=ORIENTED_EDGE('',*,*,#1367,.T.);
#1847=ORIENTED_EDGE('',*,*,#1368,.T.);
#1848=ORIENTED_EDGE('',*,*,#1364,.F.);
#1849=ORIENTED_EDGE('',*,*,#1369,.T.);
#1850=ORIENTED_EDGE('',*,*,#1370,.T.);
#1851=ORIENTED_EDGE('',*,*,#1371,.T.);
#1852=ORIENTED_EDGE('',*,*,#1367,.F.);
#1853=ORIENTED_EDGE('',*,*,#1372,.T.);
#1854=ORIENTED_EDGE('',*,*,#1373,.T.);
#1855=ORIENTED_EDGE('',*,*,#1374,.T.);
#1856=ORIENTED_EDGE('',*,*,#1370,.F.);
#1857=ORIENTED_EDGE('',*,*,#1375,.T.);
#1858=ORIENTED_EDGE('',*,*,#1376,.T.);
#1859=ORIENTED_EDGE('',*,*,#1377,.T.);
#1860=ORIENTED_EDGE('',*,*,#1373,.F.);
#1861=ORIENTED_EDGE('',*,*,#1378,.T.);
#1862=ORIENTED_EDGE('',*,*,#1379,.T.);
#1863=ORIENTED_EDGE('',*,*,#1380,.T.);
#1864=ORIENTED_EDGE('',*,*,#1376,.F.);
#1865=ORIENTED_EDGE('',*,*,#1381,.T.);
#1866=ORIENTED_EDGE('',*,*,#1382,.T.);
#1867=ORIENTED_EDGE('',*,*,#1383,.T.);
#1868=ORIENTED_EDGE('',*,*,#1379,.F.);
#1869=ORIENTED_EDGE('',*,*,#1384,.T.);
#1870=ORIENTED_EDGE('',*,*,#1385,.T.);
#1871=ORIENTED_EDGE('',*,*,#1386,.T.);
#1872=ORIENTED_EDGE('',*,*,#1382,.F.);
#1873=ORIENTED_EDGE('',*,*,#1387,.T.);
#1874=ORIENTED_EDGE('',*,*,#1388,.T.);
#1875=ORIENTED_EDGE('',*,*,#1389,.T.);
#1876=ORIENTED_EDGE('',*,*,#1385,.F.);
#1877=ORIENTED_EDGE('',*,*,#1390,.T.);
#1878=ORIENTED_EDGE('',*,*,#1391,.T.);
#1879=ORIENTED_EDGE('',*,*,#1392,.T.);
#1880=ORIENTED_EDGE('',*,*,#1388,.F.);
#1881=ORIENTED_EDGE('',*,*,#1393,.T.);
#1882=ORIENTED_EDGE('',*,*,#1394,.T.);
#1883=ORIENTED_EDGE('',*,*,#1395,.T.);
#1884=ORIENTED_EDGE('',*,*,#1391,.F.);
#1885=ORIENTED_EDGE('',*,*,#1396,.T.);
#1886=ORIENTED_EDGE('',*,*,#1397,.T.);
#1887=ORIENTED_EDGE('',*,*,#1398,.T.);
#1888=ORIENTED_EDGE('',*,*,#1394,.F.);
#1889=ORIENTED_EDGE('',*,*,#1399,.T.);
#1890=ORIENTED_EDGE('',*,*,#1400,.T.);
#1891=ORIENTED_EDGE('',*,*,#1401,.T.);
#1892=ORIENTED_EDGE('',*,*,#1397,.F.);
#1893=ORIENTED_EDGE('',*,*,#1402,.T.);
#1894=ORIENTED_EDGE('',*,*,#1403,.T.);
#1895=ORIENTED_EDGE('',*,*,#1404,.T.);
#1896=ORIENTED_EDGE('',*,*,#1400,.F.);
#1897=ORIENTED_EDGE('',*,*,#1405,.T.);
#1898=ORIENTED_EDGE('',*,*,#1406,.T.);
#1899=ORIENTED_EDGE('',*,*,#1407,.T.);
#1900=ORIENTED_EDGE('',*,*,#1403,.F.);
#1901=ORIENTED_EDGE('',*,*,#1408,.T.);
#1902=ORIENTED_EDGE('',*,*,#1409,.T.);
#1903=ORIENTED_EDGE('',*,*,#1410,.T.);
#1904=ORIENTED_EDGE('',*,*,#1406,.F.);
#1905=ORIENTED_EDGE('',*,*,#1411,.T.);
#1906=ORIENTED_EDGE('',*,*,#1412,.T.);
#1907=ORIENTED_EDGE('',*,*,#1413,.T.);
#1908=ORIENTED_EDGE('',*,*,#1409,.F.);
#1909=ORIENTED_EDGE('',*,*,#1414,.T.);
#1910=ORIENTED_EDGE('',*,*,#1415,.T.);
#1911=ORIENTED_EDGE('',*,*,#1416,.T.);
#1912=ORIENTED_EDGE('',*,*,#1412,.F.);
#1913=ORIENTED_EDGE('',*,*,#1417,.T.);
#1914=ORIENTED_EDGE('',*,*,#1418,.T.);
#1915=ORIENTED_EDGE('',*,*,#1419,.T.);
#1916=ORIENTED_EDGE('',*,*,#1415,.F.);
#1917=ORIENTED_EDGE('',*,*,#1420,.T.);
#1918=ORIENTED_EDGE('',*,*,#1421,.T.);
#1919=ORIENTED_EDGE('',*,*,#1422,.T.);
#1920=ORIENTED_EDGE('',*,*,#1418,.F.);
#1921=ORIENTED_EDGE('',*,*,#1423,.T.);
#1922=ORIENTED_EDGE('',*,*,#1424,.T.);
#1923=ORIENTED_EDGE('',*,*,#1425,.T.);
#1924=ORIENTED_EDGE('',*,*,#1421,.F.);
#1925=ORIENTED_EDGE('',*,*,#1426,.T.);
#1926=ORIENTED_EDGE('',*,*,#1427,.T.);
#1927=ORIENTED_EDGE('',*,*,#1428,.T.);
#1928=ORIENTED_EDGE('',*,*,#1424,.F.);
#1929=ORIENTED_EDGE('',*,*,#1429,.T.);
#1930=ORIENTED_EDGE('',*,*,#1430,.T.);
#1931=ORIENTED_EDGE('',*,*,#1431,.T.);
#1932=ORIENTED_EDGE('',*,*,#1427,.F.);
#1933=ORIENTED_EDGE('',*,*,#1432,.T.);
#1934=ORIENTED_EDGE('',*,*,#1433,.T.);
#1935=ORIENTED_EDGE('',*,*,#1434,.T.);
#1936=ORIENTED_EDGE('',*,*,#1430,.F.);
#1937=ORIENTED_EDGE('',*,*,#1435,.T.);
#1938=ORIENTED_EDGE('',*,*,#1436,.T.);
#1939=ORIENTED_EDGE('',*,*,#1437,.T.);
#1940=ORIENTED_EDGE('',*,*,#1433,.F.);
#1941=ORIENTED_EDGE('',*,*,#1438,.T.);
#1942=ORIENTED_EDGE('',*,*,#1439,.T.);
#1943=ORIENTED_EDGE('',*,*,#1440,.T.);
#1944=ORIENTED_EDGE('',*,*,#1436,.F.);
#1945=ORIENTED_EDGE('',*,*,#1441,.T.);
#1946=ORIENTED_EDGE('',*,*,#1442,.T.);
#1947=ORIENTED_EDGE('',*,*,#1443,.T.);
#1948=ORIENTED_EDGE('',*,*,#1439,.F.);
#1949=ORIENTED_EDGE('',*,*,#1444,.T.);
#1950=ORIENTED_EDGE('',*,*,#1445,.T.);
#1951=ORIENTED_EDGE('',*,*,#1446,.T.);
#1952=ORIENTED_EDGE('',*,*,#1442,.F.);
#1953=ORIENTED_EDGE('',*,*,#1447,.T.);
#1954=ORIENTED_EDGE('',*,*,#1448,.F.);
#1955=ORIENTED_EDGE('',*,*,#1449,.T.);
#1956=ORIENTED_EDGE('',*,*,#1450,.F.);
#1957=ORIENTED_EDGE('',*,*,#1451,.T.);
#1958=ORIENTED_EDGE('',*,*,#1452,.T.);
#1959=ORIENTED_EDGE('',*,*,#1453,.T.);
#1960=ORIENTED_EDGE('',*,*,#1454,.F.);
#1961=ORIENTED_EDGE('',*,*,#1455,.F.);
#1962=ORIENTED_EDGE('',*,*,#1456,.T.);
#1963=ORIENTED_EDGE('',*,*,#1457,.T.);
#1964=ORIENTED_EDGE('',*,*,#1452,.F.);
#1965=ORIENTED_EDGE('',*,*,#1458,.F.);
#1966=ORIENTED_EDGE('',*,*,#1459,.T.);
#1967=ORIENTED_EDGE('',*,*,#1460,.T.);
#1968=ORIENTED_EDGE('',*,*,#1456,.F.);
#1969=ORIENTED_EDGE('',*,*,#1461,.F.);
#1970=ORIENTED_EDGE('',*,*,#1462,.T.);
#1971=ORIENTED_EDGE('',*,*,#1463,.T.);
#1972=ORIENTED_EDGE('',*,*,#1459,.F.);
#1973=ORIENTED_EDGE('',*,*,#1464,.F.);
#1974=ORIENTED_EDGE('',*,*,#1465,.T.);
#1975=ORIENTED_EDGE('',*,*,#1466,.T.);
#1976=ORIENTED_EDGE('',*,*,#1462,.F.);
#1977=ORIENTED_EDGE('',*,*,#1467,.F.);
#1978=ORIENTED_EDGE('',*,*,#1468,.T.);
#1979=ORIENTED_EDGE('',*,*,#1469,.T.);
#1980=ORIENTED_EDGE('',*,*,#1465,.F.);
#1981=ORIENTED_EDGE('',*,*,#1470,.F.);
#1982=ORIENTED_EDGE('',*,*,#1471,.T.);
#1983=ORIENTED_EDGE('',*,*,#1472,.T.);
#1984=ORIENTED_EDGE('',*,*,#1468,.F.);
#1985=ORIENTED_EDGE('',*,*,#1473,.F.);
#1986=ORIENTED_EDGE('',*,*,#1474,.T.);
#1987=ORIENTED_EDGE('',*,*,#1475,.T.);
#1988=ORIENTED_EDGE('',*,*,#1471,.F.);
#1989=ORIENTED_EDGE('',*,*,#1476,.F.);
#1990=ORIENTED_EDGE('',*,*,#1477,.T.);
#1991=ORIENTED_EDGE('',*,*,#1478,.T.);
#1992=ORIENTED_EDGE('',*,*,#1474,.F.);
#1993=ORIENTED_EDGE('',*,*,#1479,.F.);
#1994=ORIENTED_EDGE('',*,*,#1480,.T.);
#1995=ORIENTED_EDGE('',*,*,#1481,.T.);
#1996=ORIENTED_EDGE('',*,*,#1477,.F.);
#1997=ORIENTED_EDGE('',*,*,#1482,.F.);
#1998=ORIENTED_EDGE('',*,*,#1483,.T.);
#1999=ORIENTED_EDGE('',*,*,#1484,.T.);
#2000=ORIENTED_EDGE('',*,*,#1480,.F.);
#2001=ORIENTED_EDGE('',*,*,#1485,.F.);
#2002=ORIENTED_EDGE('',*,*,#1486,.T.);
#2003=ORIENTED_EDGE('',*,*,#1487,.T.);
#2004=ORIENTED_EDGE('',*,*,#1483,.F.);
#2005=ORIENTED_EDGE('',*,*,#1488,.F.);
#2006=ORIENTED_EDGE('',*,*,#1489,.T.);
#2007=ORIENTED_EDGE('',*,*,#1490,.T.);
#2008=ORIENTED_EDGE('',*,*,#1486,.F.);
#2009=ORIENTED_EDGE('',*,*,#1491,.F.);
#2010=ORIENTED_EDGE('',*,*,#1492,.T.);
#2011=ORIENTED_EDGE('',*,*,#1493,.T.);
#2012=ORIENTED_EDGE('',*,*,#1489,.F.);
#2013=ORIENTED_EDGE('',*,*,#1494,.F.);
#2014=ORIENTED_EDGE('',*,*,#1495,.T.);
#2015=ORIENTED_EDGE('',*,*,#1496,.T.);
#2016=ORIENTED_EDGE('',*,*,#1492,.F.);
#2017=ORIENTED_EDGE('',*,*,#1497,.F.);
#2018=ORIENTED_EDGE('',*,*,#1498,.T.);
#2019=ORIENTED_EDGE('',*,*,#1499,.T.);
#2020=ORIENTED_EDGE('',*,*,#1495,.F.);
#2021=ORIENTED_EDGE('',*,*,#1500,.F.);
#2022=ORIENTED_EDGE('',*,*,#1501,.T.);
#2023=ORIENTED_EDGE('',*,*,#1502,.T.);
#2024=ORIENTED_EDGE('',*,*,#1498,.F.);
#2025=ORIENTED_EDGE('',*,*,#1503,.F.);
#2026=ORIENTED_EDGE('',*,*,#1504,.T.);
#2027=ORIENTED_EDGE('',*,*,#1505,.T.);
#2028=ORIENTED_EDGE('',*,*,#1501,.F.);
#2029=ORIENTED_EDGE('',*,*,#1506,.F.);
#2030=ORIENTED_EDGE('',*,*,#1507,.T.);
#2031=ORIENTED_EDGE('',*,*,#1508,.T.);
#2032=ORIENTED_EDGE('',*,*,#1504,.F.);
#2033=ORIENTED_EDGE('',*,*,#1509,.F.);
#2034=ORIENTED_EDGE('',*,*,#1510,.T.);
#2035=ORIENTED_EDGE('',*,*,#1511,.T.);
#2036=ORIENTED_EDGE('',*,*,#1507,.F.);
#2037=ORIENTED_EDGE('',*,*,#1512,.F.);
#2038=ORIENTED_EDGE('',*,*,#1513,.T.);
#2039=ORIENTED_EDGE('',*,*,#1514,.T.);
#2040=ORIENTED_EDGE('',*,*,#1510,.F.);
#2041=ORIENTED_EDGE('',*,*,#1515,.F.);
#2042=ORIENTED_EDGE('',*,*,#1516,.T.);
#2043=ORIENTED_EDGE('',*,*,#1517,.T.);
#2044=ORIENTED_EDGE('',*,*,#1513,.F.);
#2045=ORIENTED_EDGE('',*,*,#1518,.F.);
#2046=ORIENTED_EDGE('',*,*,#1519,.T.);
#2047=ORIENTED_EDGE('',*,*,#1520,.T.);
#2048=ORIENTED_EDGE('',*,*,#1516,.F.);
#2049=ORIENTED_EDGE('',*,*,#1521,.F.);
#2050=ORIENTED_EDGE('',*,*,#1522,.T.);
#2051=ORIENTED_EDGE('',*,*,#1523,.T.);
#2052=ORIENTED_EDGE('',*,*,#1519,.F.);
#2053=ORIENTED_EDGE('',*,*,#1524,.F.);
#2054=ORIENTED_EDGE('',*,*,#1525,.T.);
#2055=ORIENTED_EDGE('',*,*,#1526,.T.);
#2056=ORIENTED_EDGE('',*,*,#1522,.F.);
#2057=ORIENTED_EDGE('',*,*,#1527,.F.);
#2058=ORIENTED_EDGE('',*,*,#1528,.T.);
#2059=ORIENTED_EDGE('',*,*,#1529,.T.);
#2060=ORIENTED_EDGE('',*,*,#1525,.F.);
#2061=ORIENTED_EDGE('',*,*,#1530,.F.);
#2062=ORIENTED_EDGE('',*,*,#1531,.T.);
#2063=ORIENTED_EDGE('',*,*,#1532,.T.);
#2064=ORIENTED_EDGE('',*,*,#1528,.F.);
#2065=ORIENTED_EDGE('',*,*,#1533,.F.);
#2066=ORIENTED_EDGE('',*,*,#1534,.T.);
#2067=ORIENTED_EDGE('',*,*,#1535,.T.);
#2068=ORIENTED_EDGE('',*,*,#1531,.F.);
#2069=ORIENTED_EDGE('',*,*,#1536,.F.);
#2070=ORIENTED_EDGE('',*,*,#1537,.T.);
#2071=ORIENTED_EDGE('',*,*,#1538,.T.);
#2072=ORIENTED_EDGE('',*,*,#1534,.F.);
#2073=ORIENTED_EDGE('',*,*,#1539,.F.);
#2074=ORIENTED_EDGE('',*,*,#1540,.T.);
#2075=ORIENTED_EDGE('',*,*,#1541,.T.);
#2076=ORIENTED_EDGE('',*,*,#1537,.F.);
#2077=ORIENTED_EDGE('',*,*,#1542,.F.);
#2078=ORIENTED_EDGE('',*,*,#1543,.T.);
#2079=ORIENTED_EDGE('',*,*,#1544,.T.);
#2080=ORIENTED_EDGE('',*,*,#1540,.F.);
#2081=ORIENTED_EDGE('',*,*,#1545,.F.);
#2082=ORIENTED_EDGE('',*,*,#1546,.T.);
#2083=ORIENTED_EDGE('',*,*,#1547,.T.);
#2084=ORIENTED_EDGE('',*,*,#1543,.F.);
#2085=ORIENTED_EDGE('',*,*,#1548,.F.);
#2086=ORIENTED_EDGE('',*,*,#1549,.T.);
#2087=ORIENTED_EDGE('',*,*,#1550,.T.);
#2088=ORIENTED_EDGE('',*,*,#1546,.F.);
#2089=ORIENTED_EDGE('',*,*,#1551,.F.);
#2090=ORIENTED_EDGE('',*,*,#1552,.T.);
#2091=ORIENTED_EDGE('',*,*,#1553,.T.);
#2092=ORIENTED_EDGE('',*,*,#1549,.F.);
#2093=ORIENTED_EDGE('',*,*,#1554,.F.);
#2094=ORIENTED_EDGE('',*,*,#1555,.T.);
#2095=ORIENTED_EDGE('',*,*,#1556,.T.);
#2096=ORIENTED_EDGE('',*,*,#1552,.F.);
#2097=ORIENTED_EDGE('',*,*,#1557,.F.);
#2098=ORIENTED_EDGE('',*,*,#1558,.T.);
#2099=ORIENTED_EDGE('',*,*,#1559,.T.);
#2100=ORIENTED_EDGE('',*,*,#1555,.F.);
#2101=ORIENTED_EDGE('',*,*,#1560,.F.);
#2102=ORIENTED_EDGE('',*,*,#1561,.T.);
#2103=ORIENTED_EDGE('',*,*,#1562,.T.);
#2104=ORIENTED_EDGE('',*,*,#1558,.F.);
#2105=ORIENTED_EDGE('',*,*,#1563,.F.);
#2106=ORIENTED_EDGE('',*,*,#1564,.T.);
#2107=ORIENTED_EDGE('',*,*,#1565,.T.);
#2108=ORIENTED_EDGE('',*,*,#1561,.F.);
#2109=ORIENTED_EDGE('',*,*,#1566,.F.);
#2110=ORIENTED_EDGE('',*,*,#1567,.T.);
#2111=ORIENTED_EDGE('',*,*,#1568,.T.);
#2112=ORIENTED_EDGE('',*,*,#1564,.F.);
#2113=ORIENTED_EDGE('',*,*,#1569,.F.);
#2114=ORIENTED_EDGE('',*,*,#1570,.T.);
#2115=ORIENTED_EDGE('',*,*,#1571,.T.);
#2116=ORIENTED_EDGE('',*,*,#1567,.F.);
#2117=ORIENTED_EDGE('',*,*,#1572,.F.);
#2118=ORIENTED_EDGE('',*,*,#1573,.T.);
#2119=ORIENTED_EDGE('',*,*,#1574,.T.);
#2120=ORIENTED_EDGE('',*,*,#1570,.F.);
#2121=ORIENTED_EDGE('',*,*,#1575,.F.);
#2122=ORIENTED_EDGE('',*,*,#1576,.T.);
#2123=ORIENTED_EDGE('',*,*,#1577,.T.);
#2124=ORIENTED_EDGE('',*,*,#1573,.F.);
#2125=ORIENTED_EDGE('',*,*,#1578,.F.);
#2126=ORIENTED_EDGE('',*,*,#1579,.T.);
#2127=ORIENTED_EDGE('',*,*,#1580,.T.);
#2128=ORIENTED_EDGE('',*,*,#1576,.F.);
#2129=ORIENTED_EDGE('',*,*,#1581,.F.);
#2130=ORIENTED_EDGE('',*,*,#1582,.T.);
#2131=ORIENTED_EDGE('',*,*,#1583,.T.);
#2132=ORIENTED_EDGE('',*,*,#1579,.F.);
#2133=ORIENTED_EDGE('',*,*,#1584,.F.);
#2134=ORIENTED_EDGE('',*,*,#1585,.T.);
#2135=ORIENTED_EDGE('',*,*,#1586,.T.);
#2136=ORIENTED_EDGE('',*,*,#1582,.F.);
#2137=ORIENTED_EDGE('',*,*,#1587,.F.);
#2138=ORIENTED_EDGE('',*,*,#1588,.T.);
#2139=ORIENTED_EDGE('',*,*,#1589,.T.);
#2140=ORIENTED_EDGE('',*,*,#1585,.F.);
#2141=ORIENTED_EDGE('',*,*,#1590,.F.);
#2142=ORIENTED_EDGE('',*,*,#1591,.T.);
#2143=ORIENTED_EDGE('',*,*,#1592,.T.);
#2144=ORIENTED_EDGE('',*,*,#1588,.F.);
#2145=ORIENTED_EDGE('',*,*,#1593,.F.);
#2146=ORIENTED_EDGE('',*,*,#1594,.T.);
#2147=ORIENTED_EDGE('',*,*,#1595,.T.);
#2148=ORIENTED_EDGE('',*,*,#1591,.F.);
#2149=ORIENTED_EDGE('',*,*,#1596,.F.);
#2150=ORIENTED_EDGE('',*,*,#1597,.T.);
#2151=ORIENTED_EDGE('',*,*,#1598,.T.);
#2152=ORIENTED_EDGE('',*,*,#1594,.F.);
#2153=ORIENTED_EDGE('',*,*,#1599,.F.);
#2154=ORIENTED_EDGE('',*,*,#1600,.T.);
#2155=ORIENTED_EDGE('',*,*,#1601,.T.);
#2156=ORIENTED_EDGE('',*,*,#1597,.F.);
#2157=ORIENTED_EDGE('',*,*,#1602,.F.);
#2158=ORIENTED_EDGE('',*,*,#1603,.T.);
#2159=ORIENTED_EDGE('',*,*,#1604,.T.);
#2160=ORIENTED_EDGE('',*,*,#1600,.F.);
#2161=ORIENTED_EDGE('',*,*,#1605,.F.);
#2162=ORIENTED_EDGE('',*,*,#1606,.T.);
#2163=ORIENTED_EDGE('',*,*,#1607,.T.);
#2164=ORIENTED_EDGE('',*,*,#1603,.F.);
#2165=ORIENTED_EDGE('',*,*,#1608,.F.);
#2166=ORIENTED_EDGE('',*,*,#1609,.T.);
#2167=ORIENTED_EDGE('',*,*,#1610,.T.);
#2168=ORIENTED_EDGE('',*,*,#1606,.F.);
#2169=ORIENTED_EDGE('',*,*,#1611,.F.);
#2170=ORIENTED_EDGE('',*,*,#1612,.T.);
#2171=ORIENTED_EDGE('',*,*,#1613,.T.);
#2172=ORIENTED_EDGE('',*,*,#1609,.F.);
#2173=ORIENTED_EDGE('',*,*,#1614,.F.);
#2174=ORIENTED_EDGE('',*,*,#1615,.T.);
#2175=ORIENTED_EDGE('',*,*,#1616,.T.);
#2176=ORIENTED_EDGE('',*,*,#1612,.F.);
#2177=ORIENTED_EDGE('',*,*,#1617,.F.);
#2178=ORIENTED_EDGE('',*,*,#1618,.F.);
#2179=ORIENTED_EDGE('',*,*,#1619,.F.);
#2180=ORIENTED_EDGE('',*,*,#1620,.F.);
#2181=ORIENTED_EDGE('',*,*,#1621,.T.);
#2182=ORIENTED_EDGE('',*,*,#1622,.T.);
#2183=ORIENTED_EDGE('',*,*,#1623,.T.);
#2184=ORIENTED_EDGE('',*,*,#1624,.T.);
#2185=ORIENTED_EDGE('',*,*,#1625,.T.);
#2186=ORIENTED_EDGE('',*,*,#1622,.F.);
#2187=ORIENTED_EDGE('',*,*,#1626,.T.);
#2188=ORIENTED_EDGE('',*,*,#1627,.F.);
#2189=ORIENTED_EDGE('',*,*,#1628,.T.);
#2190=ORIENTED_EDGE('',*,*,#1629,.F.);
#2191=ORIENTED_EDGE('',*,*,#1630,.T.);
#2192=ORIENTED_EDGE('',*,*,#1625,.F.);
#2193=ORIENTED_EDGE('',*,*,#1631,.T.);
#2194=ORIENTED_EDGE('',*,*,#1632,.F.);
#2195=ORIENTED_EDGE('',*,*,#1633,.F.);
#2196=ORIENTED_EDGE('',*,*,#1634,.F.);
#2197=ORIENTED_EDGE('',*,*,#1635,.F.);
#2198=ORIENTED_EDGE('',*,*,#1636,.F.);
#2199=ORIENTED_EDGE('',*,*,#1637,.F.);
#2200=ORIENTED_EDGE('',*,*,#1638,.F.);
#2201=ORIENTED_EDGE('',*,*,#1639,.F.);
#2202=ORIENTED_EDGE('',*,*,#1640,.F.);
#2203=ORIENTED_EDGE('',*,*,#1626,.F.);
#2204=ORIENTED_EDGE('',*,*,#1641,.T.);
#2205=ORIENTED_EDGE('',*,*,#1287,.F.);
#2206=ORIENTED_EDGE('',*,*,#1642,.T.);
#2207=ORIENTED_EDGE('',*,*,#1620,.T.);
#2208=ORIENTED_EDGE('',*,*,#1643,.T.);
#2209=ORIENTED_EDGE('',*,*,#1644,.T.);
#2210=ORIENTED_EDGE('',*,*,#1645,.T.);
#2211=ORIENTED_EDGE('',*,*,#1632,.T.);
#2212=ORIENTED_EDGE('',*,*,#1645,.F.);
#2213=ORIENTED_EDGE('',*,*,#1646,.T.);
#2214=ORIENTED_EDGE('',*,*,#1647,.F.);
#2215=ORIENTED_EDGE('',*,*,#1648,.T.);
#2216=ORIENTED_EDGE('',*,*,#1649,.F.);
#2217=ORIENTED_EDGE('',*,*,#1633,.T.);
#2218=ORIENTED_EDGE('',*,*,#1644,.F.);
#2219=ORIENTED_EDGE('',*,*,#1650,.T.);
#2220=ORIENTED_EDGE('',*,*,#1651,.F.);
#2221=ORIENTED_EDGE('',*,*,#1652,.T.);
#2222=ORIENTED_EDGE('',*,*,#1653,.F.);
#2223=ORIENTED_EDGE('',*,*,#1654,.F.);
#2224=ORIENTED_EDGE('',*,*,#1655,.F.);
#2225=ORIENTED_EDGE('',*,*,#1646,.F.);
#2226=ORIENTED_EDGE('',*,*,#1649,.T.);
#2227=ORIENTED_EDGE('',*,*,#1656,.T.);
#2228=ORIENTED_EDGE('',*,*,#1657,.T.);
#2229=ORIENTED_EDGE('',*,*,#1634,.T.);
#2230=ORIENTED_EDGE('',*,*,#1657,.F.);
#2231=ORIENTED_EDGE('',*,*,#1658,.T.);
#2232=ORIENTED_EDGE('',*,*,#1659,.F.);
#2233=ORIENTED_EDGE('',*,*,#1660,.T.);
#2234=ORIENTED_EDGE('',*,*,#1661,.F.);
#2235=ORIENTED_EDGE('',*,*,#1635,.T.);
#2236=ORIENTED_EDGE('',*,*,#1656,.F.);
#2237=ORIENTED_EDGE('',*,*,#1648,.F.);
#2238=ORIENTED_EDGE('',*,*,#1662,.F.);
#2239=ORIENTED_EDGE('',*,*,#1663,.F.);
#2240=ORIENTED_EDGE('',*,*,#1664,.F.);
#2241=ORIENTED_EDGE('',*,*,#1665,.F.);
#2242=ORIENTED_EDGE('',*,*,#1666,.F.);
#2243=ORIENTED_EDGE('',*,*,#1658,.F.);
#2244=ORIENTED_EDGE('',*,*,#1661,.T.);
#2245=ORIENTED_EDGE('',*,*,#1667,.T.);
#2246=ORIENTED_EDGE('',*,*,#1668,.T.);
#2247=ORIENTED_EDGE('',*,*,#1636,.T.);
#2248=ORIENTED_EDGE('',*,*,#1668,.F.);
#2249=ORIENTED_EDGE('',*,*,#1669,.T.);
#2250=ORIENTED_EDGE('',*,*,#1670,.F.);
#2251=ORIENTED_EDGE('',*,*,#1671,.T.);
#2252=ORIENTED_EDGE('',*,*,#1672,.F.);
#2253=ORIENTED_EDGE('',*,*,#1637,.T.);
#2254=ORIENTED_EDGE('',*,*,#1667,.F.);
#2255=ORIENTED_EDGE('',*,*,#1660,.F.);
#2256=ORIENTED_EDGE('',*,*,#1673,.F.);
#2257=ORIENTED_EDGE('',*,*,#1674,.F.);
#2258=ORIENTED_EDGE('',*,*,#1675,.F.);
#2259=ORIENTED_EDGE('',*,*,#1676,.F.);
#2260=ORIENTED_EDGE('',*,*,#1677,.F.);
#2261=ORIENTED_EDGE('',*,*,#1669,.F.);
#2262=ORIENTED_EDGE('',*,*,#1672,.T.);
#2263=ORIENTED_EDGE('',*,*,#1678,.T.);
#2264=ORIENTED_EDGE('',*,*,#1679,.T.);
#2265=ORIENTED_EDGE('',*,*,#1638,.T.);
#2266=ORIENTED_EDGE('',*,*,#1679,.F.);
#2267=ORIENTED_EDGE('',*,*,#1680,.T.);
#2268=ORIENTED_EDGE('',*,*,#1681,.F.);
#2269=ORIENTED_EDGE('',*,*,#1682,.T.);
#2270=ORIENTED_EDGE('',*,*,#1683,.F.);
#2271=ORIENTED_EDGE('',*,*,#1639,.T.);
#2272=ORIENTED_EDGE('',*,*,#1683,.T.);
#2273=ORIENTED_EDGE('',*,*,#1684,.T.);
#2274=ORIENTED_EDGE('',*,*,#1627,.T.);
#2275=ORIENTED_EDGE('',*,*,#1640,.T.);
#2276=ORIENTED_EDGE('',*,*,#1685,.T.);
#2277=ORIENTED_EDGE('',*,*,#1686,.T.);
#2278=ORIENTED_EDGE('',*,*,#1687,.T.);
#2279=ORIENTED_EDGE('',*,*,#1688,.T.);
#2280=ORIENTED_EDGE('',*,*,#1687,.F.);
#2281=ORIENTED_EDGE('',*,*,#1689,.T.);
#2282=ORIENTED_EDGE('',*,*,#1690,.F.);
#2283=ORIENTED_EDGE('',*,*,#1691,.T.);
#2284=ORIENTED_EDGE('',*,*,#1692,.F.);
#2285=ORIENTED_EDGE('',*,*,#1693,.T.);
#2286=ORIENTED_EDGE('',*,*,#1686,.F.);
#2287=ORIENTED_EDGE('',*,*,#1694,.F.);
#2288=ORIENTED_EDGE('',*,*,#1695,.F.);
#2289=ORIENTED_EDGE('',*,*,#1696,.F.);
#2290=ORIENTED_EDGE('',*,*,#1697,.F.);
#2291=ORIENTED_EDGE('',*,*,#1698,.F.);
#2292=ORIENTED_EDGE('',*,*,#1699,.F.);
#2293=ORIENTED_EDGE('',*,*,#1700,.F.);
#2294=ORIENTED_EDGE('',*,*,#1701,.F.);
#2295=ORIENTED_EDGE('',*,*,#1702,.T.);
#2296=ORIENTED_EDGE('',*,*,#1703,.F.);
#2297=ORIENTED_EDGE('',*,*,#1689,.F.);
#2298=ORIENTED_EDGE('',*,*,#1704,.T.);
#2299=ORIENTED_EDGE('',*,*,#1454,.T.);
#2300=ORIENTED_EDGE('',*,*,#1705,.T.);
#2301=ORIENTED_EDGE('',*,*,#1450,.T.);
#2302=ORIENTED_EDGE('',*,*,#1706,.T.);
#2303=ORIENTED_EDGE('',*,*,#1695,.T.);
#2304=ORIENTED_EDGE('',*,*,#1707,.T.);
#2305=ORIENTED_EDGE('',*,*,#1708,.T.);
#2306=ORIENTED_EDGE('',*,*,#1706,.F.);
#2307=ORIENTED_EDGE('',*,*,#1709,.T.);
#2308=ORIENTED_EDGE('',*,*,#1710,.F.);
#2309=ORIENTED_EDGE('',*,*,#1676,.T.);
#2310=ORIENTED_EDGE('',*,*,#1711,.F.);
#2311=ORIENTED_EDGE('',*,*,#1696,.T.);
#2312=ORIENTED_EDGE('',*,*,#1712,.T.);
#2313=ORIENTED_EDGE('',*,*,#1697,.T.);
#2314=ORIENTED_EDGE('',*,*,#1711,.T.);
#2315=ORIENTED_EDGE('',*,*,#1675,.T.);
#2316=ORIENTED_EDGE('',*,*,#1713,.T.);
#2317=ORIENTED_EDGE('',*,*,#1699,.T.);
#2318=ORIENTED_EDGE('',*,*,#1714,.T.);
#2319=ORIENTED_EDGE('',*,*,#1664,.T.);
#2320=ORIENTED_EDGE('',*,*,#1713,.F.);
#2321=ORIENTED_EDGE('',*,*,#1663,.T.);
#2322=ORIENTED_EDGE('',*,*,#1715,.F.);
#2323=ORIENTED_EDGE('',*,*,#1654,.T.);
#2324=ORIENTED_EDGE('',*,*,#1716,.F.);
#2325=ORIENTED_EDGE('',*,*,#1700,.T.);
#2326=ORIENTED_EDGE('',*,*,#1717,.T.);
#2327=ORIENTED_EDGE('',*,*,#1701,.T.);
#2328=ORIENTED_EDGE('',*,*,#1716,.T.);
#2329=ORIENTED_EDGE('',*,*,#1653,.T.);
#2330=ORIENTED_EDGE('',*,*,#1690,.T.);
#2331=ORIENTED_EDGE('',*,*,#1703,.T.);
#2332=ORIENTED_EDGE('',*,*,#1718,.T.);
#2333=ORIENTED_EDGE('',*,*,#1719,.T.);
#2334=ORIENTED_EDGE('',*,*,#1715,.T.);
#2335=ORIENTED_EDGE('',*,*,#1662,.T.);
#2336=ORIENTED_EDGE('',*,*,#1647,.T.);
#2337=ORIENTED_EDGE('',*,*,#1655,.T.);
#2338=ORIENTED_EDGE('',*,*,#1720,.T.);
#2339=ORIENTED_EDGE('',*,*,#1673,.T.);
#2340=ORIENTED_EDGE('',*,*,#1659,.T.);
#2341=ORIENTED_EDGE('',*,*,#1666,.T.);
#2342=ORIENTED_EDGE('',*,*,#1712,.F.);
#2343=ORIENTED_EDGE('',*,*,#1674,.T.);
#2344=ORIENTED_EDGE('',*,*,#1720,.F.);
#2345=ORIENTED_EDGE('',*,*,#1665,.T.);
#2346=ORIENTED_EDGE('',*,*,#1714,.F.);
#2347=ORIENTED_EDGE('',*,*,#1698,.T.);
#2348=ORIENTED_EDGE('',*,*,#1710,.T.);
#2349=ORIENTED_EDGE('',*,*,#1721,.T.);
#2350=ORIENTED_EDGE('',*,*,#1670,.T.);
#2351=ORIENTED_EDGE('',*,*,#1677,.T.);
#2352=ORIENTED_EDGE('',*,*,#1722,.T.);
#2353=ORIENTED_EDGE('',*,*,#1723,.T.);
#2354=ORIENTED_EDGE('',*,*,#1681,.T.);
#2355=ORIENTED_EDGE('',*,*,#1724,.T.);
#2356=ORIENTED_EDGE('',*,*,#1685,.F.);
#2357=ORIENTED_EDGE('',*,*,#1725,.T.);
#2358=ORIENTED_EDGE('',*,*,#1722,.F.);
#2359=ORIENTED_EDGE('',*,*,#1726,.T.);
#2360=ORIENTED_EDGE('',*,*,#1707,.F.);
#2361=ORIENTED_EDGE('',*,*,#1694,.T.);
#2362=ORIENTED_EDGE('',*,*,#1678,.F.);
#2363=ORIENTED_EDGE('',*,*,#1671,.F.);
#2364=ORIENTED_EDGE('',*,*,#1721,.F.);
#2365=ORIENTED_EDGE('',*,*,#1709,.F.);
#2366=ORIENTED_EDGE('',*,*,#1708,.F.);
#2367=ORIENTED_EDGE('',*,*,#1726,.F.);
#2368=ORIENTED_EDGE('',*,*,#1724,.F.);
#2369=ORIENTED_EDGE('',*,*,#1680,.F.);
#2370=ORIENTED_EDGE('',*,*,#1692,.T.);
#2371=ORIENTED_EDGE('',*,*,#1727,.T.);
#2372=ORIENTED_EDGE('',*,*,#1629,.T.);
#2373=ORIENTED_EDGE('',*,*,#1728,.T.);
#2374=ORIENTED_EDGE('',*,*,#1684,.F.);
#2375=ORIENTED_EDGE('',*,*,#1682,.F.);
#2376=ORIENTED_EDGE('',*,*,#1723,.F.);
#2377=ORIENTED_EDGE('',*,*,#1725,.F.);
#2378=ORIENTED_EDGE('',*,*,#1688,.F.);
#2379=ORIENTED_EDGE('',*,*,#1693,.F.);
#2380=ORIENTED_EDGE('',*,*,#1728,.F.);
#2381=ORIENTED_EDGE('',*,*,#1628,.F.);
#2382=ORIENTED_EDGE('',*,*,#1729,.T.);
#2383=ORIENTED_EDGE('',*,*,#1651,.T.);
#2384=ORIENTED_EDGE('',*,*,#1730,.T.);
#2385=ORIENTED_EDGE('',*,*,#1731,.T.);
#2386=ORIENTED_EDGE('',*,*,#1624,.F.);
#2387=ORIENTED_EDGE('',*,*,#1732,.F.);
#2388=ORIENTED_EDGE('',*,*,#1730,.F.);
#2389=ORIENTED_EDGE('',*,*,#1650,.F.);
#2390=ORIENTED_EDGE('',*,*,#1643,.F.);
#2391=ORIENTED_EDGE('',*,*,#1631,.F.);
#2392=ORIENTED_EDGE('',*,*,#1717,.F.);
#2393=ORIENTED_EDGE('',*,*,#1652,.F.);
#2394=ORIENTED_EDGE('',*,*,#1729,.F.);
#2395=ORIENTED_EDGE('',*,*,#1733,.F.);
#2396=ORIENTED_EDGE('',*,*,#1718,.F.);
#2397=ORIENTED_EDGE('',*,*,#1702,.F.);
#2398=ORIENTED_EDGE('',*,*,#1618,.T.);
#2399=ORIENTED_EDGE('',*,*,#1734,.T.);
#2400=ORIENTED_EDGE('',*,*,#1615,.F.);
#2401=ORIENTED_EDGE('',*,*,#1735,.F.);
#2402=ORIENTED_EDGE('',*,*,#1705,.F.);
#2403=ORIENTED_EDGE('',*,*,#1453,.F.);
#2404=ORIENTED_EDGE('',*,*,#1457,.F.);
#2405=ORIENTED_EDGE('',*,*,#1460,.F.);
#2406=ORIENTED_EDGE('',*,*,#1463,.F.);
#2407=ORIENTED_EDGE('',*,*,#1466,.F.);
#2408=ORIENTED_EDGE('',*,*,#1469,.F.);
#2409=ORIENTED_EDGE('',*,*,#1472,.F.);
#2410=ORIENTED_EDGE('',*,*,#1475,.F.);
#2411=ORIENTED_EDGE('',*,*,#1478,.F.);
#2412=ORIENTED_EDGE('',*,*,#1481,.F.);
#2413=ORIENTED_EDGE('',*,*,#1484,.F.);
#2414=ORIENTED_EDGE('',*,*,#1487,.F.);
#2415=ORIENTED_EDGE('',*,*,#1490,.F.);
#2416=ORIENTED_EDGE('',*,*,#1493,.F.);
#2417=ORIENTED_EDGE('',*,*,#1496,.F.);
#2418=ORIENTED_EDGE('',*,*,#1499,.F.);
#2419=ORIENTED_EDGE('',*,*,#1502,.F.);
#2420=ORIENTED_EDGE('',*,*,#1505,.F.);
#2421=ORIENTED_EDGE('',*,*,#1508,.F.);
#2422=ORIENTED_EDGE('',*,*,#1511,.F.);
#2423=ORIENTED_EDGE('',*,*,#1514,.F.);
#2424=ORIENTED_EDGE('',*,*,#1517,.F.);
#2425=ORIENTED_EDGE('',*,*,#1520,.F.);
#2426=ORIENTED_EDGE('',*,*,#1523,.F.);
#2427=ORIENTED_EDGE('',*,*,#1526,.F.);
#2428=ORIENTED_EDGE('',*,*,#1529,.F.);
#2429=ORIENTED_EDGE('',*,*,#1532,.F.);
#2430=ORIENTED_EDGE('',*,*,#1535,.F.);
#2431=ORIENTED_EDGE('',*,*,#1538,.F.);
#2432=ORIENTED_EDGE('',*,*,#1541,.F.);
#2433=ORIENTED_EDGE('',*,*,#1544,.F.);
#2434=ORIENTED_EDGE('',*,*,#1547,.F.);
#2435=ORIENTED_EDGE('',*,*,#1550,.F.);
#2436=ORIENTED_EDGE('',*,*,#1553,.F.);
#2437=ORIENTED_EDGE('',*,*,#1556,.F.);
#2438=ORIENTED_EDGE('',*,*,#1559,.F.);
#2439=ORIENTED_EDGE('',*,*,#1562,.F.);
#2440=ORIENTED_EDGE('',*,*,#1565,.F.);
#2441=ORIENTED_EDGE('',*,*,#1568,.F.);
#2442=ORIENTED_EDGE('',*,*,#1571,.F.);
#2443=ORIENTED_EDGE('',*,*,#1574,.F.);
#2444=ORIENTED_EDGE('',*,*,#1577,.F.);
#2445=ORIENTED_EDGE('',*,*,#1580,.F.);
#2446=ORIENTED_EDGE('',*,*,#1583,.F.);
#2447=ORIENTED_EDGE('',*,*,#1586,.F.);
#2448=ORIENTED_EDGE('',*,*,#1589,.F.);
#2449=ORIENTED_EDGE('',*,*,#1592,.F.);
#2450=ORIENTED_EDGE('',*,*,#1595,.F.);
#2451=ORIENTED_EDGE('',*,*,#1598,.F.);
#2452=ORIENTED_EDGE('',*,*,#1601,.F.);
#2453=ORIENTED_EDGE('',*,*,#1604,.F.);
#2454=ORIENTED_EDGE('',*,*,#1607,.F.);
#2455=ORIENTED_EDGE('',*,*,#1610,.F.);
#2456=ORIENTED_EDGE('',*,*,#1613,.F.);
#2457=ORIENTED_EDGE('',*,*,#1616,.F.);
#2458=ORIENTED_EDGE('',*,*,#1734,.F.);
#2459=ORIENTED_EDGE('',*,*,#1621,.F.);
#2460=ORIENTED_EDGE('',*,*,#1642,.F.);
#2461=ORIENTED_EDGE('',*,*,#1286,.F.);
#2462=ORIENTED_EDGE('',*,*,#1290,.F.);
#2463=ORIENTED_EDGE('',*,*,#1293,.F.);
#2464=ORIENTED_EDGE('',*,*,#1296,.F.);
#2465=ORIENTED_EDGE('',*,*,#1299,.F.);
#2466=ORIENTED_EDGE('',*,*,#1302,.F.);
#2467=ORIENTED_EDGE('',*,*,#1305,.F.);
#2468=ORIENTED_EDGE('',*,*,#1308,.F.);
#2469=ORIENTED_EDGE('',*,*,#1311,.F.);
#2470=ORIENTED_EDGE('',*,*,#1314,.F.);
#2471=ORIENTED_EDGE('',*,*,#1317,.F.);
#2472=ORIENTED_EDGE('',*,*,#1320,.F.);
#2473=ORIENTED_EDGE('',*,*,#1323,.F.);
#2474=ORIENTED_EDGE('',*,*,#1326,.F.);
#2475=ORIENTED_EDGE('',*,*,#1329,.F.);
#2476=ORIENTED_EDGE('',*,*,#1332,.F.);
#2477=ORIENTED_EDGE('',*,*,#1335,.F.);
#2478=ORIENTED_EDGE('',*,*,#1338,.F.);
#2479=ORIENTED_EDGE('',*,*,#1341,.F.);
#2480=ORIENTED_EDGE('',*,*,#1344,.F.);
#2481=ORIENTED_EDGE('',*,*,#1347,.F.);
#2482=ORIENTED_EDGE('',*,*,#1350,.F.);
#2483=ORIENTED_EDGE('',*,*,#1353,.F.);
#2484=ORIENTED_EDGE('',*,*,#1356,.F.);
#2485=ORIENTED_EDGE('',*,*,#1359,.F.);
#2486=ORIENTED_EDGE('',*,*,#1362,.F.);
#2487=ORIENTED_EDGE('',*,*,#1365,.F.);
#2488=ORIENTED_EDGE('',*,*,#1368,.F.);
#2489=ORIENTED_EDGE('',*,*,#1371,.F.);
#2490=ORIENTED_EDGE('',*,*,#1374,.F.);
#2491=ORIENTED_EDGE('',*,*,#1377,.F.);
#2492=ORIENTED_EDGE('',*,*,#1380,.F.);
#2493=ORIENTED_EDGE('',*,*,#1383,.F.);
#2494=ORIENTED_EDGE('',*,*,#1386,.F.);
#2495=ORIENTED_EDGE('',*,*,#1389,.F.);
#2496=ORIENTED_EDGE('',*,*,#1392,.F.);
#2497=ORIENTED_EDGE('',*,*,#1395,.F.);
#2498=ORIENTED_EDGE('',*,*,#1398,.F.);
#2499=ORIENTED_EDGE('',*,*,#1401,.F.);
#2500=ORIENTED_EDGE('',*,*,#1404,.F.);
#2501=ORIENTED_EDGE('',*,*,#1407,.F.);
#2502=ORIENTED_EDGE('',*,*,#1410,.F.);
#2503=ORIENTED_EDGE('',*,*,#1413,.F.);
#2504=ORIENTED_EDGE('',*,*,#1416,.F.);
#2505=ORIENTED_EDGE('',*,*,#1419,.F.);
#2506=ORIENTED_EDGE('',*,*,#1422,.F.);
#2507=ORIENTED_EDGE('',*,*,#1425,.F.);
#2508=ORIENTED_EDGE('',*,*,#1428,.F.);
#2509=ORIENTED_EDGE('',*,*,#1431,.F.);
#2510=ORIENTED_EDGE('',*,*,#1434,.F.);
#2511=ORIENTED_EDGE('',*,*,#1437,.F.);
#2512=ORIENTED_EDGE('',*,*,#1440,.F.);
#2513=ORIENTED_EDGE('',*,*,#1443,.F.);
#2514=ORIENTED_EDGE('',*,*,#1446,.F.);
#2515=ORIENTED_EDGE('',*,*,#1736,.F.);
#2516=ORIENTED_EDGE('',*,*,#1451,.F.);
#2517=ORIENTED_EDGE('',*,*,#1704,.F.);
#2518=ORIENTED_EDGE('',*,*,#1449,.F.);
#2519=ORIENTED_EDGE('',*,*,#1737,.F.);
#2520=ORIENTED_EDGE('',*,*,#1447,.F.);
#2521=ORIENTED_EDGE('',*,*,#1444,.F.);
#2522=ORIENTED_EDGE('',*,*,#1441,.F.);
#2523=ORIENTED_EDGE('',*,*,#1438,.F.);
#2524=ORIENTED_EDGE('',*,*,#1435,.F.);
#2525=ORIENTED_EDGE('',*,*,#1432,.F.);
#2526=ORIENTED_EDGE('',*,*,#1429,.F.);
#2527=ORIENTED_EDGE('',*,*,#1426,.F.);
#2528=ORIENTED_EDGE('',*,*,#1423,.F.);
#2529=ORIENTED_EDGE('',*,*,#1420,.F.);
#2530=ORIENTED_EDGE('',*,*,#1417,.F.);
#2531=ORIENTED_EDGE('',*,*,#1414,.F.);
#2532=ORIENTED_EDGE('',*,*,#1411,.F.);
#2533=ORIENTED_EDGE('',*,*,#1408,.F.);
#2534=ORIENTED_EDGE('',*,*,#1405,.F.);
#2535=ORIENTED_EDGE('',*,*,#1402,.F.);
#2536=ORIENTED_EDGE('',*,*,#1399,.F.);
#2537=ORIENTED_EDGE('',*,*,#1396,.F.);
#2538=ORIENTED_EDGE('',*,*,#1393,.F.);
#2539=ORIENTED_EDGE('',*,*,#1390,.F.);
#2540=ORIENTED_EDGE('',*,*,#1387,.F.);
#2541=ORIENTED_EDGE('',*,*,#1384,.F.);
#2542=ORIENTED_EDGE('',*,*,#1381,.F.);
#2543=ORIENTED_EDGE('',*,*,#1378,.F.);
#2544=ORIENTED_EDGE('',*,*,#1375,.F.);
#2545=ORIENTED_EDGE('',*,*,#1372,.F.);
#2546=ORIENTED_EDGE('',*,*,#1369,.F.);
#2547=ORIENTED_EDGE('',*,*,#1366,.F.);
#2548=ORIENTED_EDGE('',*,*,#1363,.F.);
#2549=ORIENTED_EDGE('',*,*,#1360,.F.);
#2550=ORIENTED_EDGE('',*,*,#1357,.F.);
#2551=ORIENTED_EDGE('',*,*,#1354,.F.);
#2552=ORIENTED_EDGE('',*,*,#1351,.F.);
#2553=ORIENTED_EDGE('',*,*,#1348,.F.);
#2554=ORIENTED_EDGE('',*,*,#1345,.F.);
#2555=ORIENTED_EDGE('',*,*,#1342,.F.);
#2556=ORIENTED_EDGE('',*,*,#1339,.F.);
#2557=ORIENTED_EDGE('',*,*,#1336,.F.);
#2558=ORIENTED_EDGE('',*,*,#1333,.F.);
#2559=ORIENTED_EDGE('',*,*,#1330,.F.);
#2560=ORIENTED_EDGE('',*,*,#1327,.F.);
#2561=ORIENTED_EDGE('',*,*,#1324,.F.);
#2562=ORIENTED_EDGE('',*,*,#1321,.F.);
#2563=ORIENTED_EDGE('',*,*,#1318,.F.);
#2564=ORIENTED_EDGE('',*,*,#1315,.F.);
#2565=ORIENTED_EDGE('',*,*,#1312,.F.);
#2566=ORIENTED_EDGE('',*,*,#1309,.F.);
#2567=ORIENTED_EDGE('',*,*,#1306,.F.);
#2568=ORIENTED_EDGE('',*,*,#1303,.F.);
#2569=ORIENTED_EDGE('',*,*,#1300,.F.);
#2570=ORIENTED_EDGE('',*,*,#1297,.F.);
#2571=ORIENTED_EDGE('',*,*,#1294,.F.);
#2572=ORIENTED_EDGE('',*,*,#1291,.F.);
#2573=ORIENTED_EDGE('',*,*,#1288,.F.);
#2574=ORIENTED_EDGE('',*,*,#1641,.F.);
#2575=ORIENTED_EDGE('',*,*,#1619,.T.);
#2576=ORIENTED_EDGE('',*,*,#1735,.T.);
#2577=ORIENTED_EDGE('',*,*,#1617,.T.);
#2578=ORIENTED_EDGE('',*,*,#1614,.T.);
#2579=ORIENTED_EDGE('',*,*,#1611,.T.);
#2580=ORIENTED_EDGE('',*,*,#1608,.T.);
#2581=ORIENTED_EDGE('',*,*,#1605,.T.);
#2582=ORIENTED_EDGE('',*,*,#1602,.T.);
#2583=ORIENTED_EDGE('',*,*,#1599,.T.);
#2584=ORIENTED_EDGE('',*,*,#1596,.T.);
#2585=ORIENTED_EDGE('',*,*,#1593,.T.);
#2586=ORIENTED_EDGE('',*,*,#1590,.T.);
#2587=ORIENTED_EDGE('',*,*,#1587,.T.);
#2588=ORIENTED_EDGE('',*,*,#1584,.T.);
#2589=ORIENTED_EDGE('',*,*,#1581,.T.);
#2590=ORIENTED_EDGE('',*,*,#1578,.T.);
#2591=ORIENTED_EDGE('',*,*,#1575,.T.);
#2592=ORIENTED_EDGE('',*,*,#1572,.T.);
#2593=ORIENTED_EDGE('',*,*,#1569,.T.);
#2594=ORIENTED_EDGE('',*,*,#1566,.T.);
#2595=ORIENTED_EDGE('',*,*,#1563,.T.);
#2596=ORIENTED_EDGE('',*,*,#1560,.T.);
#2597=ORIENTED_EDGE('',*,*,#1557,.T.);
#2598=ORIENTED_EDGE('',*,*,#1554,.T.);
#2599=ORIENTED_EDGE('',*,*,#1551,.T.);
#2600=ORIENTED_EDGE('',*,*,#1548,.T.);
#2601=ORIENTED_EDGE('',*,*,#1545,.T.);
#2602=ORIENTED_EDGE('',*,*,#1542,.T.);
#2603=ORIENTED_EDGE('',*,*,#1539,.T.);
#2604=ORIENTED_EDGE('',*,*,#1536,.T.);
#2605=ORIENTED_EDGE('',*,*,#1533,.T.);
#2606=ORIENTED_EDGE('',*,*,#1530,.T.);
#2607=ORIENTED_EDGE('',*,*,#1527,.T.);
#2608=ORIENTED_EDGE('',*,*,#1524,.T.);
#2609=ORIENTED_EDGE('',*,*,#1521,.T.);
#2610=ORIENTED_EDGE('',*,*,#1518,.T.);
#2611=ORIENTED_EDGE('',*,*,#1515,.T.);
#2612=ORIENTED_EDGE('',*,*,#1512,.T.);
#2613=ORIENTED_EDGE('',*,*,#1509,.T.);
#2614=ORIENTED_EDGE('',*,*,#1506,.T.);
#2615=ORIENTED_EDGE('',*,*,#1503,.T.);
#2616=ORIENTED_EDGE('',*,*,#1500,.T.);
#2617=ORIENTED_EDGE('',*,*,#1497,.T.);
#2618=ORIENTED_EDGE('',*,*,#1494,.T.);
#2619=ORIENTED_EDGE('',*,*,#1491,.T.);
#2620=ORIENTED_EDGE('',*,*,#1488,.T.);
#2621=ORIENTED_EDGE('',*,*,#1485,.T.);
#2622=ORIENTED_EDGE('',*,*,#1482,.T.);
#2623=ORIENTED_EDGE('',*,*,#1479,.T.);
#2624=ORIENTED_EDGE('',*,*,#1476,.T.);
#2625=ORIENTED_EDGE('',*,*,#1473,.T.);
#2626=ORIENTED_EDGE('',*,*,#1470,.T.);
#2627=ORIENTED_EDGE('',*,*,#1467,.T.);
#2628=ORIENTED_EDGE('',*,*,#1464,.T.);
#2629=ORIENTED_EDGE('',*,*,#1461,.T.);
#2630=ORIENTED_EDGE('',*,*,#1458,.T.);
#2631=ORIENTED_EDGE('',*,*,#1455,.T.);
#2632=ORIENTED_EDGE('',*,*,#1448,.T.);
#2633=ORIENTED_EDGE('',*,*,#1736,.T.);
#2634=ORIENTED_EDGE('',*,*,#1445,.F.);
#2635=ORIENTED_EDGE('',*,*,#1737,.T.);
#2636=ORIENTED_EDGE('',*,*,#1623,.F.);
#2637=ORIENTED_EDGE('',*,*,#1630,.F.);
#2638=ORIENTED_EDGE('',*,*,#1727,.F.);
#2639=ORIENTED_EDGE('',*,*,#1691,.F.);
#2640=ORIENTED_EDGE('',*,*,#1719,.F.);
#2641=ORIENTED_EDGE('',*,*,#1733,.T.);
#2642=ORIENTED_EDGE('',*,*,#1731,.F.);
#2643=ORIENTED_EDGE('',*,*,#1732,.T.);
#2644=CYLINDRICAL_SURFACE('',#2942,1.03775);
#2645=CYLINDRICAL_SURFACE('',#2944,1.03775);
#2646=CYLINDRICAL_SURFACE('',#2945,1.03775);
#2647=CYLINDRICAL_SURFACE('',#2946,1.03775);
#2648=CYLINDRICAL_SURFACE('',#2947,1.03775);
#2649=CYLINDRICAL_SURFACE('',#2948,1.03775);
#2650=CYLINDRICAL_SURFACE('',#2949,1.03775);
#2651=CYLINDRICAL_SURFACE('',#2950,1.03775);
#2652=CYLINDRICAL_SURFACE('',#2951,1.03775);
#2653=CYLINDRICAL_SURFACE('',#2952,1.03775);
#2654=CYLINDRICAL_SURFACE('',#2953,1.03775);
#2655=CYLINDRICAL_SURFACE('',#2954,1.03775);
#2656=CYLINDRICAL_SURFACE('',#2955,1.03775);
#2657=CYLINDRICAL_SURFACE('',#2956,1.03775);
#2658=CYLINDRICAL_SURFACE('',#2957,1.03775);
#2659=CYLINDRICAL_SURFACE('',#2958,1.03775);
#2660=CYLINDRICAL_SURFACE('',#2959,1.03775);
#2661=CYLINDRICAL_SURFACE('',#2960,1.03775);
#2662=CYLINDRICAL_SURFACE('',#2961,1.03775);
#2663=CYLINDRICAL_SURFACE('',#2962,1.03775);
#2664=CYLINDRICAL_SURFACE('',#2963,1.03775);
#2665=CYLINDRICAL_SURFACE('',#2964,1.03775);
#2666=CYLINDRICAL_SURFACE('',#2965,1.03775);
#2667=CYLINDRICAL_SURFACE('',#2966,1.03775);
#2668=CYLINDRICAL_SURFACE('',#2967,1.03775);
#2669=CYLINDRICAL_SURFACE('',#2968,1.03775);
#2670=CYLINDRICAL_SURFACE('',#2969,1.03775);
#2671=CYLINDRICAL_SURFACE('',#2970,1.03775);
#2672=CYLINDRICAL_SURFACE('',#2971,1.03775);
#2673=CYLINDRICAL_SURFACE('',#2972,1.03775);
#2674=CYLINDRICAL_SURFACE('',#2973,1.03775);
#2675=CYLINDRICAL_SURFACE('',#2974,1.03775);
#2676=CYLINDRICAL_SURFACE('',#2975,1.03775);
#2677=CYLINDRICAL_SURFACE('',#2976,1.03775);
#2678=CYLINDRICAL_SURFACE('',#2977,1.03775);
#2679=CYLINDRICAL_SURFACE('',#2978,1.03775);
#2680=CYLINDRICAL_SURFACE('',#2979,1.03775);
#2681=CYLINDRICAL_SURFACE('',#2980,1.03775);
#2682=CYLINDRICAL_SURFACE('',#2981,1.03775);
#2683=CYLINDRICAL_SURFACE('',#2982,1.03775);
#2684=CYLINDRICAL_SURFACE('',#2983,1.03775);
#2685=CYLINDRICAL_SURFACE('',#2984,1.03775);
#2686=CYLINDRICAL_SURFACE('',#2985,1.03775);
#2687=CYLINDRICAL_SURFACE('',#2986,1.03775);
#2688=CYLINDRICAL_SURFACE('',#2987,1.03775);
#2689=CYLINDRICAL_SURFACE('',#2988,1.03775);
#2690=CYLINDRICAL_SURFACE('',#2989,1.03775);
#2691=CYLINDRICAL_SURFACE('',#2990,1.03775);
#2692=CYLINDRICAL_SURFACE('',#2991,1.03775);
#2693=CYLINDRICAL_SURFACE('',#2992,1.03775);
#2694=CYLINDRICAL_SURFACE('',#2993,1.03775);
#2695=CYLINDRICAL_SURFACE('',#2994,1.03775);
#2696=CYLINDRICAL_SURFACE('',#2995,1.03775);
#2697=CYLINDRICAL_SURFACE('',#2996,1.03775);
#2698=CYLINDRICAL_SURFACE('',#2997,1.03775);
#2699=CYLINDRICAL_SURFACE('',#2999,1.29);
#2700=CYLINDRICAL_SURFACE('',#3001,1.29);
#2701=CYLINDRICAL_SURFACE('',#3002,1.29);
#2702=CYLINDRICAL_SURFACE('',#3003,1.29);
#2703=CYLINDRICAL_SURFACE('',#3004,1.29);
#2704=CYLINDRICAL_SURFACE('',#3005,1.29);
#2705=CYLINDRICAL_SURFACE('',#3006,1.29);
#2706=CYLINDRICAL_SURFACE('',#3007,1.29);
#2707=CYLINDRICAL_SURFACE('',#3008,1.29);
#2708=CYLINDRICAL_SURFACE('',#3009,1.29);
#2709=CYLINDRICAL_SURFACE('',#3010,1.29);
#2710=CYLINDRICAL_SURFACE('',#3011,1.29);
#2711=CYLINDRICAL_SURFACE('',#3012,1.29);
#2712=CYLINDRICAL_SURFACE('',#3013,1.29);
#2713=CYLINDRICAL_SURFACE('',#3014,1.29);
#2714=CYLINDRICAL_SURFACE('',#3015,1.29);
#2715=CYLINDRICAL_SURFACE('',#3016,1.29);
#2716=CYLINDRICAL_SURFACE('',#3017,1.29);
#2717=CYLINDRICAL_SURFACE('',#3018,1.29);
#2718=CYLINDRICAL_SURFACE('',#3019,1.29);
#2719=CYLINDRICAL_SURFACE('',#3020,1.29);
#2720=CYLINDRICAL_SURFACE('',#3021,1.29);
#2721=CYLINDRICAL_SURFACE('',#3022,1.29);
#2722=CYLINDRICAL_SURFACE('',#3023,1.29);
#2723=CYLINDRICAL_SURFACE('',#3024,1.29);
#2724=CYLINDRICAL_SURFACE('',#3025,1.29);
#2725=CYLINDRICAL_SURFACE('',#3026,1.29);
#2726=CYLINDRICAL_SURFACE('',#3027,1.29);
#2727=CYLINDRICAL_SURFACE('',#3028,1.29);
#2728=CYLINDRICAL_SURFACE('',#3029,1.29);
#2729=CYLINDRICAL_SURFACE('',#3030,1.29);
#2730=CYLINDRICAL_SURFACE('',#3031,1.29);
#2731=CYLINDRICAL_SURFACE('',#3032,1.29);
#2732=CYLINDRICAL_SURFACE('',#3033,1.29);
#2733=CYLINDRICAL_SURFACE('',#3034,1.29);
#2734=CYLINDRICAL_SURFACE('',#3035,1.29);
#2735=CYLINDRICAL_SURFACE('',#3036,1.29);
#2736=CYLINDRICAL_SURFACE('',#3037,1.29);
#2737=CYLINDRICAL_SURFACE('',#3038,1.29);
#2738=CYLINDRICAL_SURFACE('',#3039,1.29);
#2739=CYLINDRICAL_SURFACE('',#3040,1.29);
#2740=CYLINDRICAL_SURFACE('',#3041,1.29);
#2741=CYLINDRICAL_SURFACE('',#3042,1.29);
#2742=CYLINDRICAL_SURFACE('',#3043,1.29);
#2743=CYLINDRICAL_SURFACE('',#3044,1.29);
#2744=CYLINDRICAL_SURFACE('',#3045,1.29);
#2745=CYLINDRICAL_SURFACE('',#3046,1.29);
#2746=CYLINDRICAL_SURFACE('',#3047,1.29);
#2747=CYLINDRICAL_SURFACE('',#3048,1.29);
#2748=CYLINDRICAL_SURFACE('',#3049,1.29);
#2749=CYLINDRICAL_SURFACE('',#3050,1.29);
#2750=CYLINDRICAL_SURFACE('',#3051,1.29);
#2751=CYLINDRICAL_SURFACE('',#3052,1.29);
#2752=CYLINDRICAL_SURFACE('',#3053,1.29);
#2753=CYLINDRICAL_SURFACE('',#3054,1.29);
#2754=CYLINDRICAL_SURFACE('',#3055,1.29);
#2755=CYLINDRICAL_SURFACE('',#3057,0.1);
#2756=CYLINDRICAL_SURFACE('',#3064,0.1);
#2757=CYLINDRICAL_SURFACE('',#3071,0.1);
#2758=CYLINDRICAL_SURFACE('',#3077,0.1);
#2759=CYLINDRICAL_SURFACE('',#3083,0.1);
#2760=CYLINDRICAL_SURFACE('',#3088,0.1);
#2761=CYLINDRICAL_SURFACE('',#3089,0.1);
#2762=CYLINDRICAL_SURFACE('',#3096,0.1);
#2763=CYLINDRICAL_SURFACE('',#3102,0.1);
#2764=CYLINDRICAL_SURFACE('',#3104,0.1);
#2765=CYLINDRICAL_SURFACE('',#3110,0.1);
#2766=CYLINDRICAL_SURFACE('',#3112,0.1);
#2767=CYLINDRICAL_SURFACE('',#3114,0.1);
#2768=CYLINDRICAL_SURFACE('',#3115,0.1);
#2769=CYLINDRICAL_SURFACE('',#3118,0.1);
#2770=CYLINDRICAL_SURFACE('',#3119,0.1);
#2771=CYLINDRICAL_SURFACE('',#3123,0.1);
#2772=CYLINDRICAL_SURFACE('',#3125,0.1);
#2773=CYLINDRICAL_SURFACE('',#3130,1.29);
#2774=CYLINDRICAL_SURFACE('',#3131,1.03775);
#2775=ADVANCED_FACE('',(#75),#2644,.F.);
#2776=ADVANCED_FACE('',(#76),#2645,.F.);
#2777=ADVANCED_FACE('',(#77),#2646,.F.);
#2778=ADVANCED_FACE('',(#78),#2647,.F.);
#2779=ADVANCED_FACE('',(#79),#2648,.F.);
#2780=ADVANCED_FACE('',(#80),#2649,.F.);
#2781=ADVANCED_FACE('',(#81),#2650,.F.);
#2782=ADVANCED_FACE('',(#82),#2651,.F.);
#2783=ADVANCED_FACE('',(#83),#2652,.F.);
#2784=ADVANCED_FACE('',(#84),#2653,.F.);
#2785=ADVANCED_FACE('',(#85),#2654,.F.);
#2786=ADVANCED_FACE('',(#86),#2655,.F.);
#2787=ADVANCED_FACE('',(#87),#2656,.F.);
#2788=ADVANCED_FACE('',(#88),#2657,.F.);
#2789=ADVANCED_FACE('',(#89),#2658,.F.);
#2790=ADVANCED_FACE('',(#90),#2659,.F.);
#2791=ADVANCED_FACE('',(#91),#2660,.F.);
#2792=ADVANCED_FACE('',(#92),#2661,.F.);
#2793=ADVANCED_FACE('',(#93),#2662,.F.);
#2794=ADVANCED_FACE('',(#94),#2663,.F.);
#2795=ADVANCED_FACE('',(#95),#2664,.F.);
#2796=ADVANCED_FACE('',(#96),#2665,.F.);
#2797=ADVANCED_FACE('',(#97),#2666,.F.);
#2798=ADVANCED_FACE('',(#98),#2667,.F.);
#2799=ADVANCED_FACE('',(#99),#2668,.F.);
#2800=ADVANCED_FACE('',(#100),#2669,.F.);
#2801=ADVANCED_FACE('',(#101),#2670,.F.);
#2802=ADVANCED_FACE('',(#102),#2671,.F.);
#2803=ADVANCED_FACE('',(#103),#2672,.F.);
#2804=ADVANCED_FACE('',(#104),#2673,.F.);
#2805=ADVANCED_FACE('',(#105),#2674,.F.);
#2806=ADVANCED_FACE('',(#106),#2675,.F.);
#2807=ADVANCED_FACE('',(#107),#2676,.F.);
#2808=ADVANCED_FACE('',(#108),#2677,.F.);
#2809=ADVANCED_FACE('',(#109),#2678,.F.);
#2810=ADVANCED_FACE('',(#110),#2679,.F.);
#2811=ADVANCED_FACE('',(#111),#2680,.F.);
#2812=ADVANCED_FACE('',(#112),#2681,.F.);
#2813=ADVANCED_FACE('',(#113),#2682,.F.);
#2814=ADVANCED_FACE('',(#114),#2683,.F.);
#2815=ADVANCED_FACE('',(#115),#2684,.F.);
#2816=ADVANCED_FACE('',(#116),#2685,.F.);
#2817=ADVANCED_FACE('',(#117),#2686,.F.);
#2818=ADVANCED_FACE('',(#118),#2687,.F.);
#2819=ADVANCED_FACE('',(#119),#2688,.F.);
#2820=ADVANCED_FACE('',(#120),#2689,.F.);
#2821=ADVANCED_FACE('',(#121),#2690,.F.);
#2822=ADVANCED_FACE('',(#122),#2691,.F.);
#2823=ADVANCED_FACE('',(#123),#2692,.F.);
#2824=ADVANCED_FACE('',(#124),#2693,.F.);
#2825=ADVANCED_FACE('',(#125),#2694,.F.);
#2826=ADVANCED_FACE('',(#126),#2695,.F.);
#2827=ADVANCED_FACE('',(#127),#2696,.F.);
#2828=ADVANCED_FACE('',(#128),#2697,.F.);
#2829=ADVANCED_FACE('',(#129),#2698,.F.);
#2830=ADVANCED_FACE('',(#130),#2699,.F.);
#2831=ADVANCED_FACE('',(#131),#2700,.F.);
#2832=ADVANCED_FACE('',(#132),#2701,.F.);
#2833=ADVANCED_FACE('',(#133),#2702,.F.);
#2834=ADVANCED_FACE('',(#134),#2703,.F.);
#2835=ADVANCED_FACE('',(#135),#2704,.F.);
#2836=ADVANCED_FACE('',(#136),#2705,.F.);
#2837=ADVANCED_FACE('',(#137),#2706,.F.);
#2838=ADVANCED_FACE('',(#138),#2707,.F.);
#2839=ADVANCED_FACE('',(#139),#2708,.F.);
#2840=ADVANCED_FACE('',(#140),#2709,.F.);
#2841=ADVANCED_FACE('',(#141),#2710,.F.);
#2842=ADVANCED_FACE('',(#142),#2711,.F.);
#2843=ADVANCED_FACE('',(#143),#2712,.F.);
#2844=ADVANCED_FACE('',(#144),#2713,.F.);
#2845=ADVANCED_FACE('',(#145),#2714,.F.);
#2846=ADVANCED_FACE('',(#146),#2715,.F.);
#2847=ADVANCED_FACE('',(#147),#2716,.F.);
#2848=ADVANCED_FACE('',(#148),#2717,.F.);
#2849=ADVANCED_FACE('',(#149),#2718,.F.);
#2850=ADVANCED_FACE('',(#150),#2719,.F.);
#2851=ADVANCED_FACE('',(#151),#2720,.F.);
#2852=ADVANCED_FACE('',(#152),#2721,.F.);
#2853=ADVANCED_FACE('',(#153),#2722,.F.);
#2854=ADVANCED_FACE('',(#154),#2723,.F.);
#2855=ADVANCED_FACE('',(#155),#2724,.F.);
#2856=ADVANCED_FACE('',(#156),#2725,.F.);
#2857=ADVANCED_FACE('',(#157),#2726,.F.);
#2858=ADVANCED_FACE('',(#158),#2727,.F.);
#2859=ADVANCED_FACE('',(#159),#2728,.F.);
#2860=ADVANCED_FACE('',(#160),#2729,.F.);
#2861=ADVANCED_FACE('',(#161),#2730,.F.);
#2862=ADVANCED_FACE('',(#162),#2731,.F.);
#2863=ADVANCED_FACE('',(#163),#2732,.F.);
#2864=ADVANCED_FACE('',(#164),#2733,.F.);
#2865=ADVANCED_FACE('',(#165),#2734,.F.);
#2866=ADVANCED_FACE('',(#166),#2735,.F.);
#2867=ADVANCED_FACE('',(#167),#2736,.F.);
#2868=ADVANCED_FACE('',(#168),#2737,.F.);
#2869=ADVANCED_FACE('',(#169),#2738,.F.);
#2870=ADVANCED_FACE('',(#170),#2739,.F.);
#2871=ADVANCED_FACE('',(#171),#2740,.F.);
#2872=ADVANCED_FACE('',(#172),#2741,.F.);
#2873=ADVANCED_FACE('',(#173),#2742,.F.);
#2874=ADVANCED_FACE('',(#174),#2743,.F.);
#2875=ADVANCED_FACE('',(#175),#2744,.F.);
#2876=ADVANCED_FACE('',(#176),#2745,.F.);
#2877=ADVANCED_FACE('',(#177),#2746,.F.);
#2878=ADVANCED_FACE('',(#178),#2747,.F.);
#2879=ADVANCED_FACE('',(#179),#2748,.F.);
#2880=ADVANCED_FACE('',(#180),#2749,.F.);
#2881=ADVANCED_FACE('',(#181),#2750,.F.);
#2882=ADVANCED_FACE('',(#182),#2751,.F.);
#2883=ADVANCED_FACE('',(#183),#2752,.F.);
#2884=ADVANCED_FACE('',(#184),#2753,.F.);
#2885=ADVANCED_FACE('',(#185),#2754,.F.);
#2886=ADVANCED_FACE('',(#186),#2755,.T.);
#2887=ADVANCED_FACE('',(#187),#19,.F.);
#2888=ADVANCED_FACE('',(#188,#17),#20,.F.);
#2889=ADVANCED_FACE('',(#189),#2756,.T.);
#2890=ADVANCED_FACE('',(#190),#21,.F.);
#2891=ADVANCED_FACE('',(#191),#22,.T.);
#2892=ADVANCED_FACE('',(#192),#2757,.T.);
#2893=ADVANCED_FACE('',(#193),#23,.F.);
#2894=ADVANCED_FACE('',(#194),#24,.T.);
#2895=ADVANCED_FACE('',(#195),#2758,.T.);
#2896=ADVANCED_FACE('',(#196),#25,.F.);
#2897=ADVANCED_FACE('',(#197),#26,.T.);
#2898=ADVANCED_FACE('',(#198),#2759,.T.);
#2899=ADVANCED_FACE('',(#199),#27,.F.);
#2900=ADVANCED_FACE('',(#200),#2760,.T.);
#2901=ADVANCED_FACE('',(#201),#2761,.T.);
#2902=ADVANCED_FACE('',(#202),#28,.T.);
#2903=ADVANCED_FACE('',(#203,#18),#29,.T.);
#2904=ADVANCED_FACE('',(#204),#2762,.T.);
#2905=ADVANCED_FACE('',(#205),#30,.T.);
#2906=ADVANCED_FACE('',(#206),#2763,.T.);
#2907=ADVANCED_FACE('',(#207),#2764,.T.);
#2908=ADVANCED_FACE('',(#208),#31,.T.);
#2909=ADVANCED_FACE('',(#209),#2765,.T.);
#2910=ADVANCED_FACE('',(#210),#2766,.T.);
#2911=ADVANCED_FACE('',(#211),#2767,.T.);
#2912=ADVANCED_FACE('',(#212),#2768,.T.);
#2913=ADVANCED_FACE('',(#213),#32,.T.);
#2914=ADVANCED_FACE('',(#214),#2769,.T.);
#2915=ADVANCED_FACE('',(#215),#2770,.T.);
#2916=ADVANCED_FACE('',(#216),#33,.T.);
#2917=ADVANCED_FACE('',(#217),#34,.T.);
#2918=ADVANCED_FACE('',(#218),#2771,.T.);
#2919=ADVANCED_FACE('',(#219),#35,.T.);
#2920=ADVANCED_FACE('',(#220),#2772,.T.);
#2921=ADVANCED_FACE('',(#221),#36,.F.);
#2922=ADVANCED_FACE('',(#222),#37,.T.);
#2923=ADVANCED_FACE('',(#223),#2773,.F.);
#2924=ADVANCED_FACE('',(#224),#15,.F.);
#2925=ADVANCED_FACE('',(#225),#16,.F.);
#2926=ADVANCED_FACE('',(#226),#2774,.F.);
#2927=ADVANCED_FACE('',(#227),#38,.T.);
#2928=CLOSED_SHELL('',(#2775,#2776,#2777,#2778,#2779,#2780,#2781,#2782,
#2783,#2784,#2785,#2786,#2787,#2788,#2789,#2790,#2791,#2792,#2793,#2794,
#2795,#2796,#2797,#2798,#2799,#2800,#2801,#2802,#2803,#2804,#2805,#2806,
#2807,#2808,#2809,#2810,#2811,#2812,#2813,#2814,#2815,#2816,#2817,#2818,
#2819,#2820,#2821,#2822,#2823,#2824,#2825,#2826,#2827,#2828,#2829,#2830,
#2831,#2832,#2833,#2834,#2835,#2836,#2837,#2838,#2839,#2840,#2841,#2842,
#2843,#2844,#2845,#2846,#2847,#2848,#2849,#2850,#2851,#2852,#2853,#2854,
#2855,#2856,#2857,#2858,#2859,#2860,#2861,#2862,#2863,#2864,#2865,#2866,
#2867,#2868,#2869,#2870,#2871,#2872,#2873,#2874,#2875,#2876,#2877,#2878,
#2879,#2880,#2881,#2882,#2883,#2884,#2885,#2886,#2887,#2888,#2889,#2890,
#2891,#2892,#2893,#2894,#2895,#2896,#2897,#2898,#2899,#2900,#2901,#2902,
#2903,#2904,#2905,#2906,#2907,#2908,#2909,#2910,#2911,#2912,#2913,#2914,
#2915,#2916,#2917,#2918,#2919,#2920,#2921,#2922,#2923,#2924,#2925,#2926,
#2927));
#2929=DERIVED_UNIT_ELEMENT(#2931,1.);
#2930=DERIVED_UNIT_ELEMENT(#11231,-3.);
#2931=(
MASS_UNIT()
NAMED_UNIT(*)
SI_UNIT(.KILO.,.GRAM.)
);
#2932=DERIVED_UNIT((#2929,#2930));
#2933=MEASURE_REPRESENTATION_ITEM('density measure',
POSITIVE_RATIO_MEASURE(7850.),#2932);
#2934=PROPERTY_DEFINITION_REPRESENTATION(#2939,#2936);
#2935=PROPERTY_DEFINITION_REPRESENTATION(#2940,#2937);
#2936=REPRESENTATION('material name',(#2938),#11228);
#2937=REPRESENTATION('density',(#2933),#11228);
#2938=DESCRIPTIVE_REPRESENTATION_ITEM('Steel','Steel');
#2939=PROPERTY_DEFINITION('material property','material name',#11238);
#2940=PROPERTY_DEFINITION('material property','density of part',#11238);
#2941=AXIS2_PLACEMENT_3D('',#3700,#3133,#3134);
#2942=AXIS2_PLACEMENT_3D('',#3701,#3135,#3136);
#2943=AXIS2_PLACEMENT_3D('',#3720,#3138,#3139);
#2944=AXIS2_PLACEMENT_3D('',#3740,#3140,#3141);
#2945=AXIS2_PLACEMENT_3D('',#3791,#3143,#3144);
#2946=AXIS2_PLACEMENT_3D('',#3842,#3146,#3147);
#2947=AXIS2_PLACEMENT_3D('',#3890,#3149,#3150);
#2948=AXIS2_PLACEMENT_3D('',#3941,#3152,#3153);
#2949=AXIS2_PLACEMENT_3D('',#3992,#3155,#3156);
#2950=AXIS2_PLACEMENT_3D('',#4040,#3158,#3159);
#2951=AXIS2_PLACEMENT_3D('',#4088,#3161,#3162);
#2952=AXIS2_PLACEMENT_3D('',#4142,#3164,#3165);
#2953=AXIS2_PLACEMENT_3D('',#4190,#3167,#3168);
#2954=AXIS2_PLACEMENT_3D('',#4238,#3170,#3171);
#2955=AXIS2_PLACEMENT_3D('',#4289,#3173,#3174);
#2956=AXIS2_PLACEMENT_3D('',#4340,#3176,#3177);
#2957=AXIS2_PLACEMENT_3D('',#4388,#3179,#3180);
#2958=AXIS2_PLACEMENT_3D('',#4439,#3182,#3183);
#2959=AXIS2_PLACEMENT_3D('',#4490,#3185,#3186);
#2960=AXIS2_PLACEMENT_3D('',#4538,#3188,#3189);
#2961=AXIS2_PLACEMENT_3D('',#4586,#3191,#3192);
#2962=AXIS2_PLACEMENT_3D('',#4637,#3194,#3195);
#2963=AXIS2_PLACEMENT_3D('',#4685,#3197,#3198);
#2964=AXIS2_PLACEMENT_3D('',#4733,#3200,#3201);
#2965=AXIS2_PLACEMENT_3D('',#4784,#3203,#3204);
#2966=AXIS2_PLACEMENT_3D('',#4835,#3206,#3207);
#2967=AXIS2_PLACEMENT_3D('',#4883,#3209,#3210);
#2968=AXIS2_PLACEMENT_3D('',#4934,#3212,#3213);
#2969=AXIS2_PLACEMENT_3D('',#4985,#3215,#3216);
#2970=AXIS2_PLACEMENT_3D('',#5033,#3218,#3219);
#2971=AXIS2_PLACEMENT_3D('',#5081,#3221,#3222);
#2972=AXIS2_PLACEMENT_3D('',#5132,#3224,#3225);
#2973=AXIS2_PLACEMENT_3D('',#5183,#3227,#3228);
#2974=AXIS2_PLACEMENT_3D('',#5231,#3230,#3231);
#2975=AXIS2_PLACEMENT_3D('',#5282,#3233,#3234);
#2976=AXIS2_PLACEMENT_3D('',#5333,#3236,#3237);
#2977=AXIS2_PLACEMENT_3D('',#5381,#3239,#3240);
#2978=AXIS2_PLACEMENT_3D('',#5432,#3242,#3243);
#2979=AXIS2_PLACEMENT_3D('',#5483,#3245,#3246);
#2980=AXIS2_PLACEMENT_3D('',#5531,#3248,#3249);
#2981=AXIS2_PLACEMENT_3D('',#5579,#3251,#3252);
#2982=AXIS2_PLACEMENT_3D('',#5630,#3254,#3255);
#2983=AXIS2_PLACEMENT_3D('',#5681,#3257,#3258);
#2984=AXIS2_PLACEMENT_3D('',#5729,#3260,#3261);
#2985=AXIS2_PLACEMENT_3D('',#5780,#3263,#3264);
#2986=AXIS2_PLACEMENT_3D('',#5831,#3266,#3267);
#2987=AXIS2_PLACEMENT_3D('',#5879,#3269,#3270);
#2988=AXIS2_PLACEMENT_3D('',#5930,#3272,#3273);
#2989=AXIS2_PLACEMENT_3D('',#5981,#3275,#3276);
#2990=AXIS2_PLACEMENT_3D('',#6029,#3278,#3279);
#2991=AXIS2_PLACEMENT_3D('',#6077,#3281,#3282);
#2992=AXIS2_PLACEMENT_3D('',#6128,#3284,#3285);
#2993=AXIS2_PLACEMENT_3D('',#6179,#3287,#3288);
#2994=AXIS2_PLACEMENT_3D('',#6227,#3290,#3291);
#2995=AXIS2_PLACEMENT_3D('',#6278,#3293,#3294);
#2996=AXIS2_PLACEMENT_3D('',#6329,#3296,#3297);
#2997=AXIS2_PLACEMENT_3D('',#6377,#3299,#3300);
#2998=AXIS2_PLACEMENT_3D('',#6399,#3302,#3303);
#2999=AXIS2_PLACEMENT_3D('',#6419,#3304,#3305);
#3000=AXIS2_PLACEMENT_3D('',#6430,#3307,#3308);
#3001=AXIS2_PLACEMENT_3D('',#6437,#3309,#3310);
#3002=AXIS2_PLACEMENT_3D('',#6461,#3312,#3313);
#3003=AXIS2_PLACEMENT_3D('',#6486,#3315,#3316);
#3004=AXIS2_PLACEMENT_3D('',#6511,#3318,#3319);
#3005=AXIS2_PLACEMENT_3D('',#6535,#3321,#3322);
#3006=AXIS2_PLACEMENT_3D('',#6560,#3324,#3325);
#3007=AXIS2_PLACEMENT_3D('',#6585,#3327,#3328);
#3008=AXIS2_PLACEMENT_3D('',#6609,#3330,#3331);
#3009=AXIS2_PLACEMENT_3D('',#6634,#3333,#3334);
#3010=AXIS2_PLACEMENT_3D('',#6658,#3336,#3337);
#3011=AXIS2_PLACEMENT_3D('',#6683,#3339,#3340);
#3012=AXIS2_PLACEMENT_3D('',#6707,#3342,#3343);
#3013=AXIS2_PLACEMENT_3D('',#6732,#3345,#3346);
#3014=AXIS2_PLACEMENT_3D('',#6757,#3348,#3349);
#3015=AXIS2_PLACEMENT_3D('',#6781,#3351,#3352);
#3016=AXIS2_PLACEMENT_3D('',#6806,#3354,#3355);
#3017=AXIS2_PLACEMENT_3D('',#6831,#3357,#3358);
#3018=AXIS2_PLACEMENT_3D('',#6855,#3360,#3361);
#3019=AXIS2_PLACEMENT_3D('',#6880,#3363,#3364);
#3020=AXIS2_PLACEMENT_3D('',#6904,#3366,#3367);
#3021=AXIS2_PLACEMENT_3D('',#6929,#3369,#3370);
#3022=AXIS2_PLACEMENT_3D('',#6953,#3372,#3373);
#3023=AXIS2_PLACEMENT_3D('',#6978,#3375,#3376);
#3024=AXIS2_PLACEMENT_3D('',#7003,#3378,#3379);
#3025=AXIS2_PLACEMENT_3D('',#7027,#3381,#3382);
#3026=AXIS2_PLACEMENT_3D('',#7052,#3384,#3385);
#3027=AXIS2_PLACEMENT_3D('',#7077,#3387,#3388);
#3028=AXIS2_PLACEMENT_3D('',#7101,#3390,#3391);
#3029=AXIS2_PLACEMENT_3D('',#7126,#3393,#3394);
#3030=AXIS2_PLACEMENT_3D('',#7150,#3396,#3397);
#3031=AXIS2_PLACEMENT_3D('',#7175,#3399,#3400);
#3032=AXIS2_PLACEMENT_3D('',#7199,#3402,#3403);
#3033=AXIS2_PLACEMENT_3D('',#7224,#3405,#3406);
#3034=AXIS2_PLACEMENT_3D('',#7249,#3408,#3409);
#3035=AXIS2_PLACEMENT_3D('',#7273,#3411,#3412);
#3036=AXIS2_PLACEMENT_3D('',#7298,#3414,#3415);
#3037=AXIS2_PLACEMENT_3D('',#7323,#3417,#3418);
#3038=AXIS2_PLACEMENT_3D('',#7347,#3420,#3421);
#3039=AXIS2_PLACEMENT_3D('',#7372,#3423,#3424);
#3040=AXIS2_PLACEMENT_3D('',#7396,#3426,#3427);
#3041=AXIS2_PLACEMENT_3D('',#7421,#3429,#3430);
#3042=AXIS2_PLACEMENT_3D('',#7445,#3432,#3433);
#3043=AXIS2_PLACEMENT_3D('',#7470,#3435,#3436);
#3044=AXIS2_PLACEMENT_3D('',#7495,#3438,#3439);
#3045=AXIS2_PLACEMENT_3D('',#7519,#3441,#3442);
#3046=AXIS2_PLACEMENT_3D('',#7544,#3444,#3445);
#3047=AXIS2_PLACEMENT_3D('',#7568,#3447,#3448);
#3048=AXIS2_PLACEMENT_3D('',#7593,#3450,#3451);
#3049=AXIS2_PLACEMENT_3D('',#7618,#3453,#3454);
#3050=AXIS2_PLACEMENT_3D('',#7642,#3456,#3457);
#3051=AXIS2_PLACEMENT_3D('',#7667,#3459,#3460);
#3052=AXIS2_PLACEMENT_3D('',#7691,#3462,#3463);
#3053=AXIS2_PLACEMENT_3D('',#7716,#3465,#3466);
#3054=AXIS2_PLACEMENT_3D('',#7741,#3468,#3469);
#3055=AXIS2_PLACEMENT_3D('',#7765,#3471,#3472);
#3056=AXIS2_PLACEMENT_3D('',#7776,#3474,#3475);
#3057=AXIS2_PLACEMENT_3D('',#7782,#3476,#3477);
#3058=AXIS2_PLACEMENT_3D('',#7785,#3478,#3479);
#3059=AXIS2_PLACEMENT_3D('',#7789,#3481,#3482);
#3060=AXIS2_PLACEMENT_3D('',#7791,#3484,#3485);
#3061=AXIS2_PLACEMENT_3D('',#7795,#3487,#3488);
#3062=AXIS2_PLACEMENT_3D('',#7799,#3490,#3491);
#3063=AXIS2_PLACEMENT_3D('',#7801,#3493,#3494);
#3064=AXIS2_PLACEMENT_3D('',#7979,#3505,#3506);
#3065=AXIS2_PLACEMENT_3D('',#7981,#3507,#3508);
#3066=AXIS2_PLACEMENT_3D('',#7984,#3510,#3511);
#3067=AXIS2_PLACEMENT_3D('',#7985,#3512,#3513);
#3068=AXIS2_PLACEMENT_3D('',#7989,#3515,#3516);
#3069=AXIS2_PLACEMENT_3D('',#7992,#3518,#3519);
#3070=AXIS2_PLACEMENT_3D('',#7993,#3520,#3521);
#3071=AXIS2_PLACEMENT_3D('',#8005,#3528,#3529);
#3072=AXIS2_PLACEMENT_3D('',#8008,#3531,#3532);
#3073=AXIS2_PLACEMENT_3D('',#8009,#3533,#3534);
#3074=AXIS2_PLACEMENT_3D('',#8013,#3536,#3537);
#3075=AXIS2_PLACEMENT_3D('',#8016,#3539,#3540);
#3076=AXIS2_PLACEMENT_3D('',#8017,#3541,#3542);
#3077=AXIS2_PLACEMENT_3D('',#8027,#3548,#3549);
#3078=AXIS2_PLACEMENT_3D('',#8030,#3551,#3552);
#3079=AXIS2_PLACEMENT_3D('',#8031,#3553,#3554);
#3080=AXIS2_PLACEMENT_3D('',#8035,#3556,#3557);
#3081=AXIS2_PLACEMENT_3D('',#8038,#3559,#3560);
#3082=AXIS2_PLACEMENT_3D('',#8039,#3561,#3562);
#3083=AXIS2_PLACEMENT_3D('',#8049,#3568,#3569);
#3084=AXIS2_PLACEMENT_3D('',#8052,#3571,#3572);
#3085=AXIS2_PLACEMENT_3D('',#8053,#3573,#3574);
#3086=AXIS2_PLACEMENT_3D('',#8057,#3576,#3577);
#3087=AXIS2_PLACEMENT_3D('',#8060,#3579,#3580);
#3088=AXIS2_PLACEMENT_3D('',#8061,#3581,#3582);
#3089=AXIS2_PLACEMENT_3D('',#8063,#3584,#3585);
#3090=AXIS2_PLACEMENT_3D('',#8066,#3586,#3587);
#3091=AXIS2_PLACEMENT_3D('',#8070,#3589,#3590);
#3092=AXIS2_PLACEMENT_3D('',#8072,#3592,#3593);
#3093=AXIS2_PLACEMENT_3D('',#8076,#3595,#3596);
#3094=AXIS2_PLACEMENT_3D('',#8080,#3598,#3599);
#3095=AXIS2_PLACEMENT_3D('',#8082,#3601,#3602);
#3096=AXIS2_PLACEMENT_3D('',#8260,#3613,#3614);
#3097=AXIS2_PLACEMENT_3D('',#8262,#3615,#3616);
#3098=AXIS2_PLACEMENT_3D('',#8264,#3617,#3618);
#3099=AXIS2_PLACEMENT_3D('',#8266,#3620,#3621);
#3100=AXIS2_PLACEMENT_3D('',#8269,#3623,#3624);
#3101=AXIS2_PLACEMENT_3D('',#8270,#3625,#3626);
#3102=AXIS2_PLACEMENT_3D('',#8271,#3627,#3628);
#3103=AXIS2_PLACEMENT_3D('',#8272,#3629,#3630);
#3104=AXIS2_PLACEMENT_3D('',#8273,#3631,#3632);
#3105=AXIS2_PLACEMENT_3D('',#8274,#3633,#3634);
#3106=AXIS2_PLACEMENT_3D('',#8275,#3635,#3636);
#3107=AXIS2_PLACEMENT_3D('',#8276,#3637,#3638);
#3108=AXIS2_PLACEMENT_3D('',#8277,#3639,#3640);
#3109=AXIS2_PLACEMENT_3D('',#8278,#3641,#3642);
#3110=AXIS2_PLACEMENT_3D('',#8279,#3643,#3644);
#3111=AXIS2_PLACEMENT_3D('',#8280,#3645,#3646);
#3112=AXIS2_PLACEMENT_3D('',#8281,#3647,#3648);
#3113=AXIS2_PLACEMENT_3D('',#8283,#3649,#3650);
#3114=AXIS2_PLACEMENT_3D('',#8285,#3652,#3653);
#3115=AXIS2_PLACEMENT_3D('',#8286,#3654,#3655);
#3116=AXIS2_PLACEMENT_3D('',#8287,#3656,#3657);
#3117=AXIS2_PLACEMENT_3D('',#8288,#3658,#3659);
#3118=AXIS2_PLACEMENT_3D('',#8289,#3660,#3661);
#3119=AXIS2_PLACEMENT_3D('',#8291,#3663,#3664);
#3120=AXIS2_PLACEMENT_3D('',#8294,#3665,#3666);
#3121=AXIS2_PLACEMENT_3D('',#8297,#3669,#3670);
#3122=AXIS2_PLACEMENT_3D('',#8300,#3673,#3674);
#3123=AXIS2_PLACEMENT_3D('',#8301,#3675,#3676);
#3124=AXIS2_PLACEMENT_3D('',#8304,#3679,#3680);
#3125=AXIS2_PLACEMENT_3D('',#8305,#3681,#3682);
#3126=AXIS2_PLACEMENT_3D('',#8307,#3683,#3684);
#3127=AXIS2_PLACEMENT_3D('',#8309,#3685,#3686);
#3128=AXIS2_PLACEMENT_3D('',#8311,#3688,#3689);
#3129=AXIS2_PLACEMENT_3D('',#8313,#3691,#3692);
#3130=AXIS2_PLACEMENT_3D('',#8315,#3694,#3695);
#3131=AXIS2_PLACEMENT_3D('',#11224,#3696,#3697);
#3132=AXIS2_PLACEMENT_3D('',#11225,#3698,#3699);
#3133=DIRECTION('axis',(0.,0.,1.));
#3134=DIRECTION('refdir',(1.,0.,0.));
#3135=DIRECTION('center_axis',(0.,0.,1.));
#3136=DIRECTION('ref_axis',(0.934838004118399,0.355074507752849,0.));
#3137=DIRECTION('',(0.,0.,-1.));
#3138=DIRECTION('center_axis',(0.,0.,1.));
#3139=DIRECTION('ref_axis',(1.,0.,0.));
#3140=DIRECTION('center_axis',(0.,0.,1.));
#3141=DIRECTION('ref_axis',(1.,0.,0.));
#3142=DIRECTION('',(0.,0.,-1.));
#3143=DIRECTION('center_axis',(0.,0.,1.));
#3144=DIRECTION('ref_axis',(1.,0.,0.));
#3145=DIRECTION('',(0.,0.,-1.));
#3146=DIRECTION('center_axis',(0.,0.,1.));
#3147=DIRECTION('ref_axis',(1.,0.,0.));
#3148=DIRECTION('',(0.,0.,-1.));
#3149=DIRECTION('center_axis',(0.,0.,1.));
#3150=DIRECTION('ref_axis',(1.,0.,0.));
#3151=DIRECTION('',(0.,0.,-1.));
#3152=DIRECTION('center_axis',(0.,0.,1.));
#3153=DIRECTION('ref_axis',(1.,0.,0.));
#3154=DIRECTION('',(0.,0.,-1.));
#3155=DIRECTION('center_axis',(0.,0.,1.));
#3156=DIRECTION('ref_axis',(1.,0.,0.));
#3157=DIRECTION('',(0.,0.,-1.));
#3158=DIRECTION('center_axis',(0.,0.,1.));
#3159=DIRECTION('ref_axis',(1.,0.,0.));
#3160=DIRECTION('',(0.,0.,-1.));
#3161=DIRECTION('center_axis',(0.,0.,1.));
#3162=DIRECTION('ref_axis',(1.,0.,0.));
#3163=DIRECTION('',(0.,0.,-1.));
#3164=DIRECTION('center_axis',(0.,0.,1.));
#3165=DIRECTION('ref_axis',(1.,0.,0.));
#3166=DIRECTION('',(0.,0.,-1.));
#3167=DIRECTION('center_axis',(0.,0.,1.));
#3168=DIRECTION('ref_axis',(1.,0.,0.));
#3169=DIRECTION('',(0.,0.,-1.));
#3170=DIRECTION('center_axis',(0.,0.,1.));
#3171=DIRECTION('ref_axis',(1.,0.,0.));
#3172=DIRECTION('',(0.,0.,-1.));
#3173=DIRECTION('center_axis',(0.,0.,1.));
#3174=DIRECTION('ref_axis',(1.,0.,0.));
#3175=DIRECTION('',(0.,0.,-1.));
#3176=DIRECTION('center_axis',(0.,0.,1.));
#3177=DIRECTION('ref_axis',(1.,0.,0.));
#3178=DIRECTION('',(0.,0.,-1.));
#3179=DIRECTION('center_axis',(0.,0.,1.));
#3180=DIRECTION('ref_axis',(1.,0.,0.));
#3181=DIRECTION('',(0.,0.,-1.));
#3182=DIRECTION('center_axis',(0.,0.,1.));
#3183=DIRECTION('ref_axis',(1.,0.,0.));
#3184=DIRECTION('',(0.,0.,-1.));
#3185=DIRECTION('center_axis',(0.,0.,1.));
#3186=DIRECTION('ref_axis',(1.,0.,0.));
#3187=DIRECTION('',(0.,0.,-1.));
#3188=DIRECTION('center_axis',(0.,0.,1.));
#3189=DIRECTION('ref_axis',(1.,0.,0.));
#3190=DIRECTION('',(0.,0.,-1.));
#3191=DIRECTION('center_axis',(0.,0.,1.));
#3192=DIRECTION('ref_axis',(1.,0.,0.));
#3193=DIRECTION('',(0.,0.,-1.));
#3194=DIRECTION('center_axis',(0.,0.,1.));
#3195=DIRECTION('ref_axis',(1.,0.,0.));
#3196=DIRECTION('',(0.,0.,-1.));
#3197=DIRECTION('center_axis',(0.,0.,1.));
#3198=DIRECTION('ref_axis',(1.,0.,0.));
#3199=DIRECTION('',(0.,0.,-1.));
#3200=DIRECTION('center_axis',(0.,0.,1.));
#3201=DIRECTION('ref_axis',(1.,0.,0.));
#3202=DIRECTION('',(0.,0.,-1.));
#3203=DIRECTION('center_axis',(0.,0.,1.));
#3204=DIRECTION('ref_axis',(1.,0.,0.));
#3205=DIRECTION('',(0.,0.,-1.));
#3206=DIRECTION('center_axis',(0.,0.,1.));
#3207=DIRECTION('ref_axis',(1.,0.,0.));
#3208=DIRECTION('',(0.,0.,-1.));
#3209=DIRECTION('center_axis',(0.,0.,1.));
#3210=DIRECTION('ref_axis',(1.,0.,0.));
#3211=DIRECTION('',(0.,0.,-1.));
#3212=DIRECTION('center_axis',(0.,0.,1.));
#3213=DIRECTION('ref_axis',(1.,0.,0.));
#3214=DIRECTION('',(0.,0.,-1.));
#3215=DIRECTION('center_axis',(0.,0.,1.));
#3216=DIRECTION('ref_axis',(1.,0.,0.));
#3217=DIRECTION('',(0.,0.,-1.));
#3218=DIRECTION('center_axis',(0.,0.,1.));
#3219=DIRECTION('ref_axis',(1.,0.,0.));
#3220=DIRECTION('',(0.,0.,-1.));
#3221=DIRECTION('center_axis',(0.,0.,1.));
#3222=DIRECTION('ref_axis',(1.,0.,0.));
#3223=DIRECTION('',(0.,0.,-1.));
#3224=DIRECTION('center_axis',(0.,0.,1.));
#3225=DIRECTION('ref_axis',(1.,0.,0.));
#3226=DIRECTION('',(0.,0.,-1.));
#3227=DIRECTION('center_axis',(0.,0.,1.));
#3228=DIRECTION('ref_axis',(1.,0.,0.));
#3229=DIRECTION('',(0.,0.,-1.));
#3230=DIRECTION('center_axis',(0.,0.,1.));
#3231=DIRECTION('ref_axis',(1.,0.,0.));
#3232=DIRECTION('',(0.,0.,-1.));
#3233=DIRECTION('center_axis',(0.,0.,1.));
#3234=DIRECTION('ref_axis',(1.,0.,0.));
#3235=DIRECTION('',(0.,0.,-1.));
#3236=DIRECTION('center_axis',(0.,0.,1.));
#3237=DIRECTION('ref_axis',(1.,0.,0.));
#3238=DIRECTION('',(0.,0.,-1.));
#3239=DIRECTION('center_axis',(0.,0.,1.));
#3240=DIRECTION('ref_axis',(1.,0.,0.));
#3241=DIRECTION('',(0.,0.,-1.));
#3242=DIRECTION('center_axis',(0.,0.,1.));
#3243=DIRECTION('ref_axis',(1.,0.,0.));
#3244=DIRECTION('',(0.,0.,-1.));
#3245=DIRECTION('center_axis',(0.,0.,1.));
#3246=DIRECTION('ref_axis',(1.,0.,0.));
#3247=DIRECTION('',(0.,0.,-1.));
#3248=DIRECTION('center_axis',(0.,0.,1.));
#3249=DIRECTION('ref_axis',(1.,0.,0.));
#3250=DIRECTION('',(0.,0.,-1.));
#3251=DIRECTION('center_axis',(0.,0.,1.));
#3252=DIRECTION('ref_axis',(1.,0.,0.));
#3253=DIRECTION('',(0.,0.,-1.));
#3254=DIRECTION('center_axis',(0.,0.,1.));
#3255=DIRECTION('ref_axis',(1.,0.,0.));
#3256=DIRECTION('',(0.,0.,-1.));
#3257=DIRECTION('center_axis',(0.,0.,1.));
#3258=DIRECTION('ref_axis',(1.,0.,0.));
#3259=DIRECTION('',(0.,0.,-1.));
#3260=DIRECTION('center_axis',(0.,0.,1.));
#3261=DIRECTION('ref_axis',(1.,0.,0.));
#3262=DIRECTION('',(0.,0.,-1.));
#3263=DIRECTION('center_axis',(0.,0.,1.));
#3264=DIRECTION('ref_axis',(1.,0.,0.));
#3265=DIRECTION('',(0.,0.,-1.));
#3266=DIRECTION('center_axis',(0.,0.,1.));
#3267=DIRECTION('ref_axis',(1.,0.,0.));
#3268=DIRECTION('',(0.,0.,-1.));
#3269=DIRECTION('center_axis',(0.,0.,1.));
#3270=DIRECTION('ref_axis',(1.,0.,0.));
#3271=DIRECTION('',(0.,0.,-1.));
#3272=DIRECTION('center_axis',(0.,0.,1.));
#3273=DIRECTION('ref_axis',(1.,0.,0.));
#3274=DIRECTION('',(0.,0.,-1.));
#3275=DIRECTION('center_axis',(0.,0.,1.));
#3276=DIRECTION('ref_axis',(1.,0.,0.));
#3277=DIRECTION('',(0.,0.,-1.));
#3278=DIRECTION('center_axis',(0.,0.,1.));
#3279=DIRECTION('ref_axis',(1.,0.,0.));
#3280=DIRECTION('',(0.,0.,-1.));
#3281=DIRECTION('center_axis',(0.,0.,1.));
#3282=DIRECTION('ref_axis',(1.,0.,0.));
#3283=DIRECTION('',(0.,0.,-1.));
#3284=DIRECTION('center_axis',(0.,0.,1.));
#3285=DIRECTION('ref_axis',(1.,0.,0.));
#3286=DIRECTION('',(0.,0.,-1.));
#3287=DIRECTION('center_axis',(0.,0.,1.));
#3288=DIRECTION('ref_axis',(1.,0.,0.));
#3289=DIRECTION('',(0.,0.,-1.));
#3290=DIRECTION('center_axis',(0.,0.,1.));
#3291=DIRECTION('ref_axis',(1.,0.,0.));
#3292=DIRECTION('',(0.,0.,-1.));
#3293=DIRECTION('center_axis',(0.,0.,1.));
#3294=DIRECTION('ref_axis',(1.,0.,0.));
#3295=DIRECTION('',(0.,0.,-1.));
#3296=DIRECTION('center_axis',(0.,0.,1.));
#3297=DIRECTION('ref_axis',(1.,0.,0.));
#3298=DIRECTION('',(0.,0.,-1.));
#3299=DIRECTION('center_axis',(0.,0.,1.));
#3300=DIRECTION('ref_axis',(0.982330287466775,-0.187155567177266,0.));
#3301=DIRECTION('',(0.,0.,-1.));
#3302=DIRECTION('center_axis',(0.,0.,1.));
#3303=DIRECTION('ref_axis',(1.,0.,0.));
#3304=DIRECTION('center_axis',(0.,0.,1.));
#3305=DIRECTION('ref_axis',(-0.461499752734425,-0.887140337390914,0.));
#3306=DIRECTION('',(1.22464679914735E-16,-8.63037753940401E-29,1.));
#3307=DIRECTION('center_axis',(0.,0.,-1.));
#3308=DIRECTION('ref_axis',(1.,-7.04846271202156E-13,0.));
#3309=DIRECTION('center_axis',(0.,0.,1.));
#3310=DIRECTION('ref_axis',(1.,-7.04846271202155E-13,0.));
#3311=DIRECTION('',(1.22464679914735E-16,-8.63037753940401E-29,1.));
#3312=DIRECTION('center_axis',(0.,0.,1.));
#3313=DIRECTION('ref_axis',(1.,-7.04846271202155E-13,0.));
#3314=DIRECTION('',(1.22464679914735E-16,-8.63037753940401E-29,1.));
#3315=DIRECTION('center_axis',(0.,0.,1.));
#3316=DIRECTION('ref_axis',(1.,-7.04846271202155E-13,0.));
#3317=DIRECTION('',(1.22464679914735E-16,-8.63037753940401E-29,1.));
#3318=DIRECTION('center_axis',(0.,0.,1.));
#3319=DIRECTION('ref_axis',(1.,-7.04846271202155E-13,0.));
#3320=DIRECTION('',(1.22464679914735E-16,-8.63037753940401E-29,1.));
#3321=DIRECTION('center_axis',(0.,0.,1.));
#3322=DIRECTION('ref_axis',(1.,-7.04846271202155E-13,0.));
#3323=DIRECTION('',(1.22464679914735E-16,-8.63037753940401E-29,1.));
#3324=DIRECTION('center_axis',(0.,0.,1.));
#3325=DIRECTION('ref_axis',(1.,-7.04846271202155E-13,0.));
#3326=DIRECTION('',(1.22464679914735E-16,-8.63037753940401E-29,1.));
#3327=DIRECTION('center_axis',(0.,0.,1.));
#3328=DIRECTION('ref_axis',(1.,-7.04846271202155E-13,0.));
#3329=DIRECTION('',(1.22464679914735E-16,-8.63037753940401E-29,1.));
#3330=DIRECTION('center_axis',(0.,0.,1.));
#3331=DIRECTION('ref_axis',(1.,-7.04846271202155E-13,0.));
#3332=DIRECTION('',(1.22464679914735E-16,-8.63037753940401E-29,1.));
#3333=DIRECTION('center_axis',(0.,0.,1.));
#3334=DIRECTION('ref_axis',(1.,-7.04846271202155E-13,0.));
#3335=DIRECTION('',(1.22464679914735E-16,-8.63037753940401E-29,1.));
#3336=DIRECTION('center_axis',(0.,0.,1.));
#3337=DIRECTION('ref_axis',(1.,-7.04846271202155E-13,0.));
#3338=DIRECTION('',(1.22464679914735E-16,-8.63037753940401E-29,1.));
#3339=DIRECTION('center_axis',(0.,0.,1.));
#3340=DIRECTION('ref_axis',(1.,-7.04846271202155E-13,0.));
#3341=DIRECTION('',(1.22464679914735E-16,-8.63037753940401E-29,1.));
#3342=DIRECTION('center_axis',(0.,0.,1.));
#3343=DIRECTION('ref_axis',(1.,-7.04846271202155E-13,0.));
#3344=DIRECTION('',(1.22464679914735E-16,-8.63037753940401E-29,1.));
#3345=DIRECTION('center_axis',(0.,0.,1.));
#3346=DIRECTION('ref_axis',(1.,-7.04846271202155E-13,0.));
#3347=DIRECTION('',(1.22464679914735E-16,-8.63037753940401E-29,1.));
#3348=DIRECTION('center_axis',(0.,0.,1.));
#3349=DIRECTION('ref_axis',(1.,-7.04846271202155E-13,0.));
#3350=DIRECTION('',(1.22464679914735E-16,-8.63037753940401E-29,1.));
#3351=DIRECTION('center_axis',(0.,0.,1.));
#3352=DIRECTION('ref_axis',(1.,-7.04846271202155E-13,0.));
#3353=DIRECTION('',(1.22464679914735E-16,-8.63037753940401E-29,1.));
#3354=DIRECTION('center_axis',(0.,0.,1.));
#3355=DIRECTION('ref_axis',(1.,-7.04846271202155E-13,0.));
#3356=DIRECTION('',(1.22464679914735E-16,-8.63037753940401E-29,1.));
#3357=DIRECTION('center_axis',(0.,0.,1.));
#3358=DIRECTION('ref_axis',(1.,-7.04846271202155E-13,0.));
#3359=DIRECTION('',(1.22464679914735E-16,-8.63037753940401E-29,1.));
#3360=DIRECTION('center_axis',(0.,0.,1.));
#3361=DIRECTION('ref_axis',(1.,-7.04846271202155E-13,0.));
#3362=DIRECTION('',(1.22464679914735E-16,-8.63037753940401E-29,1.));
#3363=DIRECTION('center_axis',(0.,0.,1.));
#3364=DIRECTION('ref_axis',(1.,-7.04846271202155E-13,0.));
#3365=DIRECTION('',(1.22464679914735E-16,-8.63037753940401E-29,1.));
#3366=DIRECTION('center_axis',(0.,0.,1.));
#3367=DIRECTION('ref_axis',(1.,-7.04846271202155E-13,0.));
#3368=DIRECTION('',(1.22464679914735E-16,-8.63037753940401E-29,1.));
#3369=DIRECTION('center_axis',(0.,0.,1.));
#3370=DIRECTION('ref_axis',(1.,-7.04846271202155E-13,0.));
#3371=DIRECTION('',(1.22464679914735E-16,-8.63037753940401E-29,1.));
#3372=DIRECTION('center_axis',(0.,0.,1.));
#3373=DIRECTION('ref_axis',(1.,-7.04846271202155E-13,0.));
#3374=DIRECTION('',(1.22464679914735E-16,-8.63037753940401E-29,1.));
#3375=DIRECTION('center_axis',(0.,0.,1.));
#3376=DIRECTION('ref_axis',(1.,-7.04846271202155E-13,0.));
#3377=DIRECTION('',(1.22464679914735E-16,-8.63037753940401E-29,1.));
#3378=DIRECTION('center_axis',(0.,0.,1.));
#3379=DIRECTION('ref_axis',(1.,-7.04846271202155E-13,0.));
#3380=DIRECTION('',(1.22464679914735E-16,-8.63037753940401E-29,1.));
#3381=DIRECTION('center_axis',(0.,0.,1.));
#3382=DIRECTION('ref_axis',(1.,-7.04846271202155E-13,0.));
#3383=DIRECTION('',(1.22464679914735E-16,-8.63037753940401E-29,1.));
#3384=DIRECTION('center_axis',(0.,0.,1.));
#3385=DIRECTION('ref_axis',(1.,-7.04846271202155E-13,0.));
#3386=DIRECTION('',(1.22464679914735E-16,-8.63037753940401E-29,1.));
#3387=DIRECTION('center_axis',(0.,0.,1.));
#3388=DIRECTION('ref_axis',(1.,-7.04846271202155E-13,0.));
#3389=DIRECTION('',(1.22464679914735E-16,-8.63037753940401E-29,1.));
#3390=DIRECTION('center_axis',(0.,0.,1.));
#3391=DIRECTION('ref_axis',(1.,-7.04846271202155E-13,0.));
#3392=DIRECTION('',(1.22464679914735E-16,-8.63037753940401E-29,1.));
#3393=DIRECTION('center_axis',(0.,0.,1.));
#3394=DIRECTION('ref_axis',(1.,-7.04846271202155E-13,0.));
#3395=DIRECTION('',(1.22464679914735E-16,-8.63037753940401E-29,1.));
#3396=DIRECTION('center_axis',(0.,0.,1.));
#3397=DIRECTION('ref_axis',(1.,-7.04846271202155E-13,0.));
#3398=DIRECTION('',(1.22464679914735E-16,-8.63037753940401E-29,1.));
#3399=DIRECTION('center_axis',(0.,0.,1.));
#3400=DIRECTION('ref_axis',(1.,-7.04846271202155E-13,0.));
#3401=DIRECTION('',(1.22464679914735E-16,-8.63037753940401E-29,1.));
#3402=DIRECTION('center_axis',(0.,0.,1.));
#3403=DIRECTION('ref_axis',(1.,-7.04846271202155E-13,0.));
#3404=DIRECTION('',(1.22464679914735E-16,-8.63037753940401E-29,1.));
#3405=DIRECTION('center_axis',(0.,0.,1.));
#3406=DIRECTION('ref_axis',(1.,-7.04846271202155E-13,0.));
#3407=DIRECTION('',(1.22464679914735E-16,-8.63037753940401E-29,1.));
#3408=DIRECTION('center_axis',(0.,0.,1.));
#3409=DIRECTION('ref_axis',(1.,-7.04846271202155E-13,0.));
#3410=DIRECTION('',(1.22464679914735E-16,-8.63037753940401E-29,1.));
#3411=DIRECTION('center_axis',(0.,0.,1.));
#3412=DIRECTION('ref_axis',(1.,-7.04846271202155E-13,0.));
#3413=DIRECTION('',(1.22464679914735E-16,-8.63037753940401E-29,1.));
#3414=DIRECTION('center_axis',(0.,0.,1.));
#3415=DIRECTION('ref_axis',(1.,-7.04846271202155E-13,0.));
#3416=DIRECTION('',(1.22464679914735E-16,-8.63037753940401E-29,1.));
#3417=DIRECTION('center_axis',(0.,0.,1.));
#3418=DIRECTION('ref_axis',(1.,-7.04846271202155E-13,0.));
#3419=DIRECTION('',(1.22464679914735E-16,-8.63037753940401E-29,1.));
#3420=DIRECTION('center_axis',(0.,0.,1.));
#3421=DIRECTION('ref_axis',(1.,-7.04846271202155E-13,0.));
#3422=DIRECTION('',(1.22464679914735E-16,-8.63037753940401E-29,1.));
#3423=DIRECTION('center_axis',(0.,0.,1.));
#3424=DIRECTION('ref_axis',(1.,-7.04846271202155E-13,0.));
#3425=DIRECTION('',(1.22464679914735E-16,-8.63037753940401E-29,1.));
#3426=DIRECTION('center_axis',(0.,0.,1.));
#3427=DIRECTION('ref_axis',(1.,-7.04846271202155E-13,0.));
#3428=DIRECTION('',(1.22464679914735E-16,-8.63037753940401E-29,1.));
#3429=DIRECTION('center_axis',(0.,0.,1.));
#3430=DIRECTION('ref_axis',(1.,-7.04846271202155E-13,0.));
#3431=DIRECTION('',(1.22464679914735E-16,-8.63037753940401E-29,1.));
#3432=DIRECTION('center_axis',(0.,0.,1.));
#3433=DIRECTION('ref_axis',(1.,-7.04846271202155E-13,0.));
#3434=DIRECTION('',(1.22464679914735E-16,-8.63037753940401E-29,1.));
#3435=DIRECTION('center_axis',(0.,0.,1.));
#3436=DIRECTION('ref_axis',(1.,-7.04846271202155E-13,0.));
#3437=DIRECTION('',(1.22464679914735E-16,-8.63037753940401E-29,1.));
#3438=DIRECTION('center_axis',(0.,0.,1.));
#3439=DIRECTION('ref_axis',(1.,-7.04846271202155E-13,0.));
#3440=DIRECTION('',(1.22464679914735E-16,-8.63037753940401E-29,1.));
#3441=DIRECTION('center_axis',(0.,0.,1.));
#3442=DIRECTION('ref_axis',(1.,-7.04846271202155E-13,0.));
#3443=DIRECTION('',(1.22464679914735E-16,-8.63037753940401E-29,1.));
#3444=DIRECTION('center_axis',(0.,0.,1.));
#3445=DIRECTION('ref_axis',(1.,-7.04846271202155E-13,0.));
#3446=DIRECTION('',(1.22464679914735E-16,-8.63037753940401E-29,1.));
#3447=DIRECTION('center_axis',(0.,0.,1.));
#3448=DIRECTION('ref_axis',(1.,-7.04846271202155E-13,0.));
#3449=DIRECTION('',(1.22464679914735E-16,-8.63037753940401E-29,1.));
#3450=DIRECTION('center_axis',(0.,0.,1.));
#3451=DIRECTION('ref_axis',(1.,-7.04846271202155E-13,0.));
#3452=DIRECTION('',(1.22464679914735E-16,-8.63037753940401E-29,1.));
#3453=DIRECTION('center_axis',(0.,0.,1.));
#3454=DIRECTION('ref_axis',(1.,-7.04846271202155E-13,0.));
#3455=DIRECTION('',(1.22464679914735E-16,-8.63037753940401E-29,1.));
#3456=DIRECTION('center_axis',(0.,0.,1.));
#3457=DIRECTION('ref_axis',(1.,-7.04846271202155E-13,0.));
#3458=DIRECTION('',(1.22464679914735E-16,-8.63037753940401E-29,1.));
#3459=DIRECTION('center_axis',(0.,0.,1.));
#3460=DIRECTION('ref_axis',(1.,-7.04846271202155E-13,0.));
#3461=DIRECTION('',(1.22464679914735E-16,-8.63037753940401E-29,1.));
#3462=DIRECTION('center_axis',(0.,0.,1.));
#3463=DIRECTION('ref_axis',(1.,-7.04846271202155E-13,0.));
#3464=DIRECTION('',(1.22464679914735E-16,-8.63037753940401E-29,1.));
#3465=DIRECTION('center_axis',(0.,0.,1.));
#3466=DIRECTION('ref_axis',(1.,-7.04846271202155E-13,0.));
#3467=DIRECTION('',(1.22464679914735E-16,-8.63037753940401E-29,1.));
#3468=DIRECTION('center_axis',(0.,0.,1.));
#3469=DIRECTION('ref_axis',(1.,-7.04846271202155E-13,0.));
#3470=DIRECTION('',(1.22464679914735E-16,-8.63037753940401E-29,1.));
#3471=DIRECTION('center_axis',(0.,0.,1.));
#3472=DIRECTION('ref_axis',(-0.608532025283467,0.793529315277263,0.));
#3473=DIRECTION('',(1.22464679914735E-16,-8.63037753940401E-29,1.));
#3474=DIRECTION('center_axis',(0.,0.,1.));
#3475=DIRECTION('ref_axis',(1.,-7.04846271202155E-13,0.));
#3476=DIRECTION('center_axis',(-0.866025403784439,0.5,0.));
#3477=DIRECTION('ref_axis',(0.353553390593274,0.612372435695794,-0.707106781186548));
#3478=DIRECTION('center_axis',(-5.55111512312578E-16,-0.894427190999916,
0.447213595499958));
#3479=DIRECTION('ref_axis',(0.968245836551854,-0.11180339887499,-0.223606797749979));
#3480=DIRECTION('',(0.866025403784439,-0.5,0.));
#3481=DIRECTION('center_axis',(-0.774596669241484,-0.447213595499958,0.447213595499958));
#3482=DIRECTION('ref_axis',(-0.580947501931112,0.782623792124927,-0.223606797749979));
#3483=DIRECTION('',(-0.866025403784439,0.5,0.));
#3484=DIRECTION('center_axis',(-5.55111512312578E-16,-0.894427190999916,
0.447213595499958));
#3485=DIRECTION('ref_axis',(0.25,0.433012701892219,0.866025403784439));
#3486=DIRECTION('',(-1.,6.20633538311818E-16,0.));
#3487=DIRECTION('center_axis',(-5.55111512312578E-16,-0.894427190999916,
0.447213595499958));
#3488=DIRECTION('ref_axis',(-0.968245836551854,-0.111803398874989,-0.223606797749979));
#3489=DIRECTION('',(0.612372435695794,0.353553390593273,0.707106781186548));
#3490=DIRECTION('center_axis',(-5.55111512312578E-16,-0.894427190999916,
0.447213595499958));
#3491=DIRECTION('ref_axis',(1.56766286430441E-16,0.447213595499958,0.894427190999916));
#3492=DIRECTION('',(0.612372435695795,-0.353553390593274,-0.707106781186547));
#3493=DIRECTION('center_axis',(0.,0.,1.));
#3494=DIRECTION('ref_axis',(1.,0.,0.));
#3495=DIRECTION('',(0.5,-0.866025403784439,0.));
#3496=DIRECTION('',(3.60555498324222E-16,1.,0.));
#3497=DIRECTION('',(0.500000000000001,0.866025403784438,0.));
#3498=DIRECTION('',(0.866025403784439,0.499999999999999,0.));
#3499=DIRECTION('',(1.,-9.93013661298909E-16,0.));
#3500=DIRECTION('',(0.866025403784438,-0.5,0.));
#3501=DIRECTION('',(0.499999999999999,-0.866025403784439,0.));
#3502=DIRECTION('',(-4.80740664432297E-16,-1.,0.));
#3503=DIRECTION('',(-0.500000000000001,-0.866025403784438,0.));
#3504=DIRECTION('',(-0.866025403784439,-0.5,0.));
#3505=DIRECTION('center_axis',(3.60555498324222E-16,1.,0.));
#3506=DIRECTION('ref_axis',(0.707106781186548,0.,-0.707106781186547));
#3507=DIRECTION('center_axis',(-0.774596669241484,-0.447213595499958,0.447213595499958));
#3508=DIRECTION('ref_axis',(0.387298334620741,-0.894427190999916,-0.223606797749979));
#3509=DIRECTION('',(-3.60555498324222E-16,-1.,0.));
#3510=DIRECTION('center_axis',(-0.774596669241483,0.447213595499959,0.447213595499958));
#3511=DIRECTION('ref_axis',(0.387298334620743,0.894427190999915,-0.223606797749979));
#3512=DIRECTION('center_axis',(-0.774596669241483,0.447213595499959,0.447213595499958));
#3513=DIRECTION('ref_axis',(0.25,-0.433012701892219,0.866025403784439));
#3514=DIRECTION('',(-2.54951237859152E-16,-0.707106781186547,0.707106781186548));
#3515=DIRECTION('center_axis',(-0.774596669241483,0.447213595499959,0.447213595499958));
#3516=DIRECTION('ref_axis',(0.387298334620741,-0.22360679774998,0.894427190999916));
#3517=DIRECTION('',(-0.612372435695795,-0.353553390593274,-0.707106781186547));
#3518=DIRECTION('center_axis',(-0.774596669241483,0.447213595499959,0.447213595499958));
#3519=DIRECTION('ref_axis',(-0.580947501931113,-0.782623792124926,-0.223606797749979));
#3520=DIRECTION('center_axis',(1.,-3.60555498324222E-16,0.));
#3521=DIRECTION('ref_axis',(3.60555498324222E-16,1.,0.));
#3522=DIRECTION('',(2.54951237859152E-16,0.707106781186547,0.707106781186548));
#3523=DIRECTION('',(0.,0.,-1.));
#3524=DIRECTION('',(-2.54951237859153E-16,-0.707106781186549,0.707106781186546));
#3525=DIRECTION('',(3.60555498324222E-16,1.,0.));
#3526=DIRECTION('',(2.54951237859153E-16,0.707106781186549,0.707106781186547));
#3527=DIRECTION('',(0.,0.,1.));
#3528=DIRECTION('center_axis',(0.866025403784439,0.499999999999999,0.));
#3529=DIRECTION('ref_axis',(0.353553390593273,-0.612372435695796,-0.707106781186546));
#3530=DIRECTION('',(-0.866025403784439,-0.499999999999999,0.));
#3531=DIRECTION('center_axis',(8.88178419700125E-16,0.894427190999916,0.447213595499958));
#3532=DIRECTION('ref_axis',(0.968245836551854,0.111803398874989,-0.223606797749979));
#3533=DIRECTION('center_axis',(8.88178419700125E-16,0.894427190999916,0.447213595499958));
#3534=DIRECTION('ref_axis',(-0.25,-0.433012701892219,0.866025403784439));
#3535=DIRECTION('',(-0.612372435695794,-0.353553390593273,0.707106781186548));
#3536=DIRECTION('center_axis',(8.88178419700125E-16,0.894427190999916,0.447213595499958));
#3537=DIRECTION('ref_axis',(3.80718124188215E-16,-0.447213595499958,0.894427190999916));
#3538=DIRECTION('',(-0.612372435695794,0.353553390593274,-0.707106781186547));
#3539=DIRECTION('center_axis',(8.88178419700125E-16,0.894427190999916,0.447213595499958));
#3540=DIRECTION('ref_axis',(-0.968245836551854,0.11180339887499,-0.223606797749979));
#3541=DIRECTION('center_axis',(0.499999999999999,-0.866025403784439,0.));
#3542=DIRECTION('ref_axis',(0.866025403784439,0.499999999999999,0.));
#3543=DIRECTION('',(0.,0.,-1.));
#3544=DIRECTION('',(0.612372435695796,0.353553390593274,-0.707106781186546));
#3545=DIRECTION('',(0.866025403784439,0.499999999999999,0.));
#3546=DIRECTION('',(0.612372435695796,0.353553390593274,0.707106781186546));
#3547=DIRECTION('',(0.,0.,1.));
#3548=DIRECTION('center_axis',(0.866025403784438,-0.5,0.));
#3549=DIRECTION('ref_axis',(-0.353553390593273,-0.612372435695796,-0.707106781186546));
#3550=DIRECTION('',(-0.866025403784438,0.5,0.));
#3551=DIRECTION('center_axis',(0.774596669241484,0.447213595499958,0.447213595499958));
#3552=DIRECTION('ref_axis',(0.580947501931112,-0.782623792124927,-0.223606797749979));
#3553=DIRECTION('center_axis',(0.774596669241484,0.447213595499958,0.447213595499958));
#3554=DIRECTION('ref_axis',(-0.5,6.12323399573676E-17,0.866025403784439));
#3555=DIRECTION('',(-0.612372435695794,0.353553390593274,0.707106781186548));
#3556=DIRECTION('center_axis',(0.774596669241484,0.447213595499958,0.447213595499958));
#3557=DIRECTION('ref_axis',(-0.387298334620741,-0.223606797749979,0.894427190999916));
#3558=DIRECTION('',(3.39934983812204E-16,0.707106781186547,-0.707106781186548));
#3559=DIRECTION('center_axis',(0.774596669241484,0.447213595499958,0.447213595499958));
#3560=DIRECTION('ref_axis',(-0.387298334620741,0.894427190999916,-0.223606797749979));
#3561=DIRECTION('center_axis',(-0.5,-0.866025403784438,0.));
#3562=DIRECTION('ref_axis',(0.866025403784438,-0.5,0.));
#3563=DIRECTION('',(0.,0.,-1.));
#3564=DIRECTION('',(0.612372435695796,-0.353553390593275,-0.707106781186546));
#3565=DIRECTION('',(0.866025403784438,-0.5,0.));
#3566=DIRECTION('',(0.612372435695796,-0.353553390593275,0.707106781186546));
#3567=DIRECTION('',(0.,0.,1.));
#3568=DIRECTION('center_axis',(-4.80740664432297E-16,-1.,0.));
#3569=DIRECTION('ref_axis',(-0.707106781186548,9.81307786677359E-16,-0.707106781186547));
#3570=DIRECTION('',(4.80740664432297E-16,1.,0.));
#3571=DIRECTION('center_axis',(0.774596669241483,-0.447213595499959,0.447213595499958));
#3572=DIRECTION('ref_axis',(-0.387298334620742,-0.894427190999916,-0.223606797749979));
#3573=DIRECTION('center_axis',(0.774596669241483,-0.447213595499959,0.447213595499958));
#3574=DIRECTION('ref_axis',(-0.25,0.433012701892219,0.866025403784439));
#3575=DIRECTION('',(3.39934983812203E-16,0.707106781186547,0.707106781186548));
#3576=DIRECTION('center_axis',(0.774596669241483,-0.447213595499959,0.447213595499958));
#3577=DIRECTION('ref_axis',(-0.387298334620741,0.223606797749979,0.894427190999916));
#3578=DIRECTION('',(0.612372435695795,0.353553390593274,-0.707106781186547));
#3579=DIRECTION('center_axis',(0.774596669241483,-0.447213595499959,0.447213595499958));
#3580=DIRECTION('ref_axis',(0.580947501931113,0.782623792124926,-0.223606797749979));
#3581=DIRECTION('center_axis',(-0.866025403784439,-0.5,0.));
#3582=DIRECTION('ref_axis',(-0.353553390593273,0.612372435695794,-0.707106781186548));
#3583=DIRECTION('',(0.866025403784439,0.5,0.));
#3584=DIRECTION('center_axis',(-0.866025403784439,-0.5,0.));
#3585=DIRECTION('ref_axis',(-0.353553390593277,0.612372435695801,0.70710678118654));
#3586=DIRECTION('center_axis',(0.774596669241483,-0.447213595499958,-0.447213595499959));
#3587=DIRECTION('ref_axis',(0.580947501931113,0.782623792124926,0.223606797749979));
#3588=DIRECTION('',(0.866025403784439,0.5,0.));
#3589=DIRECTION('center_axis',(-2.22044604925031E-16,-0.894427190999915,
-0.447213595499959));
#3590=DIRECTION('ref_axis',(-0.968245836551854,-0.11180339887499,0.223606797749979));
#3591=DIRECTION('',(-0.866025403784439,-0.5,0.));
#3592=DIRECTION('center_axis',(2.22044604925031E-16,0.894427190999915,0.447213595499959));
#3593=DIRECTION('ref_axis',(0.250000000000001,0.433012701892221,-0.866025403784438));
#3594=DIRECTION('',(1.,-2.48253415324727E-16,0.));
#3595=DIRECTION('center_axis',(-2.22044604925031E-16,-0.894427190999915,
-0.447213595499959));
#3596=DIRECTION('ref_axis',(0.968245836551854,-0.11180339887499,0.223606797749979));
#3597=DIRECTION('',(-0.612372435695796,0.353553390593275,-0.707106781186546));
#3598=DIRECTION('center_axis',(-2.22044604925031E-16,-0.894427190999915,
-0.447213595499959));
#3599=DIRECTION('ref_axis',(1.56766286430442E-16,0.447213595499959,-0.894427190999915));
#3600=DIRECTION('',(-0.612372435695796,-0.353553390593274,0.707106781186546));
#3601=DIRECTION('center_axis',(0.,0.,1.));
#3602=DIRECTION('ref_axis',(1.,0.,0.));
#3603=DIRECTION('',(0.5,0.866025403784438,0.));
#3604=DIRECTION('',(4.80740664432297E-16,1.,0.));
#3605=DIRECTION('',(-0.5,0.866025403784439,0.));
#3606=DIRECTION('',(-0.866025403784438,0.5,0.));
#3607=DIRECTION('',(-1.,6.20633538311819E-16,0.));
#3608=DIRECTION('',(-0.866025403784439,-0.499999999999999,0.));
#3609=DIRECTION('',(-0.500000000000001,-0.866025403784438,0.));
#3610=DIRECTION('',(-3.60555498324222E-16,-1.,0.));
#3611=DIRECTION('',(-0.5,0.866025403784439,0.));
#3612=DIRECTION('',(0.866025403784439,-0.5,0.));
#3613=DIRECTION('center_axis',(-4.80740664432297E-16,-1.,0.));
#3614=DIRECTION('ref_axis',(-0.707106781186555,9.81307786677369E-16,0.70710678118654));
#3615=DIRECTION('center_axis',(0.774596669241483,0.447213595499957,-0.447213595499959));
#3616=DIRECTION('ref_axis',(-0.387298334620741,0.894427190999916,0.22360679774998));
#3617=DIRECTION('center_axis',(0.774596669241483,-0.447213595499958,-0.447213595499959));
#3618=DIRECTION('ref_axis',(-0.387298334620741,-0.894427190999916,0.223606797749979));
#3619=DIRECTION('',(-4.80740664432297E-16,-1.,0.));
#3620=DIRECTION('center_axis',(-0.774596669241483,-0.447213595499957,0.447213595499959));
#3621=DIRECTION('ref_axis',(-0.500000000000001,6.12323399573678E-17,-0.866025403784438));
#3622=DIRECTION('',(-3.39934983812204E-16,-0.707106781186549,-0.707106781186546));
#3623=DIRECTION('center_axis',(0.774596669241483,0.447213595499957,-0.447213595499959));
#3624=DIRECTION('ref_axis',(-0.387298334620743,-0.22360679774998,-0.894427190999915));
#3625=DIRECTION('center_axis',(0.774596669241483,0.447213595499957,-0.447213595499959));
#3626=DIRECTION('ref_axis',(0.580947501931113,-0.782623792124926,0.223606797749979));
#3627=DIRECTION('center_axis',(0.866025403784438,-0.5,0.));
#3628=DIRECTION('ref_axis',(-0.353553390593277,-0.612372435695803,0.707106781186539));
#3629=DIRECTION('center_axis',(5.55111512312578E-16,0.894427190999915,-0.447213595499959));
#3630=DIRECTION('ref_axis',(-0.968245836551854,0.111803398874991,0.223606797749979));
#3631=DIRECTION('center_axis',(0.866025403784439,0.499999999999999,0.));
#3632=DIRECTION('ref_axis',(0.353553390593277,-0.612372435695803,0.707106781186539));
#3633=DIRECTION('center_axis',(-0.774596669241483,0.447213595499958,-0.447213595499959));
#3634=DIRECTION('ref_axis',(-0.580947501931114,-0.782623792124925,0.223606797749979));
#3635=DIRECTION('center_axis',(5.55111512312578E-16,0.894427190999915,-0.447213595499959));
#3636=DIRECTION('ref_axis',(0.968245836551854,0.111803398874989,0.223606797749979));
#3637=DIRECTION('center_axis',(0.774596669241483,-0.447213595499958,0.447213595499959));
#3638=DIRECTION('ref_axis',(0.25,-0.433012701892221,-0.866025403784438));
#3639=DIRECTION('center_axis',(-0.774596669241483,0.447213595499958,-0.447213595499959));
#3640=DIRECTION('ref_axis',(0.387298334620742,-0.22360679774998,-0.894427190999915));
#3641=DIRECTION('center_axis',(-0.774596669241483,0.447213595499958,-0.447213595499959));
#3642=DIRECTION('ref_axis',(0.387298334620742,0.894427190999916,0.22360679774998));
#3643=DIRECTION('center_axis',(3.60555498324222E-16,1.,0.));
#3644=DIRECTION('ref_axis',(0.707106781186555,0.,0.70710678118654));
#3645=DIRECTION('center_axis',(-0.774596669241483,-0.447213595499958,-0.447213595499959));
#3646=DIRECTION('ref_axis',(0.387298334620741,-0.894427190999916,0.223606797749979));
#3647=DIRECTION('center_axis',(-0.866025403784439,0.5,0.));
#3648=DIRECTION('ref_axis',(0.353553390593278,0.6123724356958,0.70710678118654));
#3649=DIRECTION('center_axis',(-0.774596669241483,-0.447213595499958,-0.447213595499959));
#3650=DIRECTION('ref_axis',(-0.580947501931113,0.782623792124926,0.223606797749979));
#3651=DIRECTION('',(-0.866025403784439,0.5,0.));
#3652=DIRECTION('center_axis',(0.,0.,1.));
#3653=DIRECTION('ref_axis',(0.866025403784438,-0.500000000000002,0.));
#3654=DIRECTION('center_axis',(0.,0.,1.));
#3655=DIRECTION('ref_axis',(8.51311605951056E-16,-1.,0.));
#3656=DIRECTION('center_axis',(5.55111512312578E-16,0.894427190999915,-0.447213595499959));
#3657=DIRECTION('ref_axis',(3.80718124188216E-16,-0.447213595499959,-0.894427190999915));
#3658=DIRECTION('center_axis',(-5.55111512312578E-16,-0.894427190999915,
0.447213595499959));
#3659=DIRECTION('ref_axis',(-0.250000000000001,-0.43301270189222,-0.866025403784438));
#3660=DIRECTION('center_axis',(0.,0.,1.));
#3661=DIRECTION('ref_axis',(-0.866025403784438,-0.5,0.));
#3662=DIRECTION('',(0.,0.,-1.));
#3663=DIRECTION('center_axis',(0.,0.,1.));
#3664=DIRECTION('ref_axis',(-0.866025403784438,0.5,0.));
#3665=DIRECTION('center_axis',(0.774596669241483,-0.447213595499958,-0.447213595499959));
#3666=DIRECTION('ref_axis',(-0.387298334620743,0.22360679774998,-0.894427190999915));
#3667=DIRECTION('',(0.,0.,-1.));
#3668=DIRECTION('',(0.,0.,1.));
#3669=DIRECTION('center_axis',(-0.774596669241483,0.447213595499958,0.447213595499959));
#3670=DIRECTION('ref_axis',(-0.250000000000001,0.433012701892221,-0.866025403784438));
#3671=DIRECTION('',(-0.612372435695796,-0.353553390593274,-0.707106781186546));
#3672=DIRECTION('',(-3.39934983812204E-16,-0.707106781186549,0.707106781186546));
#3673=DIRECTION('center_axis',(-1.,4.80740664432297E-16,0.));
#3674=DIRECTION('ref_axis',(-4.80740664432297E-16,-1.,0.));
#3675=DIRECTION('center_axis',(0.,0.,1.));
#3676=DIRECTION('ref_axis',(3.5054007303867E-16,1.,0.));
#3677=DIRECTION('',(0.,0.,-1.));
#3678=DIRECTION('',(0.,0.,1.));
#3679=DIRECTION('center_axis',(-0.5,0.866025403784439,0.));
#3680=DIRECTION('ref_axis',(-0.866025403784439,-0.5,0.));
#3681=DIRECTION('center_axis',(0.,0.,1.));
#3682=DIRECTION('ref_axis',(0.866025403784439,0.499999999999999,0.));
#3683=DIRECTION('center_axis',(-0.774596669241483,-0.447213595499958,-0.447213595499959));
#3684=DIRECTION('ref_axis',(0.387298334620743,0.223606797749979,-0.894427190999915));
#3685=DIRECTION('center_axis',(-0.774596669241484,-0.447213595499958,0.447213595499958));
#3686=DIRECTION('ref_axis',(0.387298334620742,0.223606797749978,0.894427190999916));
#3687=DIRECTION('',(0.,0.,1.));
#3688=DIRECTION('center_axis',(-0.774596669241484,-0.447213595499958,0.447213595499958));
#3689=DIRECTION('ref_axis',(0.5,0.,0.866025403784439));
#3690=DIRECTION('',(-0.612372435695794,0.353553390593274,-0.707106781186548));
#3691=DIRECTION('center_axis',(0.774596669241483,0.447213595499958,0.447213595499959));
#3692=DIRECTION('ref_axis',(0.500000000000001,0.,-0.866025403784438));
#3693=DIRECTION('',(0.612372435695796,-0.353553390593275,-0.707106781186546));
#3694=DIRECTION('center_axis',(0.,0.,1.));
#3695=DIRECTION('ref_axis',(1.,-7.04846271202155E-13,0.));
#3696=DIRECTION('center_axis',(0.,0.,1.));
#3697=DIRECTION('ref_axis',(1.,0.,0.));
#3698=DIRECTION('center_axis',(0.5,0.866025403784439,0.));
#3699=DIRECTION('ref_axis',(-0.866025403784439,0.5,0.));
#3700=CARTESIAN_POINT('',(0.,0.,0.));
#3701=CARTESIAN_POINT('Origin',(0.,0.,0.));
#3702=CARTESIAN_POINT('',(-1.0363813170376,-0.0005812487887751,0.39803847577298));
#3703=CARTESIAN_POINT('',(-1.03884475793156,-0.000657357518817764,0.276961524227066));
#3704=CARTESIAN_POINT('',(-1.03775,-1.27087721581517E-16,0.));
#3705=CARTESIAN_POINT('',(0.776397497473619,-0.688572427865582,0.));
#3706=CARTESIAN_POINT('Ctrl Pts',(-1.03884475793156,-0.000657357518817764,
0.276961524227066));
#3707=CARTESIAN_POINT('Ctrl Pts',(-1.03651990918014,0.300953683545342,0.256077483780363));
#3708=CARTESIAN_POINT('Ctrl Pts',(-0.89760117414524,0.604338761394785,0.23519344333366));
#3709=CARTESIAN_POINT('Ctrl Pts',(-0.666445562638192,0.797564754710637,
0.214309402886957));
#3710=CARTESIAN_POINT('Ctrl Pts',(-0.402880019996142,1.01788263256276,0.190497247010628));
#3711=CARTESIAN_POINT('Ctrl Pts',(-0.0193996269950467,1.09498544673561,
0.166685091134299));
#3712=CARTESIAN_POINT('Ctrl Pts',(0.308590658813613,0.992794312450514,0.14287293525797));
#3713=CARTESIAN_POINT('Ctrl Pts',(0.636580944622273,0.890603178165418,0.119060779381642));
#3714=CARTESIAN_POINT('Ctrl Pts',(0.909081123238497,0.60911809542237,0.0952486235053132));
#3715=CARTESIAN_POINT('Ctrl Pts',(1.001269473548,0.278858434966739,0.0714364676289844));
#3716=CARTESIAN_POINT('Ctrl Pts',(1.09345782385749,-0.0514012254888911,
0.0476243117526558));
#3717=CARTESIAN_POINT('Ctrl Pts',(1.00533434586027,-0.430435463657105,0.023812155876327));
#3718=CARTESIAN_POINT('Ctrl Pts',(0.776397497473603,-0.6885724278656,-1.66533453693773E-15));
#3719=CARTESIAN_POINT('',(-0.777893652073584,-0.689670566588715,2.16102478746594E-16));
#3720=CARTESIAN_POINT('Origin',(0.,0.,0.));
#3721=CARTESIAN_POINT('Ctrl Pts',(-0.777896841196629,-0.689672907322423,
8.67361737988404E-17));
#3722=CARTESIAN_POINT('Ctrl Pts',(-0.558072994508289,-0.936184767706943,
0.0228909324946251));
#3723=CARTESIAN_POINT('Ctrl Pts',(-0.210232150855465,-1.07015919362327,
0.0457818649892502));
#3724=CARTESIAN_POINT('Ctrl Pts',(0.117862088826561,-1.03265086380921,0.0686727974838752));
#3725=CARTESIAN_POINT('Ctrl Pts',(0.459160163042998,-0.993633047632315,
0.0924849533602039));
#3726=CARTESIAN_POINT('Ctrl Pts',(0.779090286186311,-0.769052430897397,
0.116297109236532));
#3727=CARTESIAN_POINT('Ctrl Pts',(0.931472506857824,-0.461309708031175,
0.140109265112861));
#3728=CARTESIAN_POINT('Ctrl Pts',(1.08385472752934,-0.153566985164954,0.16392142098919));
#3729=CARTESIAN_POINT('Ctrl Pts',(1.06868904572905,0.237337843832571,0.187733576865519));
#3730=CARTESIAN_POINT('Ctrl Pts',(0.892808100476915,0.532361952118102,0.211545732741847));
#3731=CARTESIAN_POINT('Ctrl Pts',(0.71692715522478,0.827386060403634,0.235357888618176));
#3732=CARTESIAN_POINT('Ctrl Pts',(0.380330946520794,1.02652944797717,0.259170044494505));
#3733=CARTESIAN_POINT('Ctrl Pts',(0.0370838374058436,1.03877250856875,0.282982200370833));
#3734=CARTESIAN_POINT('Ctrl Pts',(-0.306163271709104,1.05101556916032,0.306794356247162));
#3735=CARTESIAN_POINT('Ctrl Pts',(-0.656061281235017,0.876358302769946,
0.330606512123491));
#3736=CARTESIAN_POINT('Ctrl Pts',(-0.852545139990396,0.594663015049424,
0.354418667999819));
#3737=CARTESIAN_POINT('Ctrl Pts',(-0.972520111232689,0.422657109539215,
0.368958603924206));
#3738=CARTESIAN_POINT('Ctrl Pts',(-1.03529548507467,0.210742683883638,0.383498539848593));
#3739=CARTESIAN_POINT('Ctrl Pts',(-1.0363813170376,-0.0005812487887751,
0.39803847577298));
#3740=CARTESIAN_POINT('Origin',(0.,0.,0.));
#3741=CARTESIAN_POINT('',(-1.03910173283927,-0.000538172070414449,0.848038475772975));
#3742=CARTESIAN_POINT('',(-1.0383363869853,0.00087194363609145,0.726961524227067));
#3743=CARTESIAN_POINT('',(-1.03775,-1.27087721581517E-16,0.));
#3744=CARTESIAN_POINT('Ctrl Pts',(-1.0383363869853,0.00087194363609145,
0.726961524227067));
#3745=CARTESIAN_POINT('Ctrl Pts',(-1.03888132542798,0.0616068464298994,
0.722762574914664));
#3746=CARTESIAN_POINT('Ctrl Pts',(-1.03401067737384,0.122254357470651,0.718563625602261));
#3747=CARTESIAN_POINT('Ctrl Pts',(-1.02341315832298,0.181883963674075,0.714364676289859));
#3748=CARTESIAN_POINT('Ctrl Pts',(-0.963314844014705,0.520042243786196,
0.69055252041353));
#3749=CARTESIAN_POINT('Ctrl Pts',(-0.71904030358245,0.825464694577231,0.666740364537201));
#3750=CARTESIAN_POINT('Ctrl Pts',(-0.402357001827833,0.958415063364308,
0.642928208660872));
#3751=CARTESIAN_POINT('Ctrl Pts',(-0.0856737000732157,1.09136543215139,
0.619116052784544));
#3752=CARTESIAN_POINT('Ctrl Pts',(0.303418363003764,1.05184371893451,0.595303896908216));
#3753=CARTESIAN_POINT('Ctrl Pts',(0.58689255617402,0.857916480247684,0.571491741031887));
#3754=CARTESIAN_POINT('Ctrl Pts',(0.870366749344277,0.663989241560861,0.547679585155559));
#3755=CARTESIAN_POINT('Ctrl Pts',(1.04822307260781,0.315656477404093,0.523867429279229));
#3756=CARTESIAN_POINT('Ctrl Pts',(1.03908207193879,-0.0276722009007935,
0.5000552734029));
#3757=CARTESIAN_POINT('Ctrl Pts',(1.02994107126977,-0.371000879205681,0.476243117526572));
#3758=CARTESIAN_POINT('Ctrl Pts',(0.833802746668198,-0.709325471658686,
0.452430961650243));
#3759=CARTESIAN_POINT('Ctrl Pts',(0.540413158340055,-0.887906036558962,
0.428618805773915));
#3760=CARTESIAN_POINT('Ctrl Pts',(0.247023570011912,-1.06648660145924,0.404806649897586));
#3761=CARTESIAN_POINT('Ctrl Pts',(-0.143617282042801,-1.08532313880678,
0.380994494021257));
#3762=CARTESIAN_POINT('Ctrl Pts',(-0.452780100694948,-0.935684629155544,
0.357182338144929));
#3763=CARTESIAN_POINT('Ctrl Pts',(-0.761942919347095,-0.786046119504303,
0.3333701822686));
#3764=CARTESIAN_POINT('Ctrl Pts',(-0.989627704596675,-0.467932562854277,
0.309558026392271));
#3765=CARTESIAN_POINT('Ctrl Pts',(-1.03164475107996,-0.127109313763572,
0.285745870515943));
#3766=CARTESIAN_POINT('Ctrl Pts',(-1.03681147192431,-0.08519921458479,0.282817755086317));
#3767=CARTESIAN_POINT('Ctrl Pts',(-1.03917072098062,-0.0429457233807386,
0.279889639656692));
#3768=CARTESIAN_POINT('Ctrl Pts',(-1.03884475793156,-0.000657357518817764,
0.276961524227066));
#3769=CARTESIAN_POINT('Ctrl Pts',(-1.0363813170376,-0.0005812487887751,
0.39803847577298));
#3770=CARTESIAN_POINT('Ctrl Pts',(-1.03707375975836,-0.135344014941099,
0.407310695724922));
#3771=CARTESIAN_POINT('Ctrl Pts',(-1.01267889745208,-0.269866645129795,
0.416582915676864));
#3772=CARTESIAN_POINT('Ctrl Pts',(-0.962032323491829,-0.393646265768038,
0.425855135628806));
#3773=CARTESIAN_POINT('Ctrl Pts',(-0.831965940253039,-0.711526949814305,
0.449667291505134));
#3774=CARTESIAN_POINT('Ctrl Pts',(-0.528763465790617,-0.95855500885617,
0.473479447381463));
#3775=CARTESIAN_POINT('Ctrl Pts',(-0.191162284574525,-1.02171795972189,
0.497291603257791));
#3776=CARTESIAN_POINT('Ctrl Pts',(0.146438896641568,-1.0848809105876,0.52110375913412));
#3777=CARTESIAN_POINT('Ctrl Pts',(0.518438784611332,-0.964178753277171,
0.544915915010449));
#3778=CARTESIAN_POINT('Ctrl Pts',(0.754634508140974,-0.714830779731583,
0.568728070886777));
#3779=CARTESIAN_POINT('Ctrl Pts',(0.990830231670615,-0.465482806185996,
0.592540226763106));
#3780=CARTESIAN_POINT('Ctrl Pts',(1.09122179076014,-0.0874890164052513,
0.616352382639435));
#3781=CARTESIAN_POINT('Ctrl Pts',(1.00987311587816,0.246196934926255,0.640164538515763));
#3782=CARTESIAN_POINT('Ctrl Pts',(0.928524440996179,0.579882886257762,0.663976694392092));
#3783=CARTESIAN_POINT('Ctrl Pts',(0.665435532142706,0.86926099914003,0.68778885026842));
#3784=CARTESIAN_POINT('Ctrl Pts',(0.340982960890459,0.981929468125109,0.711601006144749));
#3785=CARTESIAN_POINT('Ctrl Pts',(0.0165303896382109,1.09459793711019,0.735413162021078));
#3786=CARTESIAN_POINT('Ctrl Pts',(-0.36928584401281,1.03055676219807,0.759225317897407));
#3787=CARTESIAN_POINT('Ctrl Pts',(-0.639937561986879,0.819106645184669,
0.783037473773735));
#3788=CARTESIAN_POINT('Ctrl Pts',(-0.886207197721103,0.626705341832001,
0.804704474440149));
#3789=CARTESIAN_POINT('Ctrl Pts',(-1.03712724009336,0.312257915116975,0.826371475106562));
#3790=CARTESIAN_POINT('Ctrl Pts',(-1.03910173283927,-0.000538172070414449,
0.848038475772975));
#3791=CARTESIAN_POINT('Origin',(0.,0.,0.));
#3792=CARTESIAN_POINT('',(-1.03799630052842,0.000929391739725745,1.29803847577298));
#3793=CARTESIAN_POINT('',(-1.03606413554198,0.000137965630255324,1.17696152422707));
#3794=CARTESIAN_POINT('',(-1.03775,-1.27087721581517E-16,0.));
#3795=CARTESIAN_POINT('Ctrl Pts',(-1.03606413554198,0.000137965630255324,
1.17696152422707));
#3796=CARTESIAN_POINT('Ctrl Pts',(-1.0362596774121,0.164873799430205,1.16563551017264));
#3797=CARTESIAN_POINT('Ctrl Pts',(-0.99927729794182,0.329526680967634,1.15430949611821));
#3798=CARTESIAN_POINT('Ctrl Pts',(-0.92464918048121,0.474846851374119,1.14298348206378));
#3799=CARTESIAN_POINT('Ctrl Pts',(-0.767748760157797,0.780372390461743,
1.11917132618745));
#3800=CARTESIAN_POINT('Ctrl Pts',(-0.444446142629142,1.00044321988343,1.09535917031112));
#3801=CARTESIAN_POINT('Ctrl Pts',(-0.102667273281996,1.0343669201905,1.07154701443479));
#3802=CARTESIAN_POINT('Ctrl Pts',(0.23911159606515,1.06829062049758,1.04773485855846));
#3803=CARTESIAN_POINT('Ctrl Pts',(0.599366717230786,0.916067191690054,1.02392270268213));
#3804=CARTESIAN_POINT('Ctrl Pts',(0.813264695056915,0.64734555548484,1.0001105468058));
#3805=CARTESIAN_POINT('Ctrl Pts',(1.02716267288304,0.378623919279626,0.976298390929474));
#3806=CARTESIAN_POINT('Ctrl Pts',(1.09470350736966,-0.00659592432327445,
0.952486235053146));
#3807=CARTESIAN_POINT('Ctrl Pts',(0.984984094313798,-0.33205737064086,0.928674079176817));
#3808=CARTESIAN_POINT('Ctrl Pts',(0.875264681257934,-0.657518816958447,
0.904861923300489));
#3809=CARTESIAN_POINT('Ctrl Pts',(0.588285020659586,-0.92322186599072,0.88104976742416));
#3810=CARTESIAN_POINT('Ctrl Pts',(0.255351688850231,-1.00759632722043,0.857237611547831));
#3811=CARTESIAN_POINT('Ctrl Pts',(-0.0775816429591249,-1.09197078845015,
0.833425455671502));
#3812=CARTESIAN_POINT('Ctrl Pts',(-0.456468645979488,-0.995016661877308,
0.809613299795173));
#3813=CARTESIAN_POINT('Ctrl Pts',(-0.707951103397521,-0.761092543874283,
0.785801143918845));
#3814=CARTESIAN_POINT('Ctrl Pts',(-0.915088055219966,-0.568417757496018,
0.766187937354919));
#3815=CARTESIAN_POINT('Ctrl Pts',(-1.03579099063834,-0.282819548094095,
0.746574730790993));
#3816=CARTESIAN_POINT('Ctrl Pts',(-1.0383363869853,0.00087194363609145,
0.726961524227067));
#3817=CARTESIAN_POINT('Ctrl Pts',(-1.03910173283927,-0.000538172070414449,
0.848038475772975));
#3818=CARTESIAN_POINT('Ctrl Pts',(-1.03929721875197,-0.0315067480354003,
0.85018363098289));
#3819=CARTESIAN_POINT('Ctrl Pts',(-1.03803272307645,-0.0624591373784135,
0.852328786192806));
#3820=CARTESIAN_POINT('Ctrl Pts',(-1.03525623282566,-0.0932752960703574,
0.854473941402721));
#3821=CARTESIAN_POINT('Ctrl Pts',(-1.00443598339325,-0.435348061197292,
0.87828609727905));
#3822=CARTESIAN_POINT('Ctrl Pts',(-0.787308282231321,-0.760634532336473,
0.902098253155379));
#3823=CARTESIAN_POINT('Ctrl Pts',(-0.483219293143765,-0.920301377507271,
0.925910409031708));
#3824=CARTESIAN_POINT('Ctrl Pts',(-0.17913030405621,-1.07996822267807,0.949722564908036));
#3825=CARTESIAN_POINT('Ctrl Pts',(0.211919972956967,-1.07401544188049,0.973534720784365));
#3826=CARTESIAN_POINT('Ctrl Pts',(0.511008002194535,-0.905166546536093,
0.997346876660693));
#3827=CARTESIAN_POINT('Ctrl Pts',(0.810096031432104,-0.736317651191698,
1.02115903253702));
#3828=CARTESIAN_POINT('Ctrl Pts',(1.01722181289406,-0.404572641300488,1.04497118841335));
#3829=CARTESIAN_POINT('Ctrl Pts',(1.03761565164653,-0.0617203217660201,
1.06878334428968));
#3830=CARTESIAN_POINT('Ctrl Pts',(1.05800949039901,0.281131997768445,1.09259550016601));
#3831=CARTESIAN_POINT('Ctrl Pts',(0.891671386441995,0.63509162694617,1.11640765604234));
#3832=CARTESIAN_POINT('Ctrl Pts',(0.614708758485326,0.838205672992032,1.14021981191867));
#3833=CARTESIAN_POINT('Ctrl Pts',(0.337746130528655,1.0413197190379,1.16403196779499));
#3834=CARTESIAN_POINT('Ctrl Pts',(-0.0498410214276761,1.09358818195189,
1.18784412367132));
#3835=CARTESIAN_POINT('Ctrl Pts',(-0.370713622814079,0.971095793425021,
1.21165627954765));
#3836=CARTESIAN_POINT('Ctrl Pts',(-0.69158622420048,0.848603404898149,1.23546843542398));
#3837=CARTESIAN_POINT('Ctrl Pts',(-0.945744275016953,0.551350164930407,
1.25928059130031));
#3838=CARTESIAN_POINT('Ctrl Pts',(-1.01689867867729,0.215343222098916,1.28309274717664));
#3839=CARTESIAN_POINT('Ctrl Pts',(-1.03178539467597,0.145044833324616,1.28807465670875));
#3840=CARTESIAN_POINT('Ctrl Pts',(-1.03866171469821,0.0730501258686065,
1.29305656624086));
#3841=CARTESIAN_POINT('Ctrl Pts',(-1.03799630052842,0.000929391739725745,
1.29803847577298));
#3842=CARTESIAN_POINT('Origin',(0.,0.,0.));
#3843=CARTESIAN_POINT('',(-1.03604946999204,-4.83958926460728E-5,1.74803847577298));
#3844=CARTESIAN_POINT('',(-1.03783029815979,-0.000943547816541351,1.62696152422707));
#3845=CARTESIAN_POINT('',(-1.03775,-1.27087721581517E-16,0.));
#3846=CARTESIAN_POINT('Ctrl Pts',(-1.03783029815979,-0.000943547816541351,
1.62696152422707));
#3847=CARTESIAN_POINT('Ctrl Pts',(-1.03536748440791,0.266302496889978,1.60850844543061));
#3848=CARTESIAN_POINT('Ctrl Pts',(-0.929935205633908,0.535273493680416,
1.59005536663415));
#3849=CARTESIAN_POINT('Ctrl Pts',(-0.744086341711116,0.725803778953526,
1.57160228783769));
#3850=CARTESIAN_POINT('Ctrl Pts',(-0.504263916088707,0.971667187554771,
1.54779013196136));
#3851=CARTESIAN_POINT('Ctrl Pts',(-0.130533840548052,1.08691312069662,1.52397797608503));
#3852=CARTESIAN_POINT('Ctrl Pts',(0.206105051306599,1.01881122587661,1.5001658202087));
#3853=CARTESIAN_POINT('Ctrl Pts',(0.542743943161248,0.950709331056591,1.47635366433238));
#3854=CARTESIAN_POINT('Ctrl Pts',(0.842291651329896,0.699259608274707,1.45254150845605));
#3855=CARTESIAN_POINT('Ctrl Pts',(0.967691214632329,0.379511953770305,1.42872935257972));
#3856=CARTESIAN_POINT('Ctrl Pts',(1.09309077793476,0.0597642992658984,1.40491719670339));
#3857=CARTESIAN_POINT('Ctrl Pts',(1.04434219637098,-0.328281286961026,1.38110504082706));
#3858=CARTESIAN_POINT('Ctrl Pts',(0.843750204793134,-0.60707594746782,1.35729288495073));
#3859=CARTESIAN_POINT('Ctrl Pts',(0.643158213215288,-0.885870607974612,
1.3334807290744));
#3860=CARTESIAN_POINT('Ctrl Pts',(0.290722811623378,-1.05541434276127,1.30966857319808));
#3861=CARTESIAN_POINT('Ctrl Pts',(-0.0523004653513162,-1.03813306143338,
1.28585641732175));
#3862=CARTESIAN_POINT('Ctrl Pts',(-0.395323742326009,-1.0208517801055,1.26204426144542));
#3863=CARTESIAN_POINT('Ctrl Pts',(-0.728934894683487,-0.816745482663063,
1.23823210556909));
#3864=CARTESIAN_POINT('Ctrl Pts',(-0.90049135930314,-0.519202209565065,
1.21441994969276));
#3865=CARTESIAN_POINT('Ctrl Pts',(-0.990448705409457,-0.363182421800002,
1.20193380787086));
#3866=CARTESIAN_POINT('Ctrl Pts',(-1.03584856424649,-0.181471819956247,
1.18944766604897));
#3867=CARTESIAN_POINT('Ctrl Pts',(-1.03606413554198,0.000137965630255324,
1.17696152422707));
#3868=CARTESIAN_POINT('Ctrl Pts',(-1.03799630052842,0.000929391739725745,
1.29803847577298));
#3869=CARTESIAN_POINT('Ctrl Pts',(-1.03548121817754,-0.271667126004842,
1.31686872211719));
#3870=CARTESIAN_POINT('Ctrl Pts',(-0.92522251871235,-0.546064100944298,
1.33569896846141));
#3871=CARTESIAN_POINT('Ctrl Pts',(-0.732527165494275,-0.737468354595316,
1.35452921480562));
#3872=CARTESIAN_POINT('Ctrl Pts',(-0.488850492146741,-0.979512342762813,
1.37834137068195));
#3873=CARTESIAN_POINT('Ctrl Pts',(-0.113346388947481,-1.08883967340257,
1.40215352655828));
#3874=CARTESIAN_POINT('Ctrl Pts',(0.222174612848885,-1.01542802154458,1.42596568243461));
#3875=CARTESIAN_POINT('Ctrl Pts',(0.557695614645253,-0.942016369686591,
1.44977783831094));
#3876=CARTESIAN_POINT('Ctrl Pts',(0.853233515038727,-0.685865735330863,
1.47358999418727));
#3877=CARTESIAN_POINT('Ctrl Pts',(0.973566024256996,-0.364176909069959,
1.4974021500636));
#3878=CARTESIAN_POINT('Ctrl Pts',(1.09389853347526,-0.0424880828090545,
1.52121430593992));
#3879=CARTESIAN_POINT('Ctrl Pts',(1.03902565151833,0.344738935357023,1.54502646181625));
#3880=CARTESIAN_POINT('Ctrl Pts',(0.834054265998523,0.620329836150902,1.56883861769258));
#3881=CARTESIAN_POINT('Ctrl Pts',(0.629082880478718,0.895920736944779,1.59265077356891));
#3882=CARTESIAN_POINT('Ctrl Pts',(0.274012991396044,1.05987552036646,1.61646292944524));
#3883=CARTESIAN_POINT('Ctrl Pts',(-0.0686944684591192,1.03717727257097,
1.64027508532157));
#3884=CARTESIAN_POINT('Ctrl Pts',(-0.411401928314283,1.01447902477548,1.6640872411979));
#3885=CARTESIAN_POINT('Ctrl Pts',(-0.741746958941936,0.805127745762824,
1.68789939707422));
#3886=CARTESIAN_POINT('Ctrl Pts',(-0.908581395940526,0.504911350169083,
1.71171155295055));
#3887=CARTESIAN_POINT('Ctrl Pts',(-0.993420161323592,0.352245097277048,
1.7238205272247));
#3888=CARTESIAN_POINT('Ctrl Pts',(-1.03597618164023,0.176081733436073,1.73592950149884));
#3889=CARTESIAN_POINT('Ctrl Pts',(-1.03604946999204,-4.83958926460728E-5,
1.74803847577298));
#3890=CARTESIAN_POINT('Origin',(0.,0.,0.));
#3891=CARTESIAN_POINT('',(-1.0381738711481,-0.000903744080250079,2.19803847577298));
#3892=CARTESIAN_POINT('',(-1.03920597013083,0.000453486585714862,2.07696152422707));
#3893=CARTESIAN_POINT('',(-1.03775,-1.27087721581517E-16,0.));
#3894=CARTESIAN_POINT('Ctrl Pts',(-1.03920597013083,0.000453486585714862,
2.07696152422707));
#3895=CARTESIAN_POINT('Ctrl Pts',(-1.03934576000332,0.0259702935375352,
2.07519353656491));
#3896=CARTESIAN_POINT('Ctrl Pts',(-1.03848734445237,0.0514775381270869,
2.07342554890275));
#3897=CARTESIAN_POINT('Ctrl Pts',(-1.0366005467865,0.0769084839827105,2.07165756124059));
#3898=CARTESIAN_POINT('Ctrl Pts',(-1.01118819743111,0.419425380315369,2.04784540536427));
#3899=CARTESIAN_POINT('Ctrl Pts',(-0.799226606089543,0.748101632424192,
2.02403324948794));
#3900=CARTESIAN_POINT('Ctrl Pts',(-0.497698026015569,0.912552619542477,
2.00022109361161));
#3901=CARTESIAN_POINT('Ctrl Pts',(-0.196169445941595,1.07700360666076,1.97640893773528));
#3902=CARTESIAN_POINT('Ctrl Pts',(0.194926122864786,1.07722932878851,1.95259678185895));
#3903=CARTESIAN_POINT('Ctrl Pts',(0.496644328917226,0.913126507674864,1.92878462598262));
#3904=CARTESIAN_POINT('Ctrl Pts',(0.798362534969665,0.749023686561216,1.90497247010629));
#3905=CARTESIAN_POINT('Ctrl Pts',(1.01070337826816,0.420592322206172,1.88116031422996));
#3906=CARTESIAN_POINT('Ctrl Pts',(1.0365110802162,0.0781049876699614,1.85734815835364));
#3907=CARTESIAN_POINT('Ctrl Pts',(1.06231878216424,-0.26438234686625,1.83353600247731));
#3908=CARTESIAN_POINT('Ctrl Pts',(0.901593342761822,-0.620925651583627,
1.80972384660098));
#3909=CARTESIAN_POINT('Ctrl Pts',(0.627874100745636,-0.828389837141126,
1.78591169072465));
#3910=CARTESIAN_POINT('Ctrl Pts',(0.354154858729449,-1.03585402269862,1.76209953484832));
#3911=CARTESIAN_POINT('Ctrl Pts',(-0.0325581859005045,-1.09423908909624,
1.73828737897199));
#3912=CARTESIAN_POINT('Ctrl Pts',(-0.355325889584047,-0.976831162674244,
1.71447522309566));
#3913=CARTESIAN_POINT('Ctrl Pts',(-0.67809359326759,-0.859423236252243,
1.69066306721933));
#3914=CARTESIAN_POINT('Ctrl Pts',(-0.936915956004722,-0.566222317010621,
1.666850911343));
#3915=CARTESIAN_POINT('Ctrl Pts',(-1.01336974952121,-0.23138141535949,1.64303875546668));
#3916=CARTESIAN_POINT('Ctrl Pts',(-1.03057616185242,-0.156023341493299,
1.63767967838681));
#3917=CARTESIAN_POINT('Ctrl Pts',(-1.03854553971244,-0.0785561873478664,
1.63232060130694));
#3918=CARTESIAN_POINT('Ctrl Pts',(-1.03783029815979,-0.000943547816541351,
1.62696152422707));
#3919=CARTESIAN_POINT('Ctrl Pts',(-1.03604946999204,-4.83958926460728E-5,
1.74803847577298));
#3920=CARTESIAN_POINT('Ctrl Pts',(-1.03612030232441,-0.170276099947852,
1.75974165737517));
#3921=CARTESIAN_POINT('Ctrl Pts',(-0.996508032708595,-0.340472759659225,
1.77144483897735));
#3922=CARTESIAN_POINT('Ctrl Pts',(-0.917032113715788,-0.489395266576043,
1.78314802057954));
#3923=CARTESIAN_POINT('Ctrl Pts',(-0.755324551122933,-0.792403975552601,
1.80696017645587));
#3924=CARTESIAN_POINT('Ctrl Pts',(-0.428585582567697,-1.00733988133089,
1.8307723323322));
#3925=CARTESIAN_POINT('Ctrl Pts',(-0.0863134317028378,-1.03585984385447,
1.85458448820853));
#3926=CARTESIAN_POINT('Ctrl Pts',(0.255958719162017,-1.06437980637804,1.87839664408485));
#3927=CARTESIAN_POINT('Ctrl Pts',(0.613764052336494,-0.90648382564691,1.90220879996118));
#3928=CARTESIAN_POINT('Ctrl Pts',(0.823390042246457,-0.634416631957968,
1.92602095583751));
#3929=CARTESIAN_POINT('Ctrl Pts',(1.03301603215643,-0.36234943826902,1.94983311171384));
#3930=CARTESIAN_POINT('Ctrl Pts',(1.09446267880187,0.0238889683777427,1.97364526759017));
#3931=CARTESIAN_POINT('Ctrl Pts',(0.979615293070922,0.347576613357742,1.9974574234665));
#3932=CARTESIAN_POINT('Ctrl Pts',(0.864767907339978,0.671264258337735,2.02126957934283));
#3933=CARTESIAN_POINT('Ctrl Pts',(0.573626489232652,0.93240114165097,2.04508173521916));
#3934=CARTESIAN_POINT('Ctrl Pts',(0.239401733027688,1.01150503449301,2.06889389109548));
#3935=CARTESIAN_POINT('Ctrl Pts',(-0.0948230231772766,1.09060892733506,
2.09270604697181));
#3936=CARTESIAN_POINT('Ctrl Pts',(-0.472131117479878,0.987679829705907,
2.11651820284814));
#3937=CARTESIAN_POINT('Ctrl Pts',(-0.719886607082639,0.749812574927853,
2.14033035872447));
#3938=CARTESIAN_POINT('Ctrl Pts',(-0.920029521030486,0.557657617714246,
2.15956639774064));
#3939=CARTESIAN_POINT('Ctrl Pts',(-1.03562897569711,0.277444696549757,2.17880243675681));
#3940=CARTESIAN_POINT('Ctrl Pts',(-1.0381738711481,-0.000903744080250079,
2.19803847577298));
#3941=CARTESIAN_POINT('Origin',(0.,0.,0.));
#3942=CARTESIAN_POINT('',(-1.0389738981524,0.000622001616338894,2.64803847577298));
#3943=CARTESIAN_POINT('',(-1.03648262145388,0.000653326259192899,2.52696152422707));
#3944=CARTESIAN_POINT('',(-1.03775,-1.27087721581517E-16,0.));
#3945=CARTESIAN_POINT('Ctrl Pts',(-1.03648262145388,0.000653326259192899,
2.52696152422707));
#3946=CARTESIAN_POINT('Ctrl Pts',(-1.03722741072247,0.129900397323784,2.51806647182288));
#3947=CARTESIAN_POINT('Ctrl Pts',(-1.01483385976557,0.258898669239843,2.5091714194187));
#3948=CARTESIAN_POINT('Ctrl Pts',(-0.968128643239936,0.378394686335375,
2.50027636701451));
#3949=CARTESIAN_POINT('Ctrl Pts',(-0.843098250431604,0.698286875429206,
2.47646421113818));
#3950=CARTESIAN_POINT('Ctrl Pts',(-0.543840991640552,0.950082204911771,
2.45265205526185));
#3951=CARTESIAN_POINT('Ctrl Pts',(-0.207280934464284,1.01857263988229,2.42883989938552));
#3952=CARTESIAN_POINT('Ctrl Pts',(0.129279122711988,1.08706307485281,2.4050277435092));
#3953=CARTESIAN_POINT('Ctrl Pts',(0.503141978273478,0.972248615311279,2.38121558763287));
#3954=CARTESIAN_POINT('Ctrl Pts',(0.743248045849723,0.726662198582264,2.35740343175654));
#3955=CARTESIAN_POINT('Ctrl Pts',(0.983354113425966,0.481075781853253,2.33359127588021));
#3956=CARTESIAN_POINT('Ctrl Pts',(1.08970339301697,0.104717407936764,2.30977912000388));
#3957=CARTESIAN_POINT('Ctrl Pts',(1.01363615952055,-0.230211521476263,2.28596696412755));
#3958=CARTESIAN_POINT('Ctrl Pts',(0.937568926024123,-0.565140450889294,
2.26215480825122));
#3959=CARTESIAN_POINT('Ctrl Pts',(0.679085179440268,-0.858639935798863,
2.23834265237489));
#3960=CARTESIAN_POINT('Ctrl Pts',(0.356453215525544,-0.976420357046063,
2.21453049649857));
#3961=CARTESIAN_POINT('Ctrl Pts',(0.0338212516108237,-1.09420077829326,
2.19071834062224));
#3962=CARTESIAN_POINT('Ctrl Pts',(-0.352958929634765,-1.0362621358781,2.16690618474591));
#3963=CARTESIAN_POINT('Ctrl Pts',(-0.626917466572946,-0.82911404439227,
2.14309402886958));
#3964=CARTESIAN_POINT('Ctrl Pts',(-0.880535328951255,-0.637346134015976,
2.12104986065541));
#3965=CARTESIAN_POINT('Ctrl Pts',(-1.03746299899481,-0.317703023651507,
2.09900569244124));
#3966=CARTESIAN_POINT('Ctrl Pts',(-1.03920597013083,0.000453486585714862,
2.07696152422707));
#3967=CARTESIAN_POINT('Ctrl Pts',(-1.0381738711481,-0.000903744080250079,
2.19803847577298));
#3968=CARTESIAN_POINT('Ctrl Pts',(-1.0387792836746,-0.0671208582738454,
2.20261459263314));
#3969=CARTESIAN_POINT('Ctrl Pts',(-1.03298659661595,-0.13323245587247,2.2071907094933));
#3970=CARTESIAN_POINT('Ctrl Pts',(-1.02041196280129,-0.198027903965002,
2.21176682635346));
#3971=CARTESIAN_POINT('Ctrl Pts',(-0.954978944014264,-0.535195716152847,
2.23557898222978));
#3972=CARTESIAN_POINT('Ctrl Pts',(-0.705910021537286,-0.836725928601574,
2.25939113810611));
#3973=CARTESIAN_POINT('Ctrl Pts',(-0.387165772684972,-0.964654492053672,
2.28320329398244));
#3974=CARTESIAN_POINT('Ctrl Pts',(-0.0684215238326605,-1.09258305550577,
2.30701544985877));
#3975=CARTESIAN_POINT('Ctrl Pts',(0.319998051394985,-1.04690996996124,2.3308276057351));
#3976=CARTESIAN_POINT('Ctrl Pts',(0.600372992621109,-0.84853278917702,2.35463976161143));
#3977=CARTESIAN_POINT('Ctrl Pts',(0.880747933847232,-0.650155608392803,
2.37845191748776));
#3978=CARTESIAN_POINT('Ctrl Pts',(1.05307824107183,-0.299074332368898,2.40226407336409));
#3979=CARTESIAN_POINT('Ctrl Pts',(1.03851481058134,0.0440750811752212,2.42607622924041));
#3980=CARTESIAN_POINT('Ctrl Pts',(1.02395138009085,0.387224494719338,2.44988838511674));
#3981=CARTESIAN_POINT('Ctrl Pts',(0.822494211885263,0.722442045783678,2.47370054099307));
#3982=CARTESIAN_POINT('Ctrl Pts',(0.526319298716748,0.896350166160462,2.4975126968694));
#3983=CARTESIAN_POINT('Ctrl Pts',(0.230144385548228,1.07025828653725,2.52132485274573));
#3984=CARTESIAN_POINT('Ctrl Pts',(-0.160748272583216,1.08285697622648,2.54513700862206));
#3985=CARTESIAN_POINT('Ctrl Pts',(-0.46750716523596,0.928381750698764,2.56894916449839));
#3986=CARTESIAN_POINT('Ctrl Pts',(-0.774266057888699,0.773906525171047,
2.59276132037472));
#3987=CARTESIAN_POINT('Ctrl Pts',(-0.996891185062733,0.452357384426378,
2.61657347625104));
#3988=CARTESIAN_POINT('Ctrl Pts',(-1.03352123156314,0.110857965368695,2.64038563212737));
#3989=CARTESIAN_POINT('Ctrl Pts',(-1.03744533402653,0.0742738264008008,
2.64293658000924));
#3990=CARTESIAN_POINT('Ctrl Pts',(-1.03923488224663,0.0374607300267553,
2.64548752789111));
#3991=CARTESIAN_POINT('Ctrl Pts',(-1.0389738981524,0.000622001616338894,
2.64803847577298));
#3992=CARTESIAN_POINT('Origin',(0.,0.,0.));
#3993=CARTESIAN_POINT('',(-1.03628965149152,0.000505016162222519,3.09803847577298));
#3994=CARTESIAN_POINT('',(-1.03683506095336,-0.000818677061811962,2.97696152422707));
#3995=CARTESIAN_POINT('',(-1.03775,-1.27087721581517E-16,0.));
#3996=CARTESIAN_POINT('Ctrl Pts',(-1.03683506095336,-0.000818677061811962,
2.97696152422707));
#3997=CARTESIAN_POINT('Ctrl Pts',(-1.03511663694499,0.231787262984486,2.96093940708085));
#3998=CARTESIAN_POINT('Ctrl Pts',(-0.957724809511649,0.465429741944404,
2.94491728993464));
#3999=CARTESIAN_POINT('Ctrl Pts',(-0.814011394844531,0.646406263561727,
2.92889517278843));
#4000=CARTESIAN_POINT('Ctrl Pts',(-0.60042375219135,0.915374534320245,2.9050830169121));
#4001=CARTESIAN_POINT('Ctrl Pts',(-0.240344571261413,1.06801390784144,2.88127086103577));
#4002=CARTESIAN_POINT('Ctrl Pts',(0.101473231644087,1.03448479532968,2.85745870515944));
#4003=CARTESIAN_POINT('Ctrl Pts',(0.443291034549587,1.00095568281793,2.83364654928311));
#4004=CARTESIAN_POINT('Ctrl Pts',(0.766847459430651,0.781258084273226,2.80983439340678));
#4005=CARTESIAN_POINT('Ctrl Pts',(0.924100443845693,0.47591383484068,2.78602223753045));
#4006=CARTESIAN_POINT('Ctrl Pts',(1.08135342826073,0.170569585408133,2.76221008165412));
#4007=CARTESIAN_POINT('Ctrl Pts',(1.07230297220976,-0.220421314912257,2.7383979257778));
#4008=CARTESIAN_POINT('Ctrl Pts',(0.901090078858795,-0.518162405323663,
2.71458576990147));
#4009=CARTESIAN_POINT('Ctrl Pts',(0.729877185507835,-0.815903495735068,
2.69077361402514));
#4010=CARTESIAN_POINT('Ctrl Pts',(0.396501854856894,-1.02039477623749,2.66696145814881));
#4011=CARTESIAN_POINT('Ctrl Pts',(0.0534987538805161,-1.03807200706015,
2.64314930227248));
#4012=CARTESIAN_POINT('Ctrl Pts',(-0.289504347095861,-1.05574923788282,
2.61933714639615));
#4013=CARTESIAN_POINT('Ctrl Pts',(-0.642135218397676,-0.886612419025734,
2.59552499051982));
#4014=CARTESIAN_POINT('Ctrl Pts',(-0.843048890635778,-0.608049485244641,
2.5717128346435));
#4015=CARTESIAN_POINT('Ctrl Pts',(-0.968911078558179,-0.433543987787897,
2.55679573117135));
#4016=CARTESIAN_POINT('Ctrl Pts',(-1.03523360142794,-0.216095473515694,
2.54187862769921));
#4017=CARTESIAN_POINT('Ctrl Pts',(-1.03648262145388,0.000653326259192899,
2.52696152422707));
#4018=CARTESIAN_POINT('Ctrl Pts',(-1.0389738981524,0.000622001616338894,
2.64803847577298));
#4019=CARTESIAN_POINT('Ctrl Pts',(-1.03679869216332,-0.306415187403509,
2.66929968376744));
#4020=CARTESIAN_POINT('Ctrl Pts',(-0.892181074315722,-0.615232933138278,
2.6905608917619));
#4021=CARTESIAN_POINT('Ctrl Pts',(-0.653767555809421,-0.808111135641923,
2.71182209975636));
#4022=CARTESIAN_POINT('Ctrl Pts',(-0.386748867728503,-1.02413112022416,
2.73563425563269));
#4023=CARTESIAN_POINT('Ctrl Pts',(-0.00207652573988901,-1.09472139201795,
2.75944641150901));
#4024=CARTESIAN_POINT('Ctrl Pts',(0.324244042685273,-0.987583629552757,
2.78325856738534));
#4025=CARTESIAN_POINT('Ctrl Pts',(0.650564611110434,-0.880445867087569,
2.80707072326167));
#4026=CARTESIAN_POINT('Ctrl Pts',(0.918533405972134,-0.595580070363413,
2.830882879138));
#4027=CARTESIAN_POINT('Ctrl Pts',(1.0055422822586,-0.263325545983788,2.85469503501433));
#4028=CARTESIAN_POINT('Ctrl Pts',(1.09255115854506,0.0689289783958352,2.87850719089066));
#4029=CARTESIAN_POINT('Ctrl Pts',(0.998600116256288,0.448572230430931,2.90231934676699));
#4030=CARTESIAN_POINT('Ctrl Pts',(0.766676112223931,0.701899824421327,2.92613150264332));
#4031=CARTESIAN_POINT('Ctrl Pts',(0.534752108191572,0.955227418411724,2.94994365851964));
#4032=CARTESIAN_POINT('Ctrl Pts',(0.164855142415629,1.08223935435743,2.97375581439597));
#4033=CARTESIAN_POINT('Ctrl Pts',(-0.173769777144367,1.02482178408184,2.9975679702723));
#4034=CARTESIAN_POINT('Ctrl Pts',(-0.512394696704362,0.967404213806256,
3.02138012614863));
#4035=CARTESIAN_POINT('Ctrl Pts',(-0.819747570048407,0.725557137309383,
3.04519228202496));
#4036=CARTESIAN_POINT('Ctrl Pts',(-0.955200210658728,0.4099368026111,3.06900443790129));
#4037=CARTESIAN_POINT('Ctrl Pts',(-1.01025244417236,0.281658724832989,3.07868245052519));
#4038=CARTESIAN_POINT('Ctrl Pts',(-1.03690905481548,0.141194289977276,3.08836046314908));
#4039=CARTESIAN_POINT('Ctrl Pts',(-1.03628965149152,0.000505016162222519,
3.09803847577298));
#4040=CARTESIAN_POINT('Origin',(0.,0.,0.));
#4041=CARTESIAN_POINT('',(-1.03713093829988,-0.000897823311914088,3.54803847577298));
#4042=CARTESIAN_POINT('',(-1.03941235121287,-0.000177320211218884,3.42696152422707));
#4043=CARTESIAN_POINT('',(-1.03775,-1.27087721581517E-16,0.));
#4044=CARTESIAN_POINT('Ctrl Pts',(-1.03941235121287,-0.000177320211218884,
3.42696152422707));
#4045=CARTESIAN_POINT('Ctrl Pts',(-1.0386224463799,0.333750747643757,3.40381234233883));
#4046=CARTESIAN_POINT('Ctrl Pts',(-0.863246459867368,0.668391775672282,
3.38066316045059));
#4047=CARTESIAN_POINT('Ctrl Pts',(-0.587882759213751,0.857233614557784,
3.35751397856235));
#4048=CARTESIAN_POINT('Ctrl Pts',(-0.304632863200052,1.05148373213098,3.33370182268602));
#4049=CARTESIAN_POINT('Ctrl Pts',(0.0844138929915687,1.09146393204153,3.30988966680968));
#4050=CARTESIAN_POINT('Ctrl Pts',(0.40125058462153,0.958881419597574,3.28607751093335));
#4051=CARTESIAN_POINT('Ctrl Pts',(0.718087276251487,0.82629890715362,3.26226535505703));
#4052=CARTESIAN_POINT('Ctrl Pts',(0.962713903319781,0.521153682355153,3.2384531991807));
#4053=CARTESIAN_POINT('Ctrl Pts',(1.02320244457747,0.183063830177535,3.21464104330437));
#4054=CARTESIAN_POINT('Ctrl Pts',(1.08369098583516,-0.155026022000088,3.19082888742805));
#4055=CARTESIAN_POINT('Ctrl Pts',(0.960041441282241,-0.52606050155687,3.16701673155171));
#4056=CARTESIAN_POINT('Ctrl Pts',(0.708829209173613,-0.760274135250495,
3.14320457567538));
#4057=CARTESIAN_POINT('Ctrl Pts',(0.457616977064988,-0.994487768944116,
3.11939241979905));
#4058=CARTESIAN_POINT('Ctrl Pts',(0.0788420574006573,-1.09188055677459,
3.09558026392273));
#4059=CARTESIAN_POINT('Ctrl Pts',(-0.254188466429322,-1.00789078378706,
3.0717681080464));
#4060=CARTESIAN_POINT('Ctrl Pts',(-0.587218990259305,-0.923901010799528,
3.04795595217007));
#4061=CARTESIAN_POINT('Ctrl Pts',(-0.874505118254935,-0.658528676993998,
3.02414379629374));
#4062=CARTESIAN_POINT('Ctrl Pts',(-0.984600130064536,-0.333193926093312,
3.00033164041741));
#4063=CARTESIAN_POINT('Ctrl Pts',(-1.02061721354255,-0.226762138777153,
2.9925416016873));
#4064=CARTESIAN_POINT('Ctrl Pts',(-1.03767056786282,-0.113912924549802,
2.98475156295718));
#4065=CARTESIAN_POINT('Ctrl Pts',(-1.03683506095336,-0.000818677061811962,
2.97696152422707));
#4066=CARTESIAN_POINT('Ctrl Pts',(-1.03628965149152,0.000505016162222519,
3.09803847577298));
#4067=CARTESIAN_POINT('Ctrl Pts',(-1.03538505096535,-0.204963030580444,
3.11217261902541));
#4068=CARTESIAN_POINT('Ctrl Pts',(-0.976303960729315,-0.41091063204911,
3.12630676227784));
#4069=CARTESIAN_POINT('Ctrl Pts',(-0.862533897168094,-0.580078357477256,
3.14044090553027));
#4070=CARTESIAN_POINT('Ctrl Pts',(-0.670862535190542,-0.865079589967637,
3.1642530614066));
#4071=CARTESIAN_POINT('Ctrl Pts',(-0.32396740335884,-1.04568846204871,3.18806521728293));
#4072=CARTESIAN_POINT('Ctrl Pts',(0.0194308956185684,-1.03926804284215,
3.21187737315926));
#4073=CARTESIAN_POINT('Ctrl Pts',(0.362829194595975,-1.03284762363559,3.23568952903559));
#4074=CARTESIAN_POINT('Ctrl Pts',(0.702730660719086,-0.83939791314142,3.25950168491192));
#4075=CARTESIAN_POINT('Ctrl Pts',(0.883614617523891,-0.547431121033136,
3.28331384078825));
#4076=CARTESIAN_POINT('Ctrl Pts',(1.0644985743287,-0.255464328924852,3.30712599666458));
#4077=CARTESIAN_POINT('Ctrl Pts',(1.08636502181519,0.135019544797542,3.33093815254091));
#4078=CARTESIAN_POINT('Ctrl Pts',(0.939209046666132,0.445356027508315,3.35475030841723));
#4079=CARTESIAN_POINT('Ctrl Pts',(0.792053071517073,0.755692510219088,3.37856246429356));
#4080=CARTESIAN_POINT('Ctrl Pts',(0.47587467373246,0.985881601918242,3.40237462016989));
#4081=CARTESIAN_POINT('Ctrl Pts',(0.135340126357918,1.03060112302234,3.42618677604622));
#4082=CARTESIAN_POINT('Ctrl Pts',(-0.20519442101662,1.07532064412644,3.44999893192254));
#4083=CARTESIAN_POINT('Ctrl Pts',(-0.57008511798109,0.934570594635494,3.47381108779887));
#4084=CARTESIAN_POINT('Ctrl Pts',(-0.792377556616616,0.672750646486328,
3.4976232436752));
#4085=CARTESIAN_POINT('Ctrl Pts',(-0.949257162500766,0.487975084481741,
3.51442832104113));
#4086=CARTESIAN_POINT('Ctrl Pts',(-1.03511396348404,0.242899180155045,3.53123339840706));
#4087=CARTESIAN_POINT('Ctrl Pts',(-1.03713093829988,-0.000897823311914088,
3.54803847577298));
#4088=CARTESIAN_POINT('Origin',(0.,0.,0.));
#4089=CARTESIAN_POINT('',(-1.03944840224039,3.2316659504582E-5,3.99803847577298));
#4090=CARTESIAN_POINT('',(-1.0373529231255,0.000931746841219619,3.87696152422707));
#4091=CARTESIAN_POINT('',(-1.03775,-1.27087721581517E-16,0.));
#4092=CARTESIAN_POINT('Ctrl Pts',(-1.0373529231255,0.000931746841219619,
3.87696152422707));
#4093=CARTESIAN_POINT('Ctrl Pts',(-1.03817139927819,0.0946576305043033,
3.87049743347313));
#4094=CARTESIAN_POINT('Ctrl Pts',(-1.02651618630678,0.188183539280579,3.86403334271919));
#4095=CARTESIAN_POINT('Ctrl Pts',(-1.00157833240534,0.278022395797038,3.85756925196525));
#4096=CARTESIAN_POINT('Ctrl Pts',(-0.909713275597438,0.608967139080037,
3.83375709608892));
#4097=CARTESIAN_POINT('Ctrl Pts',(-0.637601662601283,0.889878272644987,
3.80994494021259));
#4098=CARTESIAN_POINT('Ctrl Pts',(-0.309747169760386,0.992225931597239,
3.78613278433626));
#4099=CARTESIAN_POINT('Ctrl Pts',(0.0181073230805138,1.09457359054949,3.76232062845993));
#4100=CARTESIAN_POINT('Ctrl Pts',(0.401704695766159,1.01835777488904,3.7385084725836));
#4101=CARTESIAN_POINT('Ctrl Pts',(0.665531369110379,0.798450753170564,3.71469631670727));
#4102=CARTESIAN_POINT('Ctrl Pts',(0.929358042454598,0.578543731452086,3.69088416083094));
#4103=CARTESIAN_POINT('Ctrl Pts',(1.0734140164574,0.214945503675583,3.66707200495462));
#4104=CARTESIAN_POINT('Ctrl Pts',(1.03178700547572,-0.125980886804386,3.64325984907829));
#4105=CARTESIAN_POINT('Ctrl Pts',(0.99015999449405,-0.466907277284355,3.61944769320196));
#4106=CARTESIAN_POINT('Ctrl Pts',(0.762849998527904,-0.785161830467786,
3.59563553732563));
#4107=CARTESIAN_POINT('Ctrl Pts',(0.453861877405941,-0.935128335976476,
3.5718233814493));
#4108=CARTESIAN_POINT('Ctrl Pts',(0.144873756283979,-1.08509484148517,3.54801122557297));
#4109=CARTESIAN_POINT('Ctrl Pts',(-0.245792489993802,-1.06677329931912,
3.52419906969665));
#4110=CARTESIAN_POINT('Ctrl Pts',(-0.539388944903926,-0.888546664291756,
3.50038691382032));
#4111=CARTESIAN_POINT('Ctrl Pts',(-0.83298539981405,-0.710320029264396,
3.47657475794399));
#4112=CARTESIAN_POINT('Ctrl Pts',(-1.02951206335652,-0.372188301375723,
3.45276260206766));
#4113=CARTESIAN_POINT('Ctrl Pts',(-1.03904887720987,-0.0288624198134749,
3.42895044619133));
#4114=CARTESIAN_POINT('Ctrl Pts',(-1.03931439955681,-0.0193035990962367,
3.42828747220324));
#4115=CARTESIAN_POINT('Ctrl Pts',(-1.03943497345325,-0.00974075203998674,
3.42762449821515));
#4116=CARTESIAN_POINT('Ctrl Pts',(-1.03941235121287,-0.000177320211218884,
3.42696152422707));
#4117=CARTESIAN_POINT('Ctrl Pts',(-1.03713093829988,-0.000897823311914201,
3.54803847577298));
#4118=CARTESIAN_POINT('Ctrl Pts',(-1.03797194013405,-0.102551907175744,
3.55504555428339));
#4119=CARTESIAN_POINT('Ctrl Pts',(-1.02423677602487,-0.203983644787099,
3.56205263279379));
#4120=CARTESIAN_POINT('Ctrl Pts',(-0.994996315920799,-0.300729040635469,
3.56905971130419));
#4121=CARTESIAN_POINT('Ctrl Pts',(-0.895628456282866,-0.629498932800707,
3.59287186718052));
#4122=CARTESIAN_POINT('Ctrl Pts',(-0.617198556700418,-0.904148870323785,
3.61668402305685));
#4123=CARTESIAN_POINT('Ctrl Pts',(-0.287101202506565,-0.999013775729231,
3.64049617893317));
#4124=CARTESIAN_POINT('Ctrl Pts',(0.0429961516872858,-1.09387868113468,
3.6643083348095));
#4125=CARTESIAN_POINT('Ctrl Pts',(0.424760960492539,-1.00895855442249,3.68812049068583));
#4126=CARTESIAN_POINT('Ctrl Pts',(0.683518127644542,-0.783108289931087,
3.71193264656216));
#4127=CARTESIAN_POINT('Ctrl Pts',(0.942275294796545,-0.557258025439688,
3.73574480243849));
#4128=CARTESIAN_POINT('Ctrl Pts',(1.0780248202953,-0.190477623169079,3.75955695831482));
#4129=CARTESIAN_POINT('Ctrl Pts',(1.02865500372352,0.149413881189346,3.78336911419115));
#4130=CARTESIAN_POINT('Ctrl Pts',(0.979285187151733,0.48930538554777,3.80718127006748));
#4131=CARTESIAN_POINT('Ctrl Pts',(0.74479602850941,0.802307991994013,3.8309934259438));
#4132=CARTESIAN_POINT('Ctrl Pts',(0.432477187330776,0.945208499229641,3.85480558182013));
#4133=CARTESIAN_POINT('Ctrl Pts',(0.12015834615214,1.08810900646527,3.87861773769646));
#4134=CARTESIAN_POINT('Ctrl Pts',(-0.269990177562803,1.06090741449029,3.90242989357279));
#4135=CARTESIAN_POINT('Ctrl Pts',(-0.559457349361477,0.876049712529444,
3.92624204944912));
#4136=CARTESIAN_POINT('Ctrl Pts',(-0.848924521160148,0.691192010568604,
3.95005420532545));
#4137=CARTESIAN_POINT('Ctrl Pts',(-1.03771034104255,0.348678198621907,3.97386636120178));
#4138=CARTESIAN_POINT('Ctrl Pts',(-1.03943654547893,0.00522422245973161,
3.99767851707811));
#4139=CARTESIAN_POINT('Ctrl Pts',(-1.03944524358953,0.00349360434393124,
3.99779850330973));
#4140=CARTESIAN_POINT('Ctrl Pts',(-1.03944919222704,0.0017629623572134,
3.99791848954135));
#4141=CARTESIAN_POINT('Ctrl Pts',(-1.03944840224039,3.23166595046008E-5,
3.99803847577298));
#4142=CARTESIAN_POINT('Origin',(0.,0.,0.));
#4143=CARTESIAN_POINT('',(-1.03703685583673,0.000877236709034004,4.44803847577298));
#4144=CARTESIAN_POINT('',(-1.0361871334836,-0.000390515366797545,4.32696152422707));
#4145=CARTESIAN_POINT('',(-1.03775,-1.27087721581517E-16,0.));
#4146=CARTESIAN_POINT('Ctrl Pts',(-1.0361871334836,-0.000390515366797545,
4.32696152422707));
#4147=CARTESIAN_POINT('Ctrl Pts',(-1.03551836136462,0.197232994846243,4.3133703687311));
#4148=CARTESIAN_POINT('Ctrl Pts',(-0.981174890991233,0.395197194924019,
4.29977921323513));
#4149=CARTESIAN_POINT('Ctrl Pts',(-0.875503321375651,0.560312004840857,
4.28618805773916));
#4150=CARTESIAN_POINT('Ctrl Pts',(-0.690363221394538,0.849598636312055,
4.26237590186283));
#4151=CARTESIAN_POINT('Ctrl Pts',(-0.347665341354064,1.03805010991701,4.2385637459865));
#4152=CARTESIAN_POINT('Ctrl Pts',(-0.00420984670975528,1.03944114104612,
4.21475159011018));
#4153=CARTESIAN_POINT('Ctrl Pts',(0.339245647934554,1.04083217217523,4.19093943423385));
#4154=CARTESIAN_POINT('Ctrl Pts',(0.683458757182695,0.855162760828506,4.16712727835752));
#4155=CARTESIAN_POINT('Ctrl Pts',(0.870936027980057,0.567385269173336,4.14331512248119));
#4156=CARTESIAN_POINT('Ctrl Pts',(1.05841329877742,0.279607777518167,4.11950296660486));
#4157=CARTESIAN_POINT('Ctrl Pts',(1.089154731124,-0.11027779444545,4.09569081072853));
#4158=CARTESIAN_POINT('Ctrl Pts',(0.949094694740109,-0.423880724879958,
4.0718786548522));
#4159=CARTESIAN_POINT('Ctrl Pts',(0.809034658356216,-0.737483655314468,
4.04806649897588));
#4160=CARTESIAN_POINT('Ctrl Pts',(0.498173153241851,-0.974803944219871,
4.02425434309955));
#4161=CARTESIAN_POINT('Ctrl Pts',(0.158743727588001,-1.02725655873304,4.00044218722322));
#4162=CARTESIAN_POINT('Ctrl Pts',(-0.180685698065849,-1.0797091732462,3.97663003134689));
#4163=CARTESIAN_POINT('Ctrl Pts',(-0.548683044259181,-0.947294113367134,
3.95281787547056));
#4164=CARTESIAN_POINT('Ctrl Pts',(-0.776872467046028,-0.690597406927073,
3.92900571959423));
#4165=CARTESIAN_POINT('Ctrl Pts',(-0.943117177827611,-0.50358405109517,
3.91165765447184));
#4166=CARTESIAN_POINT('Ctrl Pts',(-1.03515632995587,-0.250605986048619,
3.89430958934946));
#4167=CARTESIAN_POINT('Ctrl Pts',(-1.0373529231255,0.000931746841219619,
3.87696152422707));
#4168=CARTESIAN_POINT('Ctrl Pts',(-1.03944840224039,3.2316659504582E-5,
3.99803847577298));
#4169=CARTESIAN_POINT('Ctrl Pts',(-1.0392924135286,-0.341696487638873,4.02173064541768));
#4170=CARTESIAN_POINT('Ctrl Pts',(-0.854380189636174,-0.683569981345887,
4.04542281506238));
#4171=CARTESIAN_POINT('Ctrl Pts',(-0.568234938888366,-0.870381915485395,
4.06911498470709));
#4172=CARTESIAN_POINT('Ctrl Pts',(-0.280640538871025,-1.05813993689069,
4.09292714058342));
#4173=CARTESIAN_POINT('Ctrl Pts',(0.109214850154033,-1.08926183932363,4.11673929645975));
#4174=CARTESIAN_POINT('Ctrl Pts',(0.422954316442748,-0.949507909803778,
4.14055145233608));
#4175=CARTESIAN_POINT('Ctrl Pts',(0.736693782731461,-0.809753980283931,
4.16436360821241));
#4176=CARTESIAN_POINT('Ctrl Pts',(0.974317326283826,-0.499124218811301,
4.18817576408873));
#4177=CARTESIAN_POINT('Ctrl Pts',(1.02710116117873,-0.159746140118596,4.21198791996506));
#4178=CARTESIAN_POINT('Ctrl Pts',(1.07988499607364,0.179631938574104,4.23580007584139));
#4179=CARTESIAN_POINT('Ctrl Pts',(0.94782912231109,0.547758334486881,4.25961223171773));
#4180=CARTESIAN_POINT('Ctrl Pts',(0.691355223424397,0.776198157445181,4.28342438759405));
#4181=CARTESIAN_POINT('Ctrl Pts',(0.4348813245377,1.00463798040348,4.30723654347038));
#4182=CARTESIAN_POINT('Ctrl Pts',(0.0539894005268523,1.09339123040731,4.33104869934671));
#4183=CARTESIAN_POINT('Ctrl Pts',(-0.27704483759843,1.0018491815326,4.35486085522304));
#4184=CARTESIAN_POINT('Ctrl Pts',(-0.60807907572371,0.910307132657903,4.37867301109936));
#4185=CARTESIAN_POINT('Ctrl Pts',(-0.889255627963423,0.638469784904682,
4.4024851669757));
#4186=CARTESIAN_POINT('Ctrl Pts',(-0.991923188076074,0.31071532555458,4.42629732285202));
#4187=CARTESIAN_POINT('Ctrl Pts',(-1.02316928966139,0.210965715057793,4.43354437382568));
#4188=CARTESIAN_POINT('Ctrl Pts',(-1.03788111092496,0.106036818145748,4.44079142479933));
#4189=CARTESIAN_POINT('Ctrl Pts',(-1.03703685583673,0.000877236709034004,
4.44803847577298));
#4190=CARTESIAN_POINT('Origin',(0.,0.,0.));
#4191=CARTESIAN_POINT('',(-1.03634331314693,-0.000552797924671931,4.89803847577298));
#4192=CARTESIAN_POINT('',(-1.03878160347291,-0.000721147367092195,4.77696152422707));
#4193=CARTESIAN_POINT('',(-1.03775,-1.27087721581517E-16,0.));
#4194=CARTESIAN_POINT('Ctrl Pts',(-1.03878160347291,-0.000721147367092195,
4.77696152422707));
#4195=CARTESIAN_POINT('Ctrl Pts',(-1.03641023219226,0.298619807988896,4.75624330398907));
#4196=CARTESIAN_POINT('Ctrl Pts',(-0.899967123655806,0.599846329944092,
4.73552508375107));
#4197=CARTESIAN_POINT('Ctrl Pts',(-0.671977049711613,0.793033702417151,
4.71480686351308));
#4198=CARTESIAN_POINT('Ctrl Pts',(-0.409940295750571,1.01507052671106,4.69099470763675));
#4199=CARTESIAN_POINT('Ctrl Pts',(-0.0269728615528874,1.09439101102722,
4.66718255176042));
#4200=CARTESIAN_POINT('Ctrl Pts',(0.301699899753542,0.994702356987898,4.6433703958841));
#4201=CARTESIAN_POINT('Ctrl Pts',(0.630372661059986,0.895013702948567,4.61955824000777));
#4202=CARTESIAN_POINT('Ctrl Pts',(0.904750749475169,0.616315910553732,4.59574608413143));
#4203=CARTESIAN_POINT('Ctrl Pts',(0.999293471091696,0.286126138516022,4.5719339282551));
#4204=CARTESIAN_POINT('Ctrl Pts',(1.09383619270822,-0.0440636335216748,
4.54812177237877));
#4205=CARTESIAN_POINT('Ctrl Pts',(1.0085435475261,-0.425745385202242,4.52430961650245));
#4206=CARTESIAN_POINT('Ctrl Pts',(0.7824408743514,-0.684282022745588,4.50049746062612));
#4207=CARTESIAN_POINT('Ctrl Pts',(0.556338201176695,-0.942818660288937,
4.47668530474979));
#4208=CARTESIAN_POINT('Ctrl Pts',(0.189425500009398,-1.07821018369506,4.45287314887346));
#4209=CARTESIAN_POINT('Ctrl Pts',(-0.150417660581313,-1.02850869509879,
4.42906099299713));
#4210=CARTESIAN_POINT('Ctrl Pts',(-0.490260821172024,-0.978807206502526,
4.4052488371208));
#4211=CARTESIAN_POINT('Ctrl Pts',(-0.80303444118615,-0.744012705903868,
4.38143668124448));
#4212=CARTESIAN_POINT('Ctrl Pts',(-0.945630091232334,-0.431554560935818,
4.35762452536815));
#4213=CARTESIAN_POINT('Ctrl Pts',(-1.0068370731171,-0.297436724854476,4.34740352498779));
#4214=CARTESIAN_POINT('Ctrl Pts',(-1.03669007233119,-0.149009959361425,
4.33718252460743));
#4215=CARTESIAN_POINT('Ctrl Pts',(-1.0361871334836,-0.000390515366797545,
4.32696152422707));
#4216=CARTESIAN_POINT('Ctrl Pts',(-1.03703685583673,0.000877236709034004,
4.44803847577298));
#4217=CARTESIAN_POINT('Ctrl Pts',(-1.03510708134612,-0.239493571272504,
4.46460358067566));
#4218=CARTESIAN_POINT('Ctrl Pts',(-0.951900653087276,-0.481069648874574,
4.48116868557833));
#4219=CARTESIAN_POINT('Ctrl Pts',(-0.799099862715322,-0.664751858956291,
4.49773379048101));
#4220=CARTESIAN_POINT('Ctrl Pts',(-0.579450409256343,-0.928793013170057,
4.52154594635733));
#4221=CARTESIAN_POINT('Ctrl Pts',(-0.215992934352815,-1.0732037506506,4.54535810223367));
#4222=CARTESIAN_POINT('Ctrl Pts',(0.124973919604511,-1.03190946501918,4.56917025811));
#4223=CARTESIAN_POINT('Ctrl Pts',(0.465940773561838,-0.990615179387765,
4.59298241398633));
#4224=CARTESIAN_POINT('Ctrl Pts',(0.784417006572954,-0.763615870644386,
4.61679456986265));
#4225=CARTESIAN_POINT('Ctrl Pts',(0.934684979462806,-0.454774244811758,
4.64060672573898));
#4226=CARTESIAN_POINT('Ctrl Pts',(1.08495295235266,-0.14593261897913,4.66441888161531));
#4227=CARTESIAN_POINT('Ctrl Pts',(1.06701266512124,0.244751323942739,4.68823103749164));
#4228=CARTESIAN_POINT('Ctrl Pts',(0.889072630776787,0.538521570395405,4.71204319336797));
#4229=CARTESIAN_POINT('Ctrl Pts',(0.711132596432339,0.832291816848063,4.7358553492443));
#4230=CARTESIAN_POINT('Ctrl Pts',(0.373192814974852,1.02914836683152,4.75966750512062));
#4231=CARTESIAN_POINT('Ctrl Pts',(0.0298764012023638,1.03902022368609,4.78347966099695));
#4232=CARTESIAN_POINT('Ctrl Pts',(-0.313440012570134,1.04889208054065,4.80729181687328));
#4233=CARTESIAN_POINT('Ctrl Pts',(-0.662133058657638,0.871779244266309,
4.83110397274961));
#4234=CARTESIAN_POINT('Ctrl Pts',(-0.856659505239593,0.588719047305373,
4.85491612862594));
#4235=CARTESIAN_POINT('Ctrl Pts',(-0.97408464168886,0.4178508551622,4.86929024434162));
#4236=CARTESIAN_POINT('Ctrl Pts',(-1.03533321923191,0.208376647399183,4.8836643600573));
#4237=CARTESIAN_POINT('Ctrl Pts',(-1.03634331314693,-0.000552797924671932,
4.89803847577298));
#4238=CARTESIAN_POINT('Origin',(0.,0.,0.));
#4239=CARTESIAN_POINT('',(-1.03905129962537,-0.000573337560437013,5.34803847577298));
#4240=CARTESIAN_POINT('',(-1.03840646032591,0.000852711997259906,5.22696152422707));
#4241=CARTESIAN_POINT('',(-1.03775,-1.27087721581517E-16,0.));
#4242=CARTESIAN_POINT('Ctrl Pts',(-1.03840646032591,0.000852711997259906,
5.22696152422707));
#4243=CARTESIAN_POINT('Ctrl Pts',(-1.03892370700982,0.05917894001042,5.22292839512337));
#4244=CARTESIAN_POINT('Ctrl Pts',(-1.03443264370179,0.117425505691527,5.21889526601968));
#4245=CARTESIAN_POINT('Ctrl Pts',(-1.02465170869436,0.174769803965997,5.21486213691598));
#4246=CARTESIAN_POINT('Ctrl Pts',(-0.966903706330684,0.513338526667865,
5.19104998103965));
#4247=CARTESIAN_POINT('Ctrl Pts',(-0.724756804940281,0.820455235811376,
5.16723782516332));
#4248=CARTESIAN_POINT('Ctrl Pts',(-0.409004436329831,0.955599800947601,
5.14342566928699));
#4249=CARTESIAN_POINT('Ctrl Pts',(-0.093252067719381,1.09074436608383,5.11961351341066));
#4250=CARTESIAN_POINT('Ctrl Pts',(0.296105768111117,1.05391678721276,5.09580135753434));
#4251=CARTESIAN_POINT('Ctrl Pts',(0.580919813067572,0.861967388764862,5.07198920165801));
#4252=CARTESIAN_POINT('Ctrl Pts',(0.865733858024028,0.670017990316961,5.04817704578168));
#4253=CARTESIAN_POINT('Ctrl Pts',(1.04600411210644,0.322946772292222,5.02436488990535));
#4254=CARTESIAN_POINT('Ctrl Pts',(1.0392485778671,-0.0204450950053456,5.00055273402902));
#4255=CARTESIAN_POINT('Ctrl Pts',(1.03249304362777,-0.363836962302903,4.97674057815269));
#4256=CARTESIAN_POINT('Ctrl Pts',(0.838711721066697,-0.703549478873289,
4.95292842227637));
#4257=CARTESIAN_POINT('Ctrl Pts',(0.546568547749471,-0.884148421431386,
4.92911626640004));
#4258=CARTESIAN_POINT('Ctrl Pts',(0.254425374432232,-1.06474736398949,4.90530411052371));
#4259=CARTESIAN_POINT('Ctrl Pts',(-0.136079649641172,-1.08623273253529,
4.88149195464738));
#4260=CARTESIAN_POINT('Ctrl Pts',(-0.446272374579022,-0.938773975031359,
4.85767979877105));
#4261=CARTESIAN_POINT('Ctrl Pts',(-0.756465099516868,-0.791315217527429,
4.83386764289472));
#4262=CARTESIAN_POINT('Ctrl Pts',(-0.986345525319162,-0.47491233397377,
4.81005548701839));
#4263=CARTESIAN_POINT('Ctrl Pts',(-1.03073270135811,-0.134334310061105,
4.78624333114206));
#4264=CARTESIAN_POINT('Ctrl Pts',(-1.03649996857008,-0.0900826895321382,
4.78314939550373));
#4265=CARTESIAN_POINT('Ctrl Pts',(-1.03913572993902,-0.0454229431366691,
4.7800554598654));
#4266=CARTESIAN_POINT('Ctrl Pts',(-1.03878160347291,-0.000721147367092195,
4.77696152422707));
#4267=CARTESIAN_POINT('Ctrl Pts',(-1.03634331314693,-0.000552797924671932,
4.89803847577298));
#4268=CARTESIAN_POINT('Ctrl Pts',(-1.0370065405151,-0.137735810411307,4.90747651593363));
#4269=CARTESIAN_POINT('Ctrl Pts',(-1.01169956158697,-0.274683963185753,
4.91691455609427));
#4270=CARTESIAN_POINT('Ctrl Pts',(-0.959272545600475,-0.400314636048542,
4.92635259625492));
#4271=CARTESIAN_POINT('Ctrl Pts',(-0.826999292303002,-0.717280564793993,
4.95016475213125));
#4272=CARTESIAN_POINT('Ctrl Pts',(-0.52209293863165,-0.96220486463737,4.97397690800759));
#4273=CARTESIAN_POINT('Ctrl Pts',(-0.184062274948548,-1.02302331523688,
4.99778906388391));
#4274=CARTESIAN_POINT('Ctrl Pts',(0.153968388734554,-1.08384176583639,5.02160121976024));
#4275=CARTESIAN_POINT('Ctrl Pts',(0.525123362429418,-0.960554367192027,
5.04541337563657));
#4276=CARTESIAN_POINT('Ctrl Pts',(0.75958204124019,-0.709570819018706,5.0692255315129));
#4277=CARTESIAN_POINT('Ctrl Pts',(0.994040720050966,-0.45858727084538,5.09303768738922));
#4278=CARTESIAN_POINT('Ctrl Pts',(1.09180310397765,-0.0799075731430963,
5.11684984326556));
#4279=CARTESIAN_POINT('Ctrl Pts',(1.00813837071922,0.25320475915963,5.14066199914189));
#4280=CARTESIAN_POINT('Ctrl Pts',(0.924473637460789,0.586317091462352,5.16447415501821));
#4281=CARTESIAN_POINT('Ctrl Pts',(0.659381787017235,0.873862058365514,5.18828631089454));
#4282=CARTESIAN_POINT('Ctrl Pts',(0.334154628971838,0.984274508719079,5.21209846677087));
#4283=CARTESIAN_POINT('Ctrl Pts',(0.00892747092644149,1.09468695907264,
5.23591062264719));
#4284=CARTESIAN_POINT('Ctrl Pts',(-0.376434994720804,1.02796689287661,5.25972277852353));
#4285=CARTESIAN_POINT('Ctrl Pts',(-0.645611576935092,0.814641833141948,
5.28353493439986));
#4286=CARTESIAN_POINT('Ctrl Pts',(-0.888664507515493,0.622020021436674,
5.30503611485757));
#4287=CARTESIAN_POINT('Ctrl Pts',(-1.03698896451101,0.309868479892492,5.32653729531527));
#4288=CARTESIAN_POINT('Ctrl Pts',(-1.03905129962537,-0.000573337560437013,
5.34803847577298));
#4289=CARTESIAN_POINT('Origin',(0.,0.,0.));
#4290=CARTESIAN_POINT('',(-1.03806909264829,0.00092021505232905,5.79803847577298));
#4291=CARTESIAN_POINT('',(-1.03607503594019,0.000176976807710755,5.67696152422707));
#4292=CARTESIAN_POINT('',(-1.03775,-1.27087721581517E-16,0.));
#4293=CARTESIAN_POINT('Ctrl Pts',(-1.03607503594019,0.000176976807710755,
5.67696152422707));
#4294=CARTESIAN_POINT('Ctrl Pts',(-1.03632238271903,0.162496698191817,5.66580133038134));
#4295=CARTESIAN_POINT('Ctrl Pts',(-1.00046421814971,0.32471302580631,5.65464113653562));
#4296=CARTESIAN_POINT('Ctrl Pts',(-0.927925067279876,0.468412935370295,
5.6434809426899));
#4297=CARTESIAN_POINT('Ctrl Pts',(-0.773150554262731,0.775020929214678,
5.61966878681357));
#4298=CARTESIAN_POINT('Ctrl Pts',(-0.451384311925433,0.997332152908525,
5.59585663093724));
#4299=CARTESIAN_POINT('Ctrl Pts',(-0.109849311214099,1.03362891664967,5.57204447506091));
#4300=CARTESIAN_POINT('Ctrl Pts',(0.231685689497226,1.06992568039081,5.54823231918458));
#4301=CARTESIAN_POINT('Ctrl Pts',(0.592989448582592,0.92020798417926,5.52442016330825));
#4302=CARTESIAN_POINT('Ctrl Pts',(0.808748748470886,0.652978614010714,5.50060800743192));
#4303=CARTESIAN_POINT('Ctrl Pts',(1.02450804835919,0.385749243842161,5.4767958515556));
#4304=CARTESIAN_POINT('Ctrl Pts',(1.09472288905041,0.0010081997166158,5.45298369567927));
#4305=CARTESIAN_POINT('Ctrl Pts',(0.987266726206101,-0.32520765648254,5.42917153980294));
#4306=CARTESIAN_POINT('Ctrl Pts',(0.879810563361791,-0.651423512681691,
5.40535938392661));
#4307=CARTESIAN_POINT('Ctrl Pts',(0.594683396981944,-0.919114180954445,
5.38154722805028));
#4308=CARTESIAN_POINT('Ctrl Pts',(0.262344122403019,-1.00579877209567,5.35773507217395));
#4309=CARTESIAN_POINT('Ctrl Pts',(-0.0699951521759055,-1.0924833632369,
5.33392291629762));
#4310=CARTESIAN_POINT('Ctrl Pts',(-0.449546534953913,-0.99816187724661,
5.31011076042129));
#4311=CARTESIAN_POINT('Ctrl Pts',(-0.702647674674443,-0.765990766121352,
5.28629860454497));
#4312=CARTESIAN_POINT('Ctrl Pts',(-0.912880391305216,-0.573143102657872,
5.26651957777233));
#4313=CARTESIAN_POINT('Ctrl Pts',(-1.0358698105569,-0.28518723261088,5.2467405509997));
#4314=CARTESIAN_POINT('Ctrl Pts',(-1.03840646032591,0.000852711997259906,
5.22696152422707));
#4315=CARTESIAN_POINT('Ctrl Pts',(-1.03905129962537,-0.000573337560437013,
5.34803847577298));
#4316=CARTESIAN_POINT('Ctrl Pts',(-1.03927296214123,-0.0339400362147825,
5.3503494511916));
#4317=CARTESIAN_POINT('Ctrl Pts',(-1.03780497014189,-0.0672869837333366,
5.35266042661022));
#4318=CARTESIAN_POINT('Ctrl Pts',(-1.03458333689173,-0.100463643192312,
5.35497140202884));
#4319=CARTESIAN_POINT('Ctrl Pts',(-1.00138781585274,-0.442314006518602,
5.37878355790517));
#4320=CARTESIAN_POINT('Ctrl Pts',(-0.782006074993434,-0.766084679897869,
5.40259571378151));
#4321=CARTESIAN_POINT('Ctrl Pts',(-0.476815429926608,-0.923635572269386,
5.42640786965783));
#4322=CARTESIAN_POINT('Ctrl Pts',(-0.171624784859787,-1.0811864646409,5.45022002553416));
#4323=CARTESIAN_POINT('Ctrl Pts',(0.21937476441456,-1.07251757600466,5.47403218141048));
#4324=CARTESIAN_POINT('Ctrl Pts',(0.517282799802167,-0.901595324747373,
5.49784433728681));
#4325=CARTESIAN_POINT('Ctrl Pts',(0.815190835189775,-0.730673073490088,
5.52165649316314));
#4326=CARTESIAN_POINT('Ctrl Pts',(1.02000735669065,-0.397497459611763,5.54546864903947));
#4327=CARTESIAN_POINT('Ctrl Pts',(1.03801931170124,-0.0545117704058434,
5.5692808049158));
#4328=CARTESIAN_POINT('Ctrl Pts',(1.05603126671182,0.288473918800081,5.59309296079213));
#4329=CARTESIAN_POINT('Ctrl Pts',(0.887238655232116,0.64126968333359,5.61690511666846));
#4330=CARTESIAN_POINT('Ctrl Pts',(0.608871921187128,0.842455107508636,5.64071727254478));
#4331=CARTESIAN_POINT('Ctrl Pts',(0.330505187142145,1.04364053168368,5.66452942842111));
#4332=CARTESIAN_POINT('Ctrl Pts',(-0.0574356694681241,1.09321561550026,
5.68834158429744));
#4333=CARTESIAN_POINT('Ctrl Pts',(-0.37744972422515,0.968497460120495,5.71215374017377));
#4334=CARTESIAN_POINT('Ctrl Pts',(-0.69746377898218,0.843779304740732,5.7359658960501));
#4335=CARTESIAN_POINT('Ctrl Pts',(-0.949551031885972,0.544767910164634,
5.75977805192643));
#4336=CARTESIAN_POINT('Ctrl Pts',(-1.01836987953976,0.208274849714687,5.78359020780276));
#4337=CARTESIAN_POINT('Ctrl Pts',(-1.0322887249881,0.14021798647851,5.78840629712617));
#4338=CARTESIAN_POINT('Ctrl Pts',(-1.03871071332456,0.0706278819125532,
5.79322238644957));
#4339=CARTESIAN_POINT('Ctrl Pts',(-1.03806909264829,0.00092021505232905,
5.79803847577298));
#4340=CARTESIAN_POINT('Origin',(0.,0.,0.));
#4341=CARTESIAN_POINT('',(-1.03604738038965,-8.84775333160492E-6,6.24803847577299));
#4342=CARTESIAN_POINT('',(-1.03775743439913,-0.000946816042034782,6.12696152422707));
#4343=CARTESIAN_POINT('',(-1.03775,-1.27087721581517E-16,0.));
#4344=CARTESIAN_POINT('Ctrl Pts',(-1.03775743439913,-0.000946816042034782,
6.12696152422707));
#4345=CARTESIAN_POINT('Ctrl Pts',(-1.03532443958891,0.263945339299363,6.10867426563932));
#4346=CARTESIAN_POINT('Ctrl Pts',(-0.931972564423008,0.530525104506972,
6.09038700705156));
#4347=CARTESIAN_POINT('Ctrl Pts',(-0.749109683903665,0.720617991719835,
6.07209974846381));
#4348=CARTESIAN_POINT('Ctrl Pts',(-0.511000762655235,0.968141229802407,
6.04828759258748));
#4349=CARTESIAN_POINT('Ctrl Pts',(-0.138080178292405,1.08598024136735,6.02447543671116));
#4350=CARTESIAN_POINT('Ctrl Pts',(0.199023615565686,1.02021821634185,6.00066328083483));
#4351=CARTESIAN_POINT('Ctrl Pts',(0.536127409423762,0.954456191316347,5.9768511249585));
#4352=CARTESIAN_POINT('Ctrl Pts',(0.837414412777096,0.705093129700419,5.95303896908217));
#4353=CARTESIAN_POINT('Ctrl Pts',(0.965031855804586,0.386224191100109,5.92922681320584));
#4354=CARTESIAN_POINT('Ctrl Pts',(1.09264929883208,0.0673552524997938,5.90541465732951));
#4355=CARTESIAN_POINT('Ctrl Pts',(1.04659718153371,-0.321019563084914,5.88160250145318));
#4356=CARTESIAN_POINT('Ctrl Pts',(0.847946482262523,-0.601200774889048,
5.85779034557685));
#4357=CARTESIAN_POINT('Ctrl Pts',(0.649295782991328,-0.881381986693185,
5.83397818970053));
#4358=CARTESIAN_POINT('Ctrl Pts',(0.298046501747304,-1.05336959471676,5.8101660338242));
#4359=CARTESIAN_POINT('Ctrl Pts',(-0.0450885335737582,-1.03847129601581,
5.78635387794787));
#4360=CARTESIAN_POINT('Ctrl Pts',(-0.388223568894821,-1.02357299731485,
5.76254172207154));
#4361=CARTESIAN_POINT('Ctrl Pts',(-0.723244358292917,-0.821788791889385,
5.73872956619521));
#4362=CARTESIAN_POINT('Ctrl Pts',(-0.896863361143467,-0.525444307179191,
5.71491741031888));
#4363=CARTESIAN_POINT('Ctrl Pts',(-0.989111246772343,-0.367989468230337,
5.70226544828828));
#4364=CARTESIAN_POINT('Ctrl Pts',(-1.03579462664824,-0.183839804635272,
5.68961348625767));
#4365=CARTESIAN_POINT('Ctrl Pts',(-1.03607503594019,0.000176976807710755,
5.67696152422707));
#4366=CARTESIAN_POINT('Ctrl Pts',(-1.03806909264829,0.00092021505232905,
5.79803847577298));
#4367=CARTESIAN_POINT('Ctrl Pts',(-1.0355383528198,-0.274027235047841,5.8170345423259));
#4368=CARTESIAN_POINT('Ctrl Pts',(-0.923115898107389,-0.550803654177807,
5.83603060887882));
#4369=CARTESIAN_POINT('Ctrl Pts',(-0.727387184519247,-0.742538556826953,
5.85502667543174));
#4370=CARTESIAN_POINT('Ctrl Pts',(-0.482035199441182,-0.98288417659486,
5.87883883130807));
#4371=CARTESIAN_POINT('Ctrl Pts',(-0.105780786881273,-1.08960068980688,
5.9026509871844));
#4372=CARTESIAN_POINT('Ctrl Pts',(0.229222218605673,-1.01386034495634,5.92646314306073));
#4373=CARTESIAN_POINT('Ctrl Pts',(0.564225224092609,-0.938120000105793,
5.95027529893706));
#4374=CARTESIAN_POINT('Ctrl Pts',(0.857976822506589,-0.679922797192702,
5.97408745481339));
#4375=CARTESIAN_POINT('Ctrl Pts',(0.976072041080656,-0.357405924962266,
5.99789961068971));
#4376=CARTESIAN_POINT('Ctrl Pts',(1.09416725965473,-0.0348890527318216,
6.02171176656604));
#4377=CARTESIAN_POINT('Ctrl Pts',(1.03660609838887,0.351947488815974,6.04552392244237));
#4378=CARTESIAN_POINT('Ctrl Pts',(0.829725456738752,0.626108050592835,6.0693360783187));
#4379=CARTESIAN_POINT('Ctrl Pts',(0.622844815088641,0.900268612369691,6.09314823419503));
#4380=CARTESIAN_POINT('Ctrl Pts',(0.26664469305429,1.06175319437562,6.11696039007136));
#4381=CARTESIAN_POINT('Ctrl Pts',(-0.0758968423168362,1.03667511492455,
6.14077254594769));
#4382=CARTESIAN_POINT('Ctrl Pts',(-0.418438377687972,1.01159703547347,6.16458470182402));
#4383=CARTESIAN_POINT('Ctrl Pts',(-0.747321326395872,0.799956294565381,
6.18839685770035));
#4384=CARTESIAN_POINT('Ctrl Pts',(-0.912066494443745,0.498588341510901,
6.21220901357668));
#4385=CARTESIAN_POINT('Ctrl Pts',(-0.994695590849412,0.347435127479875,
6.22415216764211));
#4386=CARTESIAN_POINT('Ctrl Pts',(-1.03603427750208,0.173710185351744,6.23609532170755));
#4387=CARTESIAN_POINT('Ctrl Pts',(-1.03604749037232,-8.84718180079242E-6,
6.24803847577299));
#4388=CARTESIAN_POINT('Origin',(0.,0.,0.));
#4389=CARTESIAN_POINT('',(-1.03810155559073,-0.000915527192633965,6.69803847577298));
#4390=CARTESIAN_POINT('',(-1.03924688350999,0.000414475117151,6.57696152422707));
#4391=CARTESIAN_POINT('',(-1.03775,-1.27087721581517E-16,0.));
#4392=CARTESIAN_POINT('Ctrl Pts',(-1.03924688350999,0.000414475117151,6.57696152422707));
#4393=CARTESIAN_POINT('Ctrl Pts',(-1.03936423737835,0.0235356365668162,
6.57535935677362));
#4394=CARTESIAN_POINT('Ctrl Pts',(-1.03865945438995,0.0466495153007788,
6.57375718932017));
#4395=CARTESIAN_POINT('Ctrl Pts',(-1.03710973281898,0.0697066037096006,
6.57215502186672));
#4396=CARTESIAN_POINT('Ctrl Pts',(-1.01407705197573,0.41239174692731,6.54834286599039));
#4397=CARTESIAN_POINT('Ctrl Pts',(-0.804403494745901,0.742532314393204,
6.52453071011406));
#4398=CARTESIAN_POINT('Ctrl Pts',(-0.504024432720942,0.909073693233343,
6.50071855423773));
#4399=CARTESIAN_POINT('Ctrl Pts',(-0.203645370695987,1.07561507207348,6.4769063983614));
#4400=CARTESIAN_POINT('Ctrl Pts',(0.187439196124095,1.07855726228787,6.45309424248507));
#4401=CARTESIAN_POINT('Ctrl Pts',(0.490289950176999,0.916554075471827,6.42928208660874));
#4402=CARTESIAN_POINT('Ctrl Pts',(0.793140704229908,0.754550888655785,6.40546993073241));
#4403=CARTESIAN_POINT('Ctrl Pts',(1.00775764551564,0.427602324809311,6.38165777485609));
#4404=CARTESIAN_POINT('Ctrl Pts',(1.0359435750927,0.0853025071890758,6.35784561897976));
#4405=CARTESIAN_POINT('Ctrl Pts',(1.06412950466976,-0.256997310431169,6.33403346310343));
#4406=CARTESIAN_POINT('Ctrl Pts',(0.905884422538134,-0.614648381825175,
6.3102213072271));
#4407=CARTESIAN_POINT('Ctrl Pts',(0.633612789028407,-0.824008763356448,
6.28640915135077));
#4408=CARTESIAN_POINT('Ctrl Pts',(0.361341155518691,-1.03336914488771,6.26259699547444));
#4409=CARTESIAN_POINT('Ctrl Pts',(-0.0249570293691201,-1.09443883655626,
6.23878483959811));
#4410=CARTESIAN_POINT('Ctrl Pts',(-0.348532439673559,-0.979275623613585,
6.21497268372178));
#4411=CARTESIAN_POINT('Ctrl Pts',(-0.672107849977999,-0.864112410670912,
6.19116052784546));
#4412=CARTESIAN_POINT('Ctrl Pts',(-0.932960485699067,-0.572716293117023,
6.16734837196913));
#4413=CARTESIAN_POINT('Ctrl Pts',(-1.01173817449259,-0.238414502039984,
6.1435362160928));
#4414=CARTESIAN_POINT('Ctrl Pts',(-1.03001617676488,-0.160849788089682,
6.13801131880423));
#4415=CARTESIAN_POINT('Ctrl Pts',(-1.03849248423537,-0.0809753202482703,
6.13248642151565));
#4416=CARTESIAN_POINT('Ctrl Pts',(-1.03775743439913,-0.000946816042034782,
6.12696152422707));
#4417=CARTESIAN_POINT('Ctrl Pts',(-1.03604749037232,-8.84718180079242E-6,
6.24803847577299));
#4418=CARTESIAN_POINT('Ctrl Pts',(-1.03606062120694,-0.172649298810411,
6.25990747758388));
#4419=CARTESIAN_POINT('Ctrl Pts',(-0.995259845644691,-0.345283913999228,
6.27177647939477));
#4420=CARTESIAN_POINT('Ctrl Pts',(-0.913610748722638,-0.495752987278899,
6.28364548120566));
#4421=CARTESIAN_POINT('Ctrl Pts',(-0.749802447565824,-0.797631197813343,
6.30745763708199));
#4422=CARTESIAN_POINT('Ctrl Pts',(-0.421578457864371,-1.01029245368138,
6.33126979295832));
#4423=CARTESIAN_POINT('Ctrl Pts',(-0.0791164693243742,-1.03643437267351,
6.35508194883465));
#4424=CARTESIAN_POINT('Ctrl Pts',(0.263345519215628,-1.06257629166564,6.37889410471098));
#4425=CARTESIAN_POINT('Ctrl Pts',(0.620045506594174,-0.902198873781845,
6.4027062605873));
#4426=CARTESIAN_POINT('Ctrl Pts',(0.827776714198165,-0.62868222180111,6.42651841646363));
#4427=CARTESIAN_POINT('Ctrl Pts',(1.03550792180216,-0.355165569820371,6.45033057233996));
#4428=CARTESIAN_POINT('Ctrl Pts',(1.0942703496316,0.031490316257304,6.47414272821629));
#4429=CARTESIAN_POINT('Ctrl Pts',(0.977177463094754,0.354372445595295,6.49795488409262));
#4430=CARTESIAN_POINT('Ctrl Pts',(0.860084576557906,0.677254574933285,6.52176703996895));
#4431=CARTESIAN_POINT('Ctrl Pts',(0.567136375654756,0.936362947531589,6.54557919584528));
#4432=CARTESIAN_POINT('Ctrl Pts',(0.232370241550579,1.01314347227785,6.56939135172161));
#4433=CARTESIAN_POINT('Ctrl Pts',(-0.102395892553589,1.08992399702411,6.59320350759793));
#4434=CARTESIAN_POINT('Ctrl Pts',(-0.478979959858791,0.984376673918334,
6.61701566347426));
#4435=CARTESIAN_POINT('Ctrl Pts',(-0.725077293483519,0.74479429579724,6.64082781935059));
#4436=CARTESIAN_POINT('Ctrl Pts',(-0.922166965856385,0.552922194971464,
6.65989803815806));
#4437=CARTESIAN_POINT('Ctrl Pts',(-1.03556534503692,0.275082986448711,6.67896825696552));
#4438=CARTESIAN_POINT('Ctrl Pts',(-1.03810155559073,-0.000915527192633965,
6.69803847577298));
#4439=CARTESIAN_POINT('Origin',(0.,0.,0.));
#4440=CARTESIAN_POINT('',(-1.03902792907626,0.000588674329019693,7.14803847577299));
#4441=CARTESIAN_POINT('',(-1.03652988214198,0.000681701619586611,7.02696152422707));
#4442=CARTESIAN_POINT('',(-1.03775,-1.27087721581517E-16,0.));
#4443=CARTESIAN_POINT('Ctrl Pts',(-1.03652988214198,0.000681701619586611,
7.02696152422707));
#4444=CARTESIAN_POINT('Ctrl Pts',(-1.03729469353068,0.12750485654178,7.01823229203159));
#4445=CARTESIAN_POINT('Ctrl Pts',(-1.01575246131286,0.254077206363715,7.00950305983611));
#4446=CARTESIAN_POINT('Ctrl Pts',(-0.970733545292415,0.371661125963689,
7.00077382764063));
#4447=CARTESIAN_POINT('Ctrl Pts',(-0.847928077221899,0.692414035195936,
6.9769616717643));
#4448=CARTESIAN_POINT('Ctrl Pts',(-0.550426958442593,0.946281873279406,
6.95314951588798));
#4449=CARTESIAN_POINT('Ctrl Pts',(-0.214350741092988,1.01710833656079,6.92933736001165));
#4450=CARTESIAN_POINT('Ctrl Pts',(0.121725476256617,1.08793479984218,6.90552520413532));
#4451=CARTESIAN_POINT('Ctrl Pts',(0.496376792176522,0.975719888321486,6.88171304825899));
#4452=CARTESIAN_POINT('Ctrl Pts',(0.7381828631343,0.731807125603069,6.85790089238266));
#4453=CARTESIAN_POINT('Ctrl Pts',(0.979988934092071,0.487894362884659,6.83408873650633));
#4454=CARTESIAN_POINT('Ctrl Pts',(1.08894976008772,0.112283748968533,6.81027658063));
#4455=CARTESIAN_POINT('Ctrl Pts',(1.01521071248372,-0.223165449312543,6.78646442475368));
#4456=CARTESIAN_POINT('Ctrl Pts',(0.941471664879718,-0.558614647593639,
6.76265226887734));
#4457=CARTESIAN_POINT('Ctrl Pts',(0.685032743676038,-0.853902430239681,
6.73884011300101));
#4458=CARTESIAN_POINT('Ctrl Pts',(0.363226642232871,-0.973920948989604,
6.71502795712469));
#4459=CARTESIAN_POINT('Ctrl Pts',(0.0414205407897221,-1.09393946773952,
6.69121580124836));
#4460=CARTESIAN_POINT('Ctrl Pts',(-0.345752740892905,-1.03868872259334,
6.66740364537203));
#4461=CARTESIAN_POINT('Ctrl Pts',(-0.621143479505888,-0.833448490535496,
6.64359148949571));
#4462=CARTESIAN_POINT('Ctrl Pts',(-0.878004939179188,-0.642017559141134,
6.62138150107283));
#4463=CARTESIAN_POINT('Ctrl Pts',(-1.03762006975087,-0.320101789904904,
6.59917151264995));
#4464=CARTESIAN_POINT('Ctrl Pts',(-1.03924688350999,0.000414475117151,6.57696152422707));
#4465=CARTESIAN_POINT('Ctrl Pts',(-1.03810155559073,-0.000915527192633965,
6.69803847577298));
#4466=CARTESIAN_POINT('Ctrl Pts',(-1.03873220125667,-0.0695443979990428,
6.70278041284185));
#4467=CARTESIAN_POINT('Ctrl Pts',(-1.03250822367121,-0.138059458385817,
6.70752234991071));
#4468=CARTESIAN_POINT('Ctrl Pts',(-1.01901188485522,-0.20511070937742,6.71226428697958));
#4469=CARTESIAN_POINT('Ctrl Pts',(-0.95123854265792,-0.541815903294552,
6.7360764428559));
#4470=CARTESIAN_POINT('Ctrl Pts',(-0.700081258319068,-0.841608857992385,
6.75988859873223));
#4471=CARTESIAN_POINT('Ctrl Pts',(-0.380456131509427,-0.967320400164481,
6.78370075460856));
#4472=CARTESIAN_POINT('Ctrl Pts',(-0.0608310046997868,-1.09303194233658,
6.80751291048489));
#4473=CARTESIAN_POINT('Ctrl Pts',(0.327261964580637,-1.04466207198293,6.83132506636122));
#4474=CARTESIAN_POINT('Ctrl Pts',(0.606252253315744,-0.844342246915949,
6.85513722223755));
#4475=CARTESIAN_POINT('Ctrl Pts',(0.88524254205085,-0.644022421848964,6.87894937811388));
#4476=CARTESIAN_POINT('Ctrl Pts',(1.05513015024063,-0.291752642068639,6.9027615339902));
#4477=CARTESIAN_POINT('Ctrl Pts',(1.038183622208,0.0512873391449274,6.92657368986653));
#4478=CARTESIAN_POINT('Ctrl Pts',(1.02123709417537,0.394327320358489,6.95038584574286));
#4479=CARTESIAN_POINT('Ctrl Pts',(0.817456429920308,0.728137503005302,6.97419800161919));
#4480=CARTESIAN_POINT('Ctrl Pts',(0.520080729340555,0.899984255165659,6.99801015749552));
#4481=CARTESIAN_POINT('Ctrl Pts',(0.222705028760797,1.07183100732602,7.02182231337185));
#4482=CARTESIAN_POINT('Ctrl Pts',(-0.168265708143659,1.08171432899993,7.04563446924818));
#4483=CARTESIAN_POINT('Ctrl Pts',(-0.473944246273356,0.925112142392408,
7.06944662512451));
#4484=CARTESIAN_POINT('Ctrl Pts',(-0.779622784403048,0.768509955784888,
7.09325878100084));
#4485=CARTESIAN_POINT('Ctrl Pts',(-1.00000912375797,0.445422260895955,7.11707093687716));
#4486=CARTESIAN_POINT('Ctrl Pts',(-1.03426629834668,0.103676654468367,7.14088309275349));
#4487=CARTESIAN_POINT('Ctrl Pts',(-1.03769764389726,0.0694459486344998,
7.14326822042666));
#4488=CARTESIAN_POINT('Ctrl Pts',(-1.03926157696546,0.0350280501221029,
7.14565334809982));
#4489=CARTESIAN_POINT('Ctrl Pts',(-1.03902792907626,0.000588674329019693,
7.14803847577299));
#4490=CARTESIAN_POINT('Origin',(0.,0.,0.));
#4491=CARTESIAN_POINT('',(-1.0363261992831,0.000538236811253594,7.59803847577298));
#4492=CARTESIAN_POINT('',(-1.0367768699428,-0.000797637168847981,7.47696152422707));
#4493=CARTESIAN_POINT('',(-1.03775,-1.27087721581517E-16,0.));
#4494=CARTESIAN_POINT('Ctrl Pts',(-1.0367768699428,-0.000797637168847981,
7.47696152422707));
#4495=CARTESIAN_POINT('Ctrl Pts',(-1.03512617656195,0.229433517447,7.46110522728956));
#4496=CARTESIAN_POINT('Ctrl Pts',(-0.959460180696855,0.460649639464654,
7.44524893035206));
#4497=CARTESIAN_POINT('Ctrl Pts',(-0.818481570675968,0.640736706434381,
7.42939263341455));
#4498=CARTESIAN_POINT('Ctrl Pts',(-0.606767281376521,0.911182027110111,
7.40558047753823));
#4499=CARTESIAN_POINT('Ctrl Pts',(-0.247756989712882,1.06631875831102,7.38176832166189));
#4500=CARTESIAN_POINT('Ctrl Pts',(0.0942854544001256,1.03516465434111,7.35795616578556));
#4501=CARTESIAN_POINT('Ctrl Pts',(0.436327898513133,1.00401055037119,7.33414400990923));
#4502=CARTESIAN_POINT('Ctrl Pts',(0.761402495075514,0.786565611230448,7.31033185403291));
#4503=CARTESIAN_POINT('Ctrl Pts',(0.920772547728505,0.482320975967391,7.28651969815658));
#4504=CARTESIAN_POINT('Ctrl Pts',(1.0801426003815,0.178076340704329,7.26270754228025));
#4505=CARTESIAN_POINT('Ctrl Pts',(1.0738081091251,-0.212967990681041,7.23889538640392));
#4506=CARTESIAN_POINT('Ctrl Pts',(0.904667397336639,-0.511891110202872,
7.21508323052759));
#4507=CARTESIAN_POINT('Ctrl Pts',(0.735526685548178,-0.810814229724699,
7.19127107465126));
#4508=CARTESIAN_POINT('Ctrl Pts',(0.403579753227647,-1.01761613738298,7.16745891877493));
#4509=CARTESIAN_POINT('Ctrl Pts',(0.0607077089018005,-1.03767537437701,
7.14364676289861));
#4510=CARTESIAN_POINT('Ctrl Pts',(-0.282164335424047,-1.05773461137104,
7.11983460702228));
#4511=CARTESIAN_POINT('Ctrl Pts',(-0.635961491755215,-0.891051177700826,
7.09602245114595));
#4512=CARTESIAN_POINT('Ctrl Pts',(-0.838805161239935,-0.613890470675205,
7.07221029526962));
#4513=CARTESIAN_POINT('Ctrl Pts',(-0.967288932380646,-0.438333338716694,
7.05712737158877));
#4514=CARTESIAN_POINT('Ctrl Pts',(-1.03520839228495,-0.218451427597216,
7.04204444790792));
#4515=CARTESIAN_POINT('Ctrl Pts',(-1.03652988214198,0.000681701619586611,
7.02696152422707));
#4516=CARTESIAN_POINT('Ctrl Pts',(-1.03902792907626,0.000588674329019693,
7.14803847577299));
#4517=CARTESIAN_POINT('Ctrl Pts',(-1.03692893036532,-0.308800833293754,
7.16946550397615));
#4518=CARTESIAN_POINT('Ctrl Pts',(-0.889756101002683,-0.619923665566216,
7.19089253217932));
#4519=CARTESIAN_POINT('Ctrl Pts',(-0.64813880315883,-0.812632583900824,
7.21231956038248));
#4520=CARTESIAN_POINT('Ctrl Pts',(-0.379626123559826,-1.02679269787616,
7.23613171625881));
#4521=CARTESIAN_POINT('Ctrl Pts',(0.00552724546064316,-1.09470940786059,
7.25994387213513));
#4522=CARTESIAN_POINT('Ctrl Pts',(0.331095784266937,-0.985307670841018,
7.28375602801146));
#4523=CARTESIAN_POINT('Ctrl Pts',(0.656664323073232,-0.875905933821451,
7.30756818388779));
#4524=CARTESIAN_POINT('Ctrl Pts',(0.922648031665357,-0.589185749797887,
7.33138033976413));
#4525=CARTESIAN_POINT('Ctrl Pts',(1.00734703401608,-0.256334893521151,7.35519249564045));
#4526=CARTESIAN_POINT('Ctrl Pts',(1.0920460363668,0.0765159627555853,7.37900465151678));
#4527=CARTESIAN_POINT('Ctrl Pts',(0.995460332476129,0.455497491285484,7.40281680739311));
#4528=CARTESIAN_POINT('Ctrl Pts',(0.761782358985064,0.70720807554541,7.42662896326944));
#4529=CARTESIAN_POINT('Ctrl Pts',(0.528104385493999,0.958918659805336,7.45044111914576));
#4530=CARTESIAN_POINT('Ctrl Pts',(0.157334142402538,1.08335829979528,7.47425327502209));
#4531=CARTESIAN_POINT('Ctrl Pts',(-0.180883797478239,1.023590091974,7.49806543089842));
#4532=CARTESIAN_POINT('Ctrl Pts',(-0.519101737359016,0.963821884152724,
7.52187758677475));
#4533=CARTESIAN_POINT('Ctrl Pts',(-0.824767374029114,0.719845828520229,
7.54568974265108));
#4534=CARTESIAN_POINT('Ctrl Pts',(-0.958024509958858,0.403292279737142,
7.56950189852741));
#4535=CARTESIAN_POINT('Ctrl Pts',(-1.01125646107846,0.276839291550139,7.5790140909426));
#4536=CARTESIAN_POINT('Ctrl Pts',(-1.03697639114977,0.138804777448709,7.58852628335779));
#4537=CARTESIAN_POINT('Ctrl Pts',(-1.0363261992831,0.000538236811253594,
7.59803847577298));
#4538=CARTESIAN_POINT('Origin',(0.,0.,0.));
#4539=CARTESIAN_POINT('',(-1.03706563256129,-0.000883954301613635,8.04803847577298));
#4540=CARTESIAN_POINT('',(-1.03939206901935,-0.000220790491205491,7.92696152422708));
#4541=CARTESIAN_POINT('',(-1.03775,-1.27087721581517E-16,0.));
#4542=CARTESIAN_POINT('Ctrl Pts',(-1.03939206901935,-0.000220790491205491,
7.92696152422708));
#4543=CARTESIAN_POINT('Ctrl Pts',(-1.03843126136887,0.331332661429487,7.90397816254754));
#4544=CARTESIAN_POINT('Ctrl Pts',(-0.865905136906701,0.663746074206932,
7.880994800868));
#4545=CARTESIAN_POINT('Ctrl Pts',(-0.593822755437563,0.853129617135121,
7.85801143918846));
#4546=CARTESIAN_POINT('Ctrl Pts',(-0.311928915490113,1.04934244742062,7.83419928331213));
#4547=CARTESIAN_POINT('Ctrl Pts',(0.0768307612978639,1.09202392574336,7.81038712743581));
#4548=CARTESIAN_POINT('Ctrl Pts',(0.394580702321164,0.961645297323455,7.78657497155948));
#4549=CARTESIAN_POINT('Ctrl Pts',(0.71233064334447,0.831266668903549,7.76276281568316));
#4550=CARTESIAN_POINT('Ctrl Pts',(0.95907084860309,0.527827933741003,7.73895065980683));
#4551=CARTESIAN_POINT('Ctrl Pts',(1.02190623685371,0.19016637870051,7.71513850393049));
#4552=CARTESIAN_POINT('Ctrl Pts',(1.08474162510433,-0.147495176339978,7.69132634805416));
#4553=CARTESIAN_POINT('Ctrl Pts',(0.963672196346946,-0.519379551258418,
7.66751419217783));
#4554=CARTESIAN_POINT('Ctrl Pts',(0.714092826261922,-0.755332406288673,
7.6437020363015));
#4555=CARTESIAN_POINT('Ctrl Pts',(0.46451345617689,-0.991285261318935,7.61988988042518));
#4556=CARTESIAN_POINT('Ctrl Pts',(0.0864241447642269,-1.09130659646101,
7.59607772454886));
#4557=CARTESIAN_POINT('Ctrl Pts',(-0.247181722141694,-1.00963201452195,
7.57226556867253));
#4558=CARTESIAN_POINT('Ctrl Pts',(-0.580787589047605,-0.927957432582882,
7.5484534127962));
#4559=CARTESIAN_POINT('Ctrl Pts',(-0.86991001144677,-0.664586933562664,
7.52464125691986));
#4560=CARTESIAN_POINT('Ctrl Pts',(-0.98226207917872,-0.340024728977285,
7.50082910104353));
#4561=CARTESIAN_POINT('Ctrl Pts',(-1.01979993198812,-0.231585529689125,
7.49287324210471));
#4562=CARTESIAN_POINT('Ctrl Pts',(-1.03760510138555,-0.116315566522998,
7.48491738316589));
#4563=CARTESIAN_POINT('Ctrl Pts',(-1.0367768699428,-0.000797637168847981,
7.47696152422707));
#4564=CARTESIAN_POINT('Ctrl Pts',(-1.0363261992831,0.000538236811253594,
7.59803847577298));
#4565=CARTESIAN_POINT('Ctrl Pts',(-1.03534874639629,-0.20732199064332,7.61233843923412));
#4566=CARTESIAN_POINT('Ctrl Pts',(-0.974774795569929,-0.415706598266054,
7.62663840269525));
#4567=CARTESIAN_POINT('Ctrl Pts',(-0.858483979741058,-0.586055356690343,
7.64093836615639));
#4568=CARTESIAN_POINT('Ctrl Pts',(-0.664837678404117,-0.869718402401079,
7.66475052203272));
#4569=CARTESIAN_POINT('Ctrl Pts',(-0.316696440540836,-1.04791345188886,
7.68856267790905));
#4570=CARTESIAN_POINT('Ctrl Pts',(0.0266489798691911,-1.03910801000157,
7.71237483378538));
#4571=CARTESIAN_POINT('Ctrl Pts',(0.369994400279209,-1.03030256811428,7.73618698966171));
#4572=CARTESIAN_POINT('Ctrl Pts',(0.708544003235969,-0.834496634851933,
7.75999914553804));
#4573=CARTESIAN_POINT('Ctrl Pts',(0.887395652338012,-0.54128050102427,7.78381130141437));
#4574=CARTESIAN_POINT('Ctrl Pts',(1.06624730144006,-0.248064367196599,7.80762345729069));
#4575=CARTESIAN_POINT('Ctrl Pts',(1.08540099668738,0.142561967196404,7.83143561316702));
#4576=CARTESIAN_POINT('Ctrl Pts',(0.936093034658424,0.451868847168593,7.85524776904335));
#4577=CARTESIAN_POINT('Ctrl Pts',(0.786785072629477,0.761175727140768,7.87905992491968));
#4578=CARTESIAN_POINT('Ctrl Pts',(0.469015453324283,0.989163152692146,7.90287208079601));
#4579=CARTESIAN_POINT('Ctrl Pts',(0.128178507393226,1.03151630855742,7.92668423667234));
#4580=CARTESIAN_POINT('Ctrl Pts',(-0.212658438537841,1.0738694644227,7.95049639254867));
#4581=CARTESIAN_POINT('Ctrl Pts',(-0.576562711094767,0.93058835060187,7.974308548425));
#4582=CARTESIAN_POINT('Ctrl Pts',(-0.797031237249616,0.667230718287039,
7.99812070430133));
#4583=CARTESIAN_POINT('Ctrl Pts',(-0.951088371799562,0.48320389639145,8.01475996145855));
#4584=CARTESIAN_POINT('Ctrl Pts',(-1.03510845852519,0.240545909815567,8.03139921861576));
#4585=CARTESIAN_POINT('Ctrl Pts',(-1.03706563256129,-0.000883954301613635,
8.04803847577298));
#4586=CARTESIAN_POINT('Origin',(0.,0.,0.));
#4587=CARTESIAN_POINT('',(-1.03944948735623,-1.23473257381344E-5,8.49803847577298));
#4588=CARTESIAN_POINT('',(-1.03742281611656,0.000938494388185475,8.37696152422708));
#4589=CARTESIAN_POINT('',(-1.03775,-1.27087721581517E-16,0.));
#4590=CARTESIAN_POINT('Ctrl Pts',(-1.03742281611656,0.000938494388185475,
8.37696152422708));
#4591=CARTESIAN_POINT('Ctrl Pts',(-1.03823044391067,0.0922444336197507,
8.37066325368184));
#4592=CARTESIAN_POINT('Ctrl Pts',(-1.02717481433362,0.183357999492163,8.36436498313661));
#4593=CARTESIAN_POINT('Ctrl Pts',(-1.00348526123289,0.271058921633154,8.35806671259137));
#4594=CARTESIAN_POINT('Ctrl Pts',(-0.913921098019597,0.602633758490353,
8.33425455671504));
#4595=CARTESIAN_POINT('Ctrl Pts',(-0.643767202909311,0.885428149956775,
8.31044240083871));
#4596=CARTESIAN_POINT('Ctrl Pts',(-0.316631505565174,0.990050553351752,
8.28663024496238));
#4597=CARTESIAN_POINT('Ctrl Pts',(0.0105041917789542,1.09467295674673,8.26281808908605));
#4598=CARTESIAN_POINT('Ctrl Pts',(0.394621691356925,1.02112337207026,8.23900593320972));
#4599=CARTESIAN_POINT('Ctrl Pts',(0.659969431819498,0.803054143612015,8.21519377733339));
#4600=CARTESIAN_POINT('Ctrl Pts',(0.925317172282064,0.584984915153771,8.19138162145707));
#4601=CARTESIAN_POINT('Ctrl Pts',(1.07189515362924,0.222396042913736,8.16756946558074));
#4602=CARTESIAN_POINT('Ctrl Pts',(1.03263715495338,-0.118811256698873,8.14375730970441));
#4603=CARTESIAN_POINT('Ctrl Pts',(0.99337915627752,-0.460018556311493,8.11994515382808));
#4604=CARTESIAN_POINT('Ctrl Pts',(0.768285177578622,-0.779844283296693,
8.09613299795175));
#4605=CARTESIAN_POINT('Ctrl Pts',(0.460346148064829,-0.931953342432148,
8.07232084207542));
#4606=CARTESIAN_POINT('Ctrl Pts',(0.152407118551037,-1.0840624015676,8.04850868619909));
#4607=CARTESIAN_POINT('Ctrl Pts',(-0.238376961777645,-1.06845479285331,
8.02469653032276));
#4608=CARTESIAN_POINT('Ctrl Pts',(-0.533204261857409,-0.892271720747483,
8.00088437444644));
#4609=CARTESIAN_POINT('Ctrl Pts',(-0.828031561937172,-0.716088648641657,
7.97707221857011));
#4610=CARTESIAN_POINT('Ctrl Pts',(-1.02690208176801,-0.379330113144302,
7.95326006269378));
#4611=CARTESIAN_POINT('Ctrl Pts',(-1.03882334012997,-0.0360787542714827,
7.92944790681745));
#4612=CARTESIAN_POINT('Ctrl Pts',(-1.03923826559074,-0.0241317161388523,
7.92861911262066));
#4613=CARTESIAN_POINT('Ctrl Pts',(-1.03942671633579,-0.0121768124478527,
7.92779031842387));
#4614=CARTESIAN_POINT('Ctrl Pts',(-1.03939206901935,-0.000220790491205491,
7.92696152422708));
#4615=CARTESIAN_POINT('Ctrl Pts',(-1.03706563256129,-0.000883954301613635,
8.04803847577298));
#4616=CARTESIAN_POINT('Ctrl Pts',(-1.03790933676058,-0.104960232870888,
8.05521137449209));
#4617=CARTESIAN_POINT('Ctrl Pts',(-1.02350308964132,-0.208808286446746,
8.0623842732112));
#4618=CARTESIAN_POINT('Ctrl Pts',(-0.99288350901166,-0.307632836527872,
8.06955717193031));
#4619=CARTESIAN_POINT('Ctrl Pts',(-0.891234474866085,-0.635704608219125,
8.09336932780664));
#4620=CARTESIAN_POINT('Ctrl Pts',(-0.610903626822168,-0.908414000792798,
8.11718148368297));
#4621=CARTESIAN_POINT('Ctrl Pts',(-0.28015532225026,-1.00098382603933,8.1409936395593));
#4622=CARTESIAN_POINT('Ctrl Pts',(0.0505929823216439,-1.09355365128587,
8.16480579543563));
#4623=CARTESIAN_POINT('Ctrl Pts',(0.431758743421544,-1.00598390920526,8.18861795131195));
#4624=CARTESIAN_POINT('Ctrl Pts',(0.688940956878091,-0.778341815986646,
8.21243010718828));
#4625=CARTESIAN_POINT('Ctrl Pts',(0.946123170334643,-0.550699722768027,
8.23624226306461));
#4626=CARTESIAN_POINT('Ctrl Pts',(1.07932183614785,-0.182985278411396,8.26005441894094));
#4627=CARTESIAN_POINT('Ctrl Pts',(1.02759239044851,0.156555113841139,8.28386657481727));
#4628=CARTESIAN_POINT('Ctrl Pts',(0.975862944749168,0.496095506093674,8.3076787306936));
#4629=CARTESIAN_POINT('Ctrl Pts',(0.739205387537287,0.807461846242104,8.33149088656993));
#4630=CARTESIAN_POINT('Ctrl Pts',(0.425901521206095,0.948189600666357,8.35530304244626));
#4631=CARTESIAN_POINT('Ctrl Pts',(0.112597654874908,1.08891735509061,8.37911519832258));
#4632=CARTESIAN_POINT('Ctrl Pts',(-0.277352520575594,1.05900652379068,8.40292735419891));
#4633=CARTESIAN_POINT('Ctrl Pts',(-0.565528724217982,0.872142698565935,
8.42673951007524));
#4634=CARTESIAN_POINT('Ctrl Pts',(-0.853150242195545,0.685638551495795,
8.45050583197449));
#4635=CARTESIAN_POINT('Ctrl Pts',(-1.03938920328512,0.342785039724397,8.47427215387373));
#4636=CARTESIAN_POINT('Ctrl Pts',(-1.03944948735623,-1.23473257381344E-5,
8.49803847577298));
#4637=CARTESIAN_POINT('Origin',(0.,0.,0.));
#4638=CARTESIAN_POINT('',(-1.03710157542926,0.000891819612580268,8.94803847577299));
#4639=CARTESIAN_POINT('',(-1.03616122597284,-0.000354031352246612,8.82696152422708));
#4640=CARTESIAN_POINT('',(-1.03775,-1.27087721581517E-16,0.));
#4641=CARTESIAN_POINT('Ctrl Pts',(-1.03616122597284,-0.000354031352246612,
8.82696152422708));
#4642=CARTESIAN_POINT('Ctrl Pts',(-1.03556318845533,0.194870548818857,8.81353618893981));
#4643=CARTESIAN_POINT('Ctrl Pts',(-0.98262095248269,0.390396018099594,8.80011085365254));
#4644=CARTESIAN_POINT('Ctrl Pts',(-0.879374019958356,0.554217413594032,
8.78668551836528));
#4645=CARTESIAN_POINT('Ctrl Pts',(-0.696247714475722,0.844783013776248,
8.76287336248895));
#4646=CARTESIAN_POINT('Ctrl Pts',(-0.354867048279976,1.03561025406405,8.73906120661263));
#4647=CARTESIAN_POINT('Ctrl Pts',(-0.0114295004348499,1.03938682646471,
8.7152490507363));
#4648=CARTESIAN_POINT('Ctrl Pts',(0.332008047410262,1.04316339886538,8.69143689485997));
#4649=CARTESIAN_POINT('Ctrl Pts',(0.677502476904752,0.859889303378908,8.66762473898364));
#4650=CARTESIAN_POINT('Ctrl Pts',(0.866974071587283,0.573420934134729,8.64381258310731));
#4651=CARTESIAN_POINT('Ctrl Pts',(1.05644566626982,0.286952564890539,8.62000042723098));
#4652=CARTESIAN_POINT('Ctrl Pts',(1.0898944261404,-0.102710078111367,8.59618827135466));
#4653=CARTESIAN_POINT('Ctrl Pts',(0.952015993082264,-0.417278273367029,
8.57237611547833));
#4654=CARTESIAN_POINT('Ctrl Pts',(0.814137560024133,-0.731846468622686,
8.548563959602));
#4655=CARTESIAN_POINT('Ctrl Pts',(0.50493193403729,-0.971320216132099,8.52475180372567));
#4656=CARTESIAN_POINT('Ctrl Pts',(0.16587502185566,-1.02612917589988,8.50093964784934));
#4657=CARTESIAN_POINT('Ctrl Pts',(-0.173181890325974,-1.08093813566766,
8.47712749197301));
#4658=CARTESIAN_POINT('Ctrl Pts',(-0.542090088702394,-0.951082307693807,
8.45331533609668));
#4659=CARTESIAN_POINT('Ctrl Pts',(-0.77205697223245,-0.6959767525829,8.42950318022035));
#4660=CARTESIAN_POINT('Ctrl Pts',(-0.9411980466069,-0.508346138087444,8.41198929488926));
#4661=CARTESIAN_POINT('Ctrl Pts',(-1.0351770090375,-0.252960054152085,8.39447540955817));
#4662=CARTESIAN_POINT('Ctrl Pts',(-1.03742281611656,0.000938494388185475,
8.37696152422708));
#4663=CARTESIAN_POINT('Ctrl Pts',(-1.03944948735623,-1.23473257381344E-5,
8.49803847577298));
#4664=CARTESIAN_POINT('Ctrl Pts',(-1.03951000394616,-0.344131921935933,
8.52189646562639));
#4665=CARTESIAN_POINT('Ctrl Pts',(-0.851623384584017,-0.688194305458081,
8.5457544554798));
#4666=CARTESIAN_POINT('Ctrl Pts',(-0.562175728807074,-0.87430776876208,
8.56961244533321));
#4667=CARTESIAN_POINT('Ctrl Pts',(-0.273284135686826,-1.06006368642774,
8.59342460120954));
#4668=CARTESIAN_POINT('Ctrl Pts',(0.11677801575286,-1.0884769786898,8.61723675708587));
#4669=CARTESIAN_POINT('Ctrl Pts',(0.429539210379008,-0.946547247275312,
8.6410489129622));
#4670=CARTESIAN_POINT('Ctrl Pts',(0.742300405005155,-0.804617515860821,
8.66486106883853));
#4671=CARTESIAN_POINT('Ctrl Pts',(0.977760642817767,-0.492344760769771,
8.68867322471485));
#4672=CARTESIAN_POINT('Ctrl Pts',(1.02818595054903,-0.152608242474237,8.71248538059118));
#4673=CARTESIAN_POINT('Ctrl Pts',(1.0786112582803,0.187128275821297,8.73629753646751));
#4674=CARTESIAN_POINT('Ctrl Pts',(0.944001635930215,0.554328557321318,8.76010969234385));
#4675=CARTESIAN_POINT('Ctrl Pts',(0.685947225386756,0.780981452123993,8.78392184822017));
#4676=CARTESIAN_POINT('Ctrl Pts',(0.427892814843297,1.00763434692667,8.8077340040965));
#4677=CARTESIAN_POINT('Ctrl Pts',(0.0463936161064604,1.093739855032,8.83154615997282));
#4678=CARTESIAN_POINT('Ctrl Pts',(-0.28399680347743,0.999900715167308,8.85535831584915));
#4679=CARTESIAN_POINT('Ctrl Pts',(-0.614387223061321,0.906061575302614,
8.87917047172548));
#4680=CARTESIAN_POINT('Ctrl Pts',(-0.893668863492265,0.632277787467896,
8.90298262760182));
#4681=CARTESIAN_POINT('Ctrl Pts',(-0.994057428517567,0.303818125506909,
8.92679478347815));
#4682=CARTESIAN_POINT('Ctrl Pts',(-1.02391086131039,0.206141179521739,8.9338760142431));
#4683=CARTESIAN_POINT('Ctrl Pts',(-1.03794403501635,0.103629018464571,8.94095724500804));
#4684=CARTESIAN_POINT('Ctrl Pts',(-1.03710157542926,0.000891819612580268,
8.94803847577299));
#4685=CARTESIAN_POINT('Origin',(0.,0.,0.));
#4686=CARTESIAN_POINT('',(-1.0363056988419,-0.000519982075296505,9.39803847577298));
#4687=CARTESIAN_POINT('',(-1.03871878151611,-0.000748187531796063,9.27696152422707));
#4688=CARTESIAN_POINT('',(-1.03775,-1.27087721581517E-16,0.));
#4689=CARTESIAN_POINT('Ctrl Pts',(-1.03871878151611,-0.000748187531796063,
9.27696152422707));
#4690=CARTESIAN_POINT('Ctrl Pts',(-1.03630294778928,0.296243864528974,9.25640912419778));
#4691=CARTESIAN_POINT('Ctrl Pts',(-0.902297873562972,0.595139694388144,
9.23585672416849));
#4692=CARTESIAN_POINT('Ctrl Pts',(-0.677469097321375,0.788347151122613,
9.2153043241392));
#4693=CARTESIAN_POINT('Ctrl Pts',(-0.416980888756007,1.01219867550289,9.19149216826287));
#4694=CARTESIAN_POINT('Ctrl Pts',(-0.0345736372507848,1.09417726346547,
9.16768001238655));
#4695=CARTESIAN_POINT('Ctrl Pts',(0.294783613614752,0.99677391100129,9.14386785651022));
#4696=CARTESIAN_POINT('Ctrl Pts',(0.624140864480293,0.899370558537103,9.12005570063389));
#4697=CARTESIAN_POINT('Ctrl Pts',(0.900448114706155,0.622585265646143,9.09624354475755));
#4698=CARTESIAN_POINT('Ctrl Pts',(0.997281989432655,0.293060133866453,9.07243138888123));
#4699=CARTESIAN_POINT('Ctrl Pts',(1.09411586415916,-0.0364649979132377,
9.0486192330049));
#4700=CARTESIAN_POINT('Ctrl Pts',(1.01147636338629,-0.418729968581652,9.02480707712857));
#4701=CARTESIAN_POINT('Ctrl Pts',(0.787174889369649,-0.678830834637364,
9.00099492125224));
#4702=CARTESIAN_POINT('Ctrl Pts',(0.562873415353009,-0.938931700693071,
8.97718276537591));
#4703=CARTESIAN_POINT('Ctrl Pts',(0.196909968092585,-1.07686846213608,8.95337060949958));
#4704=CARTESIAN_POINT('Ctrl Pts',(-0.143270211506319,-1.02952865671797,
8.92955845362325));
#4705=CARTESIAN_POINT('Ctrl Pts',(-0.483450391105228,-0.982188851299866,
8.90574629774692));
#4706=CARTESIAN_POINT('Ctrl Pts',(-0.797847303042621,-0.749572479020651,
8.8819341418706));
#4707=CARTESIAN_POINT('Ctrl Pts',(-0.942609786626562,-0.438112312842728,
8.85812198599427));
#4708=CARTESIAN_POINT('Ctrl Pts',(-1.00575492782348,-0.302253935149747,
8.84773516540521));
#4709=CARTESIAN_POINT('Ctrl Pts',(-1.03662391150486,-0.151394034854911,
8.83734834481614));
#4710=CARTESIAN_POINT('Ctrl Pts',(-1.03616122597284,-0.000354031352246612,
8.82696152422708));
#4711=CARTESIAN_POINT('Ctrl Pts',(-1.03710157542926,0.000891819612580268,
8.94803847577299));
#4712=CARTESIAN_POINT('Ctrl Pts',(-1.03511108412501,-0.241846828117153,
8.96476940088437));
#4713=CARTESIAN_POINT('Ctrl Pts',(-0.9500785777001,-0.485841731065865,8.98150032599575));
#4714=CARTESIAN_POINT('Ctrl Pts',(-0.794463349855178,-0.670286215220319,
8.99823125110713));
#4715=CARTESIAN_POINT('Ctrl Pts',(-0.57298521654783,-0.932795357899303,
9.02204340698345));
#4716=CARTESIAN_POINT('Ctrl Pts',(-0.208533460313466,-1.07467810717002,
9.04585556285978));
#4717=CARTESIAN_POINT('Ctrl Pts',(0.132138346659602,-1.0310165284415,9.06966771873612));
#4718=CARTESIAN_POINT('Ctrl Pts',(0.472810153632678,-0.987354949712971,
9.09347987461245));
#4719=CARTESIAN_POINT('Ctrl Pts',(0.789702011344454,-0.758149042985206,
9.11729203048878));
#4720=CARTESIAN_POINT('Ctrl Pts',(0.937821205761098,-0.448271135142885,
9.1411041863651));
#4721=CARTESIAN_POINT('Ctrl Pts',(1.08594040017774,-0.138393227300573,9.16491634224143));
#4722=CARTESIAN_POINT('Ctrl Pts',(1.06528693129923,0.252156681656291,9.18872849811776));
#4723=CARTESIAN_POINT('Ctrl Pts',(0.88531071850355,0.544683904921211,9.21254065399409));
#4724=CARTESIAN_POINT('Ctrl Pts',(0.705334505707864,0.837211128186131,9.23635280987042));
#4725=CARTESIAN_POINT('Ctrl Pts',(0.366035548994987,1.03171566575912,9.26016496574675));
#4726=CARTESIAN_POINT('Ctrl Pts',(0.02265884884519,1.0392026756829,9.28397712162307));
#4727=CARTESIAN_POINT('Ctrl Pts',(-0.320717851304617,1.04668968560668,9.3077892774994));
#4728=CARTESIAN_POINT('Ctrl Pts',(-0.668172294891337,0.867159167881251,
9.33160143337573));
#4729=CARTESIAN_POINT('Ctrl Pts',(-0.86072796815243,0.582754656281424,9.35541358925206));
#4730=CARTESIAN_POINT('Ctrl Pts',(-0.975622559026394,0.413055475522079,
9.36962188475903));
#4731=CARTESIAN_POINT('Ctrl Pts',(-1.03536854905299,0.206018012378109,9.383830180266));
#4732=CARTESIAN_POINT('Ctrl Pts',(-1.0363056988419,-0.000519982075296505,
9.39803847577298));
#4733=CARTESIAN_POINT('Origin',(0.,0.,0.));
#4734=CARTESIAN_POINT('',(-1.03899835558783,-0.000607266145265489,9.84803847577299));
#4735=CARTESIAN_POINT('',(-1.03847568067877,0.00083338797261575,9.72696152422708));
#4736=CARTESIAN_POINT('',(-1.03775,-1.27087721581517E-16,0.));
#4737=CARTESIAN_POINT('Ctrl Pts',(-1.03847568067877,0.00083338797261575,
9.72696152422708));
#4738=CARTESIAN_POINT('Ctrl Pts',(-1.03896471899133,0.0567518980411514,
9.72309421533209));
#4739=CARTESIAN_POINT('Ctrl Pts',(-1.03483755251703,0.112598126066923,9.7192269064371));
#4740=CARTESIAN_POINT('Ctrl Pts',(-1.02584090858792,0.167648557333729,9.7153595975421));
#4741=CARTESIAN_POINT('Ctrl Pts',(-0.970445931506768,0.50661021930031,9.69154744166578));
#4742=CARTESIAN_POINT('Ctrl Pts',(-0.730438043994582,0.815401425166105,
9.66773528578945));
#4743=CARTESIAN_POINT('Ctrl Pts',(-0.415631979857417,0.95273588461251,9.64392312991312));
#4744=CARTESIAN_POINT('Ctrl Pts',(-0.100825915720252,1.09007034405891,9.62011097403679));
#4745=CARTESIAN_POINT('Ctrl Pts',(0.288778325041892,1.05594805708593,9.59629881816046));
#4746=CARTESIAN_POINT('Ctrl Pts',(0.5749187426569,0.865981551680166,9.57248666228413));
#4747=CARTESIAN_POINT('Ctrl Pts',(0.8610591602719,0.676015046274408,9.5486745064078));
#4748=CARTESIAN_POINT('Ctrl Pts',(1.04373575473977,0.330204322435884,9.52486235053147));
#4749=CARTESIAN_POINT('Ctrl Pts',(1.03936551634353,-0.0132261840502495,
9.50105019465515));
#4750=CARTESIAN_POINT('Ctrl Pts',(1.03499527794728,-0.356656690536403,9.47723803877882));
#4751=CARTESIAN_POINT('Ctrl Pts',(0.843578206686902,-0.697706979670164,
9.45342588290249));
#4752=CARTESIAN_POINT('Ctrl Pts',(0.552696485565959,-0.880330735207863,
9.42961372702616));
#4753=CARTESIAN_POINT('Ctrl Pts',(0.261814764445023,-1.06295449074556,9.40580157114983));
#4754=CARTESIAN_POINT('Ctrl Pts',(-0.128531606536469,-1.08715171268719,
9.3819894152735));
#4755=CARTESIAN_POINT('Ctrl Pts',(-0.439741068630521,-0.941851050362139,
9.35817725939717));
#4756=CARTESIAN_POINT('Ctrl Pts',(-0.750950530724572,-0.796550388037084,
9.33436510352084));
#4757=CARTESIAN_POINT('Ctrl Pts',(-0.983023083931184,-0.481751841445335,
9.31055294764451));
#4758=CARTESIAN_POINT('Ctrl Pts',(-1.02977477772173,-0.141490337750479,
9.28674079176819));
#4759=CARTESIAN_POINT('Ctrl Pts',(-1.03617483271818,-0.0949103711169885,
9.28348103592115));
#4760=CARTESIAN_POINT('Ctrl Pts',(-1.03910194981302,-0.0478532252329303,
9.28022128007411));
#4761=CARTESIAN_POINT('Ctrl Pts',(-1.03871878151611,-0.000748187531796063,
9.27696152422707));
#4762=CARTESIAN_POINT('Ctrl Pts',(-1.0363056988419,-0.000519982075296505,
9.39803847577298));
#4763=CARTESIAN_POINT('Ctrl Pts',(-1.03693914961111,-0.140125894601786,
9.40764233614234));
#4764=CARTESIAN_POINT('Ctrl Pts',(-1.01070367315099,-0.279503606948746,
9.41724619651169));
#4765=CARTESIAN_POINT('Ctrl Pts',(-0.95646889832658,-0.406967899362381,
9.42685005688105));
#4766=CARTESIAN_POINT('Ctrl Pts',(-0.821997252304193,-0.723007437932147,
9.45066221275738));
#4767=CARTESIAN_POINT('Ctrl Pts',(-0.515397057323956,-0.965808009597485,
9.4744743686337));
#4768=CARTESIAN_POINT('Ctrl Pts',(-0.17695211466275,-1.02427709810084,9.49828652451003));
#4769=CARTESIAN_POINT('Ctrl Pts',(0.161492827998474,-1.08274618660419,9.52209868038636));
#4770=CARTESIAN_POINT('Ctrl Pts',(0.531782518340682,-0.956883791945557,
9.54591083626269));
#4771=CARTESIAN_POINT('Ctrl Pts',(0.764492258711008,-0.704277793877126,
9.56972299213902));
#4772=CARTESIAN_POINT('Ctrl Pts',(0.997201999081322,-0.451671795808709,
9.59353514801535));
#4773=CARTESIAN_POINT('Ctrl Pts',(1.09233178947977,-0.0723221943305219,
9.61734730389168));
#4774=CARTESIAN_POINT('Ctrl Pts',(1.0063553411751,0.260200983598891,9.64115945976801));
#4775=CARTESIAN_POINT('Ctrl Pts',(0.92037889287044,0.592724161528313,9.66497161564433));
#4776=CARTESIAN_POINT('Ctrl Pts',(0.653296205862661,0.878420915908944,9.68878377152066));
#4777=CARTESIAN_POINT('Ctrl Pts',(0.327309989745939,0.98657173849143,9.71259592739699));
#4778=CARTESIAN_POINT('Ctrl Pts',(0.00132377362923625,1.09472256107391,
9.73640808327332));
#4779=CARTESIAN_POINT('Ctrl Pts',(-0.383565971596421,1.02532745185825,9.76022023914965));
#4780=CARTESIAN_POINT('Ctrl Pts',(-0.651254346401456,0.810137890035211,
9.78403239502598));
#4781=CARTESIAN_POINT('Ctrl Pts',(-0.891099404555698,0.617331037637439,
9.80536775527498));
#4782=CARTESIAN_POINT('Ctrl Pts',(-1.03685625040525,0.307481702199238,9.82670311552398));
#4783=CARTESIAN_POINT('Ctrl Pts',(-1.03899835558783,-0.000607266145265489,
9.84803847577299));
#4784=CARTESIAN_POINT('Origin',(0.,0.,0.));
#4785=CARTESIAN_POINT('',(-1.03814158587701,0.000909235040006626,10.298038475773));
#4786=CARTESIAN_POINT('',(-1.03608863809068,0.00021571233673752,10.1769615242271));
#4787=CARTESIAN_POINT('',(-1.03775,-1.27087721581517E-16,0.));
#4788=CARTESIAN_POINT('Ctrl Pts',(-1.03608863809068,0.00021571233673752,
10.1769615242271));
#4789=CARTESIAN_POINT('Ctrl Pts',(-1.03638586182713,0.160118418882922,10.1659671505901));
#4790=CARTESIAN_POINT('Ctrl Pts',(-1.00163253395938,0.319898718090869,10.154972776953));
#4791=CARTESIAN_POINT('Ctrl Pts',(-0.931156188325885,0.461956449734158,
10.143978403316));
#4792=CARTESIAN_POINT('Ctrl Pts',(-0.778515048118668,0.76963208101685,10.1201662474397));
#4793=CARTESIAN_POINT('Ctrl Pts',(-0.458300697919933,0.994172867545499,
10.0963540915634));
#4794=CARTESIAN_POINT('Ctrl Pts',(-0.117026046086344,1.03284099117239,10.072541935687));
#4795=CARTESIAN_POINT('Ctrl Pts',(0.224248605747245,1.07150911479929,10.0487297798107));
#4796=CARTESIAN_POINT('Ctrl Pts',(0.586583559215688,0.924304575524429,10.0249176239344));
#4797=CARTESIAN_POINT('Ctrl Pts',(0.804193777517883,0.658580273550685,10.001105468058));
#4798=CARTESIAN_POINT('Ctrl Pts',(1.02180399582008,0.392855971576934,9.97729331218172));
#4799=CARTESIAN_POINT('Ctrl Pts',(1.09468947895603,0.0086119069042917,9.95348115630539));
#4800=CARTESIAN_POINT('Ctrl Pts',(0.98950173987446,-0.318342449720416,9.92966900042906));
#4801=CARTESIAN_POINT('Ctrl Pts',(0.884314000792892,-0.645296806345125,
9.90585684455273));
#4802=CARTESIAN_POINT('Ctrl Pts',(0.601053039493811,-0.914961454921899,
9.88204468867641));
#4803=CARTESIAN_POINT('Ctrl Pts',(0.269323875983594,-1.0039523187551,9.85823253280008));
#4804=CARTESIAN_POINT('Ctrl Pts',(-0.0624052875266236,-1.09294318258831,
9.83442037692375));
#4805=CARTESIAN_POINT('Ctrl Pts',(-0.442602653247978,-1.00126026167795,
9.81060822104741));
#4806=CARTESIAN_POINT('Ctrl Pts',(-0.697310302783593,-0.770852742189085,
9.78679606517109));
#4807=CARTESIAN_POINT('Ctrl Pts',(-0.910651132624794,-0.57786548209294,
9.76685121818975));
#4808=CARTESIAN_POINT('Ctrl Pts',(-1.0359535665739,-0.287554779878643,9.74690637120841));
#4809=CARTESIAN_POINT('Ctrl Pts',(-1.03847568067877,0.00083338797261575,
9.72696152422708));
#4810=CARTESIAN_POINT('Ctrl Pts',(-1.03899835558783,-0.000607266145265489,
9.84803847577299));
#4811=CARTESIAN_POINT('Ctrl Pts',(-1.0392470299335,-0.0363729340654276,
9.85051527140031));
#4812=CARTESIAN_POINT('Ctrl Pts',(-1.03756026566178,-0.0721148782199218,
9.85299206702764));
#4813=CARTESIAN_POINT('Ctrl Pts',(-1.03386057940964,-0.107647233686025,
9.85546886265496));
#4814=CARTESIAN_POINT('Ctrl Pts',(-0.998291433228342,-0.449258781153758,
9.87928101853129));
#4815=CARTESIAN_POINT('Ctrl Pts',(-0.776666136481311,-0.771497861658767,
9.90309317440762));
#4816=CARTESIAN_POINT('Ctrl Pts',(-0.470388535597243,-0.926925158875393,
9.92690533028395));
#4817=CARTESIAN_POINT('Ctrl Pts',(-0.164110934713174,-1.08235245609202,
9.95071748616028));
#4818=CARTESIAN_POINT('Ctrl Pts',(0.226818970307924,-1.07096797002026,9.9745296420366));
#4819=CARTESIAN_POINT('Ctrl Pts',(0.523532626845944,-0.897980630751731,
9.99834179791293));
#4820=CARTESIAN_POINT('Ctrl Pts',(0.820246283383956,-0.724993291483209,
10.0221539537893));
#4821=CARTESIAN_POINT('Ctrl Pts',(1.02274369143889,-0.390403099017939,10.0459661096656));
#4822=CARTESIAN_POINT('Ctrl Pts',(1.03837290030834,-0.0473005759239298,
10.0697782655419));
#4823=CARTESIAN_POINT('Ctrl Pts',(1.0540021091778,0.295801947170089,10.0935904214183));
#4824=CARTESIAN_POINT('Ctrl Pts',(0.882763118861744,0.647416800892859,10.1174025772946));
#4825=CARTESIAN_POINT('Ctrl Pts',(0.60300570500172,0.846663890993864,10.1412147331709));
#4826=CARTESIAN_POINT('Ctrl Pts',(0.323248291141696,1.04591098109487,10.1650268890472));
#4827=CARTESIAN_POINT('Ctrl Pts',(-0.0650275462622986,1.09279030757413,
10.1888390449236));
#4828=CARTESIAN_POINT('Ctrl Pts',(-0.384167613551009,0.965852405534103,
10.2126512007999));
#4829=CARTESIAN_POINT('Ctrl Pts',(-0.703307680839719,0.838914503494076,
10.2364633566762));
#4830=CARTESIAN_POINT('Ctrl Pts',(-0.953311978013136,0.538159372934764,
10.2602755125526));
#4831=CARTESIAN_POINT('Ctrl Pts',(-1.01979195047398,0.201196427219702,10.2840876684289));
#4832=CARTESIAN_POINT('Ctrl Pts',(-1.03277480529345,0.135391029867342,10.2887379375436));
#4833=CARTESIAN_POINT('Ctrl Pts',(-1.03875839611922,0.0682047362370259,
10.2933882066583));
#4834=CARTESIAN_POINT('Ctrl Pts',(-1.03814158587701,0.000909235040006626,
10.298038475773));
#4835=CARTESIAN_POINT('Origin',(0.,0.,0.));
#4836=CARTESIAN_POINT('',(-1.03604788383572,3.07229538998173E-5,10.748038475773));
#4837=CARTESIAN_POINT('',(-1.03768481878298,-0.000948286925267494,10.6269615242271));
#4838=CARTESIAN_POINT('',(-1.03775,-1.27087721581517E-16,0.));
#4839=CARTESIAN_POINT('Ctrl Pts',(-1.03768481878298,-0.000948286925267494,
10.6269615242271));
#4840=CARTESIAN_POINT('Ctrl Pts',(-1.03528552943824,0.261588907856325,10.608840085848));
#4841=CARTESIAN_POINT('Ctrl Pts',(-0.933988905042823,0.525774155172665,
10.590718647469));
#4842=CARTESIAN_POINT('Ctrl Pts',(-0.754096885498053,0.715397439044,10.5725972090899));
#4843=CARTESIAN_POINT('Ctrl Pts',(-0.517712956104184,0.964568564364096,
10.5487850532136));
#4844=CARTESIAN_POINT('Ctrl Pts',(-0.145619854251593,1.08499496695851,10.5249728973373));
#4845=CARTESIAN_POINT('Ctrl Pts',(0.191932578045943,1.02157598542312,10.5011607414609));
#4846=CARTESIAN_POINT('Ctrl Pts',(0.529485010343479,0.958157003887731,10.4773485855846));
#4847=CARTESIAN_POINT('Ctrl Pts',(0.832496773085962,0.710892638222543,10.4535364297083));
#4848=CARTESIAN_POINT('Ctrl Pts',(0.96232593908265,0.392917797353689,10.429724273832));
#4849=CARTESIAN_POINT('Ctrl Pts',(1.09215510507934,0.074942956484834,10.4059121179556));
#4850=CARTESIAN_POINT('Ctrl Pts',(1.04880167433023,-0.313742359587687,10.3820999620793));
#4851=CARTESIAN_POINT('Ctrl Pts',(0.85210185099779,-0.595296601732882,10.358287806203));
#4852=CARTESIAN_POINT('Ctrl Pts',(0.655402027665348,-0.876850843878077,
10.3344756503267));
#4853=CARTESIAN_POINT('Ctrl Pts',(0.305355811749571,-1.05127401209595,10.3106634944503));
#4854=CARTESIAN_POINT('Ctrl Pts',(-0.0378744270080278,-1.03875942175626,
10.286851338574));
#4855=CARTESIAN_POINT('Ctrl Pts',(-0.381104665765627,-1.02624483141657,
10.2630391826977));
#4856=CARTESIAN_POINT('Ctrl Pts',(-0.717518927365048,-0.826792482519318,
10.2392270268213));
#4857=CARTESIAN_POINT('Ctrl Pts',(-0.893192093056919,-0.53166107005232,
10.215414870945));
#4858=CARTESIAN_POINT('Ctrl Pts',(-0.987754735550248,-0.372795564693242,
10.2025970887057));
#4859=CARTESIAN_POINT('Ctrl Pts',(-1.035742120021,-0.186206737877633,10.1897793064664));
#4860=CARTESIAN_POINT('Ctrl Pts',(-1.03608863809068,0.00021571233673752,
10.1769615242271));
#4861=CARTESIAN_POINT('Ctrl Pts',(-1.03814158587701,0.000909235040006626,
10.298038475773));
#4862=CARTESIAN_POINT('Ctrl Pts',(-1.03559995920486,-0.276388431330958,
10.3172003625346));
#4863=CARTESIAN_POINT('Ctrl Pts',(-0.920987992034881,-0.555540368231741,
10.3363622492962));
#4864=CARTESIAN_POINT('Ctrl Pts',(-0.722212110320314,-0.747572934424575,
10.3555241360579));
#4865=CARTESIAN_POINT('Ctrl Pts',(-0.475196649957572,-0.986208589482948,
10.3793362919342));
#4866=CARTESIAN_POINT('Ctrl Pts',(-0.0982100814838617,-1.09030913872891,
10.4031484478105));
#4867=CARTESIAN_POINT('Ctrl Pts',(0.236258765277325,-1.01224375543005,10.4269606036869));
#4868=CARTESIAN_POINT('Ctrl Pts',(0.570727612038531,-0.934178372131179,
10.4507727595632));
#4869=CARTESIAN_POINT('Ctrl Pts',(0.86267873708719,-0.673947056287444,10.4745849154395));
#4870=CARTESIAN_POINT('Ctrl Pts',(0.978530967679675,-0.350617697598637,
10.4983970713158));
#4871=CARTESIAN_POINT('Ctrl Pts',(1.09438319827216,-0.0272883389098395,
10.5222092271922));
#4872=CARTESIAN_POINT('Ctrl Pts',(1.03413653440848,0.35913906262404,10.5460213830685));
#4873=CARTESIAN_POINT('Ctrl Pts',(0.825356617465977,0.631856058436265,10.5698335389448));
#4874=CARTESIAN_POINT('Ctrl Pts',(0.616576700523468,0.904573054248497,10.5936456948212));
#4875=CARTESIAN_POINT('Ctrl Pts',(0.259263530502147,1.06357964433907,10.6174578506975));
#4876=CARTESIAN_POINT('Ctrl Pts',(-0.0830955545025289,1.03612294318744,
10.6412700065738));
#4877=CARTESIAN_POINT('Ctrl Pts',(-0.425454639507186,1.00866624203582,10.6650821624501));
#4878=CARTESIAN_POINT('Ctrl Pts',(-0.752859639495192,0.794746249641994,
10.6888943183265));
#4879=CARTESIAN_POINT('Ctrl Pts',(-0.915507590517588,0.492241278523217,
10.7127064742028));
#4880=CARTESIAN_POINT('Ctrl Pts',(-0.995952184877393,0.342624332594867,
10.7244838080595));
#4881=CARTESIAN_POINT('Ctrl Pts',(-1.03609348514712,0.171337500783446,10.7362611419163));
#4882=CARTESIAN_POINT('Ctrl Pts',(-1.0360482466406,3.07164053235126E-5,
10.748038475773));
#4883=CARTESIAN_POINT('Origin',(0.,0.,0.));
#4884=CARTESIAN_POINT('',(-1.03802887989818,-0.000925512330419465,11.198038475773));
#4885=CARTESIAN_POINT('',(-1.03928454723288,0.000374469769404131,11.0769615242271));
#4886=CARTESIAN_POINT('',(-1.03775,-1.27087721581517E-16,0.));
#4887=CARTESIAN_POINT('Ctrl Pts',(-1.03928454723288,0.000374469769404131,
11.0769615242271));
#4888=CARTESIAN_POINT('Ctrl Pts',(-1.03938093356386,0.0211006540997926,
11.0755251769823));
#4889=CARTESIAN_POINT('Ctrl Pts',(-1.03881460465675,0.0418214699769221,
11.0740888297376));
#4890=CARTESIAN_POINT('Ctrl Pts',(-1.03756888371354,0.0625013604492894,
11.0726524824928));
#4891=CARTESIAN_POINT('Ctrl Pts',(-1.01691698258959,0.405338217786617,11.0488403266165));
#4892=CARTESIAN_POINT('Ctrl Pts',(-0.809541575129066,0.736927173074177,
11.0250281707402));
#4893=CARTESIAN_POINT('Ctrl Pts',(-0.510326522876072,0.905550908871387,
11.0012160148638));
#4894=CARTESIAN_POINT('Ctrl Pts',(-0.211111470623079,1.0741746446686,10.9774038589875));
#4895=CARTESIAN_POINT('Ctrl Pts',(0.179943226422384,1.07983316097546,10.9535917031112));
#4896=CARTESIAN_POINT('Ctrl Pts',(0.483911917504472,0.919937424288045,10.9297795472349));
#4897=CARTESIAN_POINT('Ctrl Pts',(0.787880608586561,0.760041687600632,10.9059673913585));
#4898=CARTESIAN_POINT('Ctrl Pts',(1.00476329370528,0.434591697918945,10.8821552354822));
#4899=CARTESIAN_POINT('Ctrl Pts',(1.03532609108978,0.0924959113547102,10.8583430796059));
#4900=CARTESIAN_POINT('Ctrl Pts',(1.06588888847428,-0.249599875209525,10.8345309237296));
#4901=CARTESIAN_POINT('Ctrl Pts',(0.910131798124569,-0.608341458656308,
10.8107187678532));
#4902=CARTESIAN_POINT('Ctrl Pts',(0.639320908803207,-0.819587935535668,
10.7869066119769));
#4903=CARTESIAN_POINT('Ctrl Pts',(0.368510019481853,-1.03083441241502,10.7630944561006));
#4904=CARTESIAN_POINT('Ctrl Pts',(-0.0173546688111452,-1.09458578272696,
10.7392823002242));
#4905=CARTESIAN_POINT('Ctrl Pts',(-0.341722174900652,-0.981672839437736,
10.7154701443479));
#4906=CARTESIAN_POINT('Ctrl Pts',(-0.666089680990178,-0.868759896148504,
10.6916579884716));
#4907=CARTESIAN_POINT('Ctrl Pts',(-0.928960004876203,-0.579182639258083,
10.6678458325952));
#4908=CARTESIAN_POINT('Ctrl Pts',(-1.01005778835164,-0.245436086789976,
10.6440336767189));
#4909=CARTESIAN_POINT('Ctrl Pts',(-1.02943883800592,-0.165676095479144,
10.6383429592216));
#4910=CARTESIAN_POINT('Ctrl Pts',(-1.03843827320362,-0.0833934536267614,
10.6326522417244));
#4911=CARTESIAN_POINT('Ctrl Pts',(-1.03768481878298,-0.000948286925267494,
10.6269615242271));
#4912=CARTESIAN_POINT('Ctrl Pts',(-1.0360482466406,3.07164053235126E-5,
10.748038475773));
#4913=CARTESIAN_POINT('Ctrl Pts',(-1.03600201908341,-0.175021352748924,
10.7600732977926));
#4914=CARTESIAN_POINT('Ctrl Pts',(-0.993992845179794,-0.350094256454034,
10.7721081198122));
#4915=CARTESIAN_POINT('Ctrl Pts',(-0.910145306761586,-0.502086790462914,
10.7841429418318));
#4916=CARTESIAN_POINT('Ctrl Pts',(-0.744244169926399,-0.802819938486471,
10.8079550977081));
#4917=CARTESIAN_POINT('Ctrl Pts',(-0.414550994199255,-1.01319628468983,
10.8317672535844));
#4918=CARTESIAN_POINT('Ctrl Pts',(-0.0719156899953166,-1.03695889894922,
10.8555794094608));
#4919=CARTESIAN_POINT('Ctrl Pts',(0.270719614208612,-1.06072151320862,10.8793915653371));
#4920=CARTESIAN_POINT('Ctrl Pts',(0.626297046889323,-0.897870395524077,
10.9032037212134));
#4921=CARTESIAN_POINT('Ctrl Pts',(0.832123450242642,-0.622917480998705,
10.9270158770897));
#4922=CARTESIAN_POINT('Ctrl Pts',(1.03794985359597,-0.347964566473325,10.9508280329661));
#4923=CARTESIAN_POINT('Ctrl Pts',(1.09402522762188,0.039090144892911,10.9746401888424));
#4924=CARTESIAN_POINT('Ctrl Pts',(0.974692489398812,0.361151181206761,10.9984523447187));
#4925=CARTESIAN_POINT('Ctrl Pts',(0.855359751175739,0.68321221752062,11.0222645005951));
#4926=CARTESIAN_POINT('Ctrl Pts',(0.560618900703686,0.940279578782107,11.0460766564714));
#4927=CARTESIAN_POINT('Ctrl Pts',(0.225327539421745,1.01473303117403,11.0698888123477));
#4928=CARTESIAN_POINT('Ctrl Pts',(-0.109963821860177,1.08918648356595,11.0937009682241));
#4929=CARTESIAN_POINT('Ctrl Pts',(-0.48580569395197,0.981026027088321,11.1175131241004));
#4930=CARTESIAN_POINT('Ctrl Pts',(-0.730232998685826,0.739740084224046,
11.1413252799767));
#4931=CARTESIAN_POINT('Ctrl Pts',(-0.924283097345814,0.548183903260293,
11.1602296785755));
#4932=CARTESIAN_POINT('Ctrl Pts',(-1.03550621962978,0.272722400857108,11.1791340771742));
#4933=CARTESIAN_POINT('Ctrl Pts',(-1.03802887989818,-0.000925512330419465,
11.198038475773));
#4934=CARTESIAN_POINT('Origin',(0.,0.,0.));
#4935=CARTESIAN_POINT('',(-1.03907948499159,0.000554019176522888,11.648038475773));
#4936=CARTESIAN_POINT('',(-1.03657923947018,0.000708895736927992,11.5269615242271));
#4937=CARTESIAN_POINT('',(-1.03775,-1.27087721581517E-16,0.));
#4938=CARTESIAN_POINT('Ctrl Pts',(-1.03657923947018,0.000708895736927992,
11.5269615242271));
#4939=CARTESIAN_POINT('Ctrl Pts',(-1.03736179069357,0.125108046904569,11.5183981122403));
#4940=CARTESIAN_POINT('Ctrl Pts',(-1.01665308668066,0.24925536538379,11.5098347002535));
#4941=CARTESIAN_POINT('Ctrl Pts',(-0.973291614512405,0.364909634880218,
11.5012712882668));
#4942=CARTESIAN_POINT('Ctrl Pts',(-0.85271699590329,0.686507789595439,11.4774591323904));
#4943=CARTESIAN_POINT('Ctrl Pts',(-0.556986370013685,0.942435888480763,
11.4536469765141));
#4944=CARTESIAN_POINT('Ctrl Pts',(-0.221410206416032,1.01559496306519,11.4298348206378));
#4945=CARTESIAN_POINT('Ctrl Pts',(0.114165957181621,1.08875403764962,11.4060226647614));
#4946=CARTESIAN_POINT('Ctrl Pts',(0.489587658487323,0.979144087933154,11.3822105088851));
#4947=CARTESIAN_POINT('Ctrl Pts',(0.733082066944381,0.736916746744931,11.3583983530088));
#4948=CARTESIAN_POINT('Ctrl Pts',(0.97657647540144,0.494689405556707,11.3345861971325));
#4949=CARTESIAN_POINT('Ctrl Pts',(1.08814359100986,0.119844672896727,11.3107740412561));
#4950=CARTESIAN_POINT('Ctrl Pts',(1.01673628682291,-0.216108610578405,11.2869618853798));
#4951=CARTESIAN_POINT('Ctrl Pts',(0.945328982635975,-0.552061894053538,
11.2631497295035));
#4952=CARTESIAN_POINT('Ctrl Pts',(0.690947258653678,-0.849123728343822,
11.2393375736271));
#4953=CARTESIAN_POINT('Ctrl Pts',(0.36998254514859,-0.971374554326985,11.2155254177508));
#4954=CARTESIAN_POINT('Ctrl Pts',(0.0490178316435024,-1.09362538031015,
11.1917132618745));
#4955=CARTESIAN_POINT('Ctrl Pts',(-0.338529871384377,-1.04106519798619,
11.1679011059981));
#4956=CARTESIAN_POINT('Ctrl Pts',(-0.615339525504627,-0.837742727130662,
11.1440889501218));
#4957=CARTESIAN_POINT('Ctrl Pts',(-0.875452044511226,-0.646684650659447,
11.1217131414902));
#4958=CARTESIAN_POINT('Ctrl Pts',(-1.03778301471379,-0.322503675425999,
11.0993373328587));
#4959=CARTESIAN_POINT('Ctrl Pts',(-1.03928454723288,0.000374469769404131,
11.0769615242271));
#4960=CARTESIAN_POINT('Ctrl Pts',(-1.03802887989818,-0.000925512330419465,
11.198038475773));
#4961=CARTESIAN_POINT('Ctrl Pts',(-1.03868378590994,-0.071967049590798,
11.2029462330505));
#4962=CARTESIAN_POINT('Ctrl Pts',(-1.03201260934015,-0.142886356419801,
11.2078539903281));
#4963=CARTESIAN_POINT('Ctrl Pts',(-1.0175626448982,-0.212183619267041,11.2127617476057));
#4964=CARTESIAN_POINT('Ctrl Pts',(-0.947452249000814,-0.5484099506429,11.236573903482));
#4965=CARTESIAN_POINT('Ctrl Pts',(-0.69421871983013,-0.846451184143695,
11.2603860593584));
#4966=CARTESIAN_POINT('Ctrl Pts',(-0.373728135309247,-0.969939640109509,
11.2841982152347));
#4967=CARTESIAN_POINT('Ctrl Pts',(-0.0532375507883544,-1.09342809607533,
11.308010371111));
#4968=CARTESIAN_POINT('Ctrl Pts',(0.334510089082741,-1.04236377450615,11.3318225269873));
#4969=CARTESIAN_POINT('Ctrl Pts',(0.612102265500022,-0.840110969543447,
11.3556346828637));
#4970=CARTESIAN_POINT('Ctrl Pts',(0.889694441917303,-0.637858164580742,
11.37944683874));
#4971=CARTESIAN_POINT('Ctrl Pts',(1.05713115488077,-0.284416876224506,11.4032589946163));
#4972=CARTESIAN_POINT('Ctrl Pts',(1.03780234688758,0.0584971227678462,11.4270711504927));
#4973=CARTESIAN_POINT('Ctrl Pts',(1.0184735388944,0.401411121760199,11.450883306369));
#4974=CARTESIAN_POINT('Ctrl Pts',(0.812379209944556,0.733797831388668,11.4746954622453));
#4975=CARTESIAN_POINT('Ctrl Pts',(0.513817068780716,0.903574924622791,11.4985076181216));
#4976=CARTESIAN_POINT('Ctrl Pts',(0.215254927616875,1.07335201785691,11.522319773998));
#4977=CARTESIAN_POINT('Ctrl Pts',(-0.175775025760965,1.08051949469669,11.5461319298743));
#4978=CARTESIAN_POINT('Ctrl Pts',(-0.480358461971863,0.921797902248382,
11.5699440857506));
#4979=CARTESIAN_POINT('Ctrl Pts',(-0.784941898182761,0.763076309800074,
11.593756241627));
#4980=CARTESIAN_POINT('Ctrl Pts',(-1.00307881722672,0.438465648063684,11.6175683975033));
#4981=CARTESIAN_POINT('Ctrl Pts',(-1.03496146717363,0.0964903417099537,
11.6413805533796));
#4982=CARTESIAN_POINT('Ctrl Pts',(-1.03793294961232,0.0646180343895998,
11.6435998608441));
#4983=CARTESIAN_POINT('Ctrl Pts',(-1.0392865615741,0.0325948916226037,11.6458191683085));
#4984=CARTESIAN_POINT('Ctrl Pts',(-1.03907948499159,0.000554019176522888,
11.648038475773));
#4985=CARTESIAN_POINT('Origin',(0.,0.,0.));
#4986=CARTESIAN_POINT('',(-1.03636511816318,0.000570536168044442,12.098038475773));
#4987=CARTESIAN_POINT('',(-1.03672043276293,-0.000775193223284398,11.9769615242271));
#4988=CARTESIAN_POINT('',(-1.03775,-1.27087721581517E-16,0.));
#4989=CARTESIAN_POINT('Ctrl Pts',(-1.03672043276293,-0.000775193223284398,
11.9769615242271));
#4990=CARTESIAN_POINT('Ctrl Pts',(-1.0351386709218,0.227079504552112,11.9612710474983));
#4991=CARTESIAN_POINT('Ctrl Pts',(-0.961175424921027,0.455867793585243,
11.9455805707695));
#4992=CARTESIAN_POINT('Ctrl Pts',(-0.822912259038875,0.635036237101563,
11.9298900940407));
#4993=CARTESIAN_POINT('Ctrl Pts',(-0.613081537203815,0.906945560117772,
11.9060779381643));
#4994=CARTESIAN_POINT('Ctrl Pts',(-0.255157455181316,1.06457216445994,11.882265782288));
#4995=CARTESIAN_POINT('Ctrl Pts',(0.0870931283745461,1.03579457205496,11.8584536264117));
#4996=CARTESIAN_POINT('Ctrl Pts',(0.429343711930428,1.00701697964997,11.8346414705353));
#4997=CARTESIAN_POINT('Ctrl Pts',(0.75592079701967,0.791835190497804,11.810829314659));
#4998=CARTESIAN_POINT('Ctrl Pts',(0.917400229136476,0.48870484762167,11.7870171587827));
#4999=CARTESIAN_POINT('Ctrl Pts',(1.07887966125328,0.185574504745536,11.7632050029064));
#5000=CARTESIAN_POINT('Ctrl Pts',(1.07526144039765,-0.205504391854567,11.7393928470301));
#5001=CARTESIAN_POINT('Ctrl Pts',(0.908201070329194,-0.505595119004806,
11.7155806911537));
#5002=CARTESIAN_POINT('Ctrl Pts',(0.741140700260737,-0.805685846155045,
11.6917685352774));
#5003=CARTESIAN_POINT('Ctrl Pts',(0.410638180979455,-1.01478840385542,11.667956379401));
#5004=CARTESIAN_POINT('Ctrl Pts',(0.0679137350926565,-1.03722867926718,
11.6441442235247));
#5005=CARTESIAN_POINT('Ctrl Pts',(-0.274810710794142,-1.05966895467894,
11.6203320676484));
#5006=CARTESIAN_POINT('Ctrl Pts',(-0.629757083286457,-0.895446947802091,
11.5965199117721));
#5007=CARTESIAN_POINT('Ctrl Pts',(-0.834520963868301,-0.619701839091106,
11.5727077558957));
#5008=CARTESIAN_POINT('Ctrl Pts',(-0.965646931170085,-0.443121164776276,
11.5574590120062));
#5009=CARTESIAN_POINT('Ctrl Pts',(-1.03518576182314,-0.220806873814281,
11.5422102681166));
#5010=CARTESIAN_POINT('Ctrl Pts',(-1.03657923947018,0.000708895736927992,
11.5269615242271));
#5011=CARTESIAN_POINT('Ctrl Pts',(-1.03907948499159,0.000554019176522888,
11.648038475773));
#5012=CARTESIAN_POINT('Ctrl Pts',(-1.03706472438385,-0.311189041572349,
11.6696313241849));
#5013=CARTESIAN_POINT('Ctrl Pts',(-0.887308918741421,-0.624610464942439,
11.6912241725967));
#5014=CARTESIAN_POINT('Ctrl Pts',(-0.642478781190152,-0.817114826874355,
11.7128170210086));
#5015=CARTESIAN_POINT('Ctrl Pts',(-0.372485064409925,-1.02940473813383,
11.7366291768849));
#5016=CARTESIAN_POINT('Ctrl Pts',(0.0131307500003898,-1.09464460968173,
11.7604413327613));
#5017=CARTESIAN_POINT('Ctrl Pts',(0.337931552203218,-0.982984176171221,
11.7842534886376));
#5018=CARTESIAN_POINT('Ctrl Pts',(0.662732354406056,-0.871323742660705,
11.8080656445139));
#5019=CARTESIAN_POINT('Ctrl Pts',(0.926718144401415,-0.582763004091759,
11.8318778003902));
#5020=CARTESIAN_POINT('Ctrl Pts',(1.00910318653113,-0.24933187423636,11.8556899562666));
#5021=CARTESIAN_POINT('Ctrl Pts',(1.09148822866084,0.0840992556190495,11.8795021121429));
#5022=CARTESIAN_POINT('Ctrl Pts',(0.992272522924915,0.4624007767609,11.9033142680192));
#5023=CARTESIAN_POINT('Ctrl Pts',(0.756851853719038,0.712482207567,11.9271264238956));
#5024=CARTESIAN_POINT('Ctrl Pts',(0.521431184513167,0.962563638373094,11.9509385797719));
#5025=CARTESIAN_POINT('Ctrl Pts',(0.149805551837348,1.08442497884342,11.9747507356482));
#5026=CARTESIAN_POINT('Ctrl Pts',(-0.187989091111964,1.02230901698087,11.9985628915245));
#5027=CARTESIAN_POINT('Ctrl Pts',(-0.525783734061275,0.960193055118312,
12.0223750474009));
#5028=CARTESIAN_POINT('Ctrl Pts',(-0.829747387284089,0.714099790922866,
12.0461872032772));
#5029=CARTESIAN_POINT('Ctrl Pts',(-0.9608025895712,0.396628300113301,12.0699993591535));
#5030=CARTESIAN_POINT('Ctrl Pts',(-1.01224231248133,0.272019393071725,12.07934573136));
#5031=CARTESIAN_POINT('Ctrl Pts',(-1.03704383198494,0.136413986385079,12.0886921035665));
#5032=CARTESIAN_POINT('Ctrl Pts',(-1.03636511816318,0.000570536168044441,
12.098038475773));
#5033=CARTESIAN_POINT('Origin',(0.,0.,0.));
#5034=CARTESIAN_POINT('',(-1.03700166396068,-0.000868498171932423,12.548038475773));
#5035=CARTESIAN_POINT('',(-1.03936774885876,-0.000263693027470063,12.4269615242271));
#5036=CARTESIAN_POINT('',(-1.03775,-1.27087721581517E-16,0.));
#5037=CARTESIAN_POINT('Ctrl Pts',(-1.03936774885876,-0.000263693027470063,
12.4269615242271));
#5038=CARTESIAN_POINT('Ctrl Pts',(-1.03824624559258,0.328918283057695,12.4041439827562));
#5039=CARTESIAN_POINT('Ctrl Pts',(-0.868541019521204,0.659095619936625,
12.3813264412854));
#5040=CARTESIAN_POINT('Ctrl Pts',(-0.599734102809396,0.848984460656369,
12.3585088998146));
#5041=CARTESIAN_POINT('Ctrl Pts',(-0.319209918836272,1.0471505374081,12.3346967439383));
#5042=CARTESIAN_POINT('Ctrl Pts',(0.0692439229205209,1.09253123498421,12.3108845880619));
#5043=CARTESIAN_POINT('Ctrl Pts',(0.387891783559142,0.964362780677421,12.2870724321856));
#5044=CARTESIAN_POINT('Ctrl Pts',(0.70653964419778,0.836194326370627,12.2632602763093));
#5045=CARTESIAN_POINT('Ctrl Pts',(0.955381523718249,0.534476720180917,12.239448120433));
#5046=CARTESIAN_POINT('Ctrl Pts',(1.0205607274819,0.197259752687124,12.2156359645566));
#5047=CARTESIAN_POINT('Ctrl Pts',(1.08573993124556,-0.139957214806659,12.1918238086803));
#5048=CARTESIAN_POINT('Ctrl Pts',(0.967256459252427,-0.512673543604508,
12.1680116528039));
#5049=CARTESIAN_POINT('Ctrl Pts',(0.719321992094379,-0.750354236476314,
12.1441994969276));
#5050=CARTESIAN_POINT('Ctrl Pts',(0.471387524936338,-0.988034929348113,
12.1203873410513));
#5051=CARTESIAN_POINT('Ctrl Pts',(0.0940020626133821,-1.09067998629386,
12.096575185175));
#5052=CARTESIAN_POINT('Ctrl Pts',(-0.240163052624686,-1.01132453577601,
12.0727630292987));
#5053=CARTESIAN_POINT('Ctrl Pts',(-0.574328167862772,-0.931969085258167,
12.0489508734223));
#5054=CARTESIAN_POINT('Ctrl Pts',(-0.865272936015975,-0.670613127276708,
12.025138717546));
#5055=CARTESIAN_POINT('Ctrl Pts',(-0.979876639268769,-0.346839127440836,
12.0013265616696));
#5056=CARTESIAN_POINT('Ctrl Pts',(-1.0189648474836,-0.236408616375973,11.9932048825221));
#5057=CARTESIAN_POINT('Ctrl Pts',(-1.03753918176485,-0.118716972786447,
11.9850832033746));
#5058=CARTESIAN_POINT('Ctrl Pts',(-1.03672043276293,-0.000775193223284398,
11.9769615242271));
#5059=CARTESIAN_POINT('Ctrl Pts',(-1.03636511816318,0.000570536168044441,
12.098038475773));
#5060=CARTESIAN_POINT('Ctrl Pts',(-1.03531464348676,-0.20968023497526,12.1125042594428));
#5061=CARTESIAN_POINT('Ctrl Pts',(-0.973226043238488,-0.420501241512958,
12.1269700431127));
#5062=CARTESIAN_POINT('Ctrl Pts',(-0.854392644937817,-0.592004081787999,
12.1414358267825));
#5063=CARTESIAN_POINT('Ctrl Pts',(-0.658780746665912,-0.874315255456039,
12.1652479826588));
#5064=CARTESIAN_POINT('Ctrl Pts',(-0.30941019877069,-1.05008788536843,12.1890601385352));
#5065=CARTESIAN_POINT('Ctrl Pts',(0.0338657784454967,-1.03889784561706,
12.2128722944115));
#5066=CARTESIAN_POINT('Ctrl Pts',(0.377141755661683,-1.02770780586569,12.2366844502878));
#5067=CARTESIAN_POINT('Ctrl Pts',(0.714323162198833,-0.82955509645057,12.2604966061642));
#5068=CARTESIAN_POINT('Ctrl Pts',(0.891133874938507,-0.535103767053243,
12.2843087620405));
#5069=CARTESIAN_POINT('Ctrl Pts',(1.06794458767818,-0.240652437655916,12.3081209179168));
#5070=CARTESIAN_POINT('Ctrl Pts',(1.08438460662038,0.150097511723615,12.3319330737931));
#5071=CARTESIAN_POINT('Ctrl Pts',(0.93293186104227,0.458359866512871,12.3557452296695));
#5072=CARTESIAN_POINT('Ctrl Pts',(0.781479115464161,0.766622221302127,12.3795573855458));
#5073=CARTESIAN_POINT('Ctrl Pts',(0.462133605365745,0.99239698150111,12.4033695414221));
#5074=CARTESIAN_POINT('Ctrl Pts',(0.121010704483788,1.0323817288086,12.4271816972985));
#5075=CARTESIAN_POINT('Ctrl Pts',(-0.220112196398168,1.07236647611609,12.4509938531748));
#5076=CARTESIAN_POINT('Ctrl Pts',(-0.583012488063666,0.926561210532078,
12.4748060090511));
#5077=CARTESIAN_POINT('Ctrl Pts',(-0.801646465280886,0.661678599684282,
12.4986181649274));
#5078=CARTESIAN_POINT('Ctrl Pts',(-0.952899172393812,0.478430723632227,
12.515091601876));
#5079=CARTESIAN_POINT('Ctrl Pts',(-1.03510629039945,0.238192652159204,12.5315650388245));
#5080=CARTESIAN_POINT('Ctrl Pts',(-1.03700166396068,-0.000868498171932423,
12.548038475773));
#5081=CARTESIAN_POINT('Origin',(0.,0.,0.));
#5082=CARTESIAN_POINT('',(-1.03944574293981,-5.69770838136175E-5,12.998038475773));
#5083=CARTESIAN_POINT('',(-1.03749350240179,0.000943510664055611,12.8769615242271));
#5084=CARTESIAN_POINT('',(-1.03775,-1.27087721581517E-16,0.));
#5085=CARTESIAN_POINT('Ctrl Pts',(-1.03749350240179,0.000943510664055611,
12.8769615242271));
#5086=CARTESIAN_POINT('Ctrl Pts',(-1.03828853232379,0.0898301424355751,
12.8708290738905));
#5087=CARTESIAN_POINT('Ctrl Pts',(-1.02781596198966,0.178532277778798,12.864696623554));
#5088=CARTESIAN_POINT('Ctrl Pts',(-1.00534377712842,0.264082370289539,12.8585641732175));
#5089=CARTESIAN_POINT('Ctrl Pts',(-0.918084828513636,0.596271303963753,
12.8347520173412));
#5090=CARTESIAN_POINT('Ctrl Pts',(-0.649901684806185,0.880935309976635,
12.8109398614648));
#5091=CARTESIAN_POINT('Ctrl Pts',(-0.323500565550655,0.987827410328841,
12.7871277055885));
#5092=CARTESIAN_POINT('Ctrl Pts',(0.00290055370488471,1.09471951068105,
12.7633155497122));
#5093=CARTESIAN_POINT('Ctrl Pts',(0.387519648508506,1.02383970537257,12.7395033938358));
#5094=CARTESIAN_POINT('Ctrl Pts',(0.654375654444392,0.807618790877881,12.7156912379595));
#5095=CARTESIAN_POINT('Ctrl Pts',(0.921231660380264,0.591397876383201,12.6918790820832));
#5096=CARTESIAN_POINT('Ctrl Pts',(1.07032457744842,0.229835852702323,12.6680669262069));
#5097=CARTESIAN_POINT('Ctrl Pts',(1.03343748507213,-0.111635894569666,12.6442547703305));
#5098=CARTESIAN_POINT('Ctrl Pts',(0.99655039269584,-0.453107641841665,12.6204426144542));
#5099=CARTESIAN_POINT('Ctrl Pts',(0.773683290875096,-0.774489112704774,
12.5966304585779));
#5100=CARTESIAN_POINT('Ctrl Pts',(0.466808209422161,-0.928733386997934,
12.5728183027015));
#5101=CARTESIAN_POINT('Ctrl Pts',(0.159933127969226,-1.08297766129109,12.5490061468252));
#5102=CARTESIAN_POINT('Ctrl Pts',(-0.2309499331159,-1.0700847390143,12.5251939909489));
#5103=CARTESIAN_POINT('Ctrl Pts',(-0.526993854485201,-0.895953729744684,
12.5013818350726));
#5104=CARTESIAN_POINT('Ctrl Pts',(-0.823037775854493,-0.721822720475069,
12.4775696791962));
#5105=CARTESIAN_POINT('Ctrl Pts',(-1.02424255750797,-0.386453624212635,
12.4537575233199));
#5106=CARTESIAN_POINT('Ctrl Pts',(-1.03854768523999,-0.0432933481177284,
12.4299453674436));
#5107=CARTESIAN_POINT('Ctrl Pts',(-1.03914519880359,-0.0289598221752221,
12.4289507530381));
#5108=CARTESIAN_POINT('Ctrl Pts',(-1.03941663507667,-0.0146127032337108,
12.4279561386326));
#5109=CARTESIAN_POINT('Ctrl Pts',(-1.03936774885876,-0.000263693027470063,
12.4269615242271));
#5110=CARTESIAN_POINT('Ctrl Pts',(-1.03700166396068,-0.000868498171932423,
12.548038475773));
#5111=CARTESIAN_POINT('Ctrl Pts',(-1.03784603018933,-0.107367378419271,
12.5553771947008));
#5112=CARTESIAN_POINT('Ctrl Pts',(-1.0227517611536,-0.213632687388272,12.5627159136286));
#5113=CARTESIAN_POINT('Ctrl Pts',(-0.990722800649757,-0.314521790739833,
12.5700546325564));
#5114=CARTESIAN_POINT('Ctrl Pts',(-0.886797496032463,-0.641879614204576,
12.5938667884328));
#5115=CARTESIAN_POINT('Ctrl Pts',(-0.604579224028924,-0.912635305022465,
12.6176789443091));
#5116=CARTESIAN_POINT('Ctrl Pts',(-0.273195925960234,-1.00290558409863,
12.6414911001854));
#5117=CARTESIAN_POINT('Ctrl Pts',(0.0581873721084374,-1.0931758631748,12.6653032560617));
#5118=CARTESIAN_POINT('Ctrl Pts',(0.438735696242252,-1.00296073050926,12.6891154119381));
#5119=CARTESIAN_POINT('Ctrl Pts',(0.694330548302396,-0.773537791107574,
12.7129275678144));
#5120=CARTESIAN_POINT('Ctrl Pts',(0.949925400362548,-0.544114851705878,
12.7367397236907));
#5121=CARTESIAN_POINT('Ctrl Pts',(1.08056678034902,-0.175484105568017,12.7605518795671));
#5122=CARTESIAN_POINT('Ctrl Pts',(1.02648020119817,0.163688793524944,12.7843640354434));
#5123=CARTESIAN_POINT('Ctrl Pts',(0.972393622047325,0.502861692617895,12.8081761913197));
#5124=CARTESIAN_POINT('Ctrl Pts',(0.733579083759166,0.812576744665948,12.8319883471961));
#5125=CARTESIAN_POINT('Ctrl Pts',(0.41930530755352,0.951124956898375,12.8558005030724));
#5126=CARTESIAN_POINT('Ctrl Pts',(0.105031531347856,1.08967316913081,12.8796126589487));
#5127=CARTESIAN_POINT('Ctrl Pts',(-0.284701482775304,1.0570545415476,12.903424814825));
#5128=CARTESIAN_POINT('Ctrl Pts',(-0.571572815262042,0.868193608264259,
12.9272369707014));
#5129=CARTESIAN_POINT('Ctrl Pts',(-0.855894293858183,0.681011364103808,
12.9508374723919));
#5130=CARTESIAN_POINT('Ctrl Pts',(-1.03917453491604,0.34035198761747,12.9744379740824));
#5131=CARTESIAN_POINT('Ctrl Pts',(-1.03944574293981,-5.69770838136175E-5,
12.998038475773));
#5132=CARTESIAN_POINT('Origin',(0.,0.,0.));
#5133=CARTESIAN_POINT('',(-1.03716757895311,0.000904797129987947,13.448038475773));
#5134=CARTESIAN_POINT('',(-1.0361379068773,-0.000316947073082871,13.3269615242271));
#5135=CARTESIAN_POINT('',(-1.03775,-1.27087721581517E-16,0.));
#5136=CARTESIAN_POINT('Ctrl Pts',(-1.0361379068773,-0.000316947073082871,
13.3269615242271));
#5137=CARTESIAN_POINT('Ctrl Pts',(-1.03560980323517,0.192507195930777,13.3137020091485));
#5138=CARTESIAN_POINT('Ctrl Pts',(-0.984047715996267,0.385593721738967,
13.30044249407));
#5139=CARTESIAN_POINT('Ctrl Pts',(-0.883202293329354,0.548096084246502,
13.2871829789914));
#5140=CARTESIAN_POINT('Ctrl Pts',(-0.702098617234687,0.839926634864427,
13.2633708231151));
#5141=CARTESIAN_POINT('Ctrl Pts',(-0.36205163472098,1.03312043541564,13.2395586672387));
#5142=CARTESIAN_POINT('Ctrl Pts',(-0.0186486027461673,1.03928236688794,
13.2157465113624));
#5143=CARTESIAN_POINT('Ctrl Pts',(0.324754429228645,1.04544429836023,13.1919343554861));
#5144=CARTESIAN_POINT('Ctrl Pts',(0.671513510664553,0.864574360753606,13.1681221996098));
#5145=CARTESIAN_POINT('Ctrl Pts',(0.862970288215661,0.579428934525673,13.1443100437334));
#5146=CARTESIAN_POINT('Ctrl Pts',(1.05442706576678,0.294283508297723,13.1204978878571));
#5147=CARTESIAN_POINT('Ctrl Pts',(1.09058153943307,-0.0951374065515675,
13.0966857319808));
#5148=CARTESIAN_POINT('Ctrl Pts',(0.954891361616215,-0.410655690353011,
13.0728735761044));
#5149=CARTESIAN_POINT('Ctrl Pts',(0.819201183799367,-0.726173974154446,
13.0490614202281));
#5150=CARTESIAN_POINT('Ctrl Pts',(0.511666354499406,-0.967789626908058,
13.0252492643518));
#5151=CARTESIAN_POINT('Ctrl Pts',(0.172998313518272,-1.02495228768388,13.0014371084755));
#5152=CARTESIAN_POINT('Ctrl Pts',(-0.165669727462852,-1.08211494845969,
12.9776249525991));
#5153=CARTESIAN_POINT('Ctrl Pts',(-0.535470980125136,-0.954824617257728,
12.9538127967228));
#5154=CARTESIAN_POINT('Ctrl Pts',(-0.767204229695224,-0.701322520988978,
12.9300006408465));
#5155=CARTESIAN_POINT('Ctrl Pts',(-0.939258185559591,-0.513105946268413,
12.9123209353067));
#5156=CARTESIAN_POINT('Ctrl Pts',(-1.03520145042502,-0.255314492239912,
12.8946412297669));
#5157=CARTESIAN_POINT('Ctrl Pts',(-1.03749350240179,0.000943510664055611,
12.8769615242271));
#5158=CARTESIAN_POINT('Ctrl Pts',(-1.03944574293981,-5.69770838136509E-5,
12.998038475773));
#5159=CARTESIAN_POINT('Ctrl Pts',(-1.03944817518952,-0.00310983516304913,
12.9982501299588));
#5160=CARTESIAN_POINT('Ctrl Pts',(-1.0394358882537,-0.00616267310198082,
12.9984617841446));
#5161=CARTESIAN_POINT('Ctrl Pts',(-1.03940882300885,-0.00921538001668917,
12.9986734383304));
#5162=CARTESIAN_POINT('Ctrl Pts',(-1.03636384741862,-0.352660196030879,
13.0224855942067));
#5163=CARTESIAN_POINT('Ctrl Pts',(-0.846264245387832,-0.694446589075805,
13.046297750083));
#5164=CARTESIAN_POINT('Ctrl Pts',(-0.55608939667786,-0.878191441247262,
13.0701099059593));
#5165=CARTESIAN_POINT('Ctrl Pts',(-0.265914547967896,-1.06193629341871,
13.0939220618356));
#5166=CARTESIAN_POINT('Ctrl Pts',(0.124335547421241,-1.0876396047167,13.117734217712));
#5167=CARTESIAN_POINT('Ctrl Pts',(0.436103381287811,-0.94354091877715,13.1415463735883));
#5168=CARTESIAN_POINT('Ctrl Pts',(0.74787121515439,-0.799442232837592,13.1653585294647));
#5169=CARTESIAN_POINT('Ctrl Pts',(0.981156787498387,-0.485541549660482,
13.189170685341));
#5170=CARTESIAN_POINT('Ctrl Pts',(1.02922113530782,-0.145462982277854,13.2129828412173));
#5171=CARTESIAN_POINT('Ctrl Pts',(1.07728548311726,0.194615585104783,13.2367949970936));
#5172=CARTESIAN_POINT('Ctrl Pts',(0.940128606392107,0.560872036692953,13.26060715297));
#5173=CARTESIAN_POINT('Ctrl Pts',(0.680506133971774,0.785727068519521,13.2844193088463));
#5174=CARTESIAN_POINT('Ctrl Pts',(0.420883661551449,1.01058210034608,13.3082314647226));
#5175=CARTESIAN_POINT('Ctrl Pts',(0.0387955934359583,1.09403571241108,13.3320436205989));
#5176=CARTESIAN_POINT('Ctrl Pts',(-0.290935067991339,0.997904008805639,
13.3558557764753));
#5177=CARTESIAN_POINT('Ctrl Pts',(-0.620665729418635,0.901772305200203,
13.3796679323516));
#5178=CARTESIAN_POINT('Ctrl Pts',(-0.898038984157729,0.626055285924344,
13.4034800882279));
#5179=CARTESIAN_POINT('Ctrl Pts',(-0.99614371087081,0.296906267818687,13.4272922441043));
#5180=CARTESIAN_POINT('Ctrl Pts',(-1.02463480870554,0.20131641000808,13.4342076546605));
#5181=CARTESIAN_POINT('Ctrl Pts',(-1.03800622806158,0.101220046500821,13.4411230652167));
#5182=CARTESIAN_POINT('Ctrl Pts',(-1.03716757895311,0.000904797129987926,
13.448038475773));
#5183=CARTESIAN_POINT('Origin',(0.,0.,0.));
#5184=CARTESIAN_POINT('',(-1.03627048286505,-0.000486277246960259,13.898038475773));
#5185=CARTESIAN_POINT('',(-1.0386543126397,-0.000773636054439419,13.7769615242271));
#5186=CARTESIAN_POINT('',(-1.03775,-1.27087721581517E-16,0.));
#5187=CARTESIAN_POINT('Ctrl Pts',(-1.0386543126397,-0.000773636054439419,
13.7769615242271));
#5188=CARTESIAN_POINT('Ctrl Pts',(-1.03620084345028,0.29386990807362,13.7565749444065));
#5189=CARTESIAN_POINT('Ctrl Pts',(-0.904606746961824,0.590429545217037,
13.7361883645859));
#5190=CARTESIAN_POINT('Ctrl Pts',(-0.682928460579273,0.783622566188214,
13.7158017847653));
#5191=CARTESIAN_POINT('Ctrl Pts',(-0.424001364607547,1.00927799098587,13.691989628889));
#5192=CARTESIAN_POINT('Ctrl Pts',(-0.0421727449509652,1.09391072755543,
13.6681774730127));
#5193=CARTESIAN_POINT('Ctrl Pts',(0.287853105703476,0.998797375870321,13.6443653171363));
#5194=CARTESIAN_POINT('Ctrl Pts',(0.617878956357918,0.903684024185218,13.62055316126));
#5195=CARTESIAN_POINT('Ctrl Pts',(0.896102038010219,0.628824584245455,13.5967410053837));
#5196=CARTESIAN_POINT('Ctrl Pts',(0.995222394117104,0.299979990593368,13.5729288495074));
#5197=CARTESIAN_POINT('Ctrl Pts',(1.094342750224,-0.0288646030587476,13.549116693631));
#5198=CARTESIAN_POINT('Ctrl Pts',(1.01436038078544,-0.411694350423199,13.5253045377547));
#5199=CARTESIAN_POINT('Ctrl Pts',(0.791870927303535,-0.673346896480571,
13.5014923818784));
#5200=CARTESIAN_POINT('Ctrl Pts',(0.56938147382165,-0.934999442537922,13.477680226002));
#5201=CARTESIAN_POINT('Ctrl Pts',(0.204384936296445,-1.07547478728822,13.4538680701257));
#5202=CARTESIAN_POINT('Ctrl Pts',(-0.136115850390567,-1.03049894894708,
13.4300559142494));
#5203=CARTESIAN_POINT('Ctrl Pts',(-0.476616637077588,-0.985523110605934,
13.406243758373));
#5204=CARTESIAN_POINT('Ctrl Pts',(-0.792621672926414,-0.755096089173344,
13.3824316024967));
#5205=CARTESIAN_POINT('Ctrl Pts',(-0.939544006013025,-0.444648928114726,
13.3586194466204));
#5206=CARTESIAN_POINT('Ctrl Pts',(-1.00465438972992,-0.307070567114767,
13.3480668058226));
#5207=CARTESIAN_POINT('Ctrl Pts',(-1.03655820038023,-0.153776851617393,
13.3375141650248));
#5208=CARTESIAN_POINT('Ctrl Pts',(-1.0361379068773,-0.000316947073082871,
13.3269615242271));
#5209=CARTESIAN_POINT('Ctrl Pts',(-1.03716757895311,0.000904797129987947,
13.448038475773));
#5210=CARTESIAN_POINT('Ctrl Pts',(-1.03511846845079,-0.244200132874829,
13.4649352210931));
#5211=CARTESIAN_POINT('Ctrl Pts',(-0.948236060245684,-0.490611798992412,
13.4818319664132));
#5212=CARTESIAN_POINT('Ctrl Pts',(-0.789788508280473,-0.675788233669096,
13.4987287117332));
#5213=CARTESIAN_POINT('Ctrl Pts',(-0.566492380289969,-0.936752700115814,
13.5225408676096));
#5214=CARTESIAN_POINT('Ctrl Pts',(-0.201063925621882,-1.07610061607379,
13.5463530234859));
#5215=CARTESIAN_POINT('Ctrl Pts',(0.139296398728404,-1.03007385069168,13.5701651793622));
#5216=CARTESIAN_POINT('Ctrl Pts',(0.479656723078661,-0.98404708530958,13.5939773352386));
#5217=CARTESIAN_POINT('Ctrl Pts',(0.794948917111124,-0.752645638587437,
13.6177894911149));
#5218=CARTESIAN_POINT('Ctrl Pts',(0.940912187075673,-0.441746398728914,
13.6416016469912));
#5219=CARTESIAN_POINT('Ctrl Pts',(1.08687545704023,-0.130847158870365,13.6654138028675));
#5220=CARTESIAN_POINT('Ctrl Pts',(1.06350980293685,0.259549874124582,13.6892259587439));
#5221=CARTESIAN_POINT('Ctrl Pts',(0.88150609460386,0.550819961288389,13.7130381146202));
#5222=CARTESIAN_POINT('Ctrl Pts',(0.699502386270875,0.842090048452187,13.7368502704965));
#5223=CARTESIAN_POINT('Ctrl Pts',(0.358860623708295,1.03423318978485,13.7606624263729));
#5224=CARTESIAN_POINT('Ctrl Pts',(0.015440203316724,1.03933499156866,13.7844745822492));
#5225=CARTESIAN_POINT('Ctrl Pts',(-0.327980217074847,1.04443679335247,13.8082867381255));
#5226=CARTESIAN_POINT('Ctrl Pts',(-0.674179295295409,0.862497255587425,
13.8320988940019));
#5227=CARTESIAN_POINT('Ctrl Pts',(-0.864754905428327,0.576762150383618,
13.8559110498782));
#5228=CARTESIAN_POINT('Ctrl Pts',(-0.977140920018605,0.408258795311096,
13.8699535251764));
#5229=CARTESIAN_POINT('Ctrl Pts',(-1.03540603674136,0.203658639585789,13.8839960004747));
#5230=CARTESIAN_POINT('Ctrl Pts',(-1.03627048286505,-0.000486277246960259,
13.898038475773));
#5231=CARTESIAN_POINT('Origin',(0.,0.,0.));
#5232=CARTESIAN_POINT('',(-1.0389430253376,-0.0006398339295237,14.348038475773));
#5233=CARTESIAN_POINT('',(-1.03854380111609,0.000812352839953887,14.2269615242271));
#5234=CARTESIAN_POINT('',(-1.03775,-1.27087721581517E-16,0.));
#5235=CARTESIAN_POINT('Ctrl Pts',(-1.03854380111609,0.000812352839953887,
14.2269615242271));
#5236=CARTESIAN_POINT('Ctrl Pts',(-1.03900423005344,0.0543241086386707,
14.2232600355408));
#5237=CARTESIAN_POINT('Ctrl Pts',(-1.03522532585147,0.107770672897723,14.2195585468545));
#5238=CARTESIAN_POINT('Ctrl Pts',(-1.02698061700603,0.160519222532661,14.2158570581682));
#5239=CARTESIAN_POINT('Ctrl Pts',(-0.973941337726215,0.499857470630995,
14.1920449022919));
#5240=CARTESIAN_POINT('Ctrl Pts',(-0.736084043221492,0.810308275653315,
14.1682327464156));
#5241=CARTESIAN_POINT('Ctrl Pts',(-0.422239471308911,0.949826003738237,
14.1444205905392));
#5242=CARTESIAN_POINT('Ctrl Pts',(-0.108394899396331,1.08934373182316,14.1206084346629));
#5243=CARTESIAN_POINT('Ctrl Pts',(0.281436949924105,1.05792838297068,14.0967962787866));
#5244=CARTESIAN_POINT('Ctrl Pts',(0.568889935414349,0.869953935500516,14.0729841229102));
#5245=CARTESIAN_POINT('Ctrl Pts',(0.856342920904593,0.68197948803035,14.0491719670339));
#5246=CARTESIAN_POINT('Ctrl Pts',(1.04141704256464,0.337445941942492,14.0253598111576));
#5247=CARTESIAN_POINT('Ctrl Pts',(1.03943231085268,-0.006006635000818,14.0015476552813));
#5248=CARTESIAN_POINT('Ctrl Pts',(1.03744757914072,-0.349459211944128,13.9777354994049));
#5249=CARTESIAN_POINT('Ctrl Pts',(0.848403994056738,-0.691830819742891,
13.9539233435286));
#5250=CARTESIAN_POINT('Ctrl Pts',(0.558797758658589,-0.876470577616109,
13.9301111876523));
#5251=CARTESIAN_POINT('Ctrl Pts',(0.26919152326044,-1.06111033548933,13.906299031776));
#5252=CARTESIAN_POINT('Ctrl Pts',(-0.12097736245188,-1.088018243437,13.8824868758996));
#5253=CARTESIAN_POINT('Ctrl Pts',(-0.43318854746813,-0.944882686290224,
13.8586747200233));
#5254=CARTESIAN_POINT('Ctrl Pts',(-0.745399732484381,-0.801747129143448,
13.834862564147));
#5255=CARTESIAN_POINT('Ctrl Pts',(-0.979653216804561,-0.488568106902225,
13.8110504082706));
#5256=CARTESIAN_POINT('Ctrl Pts',(-1.02876717282122,-0.148639539268725,
13.7872382523943));
#5257=CARTESIAN_POINT('Ctrl Pts',(-1.03583262261113,-0.0997379963761821,
13.7838126763385));
#5258=CARTESIAN_POINT('Ctrl Pts',(-1.03906657136003,-0.0502828660787445,
13.7803871002828));
#5259=CARTESIAN_POINT('Ctrl Pts',(-1.0386543126397,-0.000773636054439419,
13.7769615242271));
#5260=CARTESIAN_POINT('Ctrl Pts',(-1.03627048286505,-0.000486277246960259,
13.898038475773));
#5261=CARTESIAN_POINT('Ctrl Pts',(-1.03687189837948,-0.142514700778402,
13.907808156351));
#5262=CARTESIAN_POINT('Ctrl Pts',(-1.00968959615731,-0.284322774464424,
13.9175778369291));
#5263=CARTESIAN_POINT('Ctrl Pts',(-0.953619106415055,-0.41360152859684,
13.9273475175072));
#5264=CARTESIAN_POINT('Ctrl Pts',(-0.816955555223591,-0.728699429730921,
13.9511596733835));
#5265=CARTESIAN_POINT('Ctrl Pts',(-0.50867631079539,-0.969364559356513,
13.9749718292598));
#5266=CARTESIAN_POINT('Ctrl Pts',(-0.169833417360017,-1.02548146493504,
13.9987839851362));
#5267=CARTESIAN_POINT('Ctrl Pts',(0.169009476075366,-1.08159837051356,14.0225961410125));
#5268=CARTESIAN_POINT('Ctrl Pts',(0.538416018517924,-0.953167052045008,
14.0464082968888));
#5269=CARTESIAN_POINT('Ctrl Pts',(0.769365593416104,-0.698950791003899,
14.0702204527651));
#5270=CARTESIAN_POINT('Ctrl Pts',(1.00031516831428,-0.444734529962797,14.0940326086415));
#5271=CARTESIAN_POINT('Ctrl Pts',(1.09280777566809,-0.0647333263491514,
14.1178447645178));
#5272=CARTESIAN_POINT('Ctrl Pts',(1.00452376023257,0.267184654697291,14.1416569203941));
#5273=CARTESIAN_POINT('Ctrl Pts',(0.916239744797056,0.599102635743713,14.1654690762704));
#5274=CARTESIAN_POINT('Ctrl Pts',(0.647179106572243,0.882937394222939,14.1892812321468));
#5275=CARTESIAN_POINT('Ctrl Pts',(0.320449559519573,0.98882137132103,14.2130933880231));
#5276=CARTESIAN_POINT('Ctrl Pts',(-0.00627998753313271,1.09470534841913,
14.2369055438995));
#5277=CARTESIAN_POINT('Ctrl Pts',(-0.390678443413709,1.02263854413606,14.2607176997758));
#5278=CARTESIAN_POINT('Ctrl Pts',(-0.65686569624107,0.805594861999023,14.2845298556521));
#5279=CARTESIAN_POINT('Ctrl Pts',(-0.893512127425618,0.61263816612676,14.3056993956924));
#5280=CARTESIAN_POINT('Ctrl Pts',(-1.03672905366875,0.305097424275789,14.3268689357327));
#5281=CARTESIAN_POINT('Ctrl Pts',(-1.0389430253376,-0.0006398339295237,
14.348038475773));
#5282=CARTESIAN_POINT('Origin',(0.,0.,0.));
#5283=CARTESIAN_POINT('',(-1.03821364429255,0.000896461674049998,14.798038475773));
#5284=CARTESIAN_POINT('',(-1.03610492297598,0.000254083606968034,14.6769615242271));
#5285=CARTESIAN_POINT('',(-1.03775,-1.27087721581517E-16,0.));
#5286=CARTESIAN_POINT('Ctrl Pts',(-1.03610492297598,0.000254083606968034,
14.6769615242271));
#5287=CARTESIAN_POINT('Ctrl Pts',(-1.03645004233553,0.157738914837875,14.6661329707988));
#5288=CARTESIAN_POINT('Ctrl Pts',(-1.00278228974961,0.315083742931786,14.6553044173704));
#5289=CARTESIAN_POINT('Ctrl Pts',(-0.934342385940576,0.455477677107726,
14.6444758639421));
#5290=CARTESIAN_POINT('Ctrl Pts',(-0.783841982682501,0.764206102083666,
14.6206637080658));
#5291=CARTESIAN_POINT('Ctrl Pts',(-0.465194973295217,0.990965618524885,
14.5968515521895));
#5292=CARTESIAN_POINT('Ctrl Pts',(-0.124197135062014,1.03200323650218,14.5730393963132));
#5293=CARTESIAN_POINT('Ctrl Pts',(0.216800703171189,1.07304085447947,14.5492272404368));
#5294=CARTESIAN_POINT('Ctrl Pts',(0.580149370250319,0.928356573992829,14.5254150845605));
#5295=CARTESIAN_POINT('Ctrl Pts',(0.799600008407925,0.664150160026047,14.5016029286842));
#5296=CARTESIAN_POINT('Ctrl Pts',(1.01905064656553,0.399943746059265,14.4777907728078));
#5297=CARTESIAN_POINT('Ctrl Pts',(1.09460325580162,0.0162151986123596,14.4539786169315));
#5298=CARTESIAN_POINT('Ctrl Pts',(0.991689015242792,-0.311461884594823,
14.4301664610552));
#5299=CARTESIAN_POINT('Ctrl Pts',(0.888774774683962,-0.639138967802015,
14.4063543051789));
#5300=CARTESIAN_POINT('Ctrl Pts',(0.607393684330189,-0.910764586769463,
14.3825421493025));
#5301=CARTESIAN_POINT('Ctrl Pts',(0.276290636091287,-1.00205742994943,14.3587299934262));
#5302=CARTESIAN_POINT('Ctrl Pts',(-0.0548124121476055,-1.09335027312939,
14.3349178375499));
#5303=CARTESIAN_POINT('Ctrl Pts',(-0.435637418271634,-1.00431034052188,
14.3111056816735));
#5304=CARTESIAN_POINT('Ctrl Pts',(-0.691939289306193,-0.77567752863095,
14.2872935257972));
#5305=CARTESIAN_POINT('Ctrl Pts',(-0.908400228640426,-0.582584622111106,
14.2671828586072));
#5306=CARTESIAN_POINT('Ctrl Pts',(-1.03604223109696,-0.289923943508248,
14.2470721914171));
#5307=CARTESIAN_POINT('Ctrl Pts',(-1.03854380111609,0.000812352839953887,
14.2269615242271));
#5308=CARTESIAN_POINT('Ctrl Pts',(-1.0389430253376,-0.0006398339295237,
14.348038475773));
#5309=CARTESIAN_POINT('Ctrl Pts',(-1.03921939773783,-0.0388053358092156,
14.350681091609));
#5310=CARTESIAN_POINT('Ctrl Pts',(-1.03729855068539,-0.0769427343817053,
14.353323707445));
#5311=CARTESIAN_POINT('Ctrl Pts',(-1.03308794354479,-0.114825630761948,
14.3559663232811));
#5312=CARTESIAN_POINT('Ctrl Pts',(-0.995146888247041,-0.456181881395004,
14.3797784791574));
#5313=CARTESIAN_POINT('Ctrl Pts',(-0.771288727877373,-0.776873822670167,
14.4035906350337));
#5314=CARTESIAN_POINT('Ctrl Pts',(-0.463938947473479,-0.930170026175156,
14.4274027909101));
#5315=CARTESIAN_POINT('Ctrl Pts',(-0.156589167069585,-1.08346622968014,
14.4512149467864));
#5316=CARTESIAN_POINT('Ctrl Pts',(0.234252233368534,-1.06936669541496,14.4750271026627));
#5317=CARTESIAN_POINT('Ctrl Pts',(0.529757196169996,-0.894322613872418,
14.4988392585391));
#5318=CARTESIAN_POINT('Ctrl Pts',(0.825262158971458,-0.719278532329878,
14.5226514144154));
#5319=CARTESIAN_POINT('Ctrl Pts',(1.02543068413626,-0.383289903509984,14.5464635702917));
#5320=CARTESIAN_POINT('Ctrl Pts',(1.03867639283673,-0.040087099435793,14.570275726168));
#5321=CARTESIAN_POINT('Ctrl Pts',(1.05192210153719,0.303115704638398,14.5940878820444));
#5322=CARTESIAN_POINT('Ctrl Pts',(0.878244993773318,0.653532683966885,14.6179000379207));
#5323=CARTESIAN_POINT('Ctrl Pts',(0.597110396934923,0.85083182736056,14.641712193797));
#5324=CARTESIAN_POINT('Ctrl Pts',(0.315975800096537,1.04813097075423,14.6655243496734));
#5325=CARTESIAN_POINT('Ctrl Pts',(-0.0726162858163654,1.09231227821309,
14.6893365055497));
#5326=CARTESIAN_POINT('Ctrl Pts',(-0.390866968792392,0.963160753604785,
14.713148661426));
#5327=CARTESIAN_POINT('Ctrl Pts',(-0.709117651768436,0.834009228996468,
14.7369608173023));
#5328=CARTESIAN_POINT('Ctrl Pts',(-0.957026931807595,0.53152487232095,14.7607729731787));
#5329=CARTESIAN_POINT('Ctrl Pts',(-1.02116482176343,0.194108298046087,14.784585129055));
#5330=CARTESIAN_POINT('Ctrl Pts',(-1.03324365628555,0.130563972398781,14.789069577961));
#5331=CARTESIAN_POINT('Ctrl Pts',(-1.038804726867,0.0657807164254167,14.793554026867));
#5332=CARTESIAN_POINT('Ctrl Pts',(-1.03821364429255,0.000896461674049998,
14.798038475773));
#5333=CARTESIAN_POINT('Origin',(0.,0.,0.));
#5334=CARTESIAN_POINT('',(-1.0360517378057,7.02282395358601E-5,15.248038475773));
#5335=CARTESIAN_POINT('',(-1.0376125730328,-0.000947969371502405,15.1269615242271));
#5336=CARTESIAN_POINT('',(-1.03775,-1.27087721581517E-16,0.));
#5337=CARTESIAN_POINT('Ctrl Pts',(-1.0376125730328,-0.000947969371502405,
15.1269615242271));
#5338=CARTESIAN_POINT('Ctrl Pts',(-1.03525067453561,0.259233122697108,15.1090059060567));
#5339=CARTESIAN_POINT('Ctrl Pts',(-0.935984289562213,0.521020706980121,
15.0910502878864));
#5340=CARTESIAN_POINT('Ctrl Pts',(-0.75904770584933,0.710142372171558,15.0730946697161));
#5341=CARTESIAN_POINT('Ctrl Pts',(-0.524400172602188,0.960949363521483,
15.0492825138397));
#5342=CARTESIAN_POINT('Ctrl Pts',(-0.153152504812034,1.0839573471993,15.0254703579634));
#5343=CARTESIAN_POINT('Ctrl Pts',(0.184832280779981,1.02288446878924,15.0016582020871));
#5344=CARTESIAN_POINT('Ctrl Pts',(0.522817066371996,0.961811590379181,14.9778460462107));
#5345=CARTESIAN_POINT('Ctrl Pts',(0.827538969765861,0.716657849881243,14.9540338903344));
#5346=CARTESIAN_POINT('Ctrl Pts',(0.959573595151379,0.399592447372113,14.9302217344581));
#5347=CARTESIAN_POINT('Ctrl Pts',(1.09160822053689,0.0825270448629917,14.9064095785817));
#5348=CARTESIAN_POINT('Ctrl Pts',(1.05095556791406,-0.306450019657335,14.8825974227054));
#5349=CARTESIAN_POINT('Ctrl Pts',(0.856216110261332,-0.589363708619332,
14.8587852668291));
#5350=CARTESIAN_POINT('Ctrl Pts',(0.661476652608599,-0.872277397581337,
14.8349731109528));
#5351=CARTESIAN_POINT('Ctrl Pts',(0.312650389926003,-1.04912771098502,14.8111609550764));
#5352=CARTESIAN_POINT('Ctrl Pts',(-0.0306584931985997,-1.03899743277035,
14.7873487992001));
#5353=CARTESIAN_POINT('Ctrl Pts',(-0.373967376323203,-1.02886715455567,
14.7635366433238));
#5354=CARTESIAN_POINT('Ctrl Pts',(-0.711758879889809,-0.831756284722607,
14.7397244874475));
#5355=CARTESIAN_POINT('Ctrl Pts',(-0.889477733108664,-0.537852183050743,
14.7159123315711));
#5356=CARTESIAN_POINT('Ctrl Pts',(-0.98637912035374,-0.377600669757725,
14.7029287291231));
#5357=CARTESIAN_POINT('Ctrl Pts',(-1.03569111954498,-0.188572656163404,
14.6899451266751));
#5358=CARTESIAN_POINT('Ctrl Pts',(-1.03610492297598,0.000254083606968034,
14.6769615242271));
#5359=CARTESIAN_POINT('Ctrl Pts',(-1.03821364429255,0.000896461674049998,
14.798038475773));
#5360=CARTESIAN_POINT('Ctrl Pts',(-1.03566611369653,-0.278750801370486,
14.8173661827433));
#5361=CARTESIAN_POINT('Ctrl Pts',(-0.918838737921637,-0.560274175822004,
14.8366938897136));
#5362=CARTESIAN_POINT('Ctrl Pts',(-0.717002193152478,-0.75257124552565,
14.856021596684));
#5363=CARTESIAN_POINT('Ctrl Pts',(-0.468335174713164,-0.989485422948336,
14.8798337525603));
#5364=CARTESIAN_POINT('Ctrl Pts',(-0.090634637962019,-1.09096498591951,
14.9036459084366));
#5365=CARTESIAN_POINT('Ctrl Pts',(0.243283913695381,-1.01057833042004,14.927458064313));
#5366=CARTESIAN_POINT('Ctrl Pts',(0.577202465352781,-0.930191674920566,
14.9512702201893));
#5367=CARTESIAN_POINT('Ctrl Pts',(0.867339031916426,-0.667938800950457,
14.9750823760656));
#5368=CARTESIAN_POINT('Ctrl Pts',(0.98094268526122,-0.343812554759127,14.998894531942));
#5369=CARTESIAN_POINT('Ctrl Pts',(1.09454633860601,-0.0196863085678062,
15.0227066878183));
#5370=CARTESIAN_POINT('Ctrl Pts',(1.03161707873195,0.366313309844748,15.0465188436946));
#5371=CARTESIAN_POINT('Ctrl Pts',(0.820947959039544,0.637573582519145,15.0703309995709));
#5372=CARTESIAN_POINT('Ctrl Pts',(0.610278839347136,0.908833855193549,15.0941431554473));
#5373=CARTESIAN_POINT('Ctrl Pts',(0.251869859836388,1.06535478212981,15.1179553113236));
#5374=CARTESIAN_POINT('Ctrl Pts',(-0.0902902577609185,1.03552078392032,
15.1417674671999));
#5375=CARTESIAN_POINT('Ctrl Pts',(-0.432450375358225,1.00568678571083,15.1655796230763));
#5376=CARTESIAN_POINT('Ctrl Pts',(-0.758361631042079,0.789497862355595,
15.1893917789526));
#5377=CARTESIAN_POINT('Ctrl Pts',(-0.918904518123354,0.485870467460183,
15.2132039348289));
#5378=CARTESIAN_POINT('Ctrl Pts',(-0.997189992740526,0.337812741899727,
15.2248154484769));
#5379=CARTESIAN_POINT('Ctrl Pts',(-1.03615373142608,0.168963661153144,15.2364269621249));
#5380=CARTESIAN_POINT('Ctrl Pts',(-1.0360517378057,7.02282395358601E-5,
15.248038475773));
#5381=CARTESIAN_POINT('Origin',(0.,0.,0.));
#5382=CARTESIAN_POINT('',(-1.03795597736588,-0.000933693698138717,15.698038475773));
#5383=CARTESIAN_POINT('',(-1.03931879395113,0.000333553694607464,15.576961524227));
#5384=CARTESIAN_POINT('',(-1.03775,-1.27087721581517E-16,0.));
#5385=CARTESIAN_POINT('Ctrl Pts',(-1.03931879395113,0.000333553694607464,
15.576961524227));
#5386=CARTESIAN_POINT('Ctrl Pts',(-1.03939583706004,0.0186653792521041,
15.575690997191));
#5387=CARTESIAN_POINT('Ctrl Pts',(-1.03895280244439,0.0369934047822206,
15.574420470155));
#5388=CARTESIAN_POINT('Ctrl Pts',(-1.037977977319,0.055293101824212,15.5731499431189));
#5389=CARTESIAN_POINT('Ctrl Pts',(-1.01970785226089,0.398265133190216,15.5493377872426));
#5390=CARTESIAN_POINT('Ctrl Pts',(-0.814640599351906,0.731286478861128,
15.5255256313663));
#5391=CARTESIAN_POINT('Ctrl Pts',(-0.516603992437155,0.901984436399303,
15.50171347549));
#5392=CARTESIAN_POINT('Ctrl Pts',(-0.218567385522396,1.07268239393748,15.4779013196137));
#5393=CARTESIAN_POINT('Ctrl Pts',(0.172438575398134,1.08105696334292,15.4540891637373));
#5394=CARTESIAN_POINT('Ctrl Pts',(0.477510538604852,0.923276390919795,15.430277007861));
#5395=CARTESIAN_POINT('Ctrl Pts',(0.782582501811569,0.765495818496673,15.4064648519846));
#5396=CARTESIAN_POINT('Ctrl Pts',(1.00172046730447,0.441560104244997,15.3826526961083));
#5397=CARTESIAN_POINT('Ctrl Pts',(1.0346586580008,0.0996848530748931,15.358840540232));
#5398=CARTESIAN_POINT('Ctrl Pts',(1.06759684869712,-0.24219039809521,15.3350283843557));
#5399=CARTESIAN_POINT('Ctrl Pts',(0.914335264596869,-0.602005186183741,
15.3112162284793));
#5400=CARTESIAN_POINT('Ctrl Pts',(0.644998184677359,-0.815127566870051,
15.287404072603));
#5401=CARTESIAN_POINT('Ctrl Pts',(0.375661104757849,-1.02824994755636,15.2635919167267));
#5402=CARTESIAN_POINT('Ctrl Pts',(-0.00975147098091468,-1.09467992084045,
15.2397797608504));
#5403=CARTESIAN_POINT('Ctrl Pts',(-0.33489542381447,-0.984022694665476,
15.215967604974));
#5404=CARTESIAN_POINT('Ctrl Pts',(-0.660039376648026,-0.873365468490501,
15.1921554490977));
#5405=CARTESIAN_POINT('Ctrl Pts',(-0.924914706576373,-0.585621042856461,
15.1683432932214));
#5406=CARTESIAN_POINT('Ctrl Pts',(-1.00832867218848,-0.252445830528428,
15.144531137345));
#5407=CARTESIAN_POINT('Ctrl Pts',(-1.02884411973347,-0.170502254993468,
15.138674599639));
#5408=CARTESIAN_POINT('Ctrl Pts',(-1.03838294737888,-0.0858105656704419,
15.132818061933));
#5409=CARTESIAN_POINT('Ctrl Pts',(-1.0376125730328,-0.000947969371502405,
15.1269615242271));
#5410=CARTESIAN_POINT('Ctrl Pts',(-1.0360517378057,7.02282395358601E-5,
15.248038475773));
#5411=CARTESIAN_POINT('Ctrl Pts',(-1.03594456937706,-0.177392281141554,
15.2602391180013));
#5412=CARTESIAN_POINT('Ctrl Pts',(-0.992706981677653,-0.354903757416303,
15.2724397602296));
#5413=CARTESIAN_POINT('Ctrl Pts',(-0.906635955034668,-0.508396370576999,
15.2846404024579));
#5414=CARTESIAN_POINT('Ctrl Pts',(-0.738649986386012,-0.807969947283191,
15.3084525583342));
#5415=CARTESIAN_POINT('Ctrl Pts',(-0.407503530610019,-1.01605123425998,
15.3322647142106));
#5416=CARTESIAN_POINT('Ctrl Pts',(-0.0647114411091907,-1.03743339736441,
15.3560768700869));
#5417=CARTESIAN_POINT('Ctrl Pts',(0.278080648391628,-1.05881556046884,15.3798890259632));
#5418=CARTESIAN_POINT('Ctrl Pts',(0.632518371617281,-0.893498599700903,
15.4037011818395));
#5419=CARTESIAN_POINT('Ctrl Pts',(0.83643004066907,-0.617122687675497,15.4275133377159));
#5420=CARTESIAN_POINT('Ctrl Pts',(1.04034170972086,-0.340746775650083,15.4513254935922));
#5421=CARTESIAN_POINT('Ctrl Pts',(1.0937273245988,0.0466880876327971,15.4751376494685));
#5422=CARTESIAN_POINT('Ctrl Pts',(0.972160491871978,0.367912493156625,15.4989498053449));
#5423=CARTESIAN_POINT('Ctrl Pts',(0.850593659145156,0.689136898680452,15.5227619612212));
#5424=CARTESIAN_POINT('Ctrl Pts',(0.554074378813556,0.944150846445224,15.5465741170975));
#5425=CARTESIAN_POINT('Ctrl Pts',(0.218273966413958,1.01627363449192,15.5703862729738));
#5426=CARTESIAN_POINT('Ctrl Pts',(-0.117526445985631,1.08839642253861,15.5941984288502));
#5427=CARTESIAN_POINT('Ctrl Pts',(-0.49260799045321,0.977628050867251,15.6180105847265));
#5428=CARTESIAN_POINT('Ctrl Pts',(-0.735353473953109,0.734650184048561,
15.6418227406028));
#5429=CARTESIAN_POINT('Ctrl Pts',(-0.926377978202797,0.543442809627086,
15.6605613189929));
#5430=CARTESIAN_POINT('Ctrl Pts',(-1.03545152164644,0.27036285205797,15.6792998973829));
#5431=CARTESIAN_POINT('Ctrl Pts',(-1.03795597736588,-0.000933693698138717,
15.698038475773));
#5432=CARTESIAN_POINT('Origin',(0.,0.,0.));
#5433=CARTESIAN_POINT('',(-1.03912840419321,0.000518098970752901,16.148038475773));
#5434=CARTESIAN_POINT('',(-1.03663062584899,0.000734857720815218,16.0269615242271));
#5435=CARTESIAN_POINT('',(-1.03775,-1.27087721581517E-16,0.));
#5436=CARTESIAN_POINT('Ctrl Pts',(-1.03663062584899,0.000734857720815218,
16.0269615242271));
#5437=CARTESIAN_POINT('Ctrl Pts',(-1.03742864320847,0.122709973606667,16.018563932449));
#5438=CARTESIAN_POINT('Ctrl Pts',(-1.01753577418477,0.244433163123942,16.0101663406709));
#5439=CARTESIAN_POINT('Ctrl Pts',(-0.975802727486394,0.358140538809405,
16.0017687488929));
#5440=CARTESIAN_POINT('Ctrl Pts',(-0.857464775435384,0.680568423573333,
15.9779565930165));
#5441=CARTESIAN_POINT('Ctrl Pts',(-0.563518909896332,0.938544436064055,
15.9541444371402));
#5442=CARTESIAN_POINT('Ctrl Pts',(-0.228458989850945,1.01403259240759,15.9303322812639));
#5443=CARTESIAN_POINT('Ctrl Pts',(0.106600930194442,1.08952074875113,15.9065201253876));
#5444=CARTESIAN_POINT('Ctrl Pts',(0.482774904746174,0.982521048947486,15.8827079695112));
#5445=CARTESIAN_POINT('Ctrl Pts',(0.727945903366793,0.741990815495773,15.8588958136349));
#5446=CARTESIAN_POINT('Ctrl Pts',(0.973116901987419,0.501460582044053,15.8350836577586));
#5447=CARTESIAN_POINT('Ctrl Pts',(1.08728492467693,0.12739981494428,15.8112715018823));
#5448=CARTESIAN_POINT('Ctrl Pts',(1.01821280893718,-0.209041345730524,15.7874593460059));
#5449=CARTESIAN_POINT('Ctrl Pts',(0.949140693197442,-0.545482506405308,
15.7636471901296));
#5450=CARTESIAN_POINT('Ctrl Pts',(0.69682843902845,-0.844304060655112,15.7398350342532));
#5451=CARTESIAN_POINT('Ctrl Pts',(0.376720598335469,-0.968781295906535,
15.7160228783769));
#5452=CARTESIAN_POINT('Ctrl Pts',(0.0566127576424704,-1.09325853115796,
15.6922107225006));
#5453=CARTESIAN_POINT('Ctrl Pts',(-0.331290669574537,-1.04339144741099,
15.6683985666243));
#5454=CARTESIAN_POINT('Ctrl Pts',(-0.60950588457943,-0.841996547006948,
15.644586410748));
#5455=CARTESIAN_POINT('Ctrl Pts',(-0.872876582593282,-0.651347320670026,
15.6220447819077));
#5456=CARTESIAN_POINT('Ctrl Pts',(-1.03795189886232,-0.324908803187901,
15.5995031530673));
#5457=CARTESIAN_POINT('Ctrl Pts',(-1.03931879395113,0.000333553694607464,
15.576961524227));
#5458=CARTESIAN_POINT('Ctrl Pts',(-1.03795597736588,-0.000933693698138717,
15.698038475773));
#5459=CARTESIAN_POINT('Ctrl Pts',(-1.03863407310447,-0.0743887882098089,
15.7031120532593));
#5460=CARTESIAN_POINT('Ctrl Pts',(-1.03149973121021,-0.147713143180958,
15.7081856307455));
#5461=CARTESIAN_POINT('Ctrl Pts',(-1.01606431284881,-0.219246292403255,
15.7132592082318));
#5462=CARTESIAN_POINT('Ctrl Pts',(-0.943620245712399,-0.554977540070336,
15.7370713641081));
#5463=CARTESIAN_POINT('Ctrl Pts',(-0.688322688907366,-0.851252673438493,
15.7608835199845));
#5464=CARTESIAN_POINT('Ctrl Pts',(-0.366982108675001,-0.972512085523846,
15.7846956758608));
#5465=CARTESIAN_POINT('Ctrl Pts',(-0.0456415284426187,-1.09377149760921,
15.8085078317371));
#5466=CARTESIAN_POINT('Ctrl Pts',(0.341742075217087,-1.04001518841178,15.8323199876135));
#5467=CARTESIAN_POINT('Ctrl Pts',(0.617922746941307,-0.835839161196698,
15.8561321434898));
#5468=CARTESIAN_POINT('Ctrl Pts',(0.894103418665511,-0.631663133981632,
15.8799442993661));
#5469=CARTESIAN_POINT('Ctrl Pts',(1.05908115845421,-0.277067388748912,15.9037564552424));
#5470=CARTESIAN_POINT('Ctrl Pts',(1.03737100301467,0.0657040842096046,15.9275686111188));
#5471=CARTESIAN_POINT('Ctrl Pts',(1.01566084757513,0.408475557168131,15.9513807669951));
#5472=CARTESIAN_POINT('Ctrl Pts',(0.807262796907371,0.739422757852467,15.9751929228714));
#5473=CARTESIAN_POINT('Ctrl Pts',(0.507528619226149,0.907122001300756,15.9990050787478));
#5474=CARTESIAN_POINT('Ctrl Pts',(0.207794441544936,1.07482124474904,16.0228172346241));
#5475=CARTESIAN_POINT('Ctrl Pts',(-0.183275863149716,1.07927253096128,16.0466293905004));
#5476=CARTESIAN_POINT('Ctrl Pts',(-0.486749502879007,0.91843919016151,16.0704415463767));
#5477=CARTESIAN_POINT('Ctrl Pts',(-0.790223142608314,0.757605849361727,
16.0942537022531));
#5478=CARTESIAN_POINT('Ctrl Pts',(-1.00610011737224,0.431487881549911,16.1180658581294));
#5479=CARTESIAN_POINT('Ctrl Pts',(-1.03560670450572,0.0892993737956217,
16.1418780140057));
#5480=CARTESIAN_POINT('Ctrl Pts',(-1.03815126203985,0.0597900868841624,
16.1439315012615));
#5481=CARTESIAN_POINT('Ctrl Pts',(-1.03930981871745,0.0301612864469315,
16.1459849885172));
#5482=CARTESIAN_POINT('Ctrl Pts',(-1.03912840419321,0.000518098970752901,
16.148038475773));
#5483=CARTESIAN_POINT('Origin',(0.,0.,0.));
#5484=CARTESIAN_POINT('',(-1.03640635623166,0.000601856703126564,16.598038475773));
#5485=CARTESIAN_POINT('',(-1.03666582878241,-0.000751389753526344,16.4769615242271));
#5486=CARTESIAN_POINT('',(-1.03775,-1.27087721581517E-16,0.));
#5487=CARTESIAN_POINT('Ctrl Pts',(-1.03666582878241,-0.000751389753526344,
16.4769615242271));
#5488=CARTESIAN_POINT('Ctrl Pts',(-1.03515403920015,0.224725169739606,16.461436867707));
#5489=CARTESIAN_POINT('Ctrl Pts',(-0.962870601055377,0.4510842527951,16.4459122111869));
#5490=CARTESIAN_POINT('Ctrl Pts',(-0.827303246175722,0.629305130581097,
16.4303875546668));
#5491=CARTESIAN_POINT('Ctrl Pts',(-0.619366215043391,0.90266533773064,16.4065753987905));
#5492=CARTESIAN_POINT('Ctrl Pts',(-0.262545610632848,1.06277421055226,16.3827632429141));
#5493=CARTESIAN_POINT('Ctrl Pts',(0.0798966005596262,1.03637451808098,16.3589510870378));
#5494=CARTESIAN_POINT('Ctrl Pts',(0.422338811752101,1.00997482560971,16.3351389311615));
#5495=CARTESIAN_POINT('Ctrl Pts',(0.750402629726506,0.797066567845554,16.3113267752851));
#5496=CARTESIAN_POINT('Ctrl Pts',(0.913983650766417,0.495065141814965,16.2875146194088));
#5497=CARTESIAN_POINT('Ctrl Pts',(1.07756467180633,0.193063715784376,16.2637024635325));
#5498=CARTESIAN_POINT('Ctrl Pts',(1.07666289591174,-0.198030878512642,16.2398903076562));
#5499=CARTESIAN_POINT('Ctrl Pts',(0.911690927355141,-0.499274735478273,
16.2160781517798));
#5500=CARTESIAN_POINT('Ctrl Pts',(0.746718958798542,-0.800518592443903,
16.1922659959035));
#5501=CARTESIAN_POINT('Ctrl Pts',(0.417676797579928,-1.01191171207815,16.1684538400272));
#5502=CARTESIAN_POINT('Ctrl Pts',(0.0751164847998441,-1.03673194328134,
16.1446416841508));
#5503=CARTESIAN_POINT('Ctrl Pts',(-0.26744382798024,-1.06155217448452,16.1208295282745));
#5504=CARTESIAN_POINT('Ctrl Pts',(-0.623522292321794,-0.899799517256662,
16.0970173723982));
#5505=CARTESIAN_POINT('Ctrl Pts',(-0.830196505211086,-0.625483310124162,
16.0732052165219));
#5506=CARTESIAN_POINT('Ctrl Pts',(-0.963985017204171,-0.44790742073392,
16.0577906524236));
#5507=CARTESIAN_POINT('Ctrl Pts',(-1.03516579044565,-0.223161860756124,
16.0423760883253));
#5508=CARTESIAN_POINT('Ctrl Pts',(-1.03663062584899,0.000734857720815218,
16.0269615242271));
#5509=CARTESIAN_POINT('Ctrl Pts',(-1.03912840419321,0.000518098970752901,
16.148038475773));
#5510=CARTESIAN_POINT('Ctrl Pts',(-1.03720614316872,-0.313579926886643,
16.1697971443936));
#5511=CARTESIAN_POINT('Ctrl Pts',(-0.884839464678516,-0.629293248423904,
16.1915558130141));
#5512=CARTESIAN_POINT('Ctrl Pts',(-0.636787762969992,-0.821557648317611,
16.2133144816347));
#5513=CARTESIAN_POINT('Ctrl Pts',(-0.36532603479771,-1.03196711497985,16.237126637511));
#5514=CARTESIAN_POINT('Ctrl Pts',(0.0207336210499087,-1.09452700060758,
16.2609387933874));
#5515=CARTESIAN_POINT('Ctrl Pts',(0.344751016703993,-0.980613257639858,
16.2847509492637));
#5516=CARTESIAN_POINT('Ctrl Pts',(0.66876841235805,-0.866699514672146,16.30856310514));
#5517=CARTESIAN_POINT('Ctrl Pts',(0.930743547818584,-0.576312143109023,
16.3323752610164));
#5518=CARTESIAN_POINT('Ctrl Pts',(1.01081065507854,-0.242316825988597,16.3561874168927));
#5519=CARTESIAN_POINT('Ctrl Pts',(1.0908777623385,0.0916784911318684,16.379999572769));
#5520=CARTESIAN_POINT('Ctrl Pts',(0.989036841397837,0.469281753809649,16.4038117286453));
#5521=CARTESIAN_POINT('Ctrl Pts',(0.751884834297027,0.717721966036726,16.4276238845217));
#5522=CARTESIAN_POINT('Ctrl Pts',(0.514732827196242,0.966162178263775,16.451436040398));
#5523=CARTESIAN_POINT('Ctrl Pts',(0.142269733935346,1.08543934004015,16.4752481962743));
#5524=CARTESIAN_POINT('Ctrl Pts',(-0.19508531525211,1.02097862090764,16.4990603521507));
#5525=CARTESIAN_POINT('Ctrl Pts',(-0.532440364439604,0.956517901775127,
16.522872508027));
#5526=CARTESIAN_POINT('Ctrl Pts',(-0.83468736955365,0.708319301733674,16.5466846639033));
#5527=CARTESIAN_POINT('Ctrl Pts',(-0.963534315467897,0.389945185241851,
16.5704968197796));
#5528=CARTESIAN_POINT('Ctrl Pts',(-1.01321003961749,0.267199048924861,16.5796773717774));
#5529=CARTESIAN_POINT('Ctrl Pts',(-1.03711131432393,0.134021916740604,16.5888579237752));
#5530=CARTESIAN_POINT('Ctrl Pts',(-1.03640635623166,0.000601856703126565,
16.598038475773));
#5531=CARTESIAN_POINT('Origin',(0.,0.,0.));
#5532=CARTESIAN_POINT('',(-1.03693912642513,-0.000851489725872424,17.048038475773));
#5533=CARTESIAN_POINT('',(-1.03933956130264,-0.000305928155730911,16.926961524227));
#5534=CARTESIAN_POINT('',(-1.03775,-1.27087721581517E-16,0.));
#5535=CARTESIAN_POINT('Ctrl Pts',(-1.03933956130264,-0.000305928155730911,
16.926961524227));
#5536=CARTESIAN_POINT('Ctrl Pts',(-1.03806733755725,0.326507483119117,16.9043098029649));
#5537=CARTESIAN_POINT('Ctrl Pts',(-0.871154169494012,0.654440504725415,
16.8816580817028));
#5538=CARTESIAN_POINT('Ctrl Pts',(-0.605616516137637,0.844798345103664,
16.8590063604407));
#5539=CARTESIAN_POINT('Ctrl Pts',(-0.326475521968164,1.04490810784162,16.8351942045644));
#5540=CARTESIAN_POINT('Ctrl Pts',(0.0616537438848372,1.09298583528906,16.8113820486881));
#5541=CARTESIAN_POINT('Ctrl Pts',(0.381184151040842,0.967033738555099,16.7875698928117));
#5542=CARTESIAN_POINT('Ctrl Pts',(0.700714558196866,0.84108164182113,16.7637577369354));
#5543=CARTESIAN_POINT('Ctrl Pts',(0.951646106655857,0.541099720905772,16.7399455810591));
#5544=CARTESIAN_POINT('Ctrl Pts',(1.01916598137583,0.204343609919232,16.7161334251827));
#5545=CARTESIAN_POINT('Ctrl Pts',(1.0866858560958,-0.132412501067299,16.6923212693064));
#5546=CARTESIAN_POINT('Ctrl Pts',(0.970794057076709,-0.505942802124994,
16.6685091134301));
#5547=CARTESIAN_POINT('Ctrl Pts',(0.724516454391038,-0.745339865984114,
16.6446969575538));
#5548=CARTESIAN_POINT('Ctrl Pts',(0.478238851705374,-0.984736929843227,
16.6208848016774));
#5549=CARTESIAN_POINT('Ctrl Pts',(0.1015754453531,-1.0900007565038,16.5970726458011));
#5550=CARTESIAN_POINT('Ctrl Pts',(-0.233132796492545,-1.01296826589392,
16.5732604899248));
#5551=CARTESIAN_POINT('Ctrl Pts',(-0.567841038338199,-0.935935775284044,
16.5494483340484));
#5552=CARTESIAN_POINT('Ctrl Pts',(-0.860594115677241,-0.676606967403717,
16.5256361781721));
#5553=CARTESIAN_POINT('Ctrl Pts',(-0.977443925419706,-0.353636792724816,
16.5018240222958));
#5554=CARTESIAN_POINT('Ctrl Pts',(-1.0181119240691,-0.24123138396476,16.4935365229395));
#5555=CARTESIAN_POINT('Ctrl Pts',(-1.03747286468517,-0.121117134350156,
16.4852490235833));
#5556=CARTESIAN_POINT('Ctrl Pts',(-1.03666582878241,-0.000751389753526344,
16.4769615242271));
#5557=CARTESIAN_POINT('Ctrl Pts',(-1.03640635623166,0.000601856703126565,
16.598038475773));
#5558=CARTESIAN_POINT('Ctrl Pts',(-1.03528282165993,-0.212037804658831,
16.6126700796515));
#5559=CARTESIAN_POINT('Ctrl Pts',(-0.971657647678555,-0.425294520618652,
16.6273016835301));
#5560=CARTESIAN_POINT('Ctrl Pts',(-0.850260090143986,-0.597924245775191,
16.6419332874086));
#5561=CARTESIAN_POINT('Ctrl Pts',(-0.652692032191365,-0.878869927358285,
16.665745443285));
#5562=CARTESIAN_POINT('Ctrl Pts',(-0.302109029571655,-1.05221165758231,
16.6895575991613));
#5563=CARTESIAN_POINT('Ctrl Pts',(0.0410809431745126,-1.03863755982796,
16.7133697550376));
#5564=CARTESIAN_POINT('Ctrl Pts',(0.384270915920699,-1.02506346207361,16.7371819109139));
#5565=CARTESIAN_POINT('Ctrl Pts',(0.720067858793331,-0.824573536340849,
16.7609940667903));
#5566=CARTESIAN_POINT('Ctrl Pts',(0.894829104975589,-0.528901217115329,
16.7848062226666));
#5567=CARTESIAN_POINT('Ctrl Pts',(1.06959035115784,-0.233228897889819,16.8086183785429));
#5568=CARTESIAN_POINT('Ctrl Pts',(1.08331590064972,0.157625814828465,16.8324305344193));
#5569=CARTESIAN_POINT('Ctrl Pts',(0.929725678327796,0.464828772383349,16.8562426902956));
#5570=CARTESIAN_POINT('Ctrl Pts',(0.776135456005872,0.772031729938223,16.8800548461719));
#5571=CARTESIAN_POINT('Ctrl Pts',(0.455229461870165,0.995582932329723,16.9038670020483));
#5572=CARTESIAN_POINT('Ctrl Pts',(0.113837063438796,1.03319734202384,16.9276791579246));
#5573=CARTESIAN_POINT('Ctrl Pts',(-0.227555334992583,1.07081175171795,16.9514913138009));
#5574=CARTESIAN_POINT('Ctrl Pts',(-0.589434137719615,0.92248936871467,16.9753034696772));
#5575=CARTESIAN_POINT('Ctrl Pts',(-0.806223018049698,0.65609455853888,16.9991156255536));
#5576=CARTESIAN_POINT('Ctrl Pts',(-0.954689624443264,0.47365561901653,17.0154232422934));
#5577=CARTESIAN_POINT('Ctrl Pts',(-1.03510737818976,0.235839344765435,17.0317308590332));
#5578=CARTESIAN_POINT('Ctrl Pts',(-1.03693912642513,-0.000851489725872424,
17.048038475773));
#5579=CARTESIAN_POINT('Origin',(0.,0.,0.));
#5580=CARTESIAN_POINT('',(-1.03943732024632,-0.000101450904747872,17.498038475773));
#5581=CARTESIAN_POINT('',(-1.03756487000533,0.000946776370519195,17.376961524227));
#5582=CARTESIAN_POINT('',(-1.03775,-1.27087721581517E-16,0.));
#5583=CARTESIAN_POINT('Ctrl Pts',(-1.03756487000533,0.000946776370519195,
17.376961524227));
#5584=CARTESIAN_POINT('Ctrl Pts',(-1.0383456198104,0.0874147758361696,17.3709948940992));
#5585=CARTESIAN_POINT('Ctrl Pts',(-1.02843965774861,0.173706383957354,17.3650282639714));
#5586=CARTESIAN_POINT('Ctrl Pts',(-1.00715379042823,0.257093078348335,17.3590616338436));
#5587=CARTESIAN_POINT('Ctrl Pts',(-0.922204266201307,0.589880082455467,
17.3352494779673));
#5588=CARTESIAN_POINT('Ctrl Pts',(-0.656004812335161,0.876399969460674,
17.311437322091));
#5589=CARTESIAN_POINT('Ctrl Pts',(-0.33035401832047,0.985556609783577,17.2876251662146));
#5590=CARTESIAN_POINT('Ctrl Pts',(-0.0047032243058065,1.09471325010647,
17.2638130103383));
#5591=CARTESIAN_POINT('Ctrl Pts',(0.380398909857406,1.02650664374705,17.240000854462));
#5592=CARTESIAN_POINT('Ctrl Pts',(0.648750306855606,0.812144474747773,17.2161886985856));
#5593=CARTESIAN_POINT('Ctrl Pts',(0.917101703853821,0.597782305748482,17.1923765427093));
#5594=CARTESIAN_POINT('Ctrl Pts',(1.06870236368704,0.237264574109335,17.168564386833));
#5595=CARTESIAN_POINT('Ctrl Pts',(1.03418795722022,-0.104455146590563,17.1447522309567));
#5596=CARTESIAN_POINT('Ctrl Pts',(0.999673550753391,-0.446174867290451,
17.1209400750803));
#5597=CARTESIAN_POINT('Ctrl Pts',(0.779044077986534,-0.769096577051058,
17.097127919204));
#5598=CARTESIAN_POINT('Ctrl Pts',(0.473247749717205,-0.925468625019876,
17.0733157633277));
#5599=CARTESIAN_POINT('Ctrl Pts',(0.167451421447876,-1.08184067298869,17.0495036074513));
#5600=CARTESIAN_POINT('Ctrl Pts',(-0.223511762323962,-1.0716630591657,17.025691451575));
#5601=CARTESIAN_POINT('Ctrl Pts',(-0.520758022407067,-0.899592513645627,
17.0018792956987));
#5602=CARTESIAN_POINT('Ctrl Pts',(-0.818004282490172,-0.727521968125557,
16.9780671398224));
#5603=CARTESIAN_POINT('Ctrl Pts',(-1.02153361888459,-0.393558490908413,
16.954254983946));
#5604=CARTESIAN_POINT('Ctrl Pts',(-1.03822192583882,-0.0505058532856006,
16.9304428280697));
#5605=CARTESIAN_POINT('Ctrl Pts',(-1.03903519487431,-0.0337879148820967,
16.9292823934555));
#5606=CARTESIAN_POINT('Ctrl Pts',(-1.03940473659126,-0.0170483907017076,
16.9281219588413));
#5607=CARTESIAN_POINT('Ctrl Pts',(-1.03933956130264,-0.000305928155730911,
16.926961524227));
#5608=CARTESIAN_POINT('Ctrl Pts',(-1.03693912642513,-0.000851489725872424,
17.048038475773));
#5609=CARTESIAN_POINT('Ctrl Pts',(-1.03778207156787,-0.109773330301317,
17.0555430149095));
#5610=CARTESIAN_POINT('Ctrl Pts',(-1.02198275774437,-0.218456835058428,
17.063047554046));
#5611=CARTESIAN_POINT('Ctrl Pts',(-0.988514295078023,-0.321395570915172,
17.0705520931826));
#5612=CARTESIAN_POINT('Ctrl Pts',(-0.882317733843139,-0.648023652845146,
17.0943642490589));
#5613=CARTESIAN_POINT('Ctrl Pts',(-0.598225653440254,-0.916812579356783,
17.1181764049352));
#5614=CARTESIAN_POINT('Ctrl Pts',(-0.266223349391215,-1.00477895719228,
17.1419885608115));
#5615=CARTESIAN_POINT('Ctrl Pts',(0.0657789546578061,-1.09274533502778,
17.1658007166879));
#5616=CARTESIAN_POINT('Ctrl Pts',(0.445691482352977,-0.999889164187137,
17.1896128725642));
#5617=CARTESIAN_POINT('Ctrl Pts',(0.699686641897704,-0.768696447063081,
17.2134250284405));
#5618=CARTESIAN_POINT('Ctrl Pts',(0.953681801442445,-0.537503729939013,
17.2372371843169));
#5619=CARTESIAN_POINT('Ctrl Pts',(1.08175959283674,-0.167974466531526,17.2610493401932));
#5620=CARTESIAN_POINT('Ctrl Pts',(1.02531848962985,0.17081457607782,17.2848614960695));
#5621=CARTESIAN_POINT('Ctrl Pts',(0.968877386422971,0.509603618687156,17.3086736519458));
#5622=CARTESIAN_POINT('Ctrl Pts',(0.727917388614901,0.817652440498354,17.3324858078222));
#5623=CARTESIAN_POINT('Ctrl Pts',(0.412688864605971,0.954014426310066,17.3562979636985));
#5624=CARTESIAN_POINT('Ctrl Pts',(0.0974603405970326,1.09037641212178,17.3801101195748));
#5625=CARTESIAN_POINT('Ctrl Pts',(-0.292036709612762,1.05505156193402,17.4039222754512));
#5626=CARTESIAN_POINT('Ctrl Pts',(-0.577589330897703,0.864202632147481,
17.4277344313275));
#5627=CARTESIAN_POINT('Ctrl Pts',(-0.858615322868672,0.67637907245289,17.4511691128093));
#5628=CARTESIAN_POINT('Ctrl Pts',(-1.03896625554287,0.337923140272013,17.4746037942911));
#5629=CARTESIAN_POINT('Ctrl Pts',(-1.03943732024632,-0.000101450904747872,
17.498038475773));
#5630=CARTESIAN_POINT('Origin',(0.,0.,0.));
#5631=CARTESIAN_POINT('',(-1.03723476786704,0.000916138024889564,17.948038475773));
#5632=CARTESIAN_POINT('',(-1.03611720658215,-0.000279326111542258,17.826961524227));
#5633=CARTESIAN_POINT('',(-1.03775,-1.27087721581517E-16,0.));
#5634=CARTESIAN_POINT('Ctrl Pts',(-1.03611720658215,-0.000279326111542258,
17.826961524227));
#5635=CARTESIAN_POINT('Ctrl Pts',(-1.03565812831697,0.190142904705648,17.8138678293572));
#5636=CARTESIAN_POINT('Ctrl Pts',(-0.985455235065238,0.380790341865328,
17.8007741344874));
#5637=CARTESIAN_POINT('Ctrl Pts',(-0.886987956794428,0.541948312120467,
17.7876804396175));
#5638=CARTESIAN_POINT('Ctrl Pts',(-0.707915647395885,0.835029733871563,
17.7638682837412));
#5639=CARTESIAN_POINT('Ctrl Pts',(-0.369218754058215,1.03058077409257,17.7400561278649));
#5640=CARTESIAN_POINT('Ctrl Pts',(-0.0258668053596001,1.03912776735542,
17.7162439719885));
#5641=CARTESIAN_POINT('Ctrl Pts',(0.317485143339005,1.04767476061827,17.6924318161122));
#5642=CARTESIAN_POINT('Ctrl Pts',(0.66549214739856,0.869217706922951,17.6686196602359));
#5643=CARTESIAN_POINT('Ctrl Pts',(0.858924871026897,0.585408980491421,17.6448075043596));
#5644=CARTESIAN_POINT('Ctrl Pts',(1.05235759465524,0.301600254059882,17.6209953484832));
#5645=CARTESIAN_POINT('Ctrl Pts',(1.09121603785238,-0.087560145107871,17.5971831926069));
#5646=CARTESIAN_POINT('Ctrl Pts',(0.95772066162047,-0.404013295342898,17.5733710367306));
#5647=CARTESIAN_POINT('Ctrl Pts',(0.824225285388572,-0.720466445577907,
17.5495588808542));
#5648=CARTESIAN_POINT('Ctrl Pts',(0.518376089727656,-0.964212346880186,
17.5257467249779));
#5649=CARTESIAN_POINT('Ctrl Pts',(0.180113258914326,-1.02372595086373,17.5019345691016));
#5650=CARTESIAN_POINT('Ctrl Pts',(-0.158149571899032,-1.08323955484727,
17.4781224132253));
#5651=CARTESIAN_POINT('Ctrl Pts',(-0.528826037864828,-0.958520861512019,
17.4543102573489));
#5652=CARTESIAN_POINT('Ctrl Pts',(-0.762314473553856,-0.706634454239874,
17.4304981014726));
#5653=CARTESIAN_POINT('Ctrl Pts',(-0.937297533160444,-0.517863416874694,
17.4126525757241));
#5654=CARTESIAN_POINT('Ctrl Pts',(-1.03522973435069,-0.257669373421344,
17.3948070499756));
#5655=CARTESIAN_POINT('Ctrl Pts',(-1.03756487000533,0.000946776370519195,
17.376961524227));
#5656=CARTESIAN_POINT('Ctrl Pts',(-1.03943732024632,-0.000101450904747872,
17.498038475773));
#5657=CARTESIAN_POINT('Ctrl Pts',(-1.03944490792631,-0.00554618579396675,
17.4984159501675));
#5658=CARTESIAN_POINT('Ctrl Pts',(-1.0394058254297,-0.0109908087709351,
17.498793424562));
#5659=CARTESIAN_POINT('Ctrl Pts',(-1.03931974174971,-0.0164346885215624,
17.4991708989565));
#5660=CARTESIAN_POINT('Ctrl Pts',(-1.03388933895671,-0.359850070018772,
17.5229830548328));
#5661=CARTESIAN_POINT('Ctrl Pts',(-0.841420341010637,-0.700307823627869,
17.5467952107091));
#5662=CARTESIAN_POINT('Ctrl Pts',(-0.549976236134517,-0.882032745573995,
17.5706073665855));
#5663=CARTESIAN_POINT('Ctrl Pts',(-0.258532131258405,-1.06375766752012,
17.5944195224618));
#5664=CARTESIAN_POINT('Ctrl Pts',(0.131887080547755,-1.08674975780326,17.6182316783381));
#5665=CARTESIAN_POINT('Ctrl Pts',(0.442646512482215,-0.940489069348934,
17.6420438342144));
#5666=CARTESIAN_POINT('Ctrl Pts',(0.753405944416683,-0.794228380894604,
17.6658559900908));
#5667=CARTESIAN_POINT('Ctrl Pts',(0.984505596479455,-0.478714913702814,
17.6896681459671));
#5668=CARTESIAN_POINT('Ctrl Pts',(1.03020666551285,-0.138310704250913,17.7134803018434));
#5669=CARTESIAN_POINT('Ctrl Pts',(1.07590773454625,0.202093505200978,17.7372924577198));
#5670=CARTESIAN_POINT('Ctrl Pts',(0.936210220550258,0.567388456912978,17.7611046135961));
#5671=CARTESIAN_POINT('Ctrl Pts',(0.675032211683799,0.790434777680467,17.7849167694724));
#5672=CARTESIAN_POINT('Ctrl Pts',(0.413854202817333,1.01348109844796,17.8087289253487));
#5673=CARTESIAN_POINT('Ctrl Pts',(0.0311956990804017,1.09427878827095,17.8325410812251));
#5674=CARTESIAN_POINT('Ctrl Pts',(-0.297859296404996,0.995859158778294,
17.8563532371014));
#5675=CARTESIAN_POINT('Ctrl Pts',(-0.626914291890385,0.897439529285638,
17.8801653929777));
#5676=CARTESIAN_POINT('Ctrl Pts',(-0.902365779124241,0.619802580477326,
17.9039775488541));
#5677=CARTESIAN_POINT('Ctrl Pts',(-0.99818193448354,0.289980085951067,17.9277897047304));
#5678=CARTESIAN_POINT('Ctrl Pts',(-1.02534116360622,0.196491418355703,17.9345392950779));
#5679=CARTESIAN_POINT('Ctrl Pts',(-1.03806764046518,0.09880991717224,17.9412888854254));
#5680=CARTESIAN_POINT('Ctrl Pts',(-1.03723476786704,0.000916138024889564,
17.948038475773));
#5681=CARTESIAN_POINT('Origin',(0.,0.,0.));
#5682=CARTESIAN_POINT('',(-1.03623771185259,-0.000451742763231401,18.3980384757729));
#5683=CARTESIAN_POINT('',(-1.03858834861564,-0.000797455304298728,18.2769615242271));
#5684=CARTESIAN_POINT('',(-1.03775,-1.27087721581517E-16,0.));
#5685=CARTESIAN_POINT('Ctrl Pts',(-1.03858834861564,-0.000797455304298728,
18.2769615242271));
#5686=CARTESIAN_POINT('Ctrl Pts',(-1.0361038458447,0.291497835100882,18.2567407646152));
#5687=CARTESIAN_POINT('Ctrl Pts',(-0.906893806964747,0.58571595865392,18.2365200050033));
#5688=CARTESIAN_POINT('Ctrl Pts',(-0.688354876099526,0.778860175550519,
18.2162992453914));
#5689=CARTESIAN_POINT('Ctrl Pts',(-0.431001384603862,1.00630861406782,18.1924870895151));
#5690=CARTESIAN_POINT('Ctrl Pts',(-0.0497698180360574,1.09359141615605,
18.1686749336388));
#5691=CARTESIAN_POINT('Ctrl Pts',(0.280908710380648,1.00077265397335,18.1448627777625));
#5692=CARTESIAN_POINT('Ctrl Pts',(0.611587238797353,0.907953891790643,18.1210506218861));
#5693=CARTESIAN_POINT('Ctrl Pts',(0.891712729062969,0.635033565336996,18.0972384660098));
#5694=CARTESIAN_POINT('Ctrl Pts',(0.993114784509812,0.306885374849646,18.0734263101335));
#5695=CARTESIAN_POINT('Ctrl Pts',(1.09451683995666,-0.021262815637714,18.0496141542571));
#5696=CARTESIAN_POINT('Ctrl Pts',(1.01719546058473,-0.404638870158764,18.0258019983808));
#5697=CARTESIAN_POINT('Ctrl Pts',(0.796528761593743,-0.667830472846602,
18.0019898425045));
#5698=CARTESIAN_POINT('Ctrl Pts',(0.575862062602757,-0.931022075534433,
17.9781776866282));
#5699=CARTESIAN_POINT('Ctrl Pts',(0.211850043992705,-1.07402922638904,17.9543655307518));
#5700=CARTESIAN_POINT('Ctrl Pts',(-0.128954922394724,-1.03141952497456,
17.9305533748755));
#5701=CARTESIAN_POINT('Ctrl Pts',(-0.469759888782153,-0.988809823560085,
17.9067412189992));
#5702=CARTESIAN_POINT('Ctrl Pts',(-0.787357802946969,-0.760583269876525,
17.8829290631228));
#5703=CARTESIAN_POINT('Ctrl Pts',(-0.936432897299672,-0.451164091394162,
17.8591169072465));
#5704=CARTESIAN_POINT('Ctrl Pts',(-1.00353541393683,-0.311886597308906,
17.84839844624));
#5705=CARTESIAN_POINT('Ctrl Pts',(-1.03649300673125,-0.156158417236803,
17.8376799852335));
#5706=CARTESIAN_POINT('Ctrl Pts',(-1.03611720658215,-0.000279326111542258,
17.826961524227));
#5707=CARTESIAN_POINT('Ctrl Pts',(-1.03723476786704,0.000916138024889564,
17.948038475773));
#5708=CARTESIAN_POINT('Ctrl Pts',(-1.03512931515789,-0.246553550587605,
17.9651010413018));
#5709=CARTESIAN_POINT('Ctrl Pts',(-0.946373040188917,-0.495379798390228,
17.9821636068306));
#5710=CARTESIAN_POINT('Ctrl Pts',(-0.785075563527931,-0.681257648858927,
17.9992261723594));
#5711=CARTESIAN_POINT('Ctrl Pts',(-0.559972213728268,-0.940664848898439,
18.0230383282357));
#5712=CARTESIAN_POINT('Ctrl Pts',(-0.193584690644212,-1.07747120873323,
18.046850484112));
#5713=CARTESIAN_POINT('Ctrl Pts',(0.146447730472154,-1.02908147724903,18.0706626399884));
#5714=CARTESIAN_POINT('Ctrl Pts',(0.486480151588509,-0.980691745764832,
18.0944747958647));
#5715=CARTESIAN_POINT('Ctrl Pts',(0.80015747073716,-0.74710592296164,18.118286951741));
#5716=CARTESIAN_POINT('Ctrl Pts',(0.94395777428284,-0.435200350354267,18.1420991076173));
#5717=CARTESIAN_POINT('Ctrl Pts',(1.08775807782852,-0.123294777746885,18.1659112634937));
#5718=CARTESIAN_POINT('Ctrl Pts',(1.06168136577124,0.266930544664666,18.18972341937));
#5719=CARTESIAN_POINT('Ctrl Pts',(0.877658942630977,0.55692944346422,18.2135355752463));
#5720=CARTESIAN_POINT('Ctrl Pts',(0.69363651949072,0.846928342263766,18.2373477311227));
#5721=CARTESIAN_POINT('Ctrl Pts',(0.351668385267479,1.03670081745131,18.261159886999));
#5722=CARTESIAN_POINT('Ctrl Pts',(0.00822081287894828,1.03941716495982,
18.2849720428753));
#5723=CARTESIAN_POINT('Ctrl Pts',(-0.335226759509582,1.04213351246832,18.3087841987516));
#5724=CARTESIAN_POINT('Ctrl Pts',(-0.680153770063424,0.857793732297785,
18.332596354628));
#5725=CARTESIAN_POINT('Ctrl Pts',(-0.868740122788576,0.570741818719096,
18.3564085105043));
#5726=CARTESIAN_POINT('Ctrl Pts',(-0.978639780129756,0.403460854399239,
18.3702851655939));
#5727=CARTESIAN_POINT('Ctrl Pts',(-1.03544560330106,0.201298490358117,18.3841618206834));
#5728=CARTESIAN_POINT('Ctrl Pts',(-1.03623771185259,-0.000451742763231401,
18.3980384757729));
#5729=CARTESIAN_POINT('Origin',(0.,0.,0.));
#5730=CARTESIAN_POINT('',(-1.03888546837251,-0.000670984536023017,18.848038475773));
#5731=CARTESIAN_POINT('',(-1.03861067486752,0.000789634224356017,18.726961524227));
#5732=CARTESIAN_POINT('',(-1.03775,-1.27087721581517E-16,0.));
#5733=CARTESIAN_POINT('Ctrl Pts',(-1.03861067486752,0.000789634224356017,
18.726961524227));
#5734=CARTESIAN_POINT('Ctrl Pts',(-1.03904221202337,0.0518956001549156,
18.7234258557495));
#5735=CARTESIAN_POINT('Ctrl Pts',(-1.03559598142679,0.10294315120075,18.7198901872719));
#5736=CARTESIAN_POINT('Ctrl Pts',(-1.0280707789637,0.153382143515969,18.7163545187943));
#5737=CARTESIAN_POINT('Ctrl Pts',(-0.977389756353931,0.493080606444777,
18.692542362918));
#5738=CARTESIAN_POINT('Ctrl Pts',(-0.741694530231025,0.805176032990876,
18.6687302070417));
#5739=CARTESIAN_POINT('Ctrl Pts',(-0.428826591907354,0.94687029871134,18.6449180511654));
#5740=CARTESIAN_POINT('Ctrl Pts',(-0.115958653583682,1.0885645644318,18.621105895289));
#5741=CARTESIAN_POINT('Ctrl Pts',(0.274081996940774,1.05985766932664,18.5972937394127));
#5742=CARTESIAN_POINT('Ctrl Pts',(0.562833682198387,0.873884348579138,18.5734815835364));
#5743=CARTESIAN_POINT('Ctrl Pts',(0.851585367456016,0.687911027831623,18.54966942766));
#5744=CARTESIAN_POINT('Ctrl Pts',(1.03904808744681,0.344671281441734,18.5258572717837));
#5745=CARTESIAN_POINT('Ctrl Pts',(1.03944895817208,0.00121320383743613,
18.5020451159074));
#5746=CARTESIAN_POINT('Ctrl Pts',(1.03984982889735,-0.342244873766842,18.4782329600311));
#5747=CARTESIAN_POINT('Ctrl Pts',(0.853188850357173,-0.685921282585508,
18.4544208041547));
#5748=CARTESIAN_POINT('Ctrl Pts',(0.564872072672769,-0.872568134888587,
18.4306086482784));
#5749=CARTESIAN_POINT('Ctrl Pts',(0.276555294988365,-1.05921498719167,18.4067964924021));
#5750=CARTESIAN_POINT('Ctrl Pts',(-0.113417281840261,-1.08883228297911,
18.3829843365257));
#5751=CARTESIAN_POINT('Ctrl Pts',(-0.426615127216795,-0.947868736555002,
18.3591721806494));
#5752=CARTESIAN_POINT('Ctrl Pts',(-0.739812972593329,-0.806905190130889,
18.3353600247731));
#5753=CARTESIAN_POINT('Ctrl Pts',(-0.97623608651779,-0.495360801495209,
18.3115478688968));
#5754=CARTESIAN_POINT('Ctrl Pts',(-1.02770993526825,-0.155781569704187,
18.2877357130204));
#5755=CARTESIAN_POINT('Ctrl Pts',(-1.03547332255162,-0.104565560919579,
18.284144316756));
#5756=CARTESIAN_POINT('Ctrl Pts',(-1.03902961957389,-0.0527118360807901,
18.2805529204915));
#5757=CARTESIAN_POINT('Ctrl Pts',(-1.03858834861564,-0.000797455304298728,
18.2769615242271));
#5758=CARTESIAN_POINT('Ctrl Pts',(-1.03623771185259,-0.000451742763231401,
18.3980384757729));
#5759=CARTESIAN_POINT('Ctrl Pts',(-1.03680485105769,-0.144902230793248,
18.4079739765597));
#5760=CARTESIAN_POINT('Ctrl Pts',(-1.00865728843895,-0.289141445270812,
18.4179094773465));
#5761=CARTESIAN_POINT('Ctrl Pts',(-0.95072330735349,-0.420215203713921,
18.4278449781333));
#5762=CARTESIAN_POINT('Ctrl Pts',(-0.811874444296777,-0.734356265581397,
18.4516571340096));
#5763=CARTESIAN_POINT('Ctrl Pts',(-0.501931023286889,-0.972874342329488,
18.4754692898859));
#5764=CARTESIAN_POINT('Ctrl Pts',(-0.162706526480349,-1.02663635763506,
18.4992814457623));
#5765=CARTESIAN_POINT('Ctrl Pts',(0.176517970326192,-1.08039837294064,18.5230936016386));
#5766=CARTESIAN_POINT('Ctrl Pts',(0.545023542929364,-0.949404326803698,
18.5469057575149));
#5767=CARTESIAN_POINT('Ctrl Pts',(0.774201810242508,-0.693590067399119,
18.5707179133912));
#5768=CARTESIAN_POINT('Ctrl Pts',(1.00338007755564,-0.437775807994554,18.5945300692676));
#5769=CARTESIAN_POINT('Ctrl Pts',(1.09323103957875,-0.0571413353223233,
18.6183422251439));
#5770=CARTESIAN_POINT('Ctrl Pts',(1.00264371625586,0.274155435529055,18.6421543810202));
#5771=CARTESIAN_POINT('Ctrl Pts',(0.912056392932971,0.605452206380451,18.6659665368966));
#5772=CARTESIAN_POINT('Ctrl Pts',(0.641030784264098,0.887411275411021,18.6897786927729));
#5773=CARTESIAN_POINT('Ctrl Pts',(0.31357366927262,0.991023298674858,18.7135908486492));
#5774=CARTESIAN_POINT('Ctrl Pts',(-0.013883445718858,1.09463532193869,18.7374030045256));
#5775=CARTESIAN_POINT('Ctrl Pts',(-0.397772067032919,1.01990029943579,18.7612151604019));
#5776=CARTESIAN_POINT('Ctrl Pts',(-0.662445355735445,0.801012968210897,
18.7850273162782));
#5777=CARTESIAN_POINT('Ctrl Pts',(-0.895902739085467,0.607941488097663,
18.8060310361098));
#5778=CARTESIAN_POINT('Ctrl Pts',(-1.03660730417263,0.302715534225356,18.8270347559414));
#5779=CARTESIAN_POINT('Ctrl Pts',(-1.03888546837251,-0.000670984536023017,
18.848038475773));
#5780=CARTESIAN_POINT('Origin',(0.,0.,0.));
#5781=CARTESIAN_POINT('',(-1.03828513105331,0.000881905917616375,19.2980384757729));
#5782=CARTESIAN_POINT('',(-1.03612386950302,0.000292025434033075,19.176961524227));
#5783=CARTESIAN_POINT('',(-1.03775,-1.27087721581517E-16,0.));
#5784=CARTESIAN_POINT('Ctrl Pts',(-1.03612386950302,0.000292025434033075,
19.176961524227));
#5785=CARTESIAN_POINT('Ctrl Pts',(-1.03651485463796,0.155358175076529,19.1662987910074));
#5786=CARTESIAN_POINT('Ctrl Pts',(-1.0039135318945,0.31026812553863,19.1556360577879));
#5787=CARTESIAN_POINT('Ctrl Pts',(-0.937483506406474,0.448976930058104,
19.1449733245683));
#5788=CARTESIAN_POINT('Ctrl Pts',(-0.789131100957334,0.758743254190384,
19.1211611686919));
#5789=CARTESIAN_POINT('Ctrl Pts',(-0.472066805438405,0.987710560579732,
19.0973490128156));
#5790=CARTESIAN_POINT('Ctrl Pts',(-0.131362232173439,1.03111569305631,19.0735368569393));
#5791=CARTESIAN_POINT('Ctrl Pts',(0.209342341091508,1.07452082553288,19.0497247010629));
#5792=CARTESIAN_POINT('Ctrl Pts',(0.573687192102468,0.932363784096701,19.0259125451866));
#5793=CARTESIAN_POINT('Ctrl Pts',(0.794967662766346,0.669688004718907,19.0021003893103));
#5794=CARTESIAN_POINT('Ctrl Pts',(1.01624813343025,0.407012225341084,18.978288233434));
#5795=CARTESIAN_POINT('Ctrl Pts',(1.09446422374702,0.0238177080215706,18.9544760775576));
#5796=CARTESIAN_POINT('Ctrl Pts',(0.993828446786442,-0.304566293057238,
18.9306639216813));
#5797=CARTESIAN_POINT('Ctrl Pts',(0.893192669825874,-0.632950294136008,
18.906851765805));
#5798=CARTESIAN_POINT('Ctrl Pts',(0.613705025588037,-0.906523778974122,
18.8830396099286));
#5799=CARTESIAN_POINT('Ctrl Pts',(0.283244066616302,-1.00011419709713,18.8592274540523));
#5800=CARTESIAN_POINT('Ctrl Pts',(-0.0472168923554524,-1.09370461522014,
18.835415298176));
#5801=CARTESIAN_POINT('Ctrl Pts',(-0.428651166061089,-1.00731196662802,
18.8116031422997));
#5802=CARTESIAN_POINT('Ctrl Pts',(-0.686534893365596,-0.780464892676196,
18.7877909864233));
#5803=CARTESIAN_POINT('Ctrl Pts',(-0.906127616267007,-0.587300449258332,
18.7675144990246));
#5804=CARTESIAN_POINT('Ctrl Pts',(-1.03613587900978,-0.292294822298572,
18.7472380116258));
#5805=CARTESIAN_POINT('Ctrl Pts',(-1.03861067486752,0.000789634224356017,
18.726961524227));
#5806=CARTESIAN_POINT('Ctrl Pts',(-1.03888546837251,-0.000670984536023017,
18.848038475773));
#5807=CARTESIAN_POINT('Ctrl Pts',(-1.03919008481694,-0.0412372100243008,
18.8508469118177));
#5808=CARTESIAN_POINT('Ctrl Pts',(-1.03701981314251,-0.0817705487505729,
18.8536553478625));
#5809=CARTESIAN_POINT('Ctrl Pts',(-1.03226546657284,-0.121998488099877,
18.8564637839072));
#5810=CARTESIAN_POINT('Ctrl Pts',(-0.991954332616727,-0.463082973238875,
18.8802759397835));
#5811=CARTESIAN_POINT('Ctrl Pts',(-0.765874108613527,-0.782212303570002,
18.9040880956599));
#5812=CARTESIAN_POINT('Ctrl Pts',(-0.457466976714292,-0.933370017620759,
18.9279002515362));
#5813=CARTESIAN_POINT('Ctrl Pts',(-0.149059844815058,-1.08452773167152,
18.9517124074125));
#5814=CARTESIAN_POINT('Ctrl Pts',(0.241674194980228,-1.06771382944191,18.9755245632888));
#5815=CARTESIAN_POINT('Ctrl Pts',(0.535956207471332,-0.890621450589664,
18.9993367191652));
#5816=CARTESIAN_POINT('Ctrl Pts',(0.830238219962435,-0.713529071737417,
19.0231488750415));
#5817=CARTESIAN_POINT('Ctrl Pts',(1.02806820514937,-0.376158216262513,19.0469610309178));
#5818=CARTESIAN_POINT('Ctrl Pts',(1.03892977464446,-0.0328716889541087,
19.0707731867942));
#5819=CARTESIAN_POINT('Ctrl Pts',(1.04979134413955,0.310414838354315,19.0945853426705));
#5820=CARTESIAN_POINT('Ctrl Pts',(0.873684497942808,0.65961703749622,19.1183974985468));
#5821=CARTESIAN_POINT('Ctrl Pts',(0.59118628140458,0.854958715527549,19.1422096544231));
#5822=CARTESIAN_POINT('Ctrl Pts',(0.308688064866367,1.05030039355887,19.1660218102995));
#5823=CARTESIAN_POINT('Ctrl Pts',(-0.0802015220133149,1.09178155047958,
19.1898339661758));
#5824=CARTESIAN_POINT('Ctrl Pts',(-0.397547466740458,0.960422634190665,
19.2136461220521));
#5825=CARTESIAN_POINT('Ctrl Pts',(-0.714893411467602,0.829063717901746,
19.2374582779285));
#5826=CARTESIAN_POINT('Ctrl Pts',(-0.960695714042225,0.524864728403188,
19.2612704338048));
#5827=CARTESIAN_POINT('Ctrl Pts',(-1.02248842717425,0.187010804159076,19.2850825896811));
#5828=CARTESIAN_POINT('Ctrl Pts',(-1.03369529922735,0.12573682038768,19.2894012183784));
#5829=CARTESIAN_POINT('Ctrl Pts',(-1.03884967187648,0.0633558482625485,
19.2937198470757));
#5830=CARTESIAN_POINT('Ctrl Pts',(-1.03828513105331,0.000881905917616375,
19.2980384757729));
#5831=CARTESIAN_POINT('Origin',(0.,0.,0.));
#5832=CARTESIAN_POINT('',(-1.03605795936916,0.000109621726031703,19.7480384757729));
#5833=CARTESIAN_POINT('',(-1.03754081627204,-0.000945875235115745,19.626961524227));
#5834=CARTESIAN_POINT('',(-1.03775,-1.27087721581517E-16,0.));
#5835=CARTESIAN_POINT('Ctrl Pts',(-1.03754081627204,-0.000945875235115745,
19.626961524227));
#5836=CARTESIAN_POINT('Ctrl Pts',(-1.03521979522514,0.256877906105498,19.6091717262654));
#5837=CARTESIAN_POINT('Ctrl Pts',(-0.937958779962608,0.516264821285151,
19.5913819283038));
#5838=CARTESIAN_POINT('Ctrl Pts',(-0.763961906106214,0.704853044632098,
19.5735921303422));
#5839=CARTESIAN_POINT('Ctrl Pts',(-0.531062089525908,0.957283801882139,
19.5497799744659));
#5840=CARTESIAN_POINT('Ctrl Pts',(-0.160677766562598,1.08286743214948,19.5259678185895));
#5841=CARTESIAN_POINT('Ctrl Pts',(0.177723066320124,1.02414360331272,19.5021556627132));
#5842=CARTESIAN_POINT('Ctrl Pts',(0.516123899202845,0.965419774475953,19.4783435068369));
#5843=CARTESIAN_POINT('Ctrl Pts',(0.822541242004976,0.72238848653509,19.4545313509605));
#5844=CARTESIAN_POINT('Ctrl Pts',(0.956774956797031,0.40624781913829,19.4307191950842));
#5845=CARTESIAN_POINT('Ctrl Pts',(1.09100867158909,0.0901071517414896,19.4069070392079));
#5846=CARTESIAN_POINT('Ctrl Pts',(1.05305875837106,-0.299142895111247,19.3830948833315));
#5847=CARTESIAN_POINT('Ctrl Pts',(0.860289061561571,-0.583402381779582,
19.3592827274552));
#5848=CARTESIAN_POINT('Ctrl Pts',(0.667519364752078,-0.867661868447916,
19.3354705715789));
#5849=CARTESIAN_POINT('Ctrl Pts',(0.319929884351114,-1.04693079493185,19.3116584157026));
#5850=CARTESIAN_POINT('Ctrl Pts',(-0.0234410802767765,-1.03918531757528,
19.2878462598262));
#5851=CARTESIAN_POINT('Ctrl Pts',(-0.366812044904667,-1.03143984021871,
19.2640341039499));
#5852=CARTESIAN_POINT('Ctrl Pts',(-0.705964493759482,-0.836679959021647,
19.2402219480736));
#5853=CARTESIAN_POINT('Ctrl Pts',(-0.885720460497219,-0.544017347485512,
19.2164097921972));
#5854=CARTESIAN_POINT('Ctrl Pts',(-0.984984348823016,-0.382404749495682,
19.2032603695405));
#5855=CARTESIAN_POINT('Ctrl Pts',(-1.03564170149919,-0.190937587031047,
19.1901109468838));
#5856=CARTESIAN_POINT('Ctrl Pts',(-1.03612386950302,0.000292025434033075,
19.176961524227));
#5857=CARTESIAN_POINT('Ctrl Pts',(-1.03828513105331,0.000881905917616375,
19.2980384757729));
#5858=CARTESIAN_POINT('Ctrl Pts',(-1.0357368934873,-0.281114435618178,19.317532002952));
#5859=CARTESIAN_POINT('Ctrl Pts',(-0.916668072927744,-0.565005008333537,
19.3370255301311));
#5860=CARTESIAN_POINT('Ctrl Pts',(-0.711757684366984,-0.757533248987817,
19.3565190573101));
#5861=CARTESIAN_POINT('Ctrl Pts',(-0.46145110473827,-0.99271451890092,19.3803312131864));
#5862=CARTESIAN_POINT('Ctrl Pts',(-0.0830548217914164,-1.09156819973745,
19.4041433690628));
#5863=CARTESIAN_POINT('Ctrl Pts',(0.250297324933001,-1.00886415027439,19.4279555249391));
#5864=CARTESIAN_POINT('Ctrl Pts',(0.583649471657419,-0.92616010081134,19.4517676808154));
#5865=CARTESIAN_POINT('Ctrl Pts',(0.871957482159399,-0.661898321048706,
19.4755798366917));
#5866=CARTESIAN_POINT('Ctrl Pts',(0.98330707747251,-0.336990824756344,19.4993919925681));
#5867=CARTESIAN_POINT('Ctrl Pts',(1.09465667278562,-0.0120833284639812,
19.5232041484444));
#5868=CARTESIAN_POINT('Ctrl Pts',(1.02904785290986,0.373469884358109,19.5470163043207));
#5869=CARTESIAN_POINT('Ctrl Pts',(0.816499694154213,0.643260347000783,19.5708284601971));
#5870=CARTESIAN_POINT('Ctrl Pts',(0.603951535398565,0.913050809643457,19.5946406160734));
#5871=CARTESIAN_POINT('Ctrl Pts',(0.244464037763026,1.06707852210672,19.6184527719497));
#5872=CARTESIAN_POINT('Ctrl Pts',(-0.0974806049851435,1.03486866617423,
19.642264927826));
#5873=CARTESIAN_POINT('Ctrl Pts',(-0.439425247733313,1.00265881024174,19.6660770837024));
#5874=CARTESIAN_POINT('Ctrl Pts',(-0.763827035594114,0.784211385913497,
19.6898892395787));
#5875=CARTESIAN_POINT('Ctrl Pts',(-0.922257113376974,0.479476215680257,
19.713701395455));
#5876=CARTESIAN_POINT('Ctrl Pts',(-0.998409063300597,0.333000383891712,
19.7251470888943));
#5877=CARTESIAN_POINT('Ctrl Pts',(-1.03621494378899,0.166588649205449,19.7365927823336));
#5878=CARTESIAN_POINT('Ctrl Pts',(-1.03605795936916,0.000109621726031703,
19.7480384757729));
#5879=CARTESIAN_POINT('Origin',(0.,0.,0.));
#5880=CARTESIAN_POINT('',(-1.03788297893536,-0.000940068744849826,20.198038475773));
#5881=CARTESIAN_POINT('',(-1.03934945533363,0.000291814483666204,20.076961524227));
#5882=CARTESIAN_POINT('',(-1.03775,-1.27087721581517E-16,0.));
#5883=CARTESIAN_POINT('Ctrl Pts',(-1.03934945533363,0.000291814483666204,
20.076961524227));
#5884=CARTESIAN_POINT('Ctrl Pts',(-1.03940893761507,0.0162298453209561,
20.0758568173997));
#5885=CARTESIAN_POINT('Ctrl Pts',(-1.03907405416183,0.0321653222403313,
20.0747521105724));
#5886=CARTESIAN_POINT('Ctrl Pts',(-1.03833699389871,0.0480821755951923,
20.0736474037451));
#5887=CARTESIAN_POINT('Ctrl Pts',(-1.02244952634475,0.391172834377519,20.0498352478687));
#5888=CARTESIAN_POINT('Ctrl Pts',(-0.819700321413101,0.725610503888143,
20.0260230919924));
#5889=CARTESIAN_POINT('Ctrl Pts',(-0.522856538549,0.898374447880802,20.0022109361161));
#5890=CARTESIAN_POINT('Ctrl Pts',(-0.226012755684898,1.07113839187346,19.9783987802398));
#5891=CARTESIAN_POINT('Ctrl Pts',(0.164925605111657,1.08222861034816,19.9545866243634));
#5892=CARTESIAN_POINT('Ctrl Pts',(0.47108612231132,0.926570814279331,19.9307744684871));
#5893=CARTESIAN_POINT('Ctrl Pts',(0.777246639510982,0.770913018210506,19.9069623126108));
#5894=CARTESIAN_POINT('Ctrl Pts',(0.998629313113753,0.448507207598161,19.8831501567345));
#5895=CARTESIAN_POINT('Ctrl Pts',(1.03394130802593,0.106868985520638,19.8593380008581));
#5896=CARTESIAN_POINT('Ctrl Pts',(1.0692533029381,-0.234769236556886,19.8355258449818));
#5897=CARTESIAN_POINT('Ctrl Pts',(0.918494619159683,-0.595639870099589,
19.8117136891054));
#5898=CARTESIAN_POINT('Ctrl Pts',(0.650644342751901,-0.810627872549128,
19.7879015332291));
#5899=CARTESIAN_POINT('Ctrl Pts',(0.382794066344118,-1.02561587499867,19.7640893773528));
#5900=CARTESIAN_POINT('Ctrl Pts',(-0.00214780269302793,-1.09472124635504,
19.7402772214765));
#5901=CARTESIAN_POINT('Ctrl Pts',(-0.328052515770092,-0.986325075928566,
19.7164650656002));
#5902=CARTESIAN_POINT('Ctrl Pts',(-0.653957228847155,-0.877928905502089,
19.6926529097238));
#5903=CARTESIAN_POINT('Ctrl Pts',(-0.920824785964137,-0.59203119329276,
19.6688407538475));
#5904=CARTESIAN_POINT('Ctrl Pts',(-1.00655090942398,-0.259443395071723,
19.6450285979712));
#5905=CARTESIAN_POINT('Ctrl Pts',(-1.02823199537003,-0.175328257855501,
19.6390062400564));
#5906=CARTESIAN_POINT('Ctrl Pts',(-1.03832654860594,-0.0882266354498208,
19.6329838821417));
#5907=CARTESIAN_POINT('Ctrl Pts',(-1.03754081627204,-0.000945875235115745,
19.626961524227));
#5908=CARTESIAN_POINT('Ctrl Pts',(-1.03605795936916,0.000109621726031703,
19.7480384757729));
#5909=CARTESIAN_POINT('Ctrl Pts',(-1.03588834606077,-0.179762104770399,
19.76040493821));
#5910=CARTESIAN_POINT('Ctrl Pts',(-0.991402205001389,-0.359712386532409,
19.772771400647));
#5911=CARTESIAN_POINT('Ctrl Pts',(-0.903082862849826,-0.514681423216782,
19.785137863084));
#5912=CARTESIAN_POINT('Ctrl Pts',(-0.733020166834877,-0.813080975742409,
19.8089500189604));
#5913=CARTESIAN_POINT('Ctrl Pts',(-0.40043640710004,-1.01885716465541,19.8327621748367));
#5914=CARTESIAN_POINT('Ctrl Pts',(-0.0575040702334436,-1.037857845027,19.856574330713));
#5915=CARTESIAN_POINT('Ctrl Pts',(0.285428266633153,-1.05685852539858,19.8803864865893));
#5916=CARTESIAN_POINT('Ctrl Pts',(0.638709180631487,-0.889083697228733,
19.9041986424657));
#5917=CARTESIAN_POINT('Ctrl Pts',(0.84069627770686,-0.611298121400123,19.928010798342));
#5918=CARTESIAN_POINT('Ctrl Pts',(1.04268337478223,-0.333512545571513,19.9518229542183));
#5919=CARTESIAN_POINT('Ctrl Pts',(1.09337665493463,0.0542837779158455,19.9756351100947));
#5920=CARTESIAN_POINT('Ctrl Pts',(0.969581592669936,0.374656055246837,19.999447265971));
#5921=CARTESIAN_POINT('Ctrl Pts',(0.84578653040525,0.69502833257781,20.0232594218473));
#5922=CARTESIAN_POINT('Ctrl Pts',(0.547503125723444,0.947976563752451,20.0470715777236));
#5923=CARTESIAN_POINT('Ctrl Pts',(0.211209862825356,1.01776520790543,20.0708837336));
#5924=CARTESIAN_POINT('Ctrl Pts',(-0.125083400072753,1.08755385205842,20.0946958894763));
#5925=CARTESIAN_POINT('Ctrl Pts',(-0.499386521187169,0.974182909189766,
20.1185080453526));
#5926=CARTESIAN_POINT('Ctrl Pts',(-0.740438472249137,0.729524840831932,
20.142320201229));
#5927=CARTESIAN_POINT('Ctrl Pts',(-0.928451671031505,0.538698980110951,
20.1608929594103));
#5928=CARTESIAN_POINT('Ctrl Pts',(-1.03540117288018,0.268004254090252,20.1794657175916));
#5929=CARTESIAN_POINT('Ctrl Pts',(-1.03788297893536,-0.000940068744849826,
20.198038475773));
#5930=CARTESIAN_POINT('Origin',(0.,0.,0.));
#5931=CARTESIAN_POINT('',(-1.03917452364491,0.000480980734618008,20.648038475773));
#5932=CARTESIAN_POINT('',(-1.03668397043643,0.000759538312857175,20.526961524227));
#5933=CARTESIAN_POINT('',(-1.03775,-1.27087721581517E-16,0.));
#5934=CARTESIAN_POINT('Ctrl Pts',(-1.03668397043643,0.000759538312857175,
20.526961524227));
#5935=CARTESIAN_POINT('Ctrl Pts',(-1.03749519296004,0.120310642902059,20.5187297526577));
#5936=CARTESIAN_POINT('Ctrl Pts',(-1.01840056150551,0.23961061586243,20.5104979810883));
#5937=CARTESIAN_POINT('Ctrl Pts',(-0.978266763066285,0.351354164324818,
20.502266209519));
#5938=CARTESIAN_POINT('Ctrl Pts',(-0.862171186762591,0.674596223673045,
20.4784540536427));
#5939=CARTESIAN_POINT('Ctrl Pts',(-0.570024262929574,0.934607703771557,
20.4546418977663));
#5940=CARTESIAN_POINT('Ctrl Pts',(-0.235496751330704,1.01242129996423,20.43082974189));
#5941=CARTESIAN_POINT('Ctrl Pts',(0.0990307602681664,1.0902348961569,20.4070175860137));
#5942=CARTESIAN_POINT('Ctrl Pts',(0.47593885963289,0.985850608443739,20.3832054301373));
#5943=CARTESIAN_POINT('Ctrl Pts',(0.722774620194627,0.747029087058255,20.359393274261));
#5944=CARTESIAN_POINT('Ctrl Pts',(0.969610380756365,0.50820756567277,20.3355811183847));
#5945=CARTESIAN_POINT('Ctrl Pts',(1.08637380251512,0.134948810614966,20.3117689625084));
#5946=CARTESIAN_POINT('Ctrl Pts',(1.01964020759203,-0.201963995727581,20.287956806632));
#5947=CARTESIAN_POINT('Ctrl Pts',(0.952906612668953,-0.538876802070129,
20.2641446507557));
#5948=CARTESIAN_POINT('Ctrl Pts',(0.702676001064039,-0.83944365969742,20.2403324948794));
#5949=CARTESIAN_POINT('Ctrl Pts',(0.383440476717516,-0.966141298839472,
20.216520339003));
#5950=CARTESIAN_POINT('Ctrl Pts',(0.0642049523709941,-1.09283893798152,
20.1927081831267));
#5951=CARTESIAN_POINT('Ctrl Pts',(-0.324035484717137,-1.04566735863834,
20.1688960272504));
#5952=CARTESIAN_POINT('Ctrl Pts',(-0.603642838173057,-0.846209744939725,
20.1450838713741));
#5953=CARTESIAN_POINT('Ctrl Pts',(-0.870278491211079,-0.656005480192736,
20.1223764223251));
#5954=CARTESIAN_POINT('Ctrl Pts',(-1.03812678625841,-0.327317297933244,
20.099668973276));
#5955=CARTESIAN_POINT('Ctrl Pts',(-1.03934945533363,0.000291814483666204,
20.076961524227));
#5956=CARTESIAN_POINT('Ctrl Pts',(-1.03788297893536,-0.000940068744849826,
20.198038475773));
#5957=CARTESIAN_POINT('Ctrl Pts',(-1.03858309944509,-0.0768095896520843,
20.203277873468));
#5958=CARTESIAN_POINT('Ctrl Pts',(-1.03096956613232,-0.152539811553783,
20.2085172711629));
#5959=CARTESIAN_POINT('Ctrl Pts',(-1.01451696099373,-0.226298388048908,
20.2137566688579));
#5960=CARTESIAN_POINT('Ctrl Pts',(-0.939742717666857,-0.561518354724904,
20.2375688247343));
#5961=CARTESIAN_POINT('Ctrl Pts',(-0.682393450003596,-0.856013094229897,
20.2613809806106));
#5962=CARTESIAN_POINT('Ctrl Pts',(-0.360218377067387,-0.975037612300381,
20.2851931364869));
#5963=CARTESIAN_POINT('Ctrl Pts',(-0.0380433041311605,-1.09406213037087,
20.3090052923633));
#5964=CARTESIAN_POINT('Ctrl Pts',(0.348957574077976,-1.03761642700686,20.3328174482396));
#5965=CARTESIAN_POINT('Ctrl Pts',(0.623713416831642,-0.831527027968237,
20.3566296041159));
#5966=CARTESIAN_POINT('Ctrl Pts',(0.898469259585277,-0.625437628929637,
20.3804417599922));
#5967=CARTESIAN_POINT('Ctrl Pts',(1.06098006688341,-0.269704534216454,20.4042539158686));
#5968=CARTESIAN_POINT('Ctrl Pts',(1.03688961139937,0.0729078757717414,20.4280660717449));
#5969=CARTESIAN_POINT('Ctrl Pts',(1.01279915591534,0.415520285759975,20.4518782276212));
#5970=CARTESIAN_POINT('Ctrl Pts',(0.802107437649077,0.745012011023245,20.4756903834976));
#5971=CARTESIAN_POINT('Ctrl Pts',(0.501215684061837,0.910625314071554,20.4995025393739));
#5972=CARTESIAN_POINT('Ctrl Pts',(0.200323930474615,1.07623861711985,20.5233146952502));
#5973=CARTESIAN_POINT('Ctrl Pts',(-0.190767858433597,1.07797349795323,20.5471268511265));
#5974=CARTESIAN_POINT('Ctrl Pts',(-0.493117060660381,0.915036168172142,
20.5709390070029));
#5975=CARTESIAN_POINT('Ctrl Pts',(-0.795466262887165,0.752098838391059,
20.5947511628792));
#5976=CARTESIAN_POINT('Ctrl Pts',(-1.00907287843254,0.424489297995513,20.6185633187555));
#5977=CARTESIAN_POINT('Ctrl Pts',(-1.03620197921362,0.0821040976521383,
20.6423754746319));
#5978=CARTESIAN_POINT('Ctrl Pts',(-1.03835259127184,0.0549621091889364,
20.6442631416789));
#5979=CARTESIAN_POINT('Ctrl Pts',(-1.039331332274,0.02772726680579,20.6461508087259));
#5980=CARTESIAN_POINT('Ctrl Pts',(-1.03917452364491,0.000480980734618008,
20.648038475773));
#5981=CARTESIAN_POINT('Origin',(0.,0.,0.));
#5982=CARTESIAN_POINT('',(-1.03644985822377,0.000632142145030698,21.0980384757729));
#5983=CARTESIAN_POINT('',(-1.03661313419354,-0.000726273128402871,20.976961524227));
#5984=CARTESIAN_POINT('',(-1.03775,-1.27087721581517E-16,0.));
#5985=CARTESIAN_POINT('Ctrl Pts',(-1.03661313419354,-0.000726273128402871,
20.976961524227));
#5986=CARTESIAN_POINT('Ctrl Pts',(-1.03517220065767,0.22237046009064,20.9616026879157));
#5987=CARTESIAN_POINT('Ctrl Pts',(-0.964545767670263,0.446299064685758,
20.9462438516043));
#5988=CARTESIAN_POINT('Ctrl Pts',(-0.83165432024418,0.623543663369109,20.9308850152929));
#5989=CARTESIAN_POINT('Ctrl Pts',(-0.625621011692217,0.898341566447168,
20.9070728594166));
#5990=CARTESIAN_POINT('Ctrl Pts',(-0.269921099627467,1.06092498332985,20.8832607035403));
#5991=CARTESIAN_POINT('Ctrl Pts',(0.0726962181502826,1.03690446443982,20.8594485476639));
#5992=CARTESIAN_POINT('Ctrl Pts',(0.415313535928032,1.01288394554978,20.8356363917876));
#5993=CARTESIAN_POINT('Ctrl Pts',(0.744848259418803,0.802259490887034,20.8118242359113));
#5994=CARTESIAN_POINT('Ctrl Pts',(0.910522977450405,0.501401551696268,20.7880120800349));
#5995=CARTESIAN_POINT('Ctrl Pts',(1.07619769548202,0.200543612505486,20.7641999241586));
#5996=CARTESIAN_POINT('Ctrl Pts',(1.07801240805446,-0.190547811213283,20.7403877682823));
#5997=CARTESIAN_POINT('Ctrl Pts',(0.91513680004709,-0.492930264548801,20.716575612406));
#5998=CARTESIAN_POINT('Ctrl Pts',(0.752261192039725,-0.795312717884302,
20.6927634565296));
#5999=CARTESIAN_POINT('Ctrl Pts',(0.424695263452537,-1.00898620083652,20.6689513006533));
#6000=CARTESIAN_POINT('Ctrl Pts',(0.0823156105282712,-1.03618519038439,
20.645139144777));
#6001=CARTESIAN_POINT('Ctrl Pts',(-0.260064042395995,-1.06338417993226,
20.6213269889006));
#6002=CARTESIAN_POINT('Ctrl Pts',(-0.617257419657361,-0.90410867607577,
20.5975148330243));
#6003=CARTESIAN_POINT('Ctrl Pts',(-0.825831993900854,-0.63123460484856,
20.573702677148));
#6004=CARTESIAN_POINT('Ctrl Pts',(-0.962303132434294,-0.452692060477075,
20.558122292841));
#6005=CARTESIAN_POINT('Ctrl Pts',(-1.03514855870035,-0.225516438629863,
20.542541908534));
#6006=CARTESIAN_POINT('Ctrl Pts',(-1.03668397043643,0.000759538312857175,
20.526961524227));
#6007=CARTESIAN_POINT('Ctrl Pts',(-1.03917452364491,0.000480980734618008,
20.648038475773));
#6008=CARTESIAN_POINT('Ctrl Pts',(-1.03735325487707,-0.315973605653822,
20.6699629646022));
#6009=CARTESIAN_POINT('Ctrl Pts',(-0.882347676044133,-0.633971932101427,
20.6918874534315));
#6010=CARTESIAN_POINT('Ctrl Pts',(-0.63106602306024,-0.825960833887675,
20.7138119422608));
#6011=CARTESIAN_POINT('Ctrl Pts',(-0.358149380108997,-1.0344797047929,20.7376240981372));
#6012=CARTESIAN_POINT('Ctrl Pts',(0.0283354918102775,-1.09435658631212,
20.7614362540135));
#6013=CARTESIAN_POINT('Ctrl Pts',(0.351553848765571,-0.978195029631415,
20.7852484098898));
#6014=CARTESIAN_POINT('Ctrl Pts',(0.674772205720864,-0.862033472950706,
20.8090605657662));
#6015=CARTESIAN_POINT('Ctrl Pts',(0.934724047712176,-0.56983347807006,20.8328727216425));
#6016=CARTESIAN_POINT('Ctrl Pts',(1.01246935728188,-0.235290087217279,20.8566848775188));
#6017=CARTESIAN_POINT('Ctrl Pts',(1.09021466685158,0.0992533036355202,20.8804970333952));
#6018=CARTESIAN_POINT('Ctrl Pts',(0.985753443999654,0.476140090460459,20.9043091892715));
#6019=CARTESIAN_POINT('Ctrl Pts',(0.746881540351832,0.722927098163547,20.9281213451478));
#6020=CARTESIAN_POINT('Ctrl Pts',(0.508009636704037,0.969714105866606,20.9519335010241));
#6021=CARTESIAN_POINT('Ctrl Pts',(0.134727052260384,1.08640133444785,20.9757456569005));
#6022=CARTESIAN_POINT('Ctrl Pts',(-0.202172127542961,1.01959896793899,20.9995578127768));
#6023=CARTESIAN_POINT('Ctrl Pts',(-0.539071307346325,0.952796601430116,
21.0233699686531));
#6024=CARTESIAN_POINT('Ctrl Pts',(-0.839587082509378,0.702504639831117,
21.0471821245294));
#6025=CARTESIAN_POINT('Ctrl Pts',(-0.96621955585739,0.383243257548308,21.0709942804058));
#6026=CARTESIAN_POINT('Ctrl Pts',(-1.01415968311618,0.262378278046618,21.0800090121948));
#6027=CARTESIAN_POINT('Ctrl Pts',(-1.03717877598805,0.131628569611408,21.0890237439839));
#6028=CARTESIAN_POINT('Ctrl Pts',(-1.03644985822377,0.000632142145030698,
21.0980384757729));
#6029=CARTESIAN_POINT('Origin',(0.,0.,0.));
#6030=CARTESIAN_POINT('',(-1.03687811086272,-0.000832965967311706,21.5480384757729));
#6031=CARTESIAN_POINT('',(-1.03930767614627,-0.000347400781557788,21.426961524227));
#6032=CARTESIAN_POINT('',(-1.03775,-1.27087721581517E-16,0.));
#6033=CARTESIAN_POINT('Ctrl Pts',(-1.03930767614627,-0.000347400781557788,
21.426961524227));
#6034=CARTESIAN_POINT('Ctrl Pts',(-1.03789447478317,0.324100133953289,21.4044756231736));
#6035=CARTESIAN_POINT('Ctrl Pts',(-0.87374464878002,0.649780819353188,21.3819897221202));
#6036=CARTESIAN_POINT('Ctrl Pts',(-0.611469711626405,0.840571472435331,
21.3595038210668));
#6037=CARTESIAN_POINT('Ctrl Pts',(-0.333725374358187,1.04261526690675,21.3356916651905));
#6038=CARTESIAN_POINT('Ctrl Pts',(0.0540605903775389,1.09338770472581,21.3118795093142));
#6039=CARTESIAN_POINT('Ctrl Pts',(0.374458128374702,0.969658042096642,21.2880673534378));
#6040=CARTESIAN_POINT('Ctrl Pts',(0.694855666371865,0.845928379467471,21.2642551975615));
#6041=CARTESIAN_POINT('Ctrl Pts',(0.947864777630444,0.547696616390078,21.2404430416852));
#6042=CARTESIAN_POINT('Ctrl Pts',(1.01772206582476,0.211417608637424,21.2166308858089));
#6043=CARTESIAN_POINT('Ctrl Pts',(1.08757935401907,-0.124861399115211,21.1928187299325));
#6044=CARTESIAN_POINT('Ctrl Pts',(0.974284819149098,-0.499187651543131,
21.1690065740562));
#6045=CARTESIAN_POINT('Ctrl Pts',(0.729675962546132,-0.740289536729349,
21.1451944181799));
#6046=CARTESIAN_POINT('Ctrl Pts',(0.485067105943152,-0.981391421915581,
21.1213822623035));
#6047=CARTESIAN_POINT('Ctrl Pts',(0.109143927607167,-1.08926893986014,21.0975701064272));
#6048=CARTESIAN_POINT('Ctrl Pts',(-0.226091292918448,-1.01456312557427,
21.0737579505509));
#6049=CARTESIAN_POINT('Ctrl Pts',(-0.561326513444082,-0.939857311288406,
21.0499457946745));
#6050=CARTESIAN_POINT('Ctrl Pts',(-0.855873776159321,-0.682568164772099,
21.0261336387982));
#6051=CARTESIAN_POINT('Ctrl Pts',(-0.97496405499733,-0.360417396877205,
21.0023214829219));
#6052=CARTESIAN_POINT('Ctrl Pts',(-1.01724112513433,-0.246053817063041,
20.9938681633569));
#6053=CARTESIAN_POINT('Ctrl Pts',(-1.03740620675474,-0.123516043236209,
20.985414843792));
#6054=CARTESIAN_POINT('Ctrl Pts',(-1.03661313419354,-0.000726273128402871,
20.976961524227));
#6055=CARTESIAN_POINT('Ctrl Pts',(-1.03644985822377,0.000632142145030698,
21.0980384757729));
#6056=CARTESIAN_POINT('Ctrl Pts',(-1.03525336058688,-0.214394742347544,
21.1128358998602));
#6057=CARTESIAN_POINT('Ctrl Pts',(-0.970069552463822,-0.430086393564879,
21.1276333239475));
#6058=CARTESIAN_POINT('Ctrl Pts',(-0.846086514733771,-0.603815563034898,
21.1424307480347));
#6059=CARTESIAN_POINT('Ctrl Pts',(-0.646571828729169,-0.883382198368676,
21.1662429039111));
#6060=CARTESIAN_POINT('Ctrl Pts',(-0.294793285186992,-1.05428466606961,
21.1900550597874));
#6061=CARTESIAN_POINT('Ctrl Pts',(0.0482941259622609,-1.0383271651917,21.2138672156637));
#6062=CARTESIAN_POINT('Ctrl Pts',(0.391381537111513,-1.02236966431379,21.2376793715401));
#6063=CARTESIAN_POINT('Ctrl Pts',(0.725777815867841,-0.819552194857022,
21.2614915274164));
#6064=CARTESIAN_POINT('Ctrl Pts',(0.898481164173689,-0.5226731504512,21.2853036832927));
#6065=CARTESIAN_POINT('Ctrl Pts',(1.07118451247954,-0.225794106045379,21.3091158391691));
#6066=CARTESIAN_POINT('Ctrl Pts',(1.08219493033491,0.1651465133095,21.3329279950454));
#6067=CARTESIAN_POINT('Ctrl Pts',(0.926474641196641,0.471275252688965,21.3567401509217));
#6068=CARTESIAN_POINT('Ctrl Pts',(0.770754352058376,0.777403992068429,21.380552306798));
#6069=CARTESIAN_POINT('Ctrl Pts',(0.448303355926478,0.998720851472479,21.4043644626744));
#6070=CARTESIAN_POINT('Ctrl Pts',(0.106657930349001,1.03396310885406,21.4281766185507));
#6071=CARTESIAN_POINT('Ctrl Pts',(-0.234987495228456,1.06920536623564,21.451988774427));
#6072=CARTESIAN_POINT('Ctrl Pts',(-0.59582735025149,0.91837302159478,21.4758009303034));
#6073=CARTESIAN_POINT('Ctrl Pts',(-0.810760674761224,0.650478864251727,
21.4996130861797));
#6074=CARTESIAN_POINT('Ctrl Pts',(-0.95645978785309,0.468878634429719,21.5157548827108));
#6075=CARTESIAN_POINT('Ctrl Pts',(-1.03511164095562,0.233485926893005,21.5318966792419));
#6076=CARTESIAN_POINT('Ctrl Pts',(-1.03687811086272,-0.000832965967311706,
21.5480384757729));
#6077=CARTESIAN_POINT('Origin',(0.,0.,0.));
#6078=CARTESIAN_POINT('',(-1.03942439203525,-0.000145651737186346,21.9980384757729));
#6079=CARTESIAN_POINT('',(-1.03763680422975,0.000948274944960921,21.876961524227));
#6080=CARTESIAN_POINT('',(-1.03775,-1.27087721581517E-16,0.));
#6081=CARTESIAN_POINT('Ctrl Pts',(-1.03763680422975,0.000948274944960921,
21.876961524227));
#6082=CARTESIAN_POINT('Ctrl Pts',(-1.03840166272942,0.0849983534904095,
21.8711607143079));
#6083=CARTESIAN_POINT('Ctrl Pts',(-1.02904592937575,0.168880327446038,21.8653599043888));
#6084=CARTESIAN_POINT('Ctrl Pts',(-1.00891521380859,0.250091383006582,21.8595590944697));
#6085=CARTESIAN_POINT('Ctrl Pts',(-0.92627921234115,0.583460402308679,21.8357469385934));
#6086=CARTESIAN_POINT('Ctrl Pts',(-0.662076291052064,0.871822347215469,
21.8119347827171));
#6087=CARTESIAN_POINT('Ctrl Pts',(-0.337191533231225,0.983238261270255,
21.7881226268407));
#6088=CARTESIAN_POINT('Ctrl Pts',(-0.0123067754103857,1.09465417532504,
21.7643104709644));
#6089=CARTESIAN_POINT('Ctrl Pts',(0.373259818942207,1.02912405852782,21.7404983150881));
#6090=CARTESIAN_POINT('Ctrl Pts',(0.643093660446921,0.816630976880965,21.7166861592118));
#6091=CARTESIAN_POINT('Ctrl Pts',(0.912927501951634,0.604137895234107,21.6928740033354));
#6092=CARTESIAN_POINT('Ctrl Pts',(1.06702859060847,0.24468184873761,21.6690618474591));
#6093=CARTESIAN_POINT('Ctrl Pts',(1.03488853519126,-0.0972693591952591,
21.6452496915828));
#6094=CARTESIAN_POINT('Ctrl Pts',(1.00274847977406,-0.439220567128128,21.6214375357064));
#6095=CARTESIAN_POINT('Ctrl Pts',(0.784367280282823,-0.763666936497368,
21.5976253798301));
#6096=CARTESIAN_POINT('Ctrl Pts',(0.479664458275599,-0.922159214005778,
21.5738132239538));
#6097=CARTESIAN_POINT('Ctrl Pts',(0.174961636268393,-1.08065149151418,21.5500010680775));
#6098=CARTESIAN_POINT('Ctrl Pts',(-0.216062808254789,-1.07318967716177,
21.5261889122011));
#6099=CARTESIAN_POINT('Ctrl Pts',(-0.514497066469382,-0.90318789689797,
21.5023767563248));
#6100=CARTESIAN_POINT('Ctrl Pts',(-0.812931324684008,-0.733186116634152,
21.4785646004485));
#6101=CARTESIAN_POINT('Ctrl Pts',(-1.01877539659002,-0.400644370458897,
21.4547524445722));
#6102=CARTESIAN_POINT('Ctrl Pts',(-1.03784607764267,-0.0577159218093715,
21.4309402886958));
#6103=CARTESIAN_POINT('Ctrl Pts',(-1.0389082486974,-0.0386159918701483,
21.4296140338729));
#6104=CARTESIAN_POINT('Ctrl Pts',(-1.03939102904901,-0.0194838412873841,
21.42828777905));
#6105=CARTESIAN_POINT('Ctrl Pts',(-1.03930767614627,-0.000347400781557788,
21.426961524227));
#6106=CARTESIAN_POINT('Ctrl Pts',(-1.03687811086272,-0.000832965967311706,
21.5480384757729));
#6107=CARTESIAN_POINT('Ctrl Pts',(-1.03771751302802,-0.112178075921884,
21.5557088351182));
#6108=CARTESIAN_POINT('Ctrl Pts',(-1.02119604592124,-0.223280716431098,
21.5633791944634));
#6109=CARTESIAN_POINT('Ctrl Pts',(-0.986258098845327,-0.328253845429861,
21.5710495538087));
#6110=CARTESIAN_POINT('Ctrl Pts',(-0.877795404423266,-0.654136427723024,
21.594861709685));
#6111=CARTESIAN_POINT('Ctrl Pts',(-0.59184322158276,-0.920945622264083,
21.6186738655613));
#6112=CARTESIAN_POINT('Ctrl Pts',(-0.259237928933614,-1.00660385493982,
21.6424860214377));
#6113=CARTESIAN_POINT('Ctrl Pts',(0.0733673637155505,-1.09226208761556,
21.666298177314));
#6114=CARTESIAN_POINT('Ctrl Pts',(0.452625766173343,-0.996769358425935,
21.6901103331903));
#6115=CARTESIAN_POINT('Ctrl Pts',(0.705008979260468,-0.763818017422739,
21.7139224890666));
#6116=CARTESIAN_POINT('Ctrl Pts',(0.957392192347608,-0.53086667641953,21.737734644943));
#6117=CARTESIAN_POINT('Ctrl Pts',(1.08290021606405,-0.16045672360268,21.7615468008193));
#6118=CARTESIAN_POINT('Ctrl Pts',(1.02410731179005,0.177932117718086,21.7853589566956));
#6119=CARTESIAN_POINT('Ctrl Pts',(0.96531440751606,0.516320959038813,21.809171112572));
#6120=CARTESIAN_POINT('Ctrl Pts',(0.72222057525171,0.822688688863493,21.8329832684483));
#6121=CARTESIAN_POINT('Ctrl Pts',(0.406052511572297,0.956857869499603,21.8567954243246));
#6122=CARTESIAN_POINT('Ctrl Pts',(0.0898844478928654,1.09102705013572,21.8806075802009));
#6123=CARTESIAN_POINT('Ctrl Pts',(-0.299357847201616,1.05299768158324,21.9044197360773));
#6124=CARTESIAN_POINT('Ctrl Pts',(-0.583577980859551,0.860169962759327,
21.9282318919536));
#6125=CARTESIAN_POINT('Ctrl Pts',(-0.861313390263903,0.671741772459054,
21.9515007532267));
#6126=CARTESIAN_POINT('Ctrl Pts',(-1.03876430757208,0.335498361809584,21.9747696144998));
#6127=CARTESIAN_POINT('Ctrl Pts',(-1.03942439203525,-0.000145651737186346,
21.9980384757729));
#6128=CARTESIAN_POINT('Origin',(0.,0.,0.));
#6129=CARTESIAN_POINT('',(-1.03730304070769,0.000925813453356453,22.448038475773));
#6130=CARTESIAN_POINT('',(-1.03609915199276,-0.000241232719081844,22.326961524227));
#6131=CARTESIAN_POINT('',(-1.03775,-1.27087721581517E-16,0.));
#6132=CARTESIAN_POINT('Ctrl Pts',(-1.03609915199276,-0.000241232719081844,
22.326961524227));
#6133=CARTESIAN_POINT('Ctrl Pts',(-1.03570808671288,0.18777764515575,22.3140336495659));
#6134=CARTESIAN_POINT('Ctrl Pts',(-0.98684356278931,0.375985913708988,22.3011057749048));
#6135=CARTESIAN_POINT('Ctrl Pts',(-0.890730827715044,0.53577439381391,22.2881779002436));
#6136=CARTESIAN_POINT('Ctrl Pts',(-0.713698524317943,0.830092547047594,
22.2643657443673));
#6137=CARTESIAN_POINT('Ctrl Pts',(-0.376368060515561,1.02799139262024,22.240553588491));
#6138=CARTESIAN_POINT('Ctrl Pts',(-0.0330837600345623,1.03892303532579,
22.2167414326147));
#6139=CARTESIAN_POINT('Ctrl Pts',(0.310200540446436,1.04985467803134,22.1929292767383));
#6140=CARTESIAN_POINT('Ctrl Pts',(0.659438677606051,0.873819117869785,22.169117120862));
#6141=CARTESIAN_POINT('Ctrl Pts',(0.854838015191214,0.591360783526032,22.1453049649857));
#6142=CARTESIAN_POINT('Ctrl Pts',(1.05023735277638,0.308902449182279,22.1214928091093));
#6143=CARTESIAN_POINT('Ctrl Pts',(1.09179789078709,-0.0799786593436758,
22.097680653233));
#6144=CARTESIAN_POINT('Ctrl Pts',(0.960503756596029,-0.397351408797672,
22.0738684973567));
#6145=CARTESIAN_POINT('Ctrl Pts',(0.829209622404971,-0.714724158251669,
22.0500563414804));
#6146=CARTESIAN_POINT('Ctrl Pts',(0.525060816012141,-0.960588548633706,
22.026244185604));
#6147=CARTESIAN_POINT('Ctrl Pts',(0.187219514784572,-1.02245022460382,22.0024320297277));
#6148=CARTESIAN_POINT('Ctrl Pts',(-0.150621786442998,-1.08431190057394,
21.9786198738514));
#6149=CARTESIAN_POINT('Ctrl Pts',(-0.522155582505308,-0.962170862132132,
21.9548077179751));
#6150=CARTESIAN_POINT('Ctrl Pts',(-0.757387939713566,-0.711912296062526,
21.9309955620987));
#6151=CARTESIAN_POINT('Ctrl Pts',(-0.935316027704275,-0.52261849017408,
21.9129842161415));
#6152=CARTESIAN_POINT('Ctrl Pts',(-1.03526194085066,-0.260024772530548,
21.8949728701843));
#6153=CARTESIAN_POINT('Ctrl Pts',(-1.03763680422975,0.000948274944960921,
21.876961524227));
#6154=CARTESIAN_POINT('Ctrl Pts',(-1.03942439203525,-0.000145651737186346,
21.9980384757729));
#6155=CARTESIAN_POINT('Ctrl Pts',(-1.03943980406261,-0.00798245900596163,
21.9985817703762));
#6156=CARTESIAN_POINT('Ctrl Pts',(-1.03935883756773,-0.0158189395100169,
21.9991250649794));
#6157=CARTESIAN_POINT('Ctrl Pts',(-1.0391805187317,-0.0236532041384304,
21.9996683595826));
#6158=CARTESIAN_POINT('Ctrl Pts',(-1.03136495072454,-0.367022583116943,
22.0234805154589));
#6159=CARTESIAN_POINT('Ctrl Pts',(-0.83653584248884,-0.706135271978632,
22.0472926713353));
#6160=CARTESIAN_POINT('Ctrl Pts',(-0.543836542105144,-0.885831496419384,
22.0711048272116));
#6161=CARTESIAN_POINT('Ctrl Pts',(-0.251137241721448,-1.06552772086014,
22.0949169830879));
#6162=CARTESIAN_POINT('Ctrl Pts',(0.139432250810248,-1.08580748087995,22.1187291389642));
#6163=CARTESIAN_POINT('Ctrl Pts',(0.449168288290201,-0.937391846226514,
22.1425412948406));
#6164=CARTESIAN_POINT('Ctrl Pts',(0.758904325770154,-0.788976211573076,
22.1663534507169));
#6165=CARTESIAN_POINT('Ctrl Pts',(0.987806908198363,-0.471865182246386,
22.1901656065932));
#6166=CARTESIAN_POINT('Ctrl Pts',(1.03114249361741,-0.131151753453586,22.2139777624696));
#6167=CARTESIAN_POINT('Ctrl Pts',(1.07447807903646,0.209561675339215,22.2377899183459));
#6168=CARTESIAN_POINT('Ctrl Pts',(0.932246667446344,0.573877503598126,22.2616020742222));
#6169=CARTESIAN_POINT('Ctrl Pts',(0.669525722610959,0.795104352484464,22.2854142300985));
#6170=CARTESIAN_POINT('Ctrl Pts',(0.406804777775559,1.01633120137081,22.3092263859749));
#6171=CARTESIAN_POINT('Ctrl Pts',(0.0235942996948747,1.09446907088457,22.3330385418512));
#6172=CARTESIAN_POINT('Ctrl Pts',(-0.304769154660664,0.993766263738612,
22.3568506977275));
#6173=CARTESIAN_POINT('Ctrl Pts',(-0.633132609016165,0.893063456592662,
22.3806628536039));
#6174=CARTESIAN_POINT('Ctrl Pts',(-0.906649039646535,0.613519972787039,
22.4044750094802));
#6175=CARTESIAN_POINT('Ctrl Pts',(-1.00017200102211,0.283039914056024,22.4282871653565));
#6176=CARTESIAN_POINT('Ctrl Pts',(-1.02602995708437,0.191666215956335,22.4348709354953));
#6177=CARTESIAN_POINT('Ctrl Pts',(-1.03812822364613,0.0963986462728937,
22.4414547056342));
#6178=CARTESIAN_POINT('Ctrl Pts',(-1.03730304070769,0.000925813453356453,
22.448038475773));
#6179=CARTESIAN_POINT('Origin',(0.,0.,0.));
#6180=CARTESIAN_POINT('',(-1.03620742902948,-0.000416438994193904,22.8980384757729));
#6181=CARTESIAN_POINT('',(-1.03852103939053,-0.000819611456393254,22.776961524227));
#6182=CARTESIAN_POINT('',(-1.03775,-1.27087721581517E-16,0.));
#6183=CARTESIAN_POINT('Ctrl Pts',(-1.03852103939053,-0.000819611456393254,
22.776961524227));
#6184=CARTESIAN_POINT('Ctrl Pts',(-1.03601188103699,0.28912754386221,22.7569065848239));
#6185=CARTESIAN_POINT('Ctrl Pts',(-0.909159116683334,0.580999009879476,
22.7368516454207));
#6186=CARTESIAN_POINT('Ctrl Pts',(-0.693748082086115,0.774060208970209,
22.7167967060176));
#6187=CARTESIAN_POINT('Ctrl Pts',(-0.437980611030919,1.00329068800602,22.6929845501412));
#6188=CARTESIAN_POINT('Ctrl Pts',(-0.0573644899869419,1.09321934467245,
22.6691723942649));
#6189=CARTESIAN_POINT('Ctrl Pts',(0.273950762677192,1.00269965001342,22.6453602383886));
#6190=CARTESIAN_POINT('Ctrl Pts',(0.605266015341307,0.912179955354388,22.6215480825123));
#6191=CARTESIAN_POINT('Ctrl Pts',(0.887280399625584,0.64121190936991,22.5977359266359));
#6192=CARTESIAN_POINT('Ctrl Pts',(0.990959262291851,0.31377595348669,22.5739237707596));
#6193=CARTESIAN_POINT('Ctrl Pts',(1.09463812495812,-0.0136600023965303,
22.5501116148833));
#6194=CARTESIAN_POINT('Ctrl Pts',(1.01998146600637,-0.397563868178493,22.5262994590069));
#6195=CARTESIAN_POINT('Ctrl Pts',(0.801148167524065,-0.662281829874185,
22.5024873031306));
#6196=CARTESIAN_POINT('Ctrl Pts',(0.582314869041755,-0.926999791569876,
22.4786751472543));
#6197=CARTESIAN_POINT('Ctrl Pts',(0.219304931028879,-1.0725318491793,22.4548629913779));
#6198=CARTESIAN_POINT('Ctrl Pts',(-0.12178777299619,-1.03229034038742,22.4310508355016));
#6199=CARTESIAN_POINT('Ctrl Pts',(-0.462880477021259,-0.992048831595549,
22.4072386796253));
#6200=CARTESIAN_POINT('Ctrl Pts',(-0.782055947058521,-0.766033756402382,
22.383426523749));
#6201=CARTESIAN_POINT('Ctrl Pts',(-0.933276610581243,-0.457657488358439,
22.3596143678726));
#6202=CARTESIAN_POINT('Ctrl Pts',(-1.00239795498528,-0.316702001634926,
22.3487300866574));
#6203=CARTESIAN_POINT('Ctrl Pts',(-1.03642839903385,-0.158538740561505,
22.3378458054422));
#6204=CARTESIAN_POINT('Ctrl Pts',(-1.03609915199276,-0.000241232719081844,
22.326961524227));
#6205=CARTESIAN_POINT('Ctrl Pts',(-1.03730304070769,0.000925813453356453,
22.448038475773));
#6206=CARTESIAN_POINT('Ctrl Pts',(-1.03514370499763,-0.248907147994018,
22.4652668615105));
#6207=CARTESIAN_POINT('Ctrl Pts',(-0.944489456766055,-0.500145674052654,
22.482495247248));
#6208=CARTESIAN_POINT('Ctrl Pts',(-0.780324742972587,-0.686694196918923,
22.4997236329855));
#6209=CARTESIAN_POINT('Ctrl Pts',(-0.55342503142673,-0.944531615506415,
22.5235357888618));
#6210=CARTESIAN_POINT('Ctrl Pts',(-0.186096116214299,-1.07878981902494,
22.5473479447382));
#6211=CARTESIAN_POINT('Ctrl Pts',(0.153591996876576,-1.02803945599065,22.5711601006145));
#6212=CARTESIAN_POINT('Ctrl Pts',(0.493280109967412,-0.977289092956356,
22.5949722564908));
#6213=CARTESIAN_POINT('Ctrl Pts',(0.805327420936667,-0.741530163369253,
22.6187844123671));
#6214=CARTESIAN_POINT('Ctrl Pts',(0.946957820448695,-0.428633305831236,
22.6425965682435));
#6215=CARTESIAN_POINT('Ctrl Pts',(1.08858821996073,-0.1157364482932,22.6664087241198));
#6216=CARTESIAN_POINT('Ctrl Pts',(1.05980170801552,0.274298337195788,22.6902208799961));
#6217=CARTESIAN_POINT('Ctrl Pts',(0.873769448190232,0.563012056697036,22.7140330358724));
#6218=CARTESIAN_POINT('Ctrl Pts',(0.687737188364931,0.8517257761983,22.7378451917488));
#6219=CARTESIAN_POINT('Ctrl Pts',(0.34445918065957,1.03911842971181,22.7616573476251));
#6220=CARTESIAN_POINT('Ctrl Pts',(0.00100102582928963,1.03944919189379,
22.7854695035014));
#6221=CARTESIAN_POINT('Ctrl Pts',(-0.342457129000972,1.03977995407577,22.8092816593778));
#6222=CARTESIAN_POINT('Ctrl Pts',(-0.686095430956143,0.853048824926203,
22.8330938152541));
#6223=CARTESIAN_POINT('Ctrl Pts',(-0.872683427966152,0.564693951733957,
22.8569059711304));
#6224=CARTESIAN_POINT('Ctrl Pts',(-0.980119194430865,0.398661691826142,
22.8706168060113));
#6225=CARTESIAN_POINT('Ctrl Pts',(-1.03548717003918,0.198937527577812,22.8843276408921));
#6226=CARTESIAN_POINT('Ctrl Pts',(-1.03620742902948,-0.000416438994193904,
22.8980384757729));
#6227=CARTESIAN_POINT('Origin',(0.,0.,0.));
#6228=CARTESIAN_POINT('',(-1.03882584279118,-0.000700665285109319,23.3480384757729));
#6229=CARTESIAN_POINT('',(-1.03867615322335,0.000765263449437545,23.226961524227));
#6230=CARTESIAN_POINT('',(-1.03775,-1.27087721581517E-16,0.));
#6231=CARTESIAN_POINT('Ctrl Pts',(-1.03867615322335,0.000765263449437545,
23.226961524227));
#6232=CARTESIAN_POINT('Ctrl Pts',(-1.03907863790309,0.0494664014143176,
23.2235916759582));
#6233=CARTESIAN_POINT('Ctrl Pts',(-1.03594953618989,0.0981155657344842,
23.2202218276893));
#6234=CARTESIAN_POINT('Ctrl Pts',(-1.02911134184701,0.14623766459425,23.2168519794205));
#6235=CARTESIAN_POINT('Ctrl Pts',(-0.980791020985636,0.486279953659616,
23.1930398235441));
#6236=CARTESIAN_POINT('Ctrl Pts',(-0.747269234347751,0.800004944783874,
23.1692276676678));
#6237=CARTESIAN_POINT('Ctrl Pts',(-0.435393023868654,0.943868912137772,
23.1454155117915));
#6238=CARTESIAN_POINT('Ctrl Pts',(-0.123516813389557,1.08773287949167,23.1216033559151));
#6239=CARTESIAN_POINT('Ctrl Pts',(0.266713820930752,1.06173582307521,23.0977912000388));
#6240=CARTESIAN_POINT('Ctrl Pts',(0.556750275197038,0.87777260128955,23.0739790441625));
#6241=CARTESIAN_POINT('Ctrl Pts',(0.846786729463323,0.693809379503894,23.0501668882862));
#6242=CARTESIAN_POINT('Ctrl Pts',(1.03662900367559,0.351879992349045,23.0263547324098));
#6243=CARTESIAN_POINT('Ctrl Pts',(1.03941545749576,0.00843298414743222,
23.0025425765335));
#6244=CARTESIAN_POINT('Ctrl Pts',(1.04220191131593,-0.335014024054181,22.9787304206572));
#6245=CARTESIAN_POINT('Ctrl Pts',(0.857932544744016,-0.679978653302559,
22.9549182647809));
#6246=CARTESIAN_POINT('Ctrl Pts',(0.570919134555981,-0.868623595299087,
22.9311061089045));
#6247=CARTESIAN_POINT('Ctrl Pts',(0.283905724367946,-1.05726853729561,22.9072939530282));
#6248=CARTESIAN_POINT('Ctrl Pts',(-0.105851729436207,-1.08959379204029,
22.8834817971519));
#6249=CARTESIAN_POINT('Ctrl Pts',(-0.420021125010581,-0.950809057094443,
22.8596696412755));
#6250=CARTESIAN_POINT('Ctrl Pts',(-0.734190520584955,-0.812024322148593,
22.8358574853992));
#6251=CARTESIAN_POINT('Ctrl Pts',(-0.97277185792955,-0.502129597512215,
22.8120453295229));
#6252=CARTESIAN_POINT('Ctrl Pts',(-1.02660311606863,-0.162916084491451,
22.7882331736466));
#6253=CARTESIAN_POINT('Ctrl Pts',(-1.03509691607994,-0.10939306013099,22.7844759571734));
#6254=CARTESIAN_POINT('Ctrl Pts',(-1.03899112064634,-0.0551401060942718,
22.7807187407002));
#6255=CARTESIAN_POINT('Ctrl Pts',(-1.03852103939053,-0.000819611456393254,
22.776961524227));
#6256=CARTESIAN_POINT('Ctrl Pts',(-1.03620742902948,-0.000416438994193904,
22.8980384757729));
#6257=CARTESIAN_POINT('Ctrl Pts',(-1.03673807266454,-0.147288487674645,
22.9081397967684));
#6258=CARTESIAN_POINT('Ctrl Pts',(-1.00760670724059,-0.293959598282869,
22.9182411177639));
#6259=CARTESIAN_POINT('Ctrl Pts',(-0.947781640851087,-0.426808605631536,
22.9283424387594));
#6260=CARTESIAN_POINT('Ctrl Pts',(-0.80675416466115,-0.739977672569825,
22.9521545946357));
#6261=CARTESIAN_POINT('Ctrl Pts',(-0.49516152021644,-0.976337189211471,
22.9759667505121));
#6262=CARTESIAN_POINT('Ctrl Pts',(-0.155571785855399,-1.0277417204961,22.9997789063884));
#6263=CARTESIAN_POINT('Ctrl Pts',(0.184017948505662,-1.07914625178073,23.0235910622647));
#6264=CARTESIAN_POINT('Ctrl Pts',(0.551604772783075,-0.945595797708281,
23.0474032181411));
#6265=CARTESIAN_POINT('Ctrl Pts',(0.779000675860852,-0.688195881665543,
23.0712153740174));
#6266=CARTESIAN_POINT('Ctrl Pts',(1.00639657893863,-0.430795965622805,23.0950275298937));
#6267=CARTESIAN_POINT('Ctrl Pts',(1.09360156081681,-0.049546587609788,23.1188396857701));
#6268=CARTESIAN_POINT('Ctrl Pts',(1.00071529996083,0.281112989744525,23.1426518416464));
#6269=CARTESIAN_POINT('Ctrl Pts',(0.907829039104853,0.611772567098837,23.1664639975227));
#6270=CARTESIAN_POINT('Ctrl Pts',(0.63485153551472,0.891842343794418,23.190276153399));
#6271=CARTESIAN_POINT('Ctrl Pts',(0.306682650705351,0.993177414408409,23.2140883092753));
#6272=CARTESIAN_POINT('Ctrl Pts',(-0.0214862341039989,1.09451248502239,
23.2379004651517));
#6273=CARTESIAN_POINT('Ctrl Pts',(-0.404846500132614,1.01711284955478,23.261712621028));
#6274=CARTESIAN_POINT('Ctrl Pts',(-0.667993055646423,0.796392429558126,
23.2855247769043));
#6275=CARTESIAN_POINT('Ctrl Pts',(-0.898271302537594,0.603241083644935,
23.3063626765272));
#6276=CARTESIAN_POINT('Ctrl Pts',(-1.03649093119198,0.300335922365302,23.3272005761501));
#6277=CARTESIAN_POINT('Ctrl Pts',(-1.03882584279118,-0.000700665285109319,
23.3480384757729));
#6278=CARTESIAN_POINT('Origin',(0.,0.,0.));
#6279=CARTESIAN_POINT('',(-1.03835590853756,0.00086558699538593,23.7980384757729));
#6280=CARTESIAN_POINT('',(-1.03614545406182,0.00032947399456168,23.6769615242271));
#6281=CARTESIAN_POINT('',(-1.03775,-1.27087721581517E-16,0.));
#6282=CARTESIAN_POINT('Ctrl Pts',(-1.03614545406182,0.00032947399456168,
23.6769615242271));
#6283=CARTESIAN_POINT('Ctrl Pts',(-1.0365802300822,0.152976190142078,23.6664646112162));
#6284=CARTESIAN_POINT('Ctrl Pts',(-1.00502630566619,0.305451889981425,23.6559676982053));
#6285=CARTESIAN_POINT('Ctrl Pts',(-0.940579397282232,0.442454521453318,
23.6454707851944));
#6286=CARTESIAN_POINT('Ctrl Pts',(-0.794382146090844,0.75324379947186,23.6216586293181));
#6287=CARTESIAN_POINT('Ctrl Pts',(-0.478915862881292,0.984407850801884,
23.5978464734417));
#6288=CARTESIAN_POINT('Ctrl Pts',(-0.138520992215753,1.03017840405428,23.5740343175654));
#6289=CARTESIAN_POINT('Ctrl Pts',(0.201873878449786,1.07594895730667,23.5502221616891));
#6290=CARTESIAN_POINT('Ctrl Pts',(0.567197336571313,0.936326012481423,23.5264100058127));
#6291=CARTESIAN_POINT('Ctrl Pts',(0.790296964329509,0.67519354024605,23.5025978499364));
#6292=CARTESIAN_POINT('Ctrl Pts',(1.01339659208771,0.414061068010677,23.4787856940601));
#6293=CARTESIAN_POINT('Ctrl Pts',(1.09427238948257,0.0314190683651751,23.4549735381838));
#6294=CARTESIAN_POINT('Ctrl Pts',(0.995919931157432,-0.297656007672593,
23.4311613823074));
#6295=CARTESIAN_POINT('Ctrl Pts',(0.897567472832293,-0.626731083710362,
23.4073492264311));
#6296=CARTESIAN_POINT('Ctrl Pts',(0.619986758787148,-0.902239236140396,
23.3835370705548));
#6297=CARTESIAN_POINT('Ctrl Pts',(0.290183832161224,-0.998122714007686,
23.3597249146784));
#6298=CARTESIAN_POINT('Ctrl Pts',(-0.0396190944647012,-1.09400619187497,
23.3359127588021));
#6299=CARTESIAN_POINT('Ctrl Pts',(-0.421644233671406,-1.01026499517952,
23.3121006029258));
#6300=CARTESIAN_POINT('Ctrl Pts',(-0.681097375732327,-0.785214603328555,
23.2882884470494));
#6301=CARTESIAN_POINT('Ctrl Pts',(-0.90383323246368,-0.592012888990166,
23.267846139442));
#6302=CARTESIAN_POINT('Ctrl Pts',(-1.03623458464988,-0.294667516807444,
23.2474038318345));
#6303=CARTESIAN_POINT('Ctrl Pts',(-1.03867615322335,0.000765263449437545,
23.226961524227));
#6304=CARTESIAN_POINT('Ctrl Pts',(-1.03882584279118,-0.000700665285109319,
23.3480384757729));
#6305=CARTESIAN_POINT('Ctrl Pts',(-1.03915911176506,-0.0436685252683398,
23.3510127320264));
#6306=CARTESIAN_POINT('Ctrl Pts',(-1.0367240402936,-0.0865983173358765,
23.3539869882799));
#6307=CARTESIAN_POINT('Ctrl Pts',(-1.03139318826648,-0.12916545933347,23.3569612445333));
#6308=CARTESIAN_POINT('Ctrl Pts',(-0.988713920373674,-0.469961723702692,
23.3807734004096));
#6309=CARTESIAN_POINT('Ctrl Pts',(-0.760422539589016,-0.787513047915424,
23.404585556286));
#6310=CARTESIAN_POINT('Ctrl Pts',(-0.450972935383166,-0.936524979423603,
23.4283977121623));
#6311=CARTESIAN_POINT('Ctrl Pts',(-0.141523331177315,-1.08553691093178,
23.4522098680386));
#6312=CARTESIAN_POINT('Ctrl Pts',(0.249084496449728,-1.06600944973541,23.476022023915));
#6313=CARTESIAN_POINT('Ctrl Pts',(0.542129361347058,-0.88687731833779,23.4998341797913));
#6314=CARTESIAN_POINT('Ctrl Pts',(0.835174226244389,-0.707745186940171,
23.5236463356676));
#6315=CARTESIAN_POINT('Ctrl Pts',(1.03065612841201,-0.369008385341305,23.5474584915439));
#6316=CARTESIAN_POINT('Ctrl Pts',(1.03913303413864,-0.0256546947239975,
23.5712706474203));
#6317=CARTESIAN_POINT('Ctrl Pts',(1.04760993986527,0.31769899589331,23.5950828032966));
#6318=CARTESIAN_POINT('Ctrl Pts',(0.869081849150914,0.665669575529058,23.6188949591729));
#6319=CARTESIAN_POINT('Ctrl Pts',(0.585233643020518,0.85904436045215,23.6427071150493));
#6320=CARTESIAN_POINT('Ctrl Pts',(0.301385436890121,1.05241914537524,23.6665192709256));
#6321=CARTESIAN_POINT('Ctrl Pts',(-0.0877828846563153,1.09119813558568,
23.6903314268019));
#6322=CARTESIAN_POINT('Ctrl Pts',(-0.404208782823211,0.957638171692824,
23.7141435826783));
#6323=CARTESIAN_POINT('Ctrl Pts',(-0.720634680990106,0.824078207799971,
23.7379557385546));
#6324=CARTESIAN_POINT('Ctrl Pts',(-0.96431815577746,0.518179289803831,23.7617678944309));
#6325=CARTESIAN_POINT('Ctrl Pts',(-1.02376270716085,0.179904302581816,23.7855800503072));
#6326=CARTESIAN_POINT('Ctrl Pts',(-1.03412975829499,0.120909592245574,23.7897328587958));
#6327=CARTESIAN_POINT('Ctrl Pts',(-1.03889320124732,0.0609301670453,23.7938856672844));
#6328=CARTESIAN_POINT('Ctrl Pts',(-1.03835590853756,0.00086558699538593,
23.7980384757729));
#6329=CARTESIAN_POINT('Origin',(0.,0.,0.));
#6330=CARTESIAN_POINT('',(-1.03606664983228,0.000147971714966495,24.2480384757729));
#6331=CARTESIAN_POINT('',(-1.03746975908976,-0.000941939729610097,24.126961524227));
#6332=CARTESIAN_POINT('',(-1.03775,-1.27087721581517E-16,0.));
#6333=CARTESIAN_POINT('Ctrl Pts',(-1.03746975908976,-0.000941939729610097,
24.126961524227));
#6334=CARTESIAN_POINT('Ctrl Pts',(-1.03519288806025,0.254523246672187,24.1093375464741));
#6335=CARTESIAN_POINT('Ctrl Pts',(-0.939912423126555,0.51150654584957,24.0917135687212));
#6336=CARTESIAN_POINT('Ctrl Pts',(-0.768839207292913,0.69952967622307,24.0740895909683));
#6337=CARTESIAN_POINT('Ctrl Pts',(-0.53769830716197,0.953571990142219,24.050277435092));
#6338=CARTESIAN_POINT('Ctrl Pts',(-0.168195279332939,1.08172527682815,24.0264652792156));
#6339=CARTESIAN_POINT('Ctrl Pts',(0.170605255567071,1.0253533468992,24.0026531233393));
#6340=CARTESIAN_POINT('Ctrl Pts',(0.509405790467081,0.968981416970248,23.978840967463));
#6341=CARTESIAN_POINT('Ctrl Pts',(0.817503832438069,0.728084270426426,23.9550288115866));
#6342=CARTESIAN_POINT('Ctrl Pts',(0.953930170679248,0.412883581733066,23.9312166557103));
#6343=CARTESIAN_POINT('Ctrl Pts',(1.09035650892043,0.0976828930397056,23.907404499834));
#6344=CARTESIAN_POINT('Ctrl Pts',(1.0551111434318,-0.291821337803192,23.8835923439577));
#6345=CARTESIAN_POINT('Ctrl Pts',(0.864320502264127,-0.577412903633873,
23.8597801880814));
#6346=CARTESIAN_POINT('Ctrl Pts',(0.673529861096456,-0.863004469464554,
23.835968032205));
#6347=CARTESIAN_POINT('Ctrl Pts',(0.327193944249743,-1.04468337028302,23.8121558763287));
#6348=CARTESIAN_POINT('Ctrl Pts',(-0.0162225332108034,-1.03932306983855,
23.7883437204523));
#6349=CARTESIAN_POINT('Ctrl Pts',(-0.35963901067133,-1.03396276939408,23.764531564576));
#6350=CARTESIAN_POINT('Ctrl Pts',(-0.70013604874569,-0.841563267686709,
23.7407194086997));
#6351=CARTESIAN_POINT('Ctrl Pts',(-0.881920458196262,-0.550156264479504,
23.7169072528234));
#6352=CARTESIAN_POINT('Ctrl Pts',(-0.983570370684539,-0.387207767058785,
23.7035920099579));
#6353=CARTESIAN_POINT('Ctrl Pts',(-1.0355939444611,-0.193301557910674,23.6902767670925));
#6354=CARTESIAN_POINT('Ctrl Pts',(-1.03614545406182,0.00032947399456168,
23.6769615242271));
#6355=CARTESIAN_POINT('Ctrl Pts',(-1.03835590853756,0.00086558699538593,
23.7980384757729));
#6356=CARTESIAN_POINT('Ctrl Pts',(-1.03581237105944,-0.283479440749638,
23.8176978231607));
#6357=CARTESIAN_POINT('Ctrl Pts',(-0.914475920089846,-0.569732843733804,
23.8373571705485));
#6358=CARTESIAN_POINT('Ctrl Pts',(-0.706478828804574,-0.762458733129764,
23.8570165179362));
#6359=CARTESIAN_POINT('Ctrl Pts',(-0.454544771085523,-0.99589572517137,
23.8808286738126));
#6360=CARTESIAN_POINT('Ctrl Pts',(-0.0754710276680058,-1.09211865280674,
23.9046408296889));
#6361=CARTESIAN_POINT('Ctrl Pts',(0.257298645111971,-1.00710124512468,23.9284529855652));
#6362=CARTESIAN_POINT('Ctrl Pts',(0.590068317891967,-0.922083837442615,
23.9522651414416));
#6363=CARTESIAN_POINT('Ctrl Pts',(0.876533920034439,-0.655826094443084,
23.9760772973179));
#6364=CARTESIAN_POINT('Ctrl Pts',(0.98562405968296,-0.330152936433209,23.9998894531942));
#6365=CARTESIAN_POINT('Ctrl Pts',(1.09471419933149,-0.00447977842331561,
24.0237016090705));
#6366=CARTESIAN_POINT('Ctrl Pts',(1.02642887648607,0.380608794596896,24.0475137649468));
#6367=CARTESIAN_POINT('Ctrl Pts',(0.812011981565793,0.64891626672552,24.0713259208232));
#6368=CARTESIAN_POINT('Ctrl Pts',(0.597595086645526,0.91722373885413,24.0951380766995));
#6369=CARTESIAN_POINT('Ctrl Pts',(0.237046619650396,1.06875011009112,24.1189502325759));
#6370=CARTESIAN_POINT('Ctrl Pts',(-0.104666143323677,1.03416626247032,24.1427623884522));
#6371=CARTESIAN_POINT('Ctrl Pts',(-0.446378906297751,0.999582414849517,
24.1665745443285));
#6372=CARTESIAN_POINT('Ctrl Pts',(-0.769255965250787,0.778888348370917,
24.1903867002048));
#6373=CARTESIAN_POINT('Ctrl Pts',(-0.925565415543496,0.473059512630636,
24.2141988560812));
#6374=CARTESIAN_POINT('Ctrl Pts',(-0.999609563129399,0.328187686856999,
24.2254787293117));
#6375=CARTESIAN_POINT('Ctrl Pts',(-1.03627695906912,0.164212140061355,24.2367586025423));
#6376=CARTESIAN_POINT('Ctrl Pts',(-1.03606664983228,0.000147971714966495,
24.2480384757729));
#6377=CARTESIAN_POINT('Origin',(0.,0.,0.));
#6378=CARTESIAN_POINT('',(-1.03778853464134,-0.00101739074013528,24.6980384757729));
#6379=CARTESIAN_POINT('',(-1.03937963899435,0.000252112133648352,24.576961524227));
#6380=CARTESIAN_POINT('',(-1.03775,-1.27087721581517E-16,0.));
#6381=CARTESIAN_POINT('',(0.494069358703931,0.912590012705534,25.));
#6382=CARTESIAN_POINT('Ctrl Pts',(-1.03778853464134,-0.00101739074013528,
24.6980384757729));
#6383=CARTESIAN_POINT('Ctrl Pts',(-1.03850868584362,-0.0793046608346593,
24.7034436936766));
#6384=CARTESIAN_POINT('Ctrl Pts',(-1.03040081792308,-0.157438351363683,
24.7088489115803));
#6385=CARTESIAN_POINT('Ctrl Pts',(-1.01290291144102,-0.233399592437739,
24.7142541294841));
#6386=CARTESIAN_POINT('Ctrl Pts',(-0.935817605338145,-0.56803936926787,
24.7380662853604));
#6387=CARTESIAN_POINT('Ctrl Pts',(-0.676494527655413,-0.860517194903756,
24.7618784412367));
#6388=CARTESIAN_POINT('Ctrl Pts',(-0.353470772494443,-0.97740354588095,
24.7856905971131));
#6389=CARTESIAN_POINT('Ctrl Pts',(-0.0304470173334553,-1.09428989685815,
24.8095027529894));
#6390=CARTESIAN_POINT('Ctrl Pts',(0.356277415305751,-1.03558477317667,24.8333149088657));
#6391=CARTESIAN_POINT('Ctrl Pts',(0.629536033526436,-0.827377246730841,
24.857127064742));
#6392=CARTESIAN_POINT('Ctrl Pts',(0.90279465174709,-0.619169720285038,24.8809392206184));
#6393=CARTESIAN_POINT('Ctrl Pts',(1.06258745554924,-0.261459791074847,24.9047513764947));
#6394=CARTESIAN_POINT('Ctrl Pts',(1.03626070942623,0.0804130454925027,24.928563532371));
#6395=CARTESIAN_POINT('Ctrl Pts',(1.00993396330323,0.422285882059892,24.9523756882474));
#6396=CARTESIAN_POINT('Ctrl Pts',(0.79748766725511,0.748321625984449,24.9761878441237));
#6397=CARTESIAN_POINT('Ctrl Pts',(0.49406935870393,0.912590012705534,25.));
#6398=CARTESIAN_POINT('',(-0.966862150677059,0.382023071816992,25.));
#6399=CARTESIAN_POINT('Origin',(0.,0.,25.));
#6400=CARTESIAN_POINT('Ctrl Pts',(-0.966865946858705,0.382024180354487,
25.));
#6401=CARTESIAN_POINT('Ctrl Pts',(-0.844611122765532,0.688853749010626,
24.9771090675054));
#6402=CARTESIAN_POINT('Ctrl Pts',(-0.563569592305088,0.933717053481147,
24.9542181350107));
#6403=CARTESIAN_POINT('Ctrl Pts',(-0.242433253584601,1.01068558091681,24.9313272025161));
#6404=CARTESIAN_POINT('Ctrl Pts',(0.0916269056929256,1.09075163210542,24.9075150466398));
#6405=CARTESIAN_POINT('Ctrl Pts',(0.469073963419089,0.989137461904093,24.8837028907635));
#6406=CARTESIAN_POINT('Ctrl Pts',(0.71752061884449,0.75207169313125,24.8598907348871));
#6407=CARTESIAN_POINT('Ctrl Pts',(0.965967274269892,0.515005924358407,24.8360785790108));
#6408=CARTESIAN_POINT('Ctrl Pts',(1.08541352739452,0.142488557014002,24.8122664231345));
#6409=CARTESIAN_POINT('Ctrl Pts',(1.02104369044943,-0.194898247854315,24.7884542672581));
#6410=CARTESIAN_POINT('Ctrl Pts',(0.956673853504342,-0.532285052722612,
24.7646421113818));
#6411=CARTESIAN_POINT('Ctrl Pts',(0.708487926489591,-0.834541295114853,
24.7408299555055));
#6412=CARTESIAN_POINT('Ctrl Pts',(0.390128525739428,-0.963443431068632,
24.7170177996292));
#6413=CARTESIAN_POINT('Ctrl Pts',(0.0717691249892478,-1.09234556702242,
24.6932056437528));
#6414=CARTESIAN_POINT('Ctrl Pts',(-0.31676374949633,-1.04789359653771,24.6693934878765));
#6415=CARTESIAN_POINT('Ctrl Pts',(-0.597743641619757,-0.850388053673414,
24.6455813320002));
#6416=CARTESIAN_POINT('Ctrl Pts',(-0.867644811506412,-0.660669933008906,
24.6227080627425));
#6417=CARTESIAN_POINT('Ctrl Pts',(-1.03830718034481,-0.329729758938609,
24.5998347934848));
#6418=CARTESIAN_POINT('Ctrl Pts',(-1.03937963899435,0.000252112133648352,
24.576961524227));
#6419=CARTESIAN_POINT('Origin',(0.,0.,-0.993675081176067));
#6420=CARTESIAN_POINT('',(-1.29004790140913,-0.00126469193323001,24.843675081176));
#6421=CARTESIAN_POINT('',(-1.28859571961914,0.000837551041240956,24.8813249188239));
#6422=CARTESIAN_POINT('',(-1.29,9.09093710413691E-13,-0.993675081176067));
#6423=CARTESIAN_POINT('',(0.111086559121681,-1.28520806735038,25.));
#6424=CARTESIAN_POINT('Ctrl Pts',(-1.28859571961914,0.000837551041240996,
24.8813249188239));
#6425=CARTESIAN_POINT('Ctrl Pts',(-1.28633250508155,-0.283625682023415,
24.8970711233396));
#6426=CARTESIAN_POINT('Ctrl Pts',(-1.05295251745707,-1.00117917445944,24.9366294837317));
#6427=CARTESIAN_POINT('Ctrl Pts',(-0.316219955855042,-1.32214217292047,
24.9761878441237));
#6428=CARTESIAN_POINT('Ctrl Pts',(0.111086559121681,-1.28520806735038,25.));
#6429=CARTESIAN_POINT('',(0.742512322051255,-1.05768971897676,25.));
#6430=CARTESIAN_POINT('Origin',(0.,0.,25.));
#6431=CARTESIAN_POINT('Ctrl Pts',(-1.29004790140913,-0.00126469193323021,
24.843675081176));
#6432=CARTESIAN_POINT('Ctrl Pts',(-1.29094310261464,-0.09858155863744,24.8490802990797));
#6433=CARTESIAN_POINT('Ctrl Pts',(-1.23646379198203,-0.623586361248387,
24.8782976728597));
#6434=CARTESIAN_POINT('Ctrl Pts',(-0.531046054298357,-1.41919255228368,
24.9304059791345));
#6435=CARTESIAN_POINT('Ctrl Pts',(0.405801814224326,-1.29262814351277,24.9771090675054));
#6436=CARTESIAN_POINT('Ctrl Pts',(0.742515506031268,-1.05769346656998,25.));
#6437=CARTESIAN_POINT('Origin',(0.,0.,-0.993675081176067));
#6438=CARTESIAN_POINT('',(-1.28790747124418,0.00018393978629086,24.393675081176));
#6439=CARTESIAN_POINT('',(-1.29202576179496,0.000313394027928071,24.4313249188239));
#6440=CARTESIAN_POINT('',(-1.29,9.09093710413691E-13,-0.993675081176067));
#6441=CARTESIAN_POINT('Ctrl Pts',(-1.29202576179496,0.000313394027928147,
24.4313249188239));
#6442=CARTESIAN_POINT('Ctrl Pts',(-1.29069261637662,-0.409878476541317,
24.4541981880817));
#6443=CARTESIAN_POINT('Ctrl Pts',(-0.857692699172852,-1.24953087880894,
24.5008836132157));
#6444=CARTESIAN_POINT('Ctrl Pts',(0.572189428400425,-1.41312341448729,24.5713811942261));
#6445=CARTESIAN_POINT('Ctrl Pts',(1.4977298163042,-0.285942823730262,24.6428176618551));
#6446=CARTESIAN_POINT('Ctrl Pts',(1.05228823635499,1.10325709110726,24.7142541294841));
#6447=CARTESIAN_POINT('Ctrl Pts',(-0.355295587687681,1.48219887735553,24.7856905971131));
#6448=CARTESIAN_POINT('Ctrl Pts',(-1.20034597247377,0.721245538448194,24.8413808602263));
#6449=CARTESIAN_POINT('Ctrl Pts',(-1.28975504524334,0.146553085187935,24.8732589674633));
#6450=CARTESIAN_POINT('Ctrl Pts',(-1.28859571961914,0.000837551041240996,
24.8813249188239));
#6451=CARTESIAN_POINT('Ctrl Pts',(-1.28790747124418,0.000183939786290877,
24.393675081176));
#6452=CARTESIAN_POINT('Ctrl Pts',(-1.28761701462514,-0.226403938050909,
24.4062073638217));
#6453=CARTESIAN_POINT('Ctrl Pts',(-1.12267014372869,-0.883917951723128,
24.4425518023438));
#6454=CARTESIAN_POINT('Ctrl Pts',(-0.0737735816863926,-1.5228473576353,
24.5027083967422));
#6455=CARTESIAN_POINT('Ctrl Pts',(1.23932169229059,-0.88807565916006,24.5741448643712));
#6456=CARTESIAN_POINT('Ctrl Pts',(1.41829992642297,0.559444827772593,24.6455813320002));
#6457=CARTESIAN_POINT('Ctrl Pts',(0.299445490217405,1.49487491452297,24.7170177996292));
#6458=CARTESIAN_POINT('Ctrl Pts',(-0.988113740124718,1.09533925082199,24.7830490493544));
#6459=CARTESIAN_POINT('Ctrl Pts',(-1.28699938174602,0.330138326597722,24.8252681432034));
#6460=CARTESIAN_POINT('Ctrl Pts',(-1.29004790140913,-0.00126469193323021,
24.843675081176));
#6461=CARTESIAN_POINT('Origin',(0.,0.,-0.993675081176067));
#6462=CARTESIAN_POINT('',(-1.29075318912403,0.0010759886532976,23.943675081176));
#6463=CARTESIAN_POINT('',(-1.28965163982249,-0.00117090074788807,23.9813249188239));
#6464=CARTESIAN_POINT('',(-1.29,9.09093710413691E-13,-0.993675081176067));
#6465=CARTESIAN_POINT('Ctrl Pts',(-1.28965163982249,-0.00117090074788804,
23.9813249188239));
#6466=CARTESIAN_POINT('Ctrl Pts',(-1.29064542901558,-0.112674160336389,
23.9875130969474));
#6467=CARTESIAN_POINT('Ctrl Pts',(-1.22636337800938,-0.652114870238999,
24.0175134309471));
#6468=CARTESIAN_POINT('Ctrl Pts',(-0.471120117029062,-1.4500304544796,24.0713259208232));
#6469=CARTESIAN_POINT('Ctrl Pts',(0.962586827239208,-1.18235472586316,24.1427623884521));
#6470=CARTESIAN_POINT('Ctrl Pts',(1.51544233593836,0.167281177489109,24.2141988560812));
#6471=CARTESIAN_POINT('Ctrl Pts',(0.681518602423513,1.36384690748485,24.2856353237101));
#6472=CARTESIAN_POINT('Ctrl Pts',(-0.776040737847541,1.31235183712766,24.3570717913392));
#6473=CARTESIAN_POINT('Ctrl Pts',(-1.28415938098555,0.460964195644536,24.4056349897104));
#6474=CARTESIAN_POINT('Ctrl Pts',(-1.29208048385414,0.0171506748730629,
24.4303860322053));
#6475=CARTESIAN_POINT('Ctrl Pts',(-1.29202576179496,0.000313394027928147,
24.4313249188239));
#6476=CARTESIAN_POINT('Ctrl Pts',(-1.29075318912403,0.00107598865329756,
23.943675081176));
#6477=CARTESIAN_POINT('Ctrl Pts',(-1.28759138392381,-0.352385910447024,
23.9633344285637));
#6478=CARTESIAN_POINT('Ctrl Pts',(-0.954069897389347,-1.13922003758695,
24.0068059318279));
#6479=CARTESIAN_POINT('Ctrl Pts',(0.3774006295513,-1.47719647195409,24.0740895909683));
#6480=CARTESIAN_POINT('Ctrl Pts',(1.44569441928037,-0.484262272572584,24.1455260585973));
#6481=CARTESIAN_POINT('Ctrl Pts',(1.1910432996352,0.95181845745711,24.2169625262263));
#6482=CARTESIAN_POINT('Ctrl Pts',(-0.153521930209292,1.51689391559939,24.2883989938553));
#6483=CARTESIAN_POINT('Ctrl Pts',(-1.14636724655599,0.838260782111091,24.3473031788385));
#6484=CARTESIAN_POINT('Ctrl Pts',(-1.28816890117951,0.204127834911839,24.3823952079454));
#6485=CARTESIAN_POINT('Ctrl Pts',(-1.28790747124418,0.000183939786290877,
24.393675081176));
#6486=CARTESIAN_POINT('Origin',(0.,0.,-0.993675081176067));
#6487=CARTESIAN_POINT('',(-1.2913373521567,-0.000870978768447161,23.493675081176));
#6488=CARTESIAN_POINT('',(-1.2880054307297,0.000409560542652054,23.5313249188239));
#6489=CARTESIAN_POINT('',(-1.29,9.09093710413691E-13,-0.993675081176067));
#6490=CARTESIAN_POINT('Ctrl Pts',(-1.2880054307297,0.000409560542652,23.5313249188239));
#6491=CARTESIAN_POINT('Ctrl Pts',(-1.28731986350743,-0.240288132695416,
23.5446401616894));
#6492=CARTESIAN_POINT('Ctrl Pts',(-1.1070004105323,-0.912388471519788,23.5817675604312));
#6493=CARTESIAN_POINT('Ctrl Pts',(-0.0237948876415972,-1.52445900238102,
23.6427071150493));
#6494=CARTESIAN_POINT('Ctrl Pts',(1.26776858930059,-0.846938071359629,23.7141435826783));
#6495=CARTESIAN_POINT('Ctrl Pts',(1.39920637724662,0.605609626411523,23.7855800503073));
#6496=CARTESIAN_POINT('Ctrl Pts',(0.250240419715693,1.50396853474647,23.8570165179362));
#6497=CARTESIAN_POINT('Ctrl Pts',(-1.00835278898517,1.06745558587226,23.9222648074418));
#6498=CARTESIAN_POINT('Ctrl Pts',(-1.28682132073977,0.316391219664826,23.963700941071));
#6499=CARTESIAN_POINT('Ctrl Pts',(-1.28965163982249,-0.00117090074788804,
23.9813249188239));
#6500=CARTESIAN_POINT('Ctrl Pts',(-1.2913373521567,-0.000870978768447335,
23.493675081176));
#6501=CARTESIAN_POINT('Ctrl Pts',(-1.2917516301392,-0.0542832065484001,
23.4966493374294));
#6502=CARTESIAN_POINT('Ctrl Pts',(-1.26449043798053,-0.534892225465498,
23.5234357495593));
#6503=CARTESIAN_POINT('Ctrl Pts',(-0.661478385793901,-1.37367674299718,
23.5740343175654));
#6504=CARTESIAN_POINT('Ctrl Pts',(0.795184869245033,-1.30085450755515,23.6454707851944));
#6505=CARTESIAN_POINT('Ctrl Pts',(1.52418025482796,-0.0376298174201359,
23.7169072528234));
#6506=CARTESIAN_POINT('Ctrl Pts',(0.858409393768402,1.26002967975196,23.7883437204524));
#6507=CARTESIAN_POINT('Ctrl Pts',(-0.592885623706625,1.40464513830594,23.8597801880813));
#6508=CARTESIAN_POINT('Ctrl Pts',(-1.25154703790361,0.577819215438219,23.9115573083225));
#6509=CARTESIAN_POINT('Ctrl Pts',(-1.29142108369935,0.0757407039162073,
23.9395222726874));
#6510=CARTESIAN_POINT('Ctrl Pts',(-1.29075318912403,0.00107598865329756,
23.943675081176));
#6511=CARTESIAN_POINT('Origin',(0.,0.,-0.993675081176067));
#6512=CARTESIAN_POINT('',(-1.28808247019805,-0.000517664468076412,23.043675081176));
#6513=CARTESIAN_POINT('',(-1.29115127695314,0.000951279065214386,23.0813249188239));
#6514=CARTESIAN_POINT('',(-1.29,9.09093710413691E-13,-0.993675081176067));
#6515=CARTESIAN_POINT('Ctrl Pts',(-1.29115127695314,0.00095127906521439,
23.0813249188239));
#6516=CARTESIAN_POINT('Ctrl Pts',(-1.28811622664263,-0.366293516436041,
23.1017672264314));
#6517=CARTESIAN_POINT('Ctrl Pts',(-0.93181562998392,-1.16646913226685,23.1460216899152));
#6518=CARTESIAN_POINT('Ctrl Pts',(0.425636037308778,-1.46402710793144,23.2140883092754));
#6519=CARTESIAN_POINT('Ctrl Pts',(1.46079610799508,-0.436596079355935,23.2855247769044));
#6520=CARTESIAN_POINT('Ctrl Pts',(1.15919231525296,0.990360835727747,23.3569612445333));
#6521=CARTESIAN_POINT('Ctrl Pts',(-0.203179915949453,1.51104577571685,23.4283977121623));
#6522=CARTESIAN_POINT('Ctrl Pts',(-1.16034303857619,0.809665891442121,23.4865189369258));
#6523=CARTESIAN_POINT('Ctrl Pts',(-1.28854588947821,0.190160718172375,23.5208280058131));
#6524=CARTESIAN_POINT('Ctrl Pts',(-1.2880054307297,0.000409560542652,23.5313249188239));
#6525=CARTESIAN_POINT('Ctrl Pts',(-1.28808247019805,-0.000517664468076291,
23.043675081176));
#6526=CARTESIAN_POINT('Ctrl Pts',(-1.28874209948192,-0.183090483353196,
23.0537764021715));
#6527=CARTESIAN_POINT('Ctrl Pts',(-1.16716495077485,-0.795209248332581,
23.0876898790433));
#6528=CARTESIAN_POINT('Ctrl Pts',(-0.228189688986198,-1.50747169409837,
23.1454155117915));
#6529=CARTESIAN_POINT('Ctrl Pts',(1.142623136794,-1.00943241945577,23.2168519794204));
#6530=CARTESIAN_POINT('Ctrl Pts',(1.46782986275745,0.412331100573533,23.2882884470494));
#6531=CARTESIAN_POINT('Ctrl Pts',(0.449836185191718,1.45677343814224,23.3597249146784));
#6532=CARTESIAN_POINT('Ctrl Pts',(-0.920276452520645,1.18015056377113,23.4281871260539));
#6533=CARTESIAN_POINT('Ctrl Pts',(-1.28843488435307,0.373339763769494,23.4728371815531));
#6534=CARTESIAN_POINT('Ctrl Pts',(-1.2913373521567,-0.000870978768447335,
23.493675081176));
#6535=CARTESIAN_POINT('Origin',(0.,0.,-0.993675081176067));
#6536=CARTESIAN_POINT('',(-1.28944439654341,0.0011508545948636,22.593675081176));
#6537=CARTESIAN_POINT('',(-1.29095845898703,-0.00101883765696911,22.6313249188239));
#6538=CARTESIAN_POINT('',(-1.29,9.09093710413691E-13,-0.993675081176067));
#6539=CARTESIAN_POINT('Ctrl Pts',(-1.29095845898703,-0.00101883765696919,
22.6313249188239));
#6540=CARTESIAN_POINT('Ctrl Pts',(-1.29154280475431,-0.0685432299315435,
22.6350821352971));
#6541=CARTESIAN_POINT('Ctrl Pts',(-1.25602252389204,-0.563401713130131,
22.6626515076466));
#6542=CARTESIAN_POINT('Ctrl Pts',(-0.616078869072575,-1.39462835013501,
22.7140330358725));
#6543=CARTESIAN_POINT('Ctrl Pts',(0.837413153304753,-1.27408030305055,22.7854695035014));
#6544=CARTESIAN_POINT('Ctrl Pts',(1.52459450587841,0.0123693381840657,22.8569059711305));
#6545=CARTESIAN_POINT('Ctrl Pts',(0.816630544229214,1.28749988820985,22.9283424387594));
#6546=CARTESIAN_POINT('Ctrl Pts',(-0.638626073279428,1.38444867966417,22.9997789063884));
#6547=CARTESIAN_POINT('Ctrl Pts',(-1.26027630318414,0.549292287332893,23.0507730664099));
#6548=CARTESIAN_POINT('Ctrl Pts',(-1.29165159517705,0.0614903953982856,
23.0779550705551));
#6549=CARTESIAN_POINT('Ctrl Pts',(-1.29115127695314,0.00095127906521439,
23.0813249188239));
#6550=CARTESIAN_POINT('Ctrl Pts',(-1.28944439654341,0.0011508545948636,
22.593675081176));
#6551=CARTESIAN_POINT('Ctrl Pts',(-1.28676018255571,-0.30940999365129,22.6109034669135));
#6552=CARTESIAN_POINT('Ctrl Pts',(-1.01831622941289,-1.05337361844189,22.6519440085274));
#6553=CARTESIAN_POINT('Ctrl Pts',(0.225285772785006,-1.50790840672713,22.7167967060175));
#6554=CARTESIAN_POINT('Ctrl Pts',(1.38897943065157,-0.628711049461758,22.7882331736466));
#6555=CARTESIAN_POINT('Ctrl Pts',(1.2816281406222,0.825815204300995,22.8596696412755));
#6556=CARTESIAN_POINT('Ctrl Pts',(0.00146828533933157,1.52464398685684,
22.9311061089046));
#6557=CARTESIAN_POINT('Ctrl Pts',(-1.09882692808195,0.926749728763259,22.992441255538));
#6558=CARTESIAN_POINT('Ctrl Pts',(-1.28718713500401,0.247294059817772,23.0299642462951));
#6559=CARTESIAN_POINT('Ctrl Pts',(-1.28808247019805,-0.000517664468076291,
23.043675081176));
#6560=CARTESIAN_POINT('Origin',(0.,0.,-0.993675081176067));
#6561=CARTESIAN_POINT('',(-1.29208139313464,-0.000181055880569547,22.143675081176));
#6562=CARTESIAN_POINT('',(-1.28794787383345,-0.000299870110854313,22.181324918824));
#6563=CARTESIAN_POINT('',(-1.29,9.09093710413691E-13,-0.993675081176067));
#6564=CARTESIAN_POINT('Ctrl Pts',(-1.28794787383345,-0.000299870110854281,
22.181324918824));
#6565=CARTESIAN_POINT('Ctrl Pts',(-1.28835715225601,-0.197075379739138,
22.1922092000392));
#6566=CARTESIAN_POINT('Ctrl Pts',(-1.15350753736914,-0.823815801185527,
22.2269056371307));
#6567=CARTESIAN_POINT('Ctrl Pts',(-0.178635951827854,-1.51414352180915,
22.2854142300985));
#6568=CARTESIAN_POINT('Ctrl Pts',(1.17510864957887,-0.9714221891679,22.3568506977275));
#6569=CARTESIAN_POINT('Ctrl Pts',(1.45351989519992,0.460240504714245,22.4282871653565));
#6570=CARTESIAN_POINT('Ctrl Pts',(0.40182568447465,1.47074046902157,22.4997236329855));
#6571=CARTESIAN_POINT('Ctrl Pts',(-0.942922526355622,1.15301509306313,22.5674028841413));
#6572=CARTESIAN_POINT('Ctrl Pts',(-1.28783938958096,0.359406920339609,22.6112699794208));
#6573=CARTESIAN_POINT('Ctrl Pts',(-1.29095845898703,-0.00101883765696919,
22.6313249188239));
#6574=CARTESIAN_POINT('Ctrl Pts',(-1.29208139313464,-0.000181055880569737,
22.143675081176));
#6575=CARTESIAN_POINT('Ctrl Pts',(-1.29210055142449,-0.00992278691118707,
22.1442183757792));
#6576=CARTESIAN_POINT('Ctrl Pts',(-1.28758861384725,-0.446618372112898,
22.1685738262588));
#6577=CARTESIAN_POINT('Ctrl Pts',(-0.797688930076182,-1.29932051985933,
22.2167414326147));
#6578=CARTESIAN_POINT('Ctrl Pts',(0.658831364886639,-1.3749482445297,22.2881779002436));
#6579=CARTESIAN_POINT('Ctrl Pts',(1.51245988234958,-0.192370857399573,22.3596143678727));
#6580=CARTESIAN_POINT('Ctrl Pts',(0.982047391042677,1.16624369847803,22.4310508355016));
#6581=CARTESIAN_POINT('Ctrl Pts',(-0.447029506256422,1.45763715067583,22.5024873031306));
#6582=CARTESIAN_POINT('Ctrl Pts',(-1.22103797436169,0.6665730702821,22.556695385022));
#6583=CARTESIAN_POINT('Ctrl Pts',(-1.29047015996476,0.119830646776865,22.5870913110372));
#6584=CARTESIAN_POINT('Ctrl Pts',(-1.28944439654341,0.0011508545948636,
22.593675081176));
#6585=CARTESIAN_POINT('Origin',(0.,0.,-0.993675081176067));
#6586=CARTESIAN_POINT('',(-1.28891617731911,-0.00103543830119929,21.693675081176));
#6587=CARTESIAN_POINT('',(-1.28985928928584,0.00117877588918289,21.731324918824));
#6588=CARTESIAN_POINT('',(-1.29,9.09093710413691E-13,-0.993675081176067));
#6589=CARTESIAN_POINT('Ctrl Pts',(-1.28985928928584,0.00117877588918295,
21.731324918824));
#6590=CARTESIAN_POINT('Ctrl Pts',(-1.28690715846529,-0.323230023189022,
21.7493362647812));
#6591=CARTESIAN_POINT('Ctrl Pts',(-0.998413525105834,-1.08120614562828,
21.7911597666147));
#6592=CARTESIAN_POINT('Ctrl Pts',(0.274609966185413,-1.49971023014243,21.8567954243246));
#6593=CARTESIAN_POINT('Ctrl Pts',(1.40884834801172,-0.582827367431293,21.9282318919536));
#6594=CARTESIAN_POINT('Ctrl Pts',(1.25385988055669,0.867396568965187,21.9996683595826));
#6595=CARTESIAN_POINT('Ctrl Pts',(-0.048526619860273,1.523872230565,22.0711048272116));
#6596=CARTESIAN_POINT('Ctrl Pts',(-1.11483701762387,0.898308816099269,22.1316570136254));
#6597=CARTESIAN_POINT('Ctrl Pts',(-1.28746175076811,0.233421500603198,22.1683970441628));
#6598=CARTESIAN_POINT('Ctrl Pts',(-1.28794787383345,-0.000299870110854281,
22.181324918824));
#6599=CARTESIAN_POINT('Ctrl Pts',(-1.28891617731911,-0.00103543830119943,
21.693675081176));
#6600=CARTESIAN_POINT('Ctrl Pts',(-1.28995961629123,-0.139445644845794,
21.7013454405212));
#6601=CARTESIAN_POINT('Ctrl Pts',(-1.20566510641637,-0.706304663298467,
21.7328279557428));
#6602=CARTESIAN_POINT('Ctrl Pts',(-0.380245184271184,-1.47646708135745,
21.7881226268407));
#6603=CARTESIAN_POINT('Ctrl Pts',(1.03409354616646,-1.12035350683188,21.8595590944697));
#6604=CARTESIAN_POINT('Ctrl Pts',(1.50214081360326,0.260987391651297,21.9309955620987));
#6605=CARTESIAN_POINT('Ctrl Pts',(0.59558997682842,1.40350063127707,22.0024320297277));
#6606=CARTESIAN_POINT('Ctrl Pts',(-0.84494129604971,1.26275925918553,22.0733252027535));
#6607=CARTESIAN_POINT('Ctrl Pts',(-1.29126085932803,0.417049276545378,22.1204062199029));
#6608=CARTESIAN_POINT('Ctrl Pts',(-1.29208139313464,-0.000181055880569737,
22.143675081176));
#6609=CARTESIAN_POINT('Origin',(0.,0.,-0.993675081176067));
#6610=CARTESIAN_POINT('',(-1.28838382761616,0.000785799439029441,21.243675081176));
#6611=CARTESIAN_POINT('',(-1.29193630665256,-0.000431844864571816,21.281324918824));
#6612=CARTESIAN_POINT('',(-1.29,9.09093710413691E-13,-0.993675081176067));
#6613=CARTESIAN_POINT('Ctrl Pts',(-1.29193630665256,-0.000431844864571935,
21.281324918824));
#6614=CARTESIAN_POINT('Ctrl Pts',(-1.29203992047529,-0.0242198557077576,
21.2826511736469));
#6615=CARTESIAN_POINT('Ctrl Pts',(-1.28066476356786,-0.475007080430507,
21.3077895843461));
#6616=CARTESIAN_POINT('Ctrl Pts',(-0.754654354212164,-1.3247785526611,21.3567401509217));
#6617=CARTESIAN_POINT('Ctrl Pts',(0.703562557669133,-1.35260531396572,21.4281766185507));
#6618=CARTESIAN_POINT('Ctrl Pts',(1.5179545037362,-0.142672816293872,21.4996130861797));
#6619=CARTESIAN_POINT('Ctrl Pts',(0.94327735307183,1.19781853513127,21.5710495538087));
#6620=CARTESIAN_POINT('Ctrl Pts',(-0.494586024566842,1.44219488011343,21.6424860214376));
#6621=CARTESIAN_POINT('Ctrl Pts',(-1.2314399248287,0.63796219882839,21.6959111431094));
#6622=CARTESIAN_POINT('Ctrl Pts',(-1.2908100649684,0.105659239703809,21.7255241089049));
#6623=CARTESIAN_POINT('Ctrl Pts',(-1.28985928928584,0.00117877588918295,
21.731324918824));
#6624=CARTESIAN_POINT('Ctrl Pts',(-1.28838382761616,0.000785799439029372,
21.243675081176));
#6625=CARTESIAN_POINT('Ctrl Pts',(-1.28689649256298,-0.266508520961524,
21.2584725052633));
#6626=CARTESIAN_POINT('Ctrl Pts',(-1.07547669461694,-0.966091540612248,
21.2970820852269));
#6627=CARTESIAN_POINT('Ctrl Pts',(0.0708368906559283,-1.52299821976778,
21.3595038210668));
#6628=CARTESIAN_POINT('Ctrl Pts',(1.31787480806088,-0.766646876190153,21.4309402886958));
#6629=CARTESIAN_POINT('Ctrl Pts',(1.35893509917172,0.691257433039796,21.5023767563248));
#6630=CARTESIAN_POINT('Ctrl Pts',(0.156443791023856,1.51659710626907,21.5738132239538));
#6631=CARTESIAN_POINT('Ctrl Pts',(-1.0447211933195,1.01450586449794,21.6375793322375));
#6632=CARTESIAN_POINT('Ctrl Pts',(-1.2867203245797,0.290240275299891,21.6775332846449));
#6633=CARTESIAN_POINT('Ctrl Pts',(-1.28891617731911,-0.00103543830119943,
21.693675081176));
#6634=CARTESIAN_POINT('Origin',(0.,0.,-0.993675081176067));
#6635=CARTESIAN_POINT('',(-1.29177078824567,0.000597894626346348,20.793675081176));
#6636=CARTESIAN_POINT('',(-1.28858679172216,-0.000902811212298868,20.831324918824));
#6637=CARTESIAN_POINT('',(-1.29,9.09093710413691E-13,-0.993675081176067));
#6638=CARTESIAN_POINT('Ctrl Pts',(-1.28858679172216,-0.000902811212298883,
20.831324918824));
#6639=CARTESIAN_POINT('Ctrl Pts',(-1.28957263956987,-0.153539576752284,
20.8397782383889));
#6640=CARTESIAN_POINT('Ctrl Pts',(-1.19389559882918,-0.734943203050316,
20.8720437138302));
#6641=CARTESIAN_POINT('Ctrl Pts',(-0.331626339137741,-1.4881415857076,20.9281213451478));
#6642=CARTESIAN_POINT('Ctrl Pts',(1.07027460054936,-1.08584238604925,20.9995578127768));
#6643=CARTESIAN_POINT('Ctrl Pts',(1.49277505821908,0.310103262609824,21.0709942804058));
#6644=CARTESIAN_POINT('Ctrl Pts',(0.549247946129728,1.42227567707337,21.1424307480347));
#6645=CARTESIAN_POINT('Ctrl Pts',(-0.870043623806991,1.23644921728687,21.2125409608408));
#6646=CARTESIAN_POINT('Ctrl Pts',(-1.29017959284056,0.402880436328344,21.2588390177706));
#6647=CARTESIAN_POINT('Ctrl Pts',(-1.29193630665256,-0.000431844864571935,
21.281324918824));
#6648=CARTESIAN_POINT('Ctrl Pts',(-1.29177078824567,0.000597894626346348,
20.793675081176));
#6649=CARTESIAN_POINT('Ctrl Pts',(-1.28950681646996,-0.392778560629123,
20.8155995700053));
#6650=CARTESIAN_POINT('Ctrl Pts',(-0.887550255378694,-1.21740380763075,
20.8613362147109));
#6651=CARTESIAN_POINT('Ctrl Pts',(0.51565239143447,-1.43479756540828,20.9308850152929));
#6652=CARTESIAN_POINT('Ctrl Pts',(1.48507048683932,-0.345118952844466,21.0023214829219));
#6653=CARTESIAN_POINT('Ctrl Pts',(1.09551140956936,1.06037549669774,21.0737579505509));
#6654=CARTESIAN_POINT('Ctrl Pts',(-0.296542169613512,1.49552806196826,21.1451944181798));
#6655=CARTESIAN_POINT('Ctrl Pts',(-1.18509128106128,0.755478059732461,21.2018334617216));
#6656=CARTESIAN_POINT('Ctrl Pts',(-1.28928992630643,0.163624047024066,21.2346603493869));
#6657=CARTESIAN_POINT('Ctrl Pts',(-1.28838382761616,0.000785799439029372,
21.243675081176));
#6658=CARTESIAN_POINT('Origin',(0.,0.,-0.993675081176067));
#6659=CARTESIAN_POINT('',(-1.29016530265151,-0.00116857497457726,20.343675081176));
#6660=CARTESIAN_POINT('',(-1.28867484641098,0.000944162296952045,20.381324918824));
#6661=CARTESIAN_POINT('',(-1.29,9.09093710413691E-13,-0.993675081176067));
#6662=CARTESIAN_POINT('Ctrl Pts',(-1.28867484641098,0.000944162296951986,
20.381324918824));
#6663=CARTESIAN_POINT('Ctrl Pts',(-1.28676621606695,-0.280333611980221,
20.3969053031309));
#6664=CARTESIAN_POINT('Ctrl Pts',(-1.05781915228662,-0.994327533773325,
20.4362978433142));
#6665=CARTESIAN_POINT('Ctrl Pts',(0.120738946736994,-1.51985641251503,20.4995025393739));
#6666=CARTESIAN_POINT('Ctrl Pts',(1.3423049728824,-0.723020585943044,20.5709390070028));
#6667=CARTESIAN_POINT('Ctrl Pts',(1.33553750706176,0.735446106219548,20.6423754746319));
#6668=CARTESIAN_POINT('Ctrl Pts',(0.106629407896008,1.52091142979924,20.7138119422608));
#6669=CARTESIAN_POINT('Ctrl Pts',(-1.0628871456783,0.986348471160229,20.7767950903249));
#6670=CARTESIAN_POINT('Ctrl Pts',(-1.28679560476838,0.276422927985526,20.8159660825126));
#6671=CARTESIAN_POINT('Ctrl Pts',(-1.28858679172216,-0.000902811212298883,
20.831324918824));
#6672=CARTESIAN_POINT('Ctrl Pts',(-1.29016530265151,-0.00116857497457718,
20.343675081176));
#6673=CARTESIAN_POINT('Ctrl Pts',(-1.29103560422474,-0.0954800006268674,
20.348914478871));
#6674=CARTESIAN_POINT('Ctrl Pts',(-1.23855833617723,-0.617460399318324,
20.3779660324423));
#6675=CARTESIAN_POINT('Ctrl Pts',(-0.528361354101702,-1.43016632668562,
20.43082974189));
#6676=CARTESIAN_POINT('Ctrl Pts',(0.914850786268789,-1.21966777499325,20.502266209519));
#6677=CARTESIAN_POINT('Ctrl Pts',(1.52088964364656,0.10693986320487,20.573702677148));
#6678=CARTESIAN_POINT('Ctrl Pts',(0.73517347916534,1.33568761243996,20.645139144777));
#6679=CARTESIAN_POINT('Ctrl Pts',(-0.723294574869592,1.34215736799298,20.716575612406));
#6680=CARTESIAN_POINT('Ctrl Pts',(-1.27540155028307,0.495388123498475,20.7660875912056));
#6681=CARTESIAN_POINT('Ctrl Pts',(-1.29196571296887,0.0344670432956155,
20.791787414129));
#6682=CARTESIAN_POINT('Ctrl Pts',(-1.29177078824567,0.000597894626346348,
20.793675081176));
#6683=CARTESIAN_POINT('Origin',(0.,0.,-0.993675081176067));
#6684=CARTESIAN_POINT('',(-1.28789666835579,0.000136267913753152,19.893675081176));
#6685=CARTESIAN_POINT('',(-1.29198824127235,0.000362746985383167,19.931324918824));
#6686=CARTESIAN_POINT('',(-1.29,9.09093710413691E-13,-0.993675081176067));
#6687=CARTESIAN_POINT('Ctrl Pts',(-1.29198824127235,0.000362746985383114,
19.931324918824));
#6688=CARTESIAN_POINT('Ctrl Pts',(-1.29046837318564,-0.406879609090612,
19.954032367873));
#6689=CARTESIAN_POINT('Ctrl Pts',(-0.863022063700532,-1.24392445627591,
20.0005519727983));
#6690=CARTESIAN_POINT('Ctrl Pts',(0.562423081091082,-1.41711738602638,20.0708837336));
#6691=CARTESIAN_POINT('Ctrl Pts',(1.49558855149438,-0.296236885888953,20.1423202012289));
#6692=CARTESIAN_POINT('Ctrl Pts',(1.06015184495969,1.09572782822688,20.213756668858));
#6693=CARTESIAN_POINT('Ctrl Pts',(-0.345422083772161,1.48499999729452,20.2851931364869));
#6694=CARTESIAN_POINT('Ctrl Pts',(-1.19728565867416,0.726839322363436,20.3410492198089));
#6695=CARTESIAN_POINT('Ctrl Pts',(-1.28968325600428,0.149555027071748,20.3730931472546));
#6696=CARTESIAN_POINT('Ctrl Pts',(-1.28867484641098,0.000944162296951986,
20.381324918824));
#6697=CARTESIAN_POINT('Ctrl Pts',(-1.28789666835579,0.000136267913753187,
19.893675081176));
#6698=CARTESIAN_POINT('Ctrl Pts',(-1.28768582646933,-0.22345759108957,19.906041543613));
#6699=CARTESIAN_POINT('Ctrl Pts',(-1.12590457261338,-0.877876732016449,
19.9422201619264));
#6700=CARTESIAN_POINT('Ctrl Pts',(-0.0843458589266188,-1.52230983002001,
20.0022109361161));
#6701=CARTESIAN_POINT('Ctrl Pts',(1.23311705331003,-0.896640270860957,20.0736474037451));
#6702=CARTESIAN_POINT('Ctrl Pts',(1.42216354253169,0.549538261440752,20.1450838713741));
#6703=CARTESIAN_POINT('Ctrl Pts',(0.309798545067463,1.49283833818927,20.216520339003));
#6704=CARTESIAN_POINT('Ctrl Pts',(-0.983683684902156,1.10106148215105,20.282717408937));
#6705=CARTESIAN_POINT('Ctrl Pts',(-1.28708023417506,0.333149108915524,20.3251023229947));
#6706=CARTESIAN_POINT('Ctrl Pts',(-1.29016530265151,-0.00116857497457718,
20.343675081176));
#6707=CARTESIAN_POINT('Origin',(0.,0.,-0.993675081176067));
#6708=CARTESIAN_POINT('',(-1.29066520747654,0.00109627428047317,19.443675081176));
#6709=CARTESIAN_POINT('',(-1.28973996915531,-0.00117579287229424,19.481324918824));
#6710=CARTESIAN_POINT('',(-1.29,9.09093710413691E-13,-0.993675081176067));
#6711=CARTESIAN_POINT('Ctrl Pts',(-1.28973996915531,-0.00117579287229448,
19.481324918824));
#6712=CARTESIAN_POINT('Ctrl Pts',(-1.29071669255761,-0.109672232936852,
19.4873472767387));
#6713=CARTESIAN_POINT('Ctrl Pts',(-1.22855304735121,-0.646055986194144,
19.5171817905297));
#6714=CARTESIAN_POINT('Ctrl Pts',(-0.48118109037044,-1.44672256020017,19.5708284601971));
#6715=CARTESIAN_POINT('Ctrl Pts',(0.954352547956472,-1.18901329771,19.642264927826));
#6716=CARTESIAN_POINT('Ctrl Pts',(1.51656512923567,0.156753362670878,19.713701395455));
#6717=CARTESIAN_POINT('Ctrl Pts',(0.690980020256896,1.35907616399082,19.785137863084));
#6718=CARTESIAN_POINT('Ctrl Pts',(-0.766915866307949,1.31771827866481,19.856574330713));
#6719=CARTESIAN_POINT('Ctrl Pts',(-1.28267280078834,0.466969950158598,19.905303349293));
#6720=CARTESIAN_POINT('Ctrl Pts',(-1.29206218214737,0.0201748980622836,
19.9302202119966));
#6721=CARTESIAN_POINT('Ctrl Pts',(-1.29198824127235,0.000362746985383114,
19.931324918824));
#6722=CARTESIAN_POINT('Ctrl Pts',(-1.29066520747654,0.00109627428047313,
19.443675081176));
#6723=CARTESIAN_POINT('Ctrl Pts',(-1.28749755971944,-0.349446034157446,
19.4631686083551));
#6724=CARTESIAN_POINT('Ctrl Pts',(-0.958684176933521,-1.13342137813891,
19.5064742914104));
#6725=CARTESIAN_POINT('Ctrl Pts',(0.367131279104327,-1.47978243887297,19.5735921303422));
#6726=CARTESIAN_POINT('Ctrl Pts',(1.442295818389,-0.494291629254669,19.6450285979712));
#6727=CARTESIAN_POINT('Ctrl Pts',(1.19762597216477,0.943521845687745,19.7164650656001));
#6728=CARTESIAN_POINT('Ctrl Pts',(-0.14298266753603,1.51792536024597,19.7879015332291));
#6729=CARTESIAN_POINT('Ctrl Pts',(-1.14332465877224,0.844309678674303,19.8469715384211));
#6730=CARTESIAN_POINT('Ctrl Pts',(-1.28809181159977,0.207082011540029,19.8822293877367));
#6731=CARTESIAN_POINT('Ctrl Pts',(-1.28789666835579,0.000136267913753187,
19.893675081176));
#6732=CARTESIAN_POINT('Origin',(0.,0.,-0.993675081176067));
#6733=CARTESIAN_POINT('',(-1.29141147116409,-0.000834083402202895,18.993675081176));
#6734=CARTESIAN_POINT('',(-1.28797859952676,0.000363009212144498,19.031324918824));
#6735=CARTESIAN_POINT('',(-1.29,9.09093710413691E-13,-0.993675081176067));
#6736=CARTESIAN_POINT('Ctrl Pts',(-1.28797859952676,0.000363009212144445,
19.031324918824));
#6737=CARTESIAN_POINT('Ctrl Pts',(-1.28737922903778,-0.237349542057385,
19.0444743414807));
#6738=CARTESIAN_POINT('Ctrl Pts',(-1.11037514626818,-0.906363370892743,
19.0814359200137));
#6739=CARTESIAN_POINT('Ctrl Pts',(-0.0343829235406476,-1.52425694109984,
19.1422096544232));
#6740=CARTESIAN_POINT('Ctrl Pts',(1.26185537002884,-0.855723339083151,19.2136461220521));
#6741=CARTESIAN_POINT('Ctrl Pts',(1.40337901652727,0.595876450191812,19.2850825896811));
#6742=CARTESIAN_POINT('Ctrl Pts',(0.260680759100862,1.50219404530734,19.3565190573101));
#6743=CARTESIAN_POINT('Ctrl Pts',(-1.00412048098051,1.07334670634536,19.4219331670244));
#6744=CARTESIAN_POINT('Ctrl Pts',(-1.28685476833574,0.319318235486526,19.4635351208623));
#6745=CARTESIAN_POINT('Ctrl Pts',(-1.28973996915531,-0.00117579287229448,
19.481324918824));
#6746=CARTESIAN_POINT('Ctrl Pts',(-1.29141147116409,-0.000834083402202748,
18.993675081176));
#6747=CARTESIAN_POINT('Ctrl Pts',(-1.2917901319334,-0.051260901884648,18.9964835172208));
#6748=CARTESIAN_POINT('Ctrl Pts',(-1.26621815876367,-0.528858919959459,
19.0231041091419));
#6749=CARTESIAN_POINT('Ctrl Pts',(-0.671003720691236,-1.36904910405439,
19.0735368569393));
#6750=CARTESIAN_POINT('Ctrl Pts',(0.786130207526283,-1.3063463320683,19.1449733245683));
#6751=CARTESIAN_POINT('Ctrl Pts',(1.52388211566739,-0.0482155580978407,
19.2164097921972));
#6752=CARTESIAN_POINT('Ctrl Pts',(0.867140612625768,1.25403692147744,19.2878462598262));
#6753=CARTESIAN_POINT('Ctrl Pts',(-0.583114941432863,1.40872935923525,19.3592827274552));
#6754=CARTESIAN_POINT('Ctrl Pts',(-1.24963117173234,0.583864979944356,19.4112256679051));
#6755=CARTESIAN_POINT('Ctrl Pts',(-1.29136697347204,0.0787560050679305,
19.4393564524787));
#6756=CARTESIAN_POINT('Ctrl Pts',(-1.29066520747654,0.00109627428047313,
19.443675081176));
#6757=CARTESIAN_POINT('Origin',(0.,0.,-0.993675081176067));
#6758=CARTESIAN_POINT('',(-1.28812011398683,-0.000561549663915528,18.543675081176));
#6759=CARTESIAN_POINT('',(-1.2910698825142,0.000981573740708034,18.581324918824));
#6760=CARTESIAN_POINT('',(-1.29,9.09093710413691E-13,-0.993675081176067));
#6761=CARTESIAN_POINT('Ctrl Pts',(-1.2910698825142,0.00098157374070801,
18.581324918824));
#6762=CARTESIAN_POINT('Ctrl Pts',(-1.28799352823186,-0.363344081681672,
18.6016014062227));
#6763=CARTESIAN_POINT('Ctrl Pts',(-0.936593383695874,-1.16071663143796,
18.6456900494978));
#6764=CARTESIAN_POINT('Ctrl Pts',(0.415456923094918,-1.46694817664931,18.7135908486492));
#6765=CARTESIAN_POINT('Ctrl Pts',(1.45772835956854,-0.44673195277687,18.7850273162782));
#6766=CARTESIAN_POINT('Ctrl Pts',(1.16604320464121,0.982285423302355,18.8564637839072));
#6767=CARTESIAN_POINT('Ctrl Pts',(-0.192679583518295,1.5124205718045,18.9279002515362));
#6768=CARTESIAN_POINT('Ctrl Pts',(-1.15743589531604,0.815723853957684,18.9861872965085));
#6769=CARTESIAN_POINT('Ctrl Pts',(-1.288464622966,0.193121701612837,19.0206621856044));
#6770=CARTESIAN_POINT('Ctrl Pts',(-1.28797859952676,0.000363009212144445,
19.031324918824));
#6771=CARTESIAN_POINT('Ctrl Pts',(-1.28812011398684,-0.000561549663915615,
18.543675081176));
#6772=CARTESIAN_POINT('Ctrl Pts',(-1.28882510996341,-0.18012418956659,18.5536105819628));
#6773=CARTESIAN_POINT('Ctrl Pts',(-1.16997717988169,-0.789147866305351,
18.5873582386259));
#6774=CARTESIAN_POINT('Ctrl Pts',(-0.238654788665208,-1.50585036917377,
18.6449180511653));
#6775=CARTESIAN_POINT('Ctrl Pts',(1.13558425346855,-1.01734450692374,18.7163545187943));
#6776=CARTESIAN_POINT('Ctrl Pts',(1.47065842646725,0.402125894657995,18.7877909864233));
#6777=CARTESIAN_POINT('Ctrl Pts',(0.459943798138112,1.45361382252918,18.8592274540523));
#6778=CARTESIAN_POINT('Ctrl Pts',(-0.91538023916101,1.18586722320437,18.9278554856365));
#6779=CARTESIAN_POINT('Ctrl Pts',(-1.28857954457474,0.376297797303074,18.9726713613444));
#6780=CARTESIAN_POINT('Ctrl Pts',(-1.29141147116409,-0.000834083402202748,
18.993675081176));
#6781=CARTESIAN_POINT('Origin',(0.,0.,-0.993675081176067));
#6782=CARTESIAN_POINT('',(-1.28935952835316,0.00113882732162993,18.093675081176));
#6783=CARTESIAN_POINT('',(-1.29104212933189,-0.000991295921508118,18.131324918824));
#6784=CARTESIAN_POINT('',(-1.29,9.09093710413691E-13,-0.993675081176067));
#6785=CARTESIAN_POINT('Ctrl Pts',(-1.29104212933189,-0.000991295921508022,
18.131324918824));
#6786=CARTESIAN_POINT('Ctrl Pts',(-1.29159066176856,-0.0655247107147381,
18.1349163150884));
#6787=CARTESIAN_POINT('Ctrl Pts',(-1.25785893848372,-0.55736087810864,18.1623198672292));
#6788=CARTESIAN_POINT('Ctrl Pts',(-0.625750824074054,-1.39031554479293,
18.2135355752463));
#6789=CARTESIAN_POINT('Ctrl Pts',(0.828543439791764,-1.27986607748634,18.2849720428753));
#6790=CARTESIAN_POINT('Ctrl Pts',(1.52464364403225,0.00177950394313113,
18.3564085105043));
#6791=CARTESIAN_POINT('Ctrl Pts',(0.825553568036745,1.28179667429122,18.4278449781333));
#6792=CARTESIAN_POINT('Ctrl Pts',(-0.628994557744624,1.38885105545911,18.4992814457623));
#6793=CARTESIAN_POINT('Ctrl Pts',(-1.25847088994714,0.555331057489462,18.5504414259925));
#6794=CARTESIAN_POINT('Ctrl Pts',(-1.29160631511458,0.0645100690916331,
18.5777892503464));
#6795=CARTESIAN_POINT('Ctrl Pts',(-1.2910698825142,0.00098157374070801,
18.581324918824));
#6796=CARTESIAN_POINT('Ctrl Pts',(-1.28935952835316,0.00113882732162991,
18.093675081176));
#6797=CARTESIAN_POINT('Ctrl Pts',(-1.28674229492064,-0.306484298007614,
18.1107376467048));
#6798=CARTESIAN_POINT('Ctrl Pts',(-1.02243660751789,-1.04745942897587,18.15161236811));
#6799=CARTESIAN_POINT('Ctrl Pts',(0.214806700888871,-1.50943682337051,18.2162992453914));
#6800=CARTESIAN_POINT('Ctrl Pts',(1.38457902091322,-0.638343463458835,18.2877357130204));
#6801=CARTESIAN_POINT('Ctrl Pts',(1.28733317590074,0.816893344763517,18.3591721806494));
#6802=CARTESIAN_POINT('Ctrl Pts',(0.0120581294599668,1.52459701036292,18.4306086482784));
#6803=CARTESIAN_POINT('Ctrl Pts',(-1.09534921414983,0.93276389775024,18.4921096151206));
#6804=CARTESIAN_POINT('Ctrl Pts',(-1.28713546447431,0.250228911166017,18.5297984260865));
#6805=CARTESIAN_POINT('Ctrl Pts',(-1.28812011398684,-0.000561549663915615,
18.543675081176));
#6806=CARTESIAN_POINT('Origin',(0.,0.,-0.993675081176067));
#6807=CARTESIAN_POINT('',(-1.29209746385715,-0.000126110976912952,17.643675081176));
#6808=CARTESIAN_POINT('',(-1.28797031702335,-0.000347223014997264,17.681324918824));
#6809=CARTESIAN_POINT('',(-1.29,9.09093710413691E-13,-0.993675081176067));
#6810=CARTESIAN_POINT('Ctrl Pts',(-1.28797031702335,-0.000347223014997341,
17.681324918824));
#6811=CARTESIAN_POINT('Ctrl Pts',(-1.28843746440214,-0.194116461802386,
17.6920433798305));
#6812=CARTESIAN_POINT('Ctrl Pts',(-1.15645253135269,-0.817759503602775,
17.7265739967133));
#6813=CARTESIAN_POINT('Ctrl Pts',(-0.189148588057211,-1.5128662265905,17.7849167694724));
#6814=CARTESIAN_POINT('Ctrl Pts',(1.16833299423225,-0.979560831449754,17.8563532371014));
#6815=CARTESIAN_POINT('Ctrl Pts',(1.456681573533,0.450133537132765,17.9277897047304));
#6816=CARTESIAN_POINT('Ctrl Pts',(0.412031467700263,1.46791398847037,17.9992261723594));
#6817=CARTESIAN_POINT('Ctrl Pts',(-0.938191243745944,1.15878108334607,18.0670712437239));
#6818=CARTESIAN_POINT('Ctrl Pts',(-1.28795370863855,0.362353367651303,18.1111041592121));
#6819=CARTESIAN_POINT('Ctrl Pts',(-1.29104212933189,-0.000991295921508022,
18.131324918824));
#6820=CARTESIAN_POINT('Ctrl Pts',(-1.29209746385715,-0.000126110976913073,
17.643675081176));
#6821=CARTESIAN_POINT('Ctrl Pts',(-1.29210689590455,-0.00689431912663123,
17.6440525555705));
#6822=CARTESIAN_POINT('Ctrl Pts',(-1.2889935956985,-0.44061138701207,17.6682421858414));
#6823=CARTESIAN_POINT('Ctrl Pts',(-0.806694514626139,-1.29374858553187,
17.7162439719885));
#6824=CARTESIAN_POINT('Ctrl Pts',(0.649265350167705,-1.37949119155043,17.7876804396175));
#6825=CARTESIAN_POINT('Ctrl Pts',(1.51108722777112,-0.202871468079214,17.8591169072465));
#6826=CARTESIAN_POINT('Ctrl Pts',(0.990124202799342,1.15939445639721,17.9305533748755));
#6827=CARTESIAN_POINT('Ctrl Pts',(-0.436894259703146,1.46070696867375,18.0019898425045));
#6828=CARTESIAN_POINT('Ctrl Pts',(-1.21876304299469,0.672634754791537,18.0563637446047));
#6829=CARTESIAN_POINT('Ctrl Pts',(-1.29039485059022,0.122828034837674,18.0869254908285));
#6830=CARTESIAN_POINT('Ctrl Pts',(-1.28935952835316,0.00113882732162991,
18.093675081176));
#6831=CARTESIAN_POINT('Origin',(0.,0.,-0.993675081176067));
#6832=CARTESIAN_POINT('',(-1.28899202417577,-0.0010584647028887,17.193675081176));
#6833=CARTESIAN_POINT('',(-1.28976986972477,0.0011769130503561,17.231324918824));
#6834=CARTESIAN_POINT('',(-1.29,9.09093710413691E-13,-0.993675081176067));
#6835=CARTESIAN_POINT('Ctrl Pts',(-1.28976986972477,0.00117691305035618,
17.231324918824));
#6836=CARTESIAN_POINT('Ctrl Pts',(-1.2868671234039,-0.320302087895452,17.2491704445725));
#6837=CARTESIAN_POINT('Ctrl Pts',(-1.00269057594534,-1.07532488978488,17.2908281261973));
#6838=CARTESIAN_POINT('Ctrl Pts',(0.264186647406416,-1.5015814407665,17.3562979636985));
#6839=CARTESIAN_POINT('Ctrl Pts',(1.40476615808612,-0.5925988938719,17.4277344313275));
#6840=CARTESIAN_POINT('Ctrl Pts',(1.25985440171617,0.858666579295262,17.4991708989565));
#6841=CARTESIAN_POINT('Ctrl Pts',(-0.0379409302139157,1.52417252754953,
17.5706073665855));
#6842=CARTESIAN_POINT('Ctrl Pts',(-1.11150253232715,0.904337825300645,17.631325373208));
#6843=CARTESIAN_POINT('Ctrl Pts',(-1.28739964878716,0.236361693153779,17.6682312239541));
#6844=CARTESIAN_POINT('Ctrl Pts',(-1.28797031702335,-0.000347223014997341,
17.681324918824));
#6845=CARTESIAN_POINT('Ctrl Pts',(-1.28899202417577,-0.00105846470288877,
17.193675081176));
#6846=CARTESIAN_POINT('Ctrl Pts',(-1.29003986733091,-0.136456368188934,
17.2011796203125));
#6847=CARTESIAN_POINT('Ctrl Pts',(-1.20808267163364,-0.700240046896177,
17.2324963153254));
#6848=CARTESIAN_POINT('Ctrl Pts',(-0.390491264002121,-1.4737903566083,17.2876251662146));
#6849=CARTESIAN_POINT('Ctrl Pts',(1.02628684457925,-1.12750909315055,17.3590616338436));
#6850=CARTESIAN_POINT('Ctrl Pts',(1.50391734585212,0.250547519123107,17.4304981014726));
#6851=CARTESIAN_POINT('Ctrl Pts',(0.605324051207733,1.39932992375747,17.5019345691016));
#6852=CARTESIAN_POINT('Ctrl Pts',(-0.839521664493579,1.26829181082673,17.572993562336));
#6853=CARTESIAN_POINT('Ctrl Pts',(-1.29151189559143,0.420063455506104,17.6202403996942));
#6854=CARTESIAN_POINT('Ctrl Pts',(-1.29209746385715,-0.000126110976913073,
17.643675081176));
#6855=CARTESIAN_POINT('Origin',(0.,0.,-0.993675081176067));
#6856=CARTESIAN_POINT('',(-1.28832975142265,0.000748152395036519,16.743675081176));
#6857=CARTESIAN_POINT('',(-1.29197594226008,-0.000380291323396906,16.781324918824));
#6858=CARTESIAN_POINT('',(-1.29,9.09093710413691E-13,-0.993675081176067));
#6859=CARTESIAN_POINT('Ctrl Pts',(-1.29197594226008,-0.000380291323396962,
16.781324918824));
#6860=CARTESIAN_POINT('Ctrl Pts',(-1.29205695996409,-0.0211924105084826,
16.7824853534382));
#6861=CARTESIAN_POINT('Ctrl Pts',(-1.28217135250636,-0.468991285392589,
16.8074579439287));
#6862=CARTESIAN_POINT('Ctrl Pts',(-0.763837803385721,-1.31950491398899,
16.8562426902956));
#6863=CARTESIAN_POINT('Ctrl Pts',(0.694150653561395,-1.35745949408537,16.9276791579246));
#6864=CARTESIAN_POINT('Ctrl Pts',(1.51692690950724,-0.153212790376757,16.9991156255535));
#6865=CARTESIAN_POINT('Ctrl Pts',(0.951574412706874,1.19123782050596,17.0705520931826));
#6866=CARTESIAN_POINT('Ctrl Pts',(-0.484556889833771,1.44559538890965,17.1419885608115));
#6867=CARTESIAN_POINT('Ctrl Pts',(-1.22928337906501,0.644019929436292,17.195579502692));
#6868=CARTESIAN_POINT('Ctrl Pts',(-1.29074039947523,0.108663031393588,17.2253582886961));
#6869=CARTESIAN_POINT('Ctrl Pts',(-1.28976986972477,0.00117691305035618,
17.231324918824));
#6870=CARTESIAN_POINT('Ctrl Pts',(-1.28832975142265,0.00074815239503645,
16.743675081176));
#6871=CARTESIAN_POINT('Ctrl Pts',(-1.28693311485569,-0.263578673099762,
16.7583066850546));
#6872=CARTESIAN_POINT('Ctrl Pts',(-1.07912625934349,-0.960098694773822,
16.7967504448095));
#6873=CARTESIAN_POINT('Ctrl Pts',(0.060256733540876,-1.52345350062173,16.8590063604407));
#6874=CARTESIAN_POINT('Ctrl Pts',(1.31251803820678,-0.775782084012932,16.9304428280697));
#6875=CARTESIAN_POINT('Ctrl Pts',(1.36370365760798,0.681801860308585,17.0018792956987));
#6876=CARTESIAN_POINT('Ctrl Pts',(0.166974004700021,1.51547389428128,17.0733157633277));
#6877=CARTESIAN_POINT('Ctrl Pts',(-1.04078198850433,1.02045388855386,17.1372476918201));
#6878=CARTESIAN_POINT('Ctrl Pts',(-1.28671502564642,0.29316574776974,17.1773674644362));
#6879=CARTESIAN_POINT('Ctrl Pts',(-1.28899202417577,-0.00105846470288877,
17.193675081176));
#6880=CARTESIAN_POINT('Origin',(0.,0.,-0.993675081176067));
#6881=CARTESIAN_POINT('',(-1.29171345835629,0.000644035339129011,16.293675081176));
#6882=CARTESIAN_POINT('',(-1.28865229499331,-0.000934033034941802,16.331324918824));
#6883=CARTESIAN_POINT('',(-1.29,9.09093710413691E-13,-0.993675081176067));
#6884=CARTESIAN_POINT('Ctrl Pts',(-1.28865229499331,-0.000934033034941904,
16.331324918824));
#6885=CARTESIAN_POINT('Ctrl Pts',(-1.28965550030728,-0.150557555588219,
16.3396124181802));
#6886=CARTESIAN_POINT('Ctrl Pts',(-1.1964373928859,-0.72887775425251,16.3717120734128));
#6887=CARTESIAN_POINT('Ctrl Pts',(-0.341954680500029,-1.48580227634983,
16.4276238845217));
#6888=CARTESIAN_POINT('Ctrl Pts',(1.06270673369726,-1.09325011140028,16.4990603521507));
#6889=CARTESIAN_POINT('Ctrl Pts',(1.49489296564509,0.299727257998119,16.5704968197796));
#6890=CARTESIAN_POINT('Ctrl Pts',(0.559113546193077,1.41842639935445,16.6419332874086));
#6891=CARTESIAN_POINT('Ctrl Pts',(-0.864794291093512,1.24204636586,16.7122093204234));
#6892=CARTESIAN_POINT('Ctrl Pts',(-1.29039447405333,0.405872949384423,16.7586731975618));
#6893=CARTESIAN_POINT('Ctrl Pts',(-1.29197594226008,-0.000380291323396962,
16.781324918824));
#6894=CARTESIAN_POINT('Ctrl Pts',(-1.29171345835629,0.000644035339128963,
16.293675081176));
#6895=CARTESIAN_POINT('Ctrl Pts',(-1.2893239457364,-0.389803040889579,16.3154337497966));
#6896=CARTESIAN_POINT('Ctrl Pts',(-0.892642820329322,-1.21175123149446,
16.3610045742935));
#6897=CARTESIAN_POINT('Ctrl Pts',(0.505674128834271,-1.43834457551775,16.4303875546668));
#6898=CARTESIAN_POINT('Ctrl Pts',(1.48263753450263,-0.355425637479331,16.5018240222958));
#6899=CARTESIAN_POINT('Ctrl Pts',(1.10285014443726,1.05274070948565,16.5732604899247));
#6900=CARTESIAN_POINT('Ctrl Pts',(-0.286147370301142,1.49755171028027,16.6446969575537));
#6901=CARTESIAN_POINT('Ctrl Pts',(-1.18243165197357,0.761542750104405,16.7015018213042));
#6902=CARTESIAN_POINT('Ctrl Pts',(-1.28920606646858,0.166599154513131,16.7344945291782));
#6903=CARTESIAN_POINT('Ctrl Pts',(-1.28832975142265,0.00074815239503645,
16.743675081176));
#6904=CARTESIAN_POINT('Origin',(0.,0.,-0.993675081176067));
#6905=CARTESIAN_POINT('',(-1.29025604509947,-0.00116065032010296,15.843675081176));
#6906=CARTESIAN_POINT('',(-1.28860853514352,0.000913482495677865,15.881324918824));
#6907=CARTESIAN_POINT('',(-1.29,9.09093710413691E-13,-0.993675081176067));
#6908=CARTESIAN_POINT('Ctrl Pts',(-1.28860853514353,0.000913482495677846,
15.881324918824));
#6909=CARTESIAN_POINT('Ctrl Pts',(-1.28678763640076,-0.277406697543121,
15.8967394829222));
#6910=CARTESIAN_POINT('Ctrl Pts',(-1.06161769391366,-0.988356333377455,
15.9359662028968));
#6911=CARTESIAN_POINT('Ctrl Pts',(0.110179408244851,-1.52065837909803,15.9990050787478));
#6912=CARTESIAN_POINT('Ctrl Pts',(1.33725063341087,-0.732326533292664,16.0704415463768));
#6913=CARTESIAN_POINT('Ctrl Pts',(1.34061355580263,0.726151982659599,16.1418780140057));
#6914=CARTESIAN_POINT('Ctrl Pts',(0.117190789663432,1.52013411472156,16.2133144816347));
#6915=CARTESIAN_POINT('Ctrl Pts',(-1.05909929278912,0.992321323406304,16.2764634499075));
#6916=CARTESIAN_POINT('Ctrl Pts',(-1.2867730287335,0.279350006228973,16.3158002623039));
#6917=CARTESIAN_POINT('Ctrl Pts',(-1.28865229499331,-0.000934033034941904,
16.331324918824));
#6918=CARTESIAN_POINT('Ctrl Pts',(-1.29025604509947,-0.00116065032010291,
15.843675081176));
#6919=CARTESIAN_POINT('Ctrl Pts',(-1.29109896825326,-0.0924707653963346,
15.8487486586623));
#6920=CARTESIAN_POINT('Ctrl Pts',(-1.24060726900649,-0.611407386819219,
15.8776343920249));
#6921=CARTESIAN_POINT('Ctrl Pts',(-0.538282264911621,-1.42646193281673,
15.9303322812639));
#6922=CARTESIAN_POINT('Ctrl Pts',(0.906357143580907,-1.22599272867887,16.0017687488929));
#6923=CARTESIAN_POINT('Ctrl Pts',(1.52159573956477,0.0963734809578955,16.0732052165219));
#6924=CARTESIAN_POINT('Ctrl Pts',(0.744433170464104,1.33054902097081,16.1446416841508));
#6925=CARTESIAN_POINT('Ctrl Pts',(-0.713954764171765,1.34714885488207,16.2160781517798));
#6926=CARTESIAN_POINT('Ctrl Pts',(-1.27379862586218,0.501411866645836,16.2657559507882));
#6927=CARTESIAN_POINT('Ctrl Pts',(-1.29193897002697,0.0374927097250401,
16.2916215939203));
#6928=CARTESIAN_POINT('Ctrl Pts',(-1.29171345835629,0.000644035339128963,
16.293675081176));
#6929=CARTESIAN_POINT('Origin',(0.,0.,-0.993675081176067));
#6930=CARTESIAN_POINT('',(-1.28788893449227,8.72988966096194E-5,15.393675081176));
#6931=CARTESIAN_POINT('',(-1.29195012690624,0.000414631911425411,15.431324918824));
#6932=CARTESIAN_POINT('',(-1.29,9.09093710413691E-13,-0.993675081176067));
#6933=CARTESIAN_POINT('Ctrl Pts',(-1.29195012690624,0.000414631911425508,
15.431324918824));
#6934=CARTESIAN_POINT('Ctrl Pts',(-1.29025097521793,-0.403885671994573,
15.4538665476643));
#6935=CARTESIAN_POINT('Ctrl Pts',(-0.868283467215309,-1.23833173486632,
15.5002203323809));
#6936=CARTESIAN_POINT('Ctrl Pts',(0.552566493344902,-1.42098968270524,15.5703862729739));
#6937=CARTESIAN_POINT('Ctrl Pts',(1.49349487073256,-0.306617806100324,15.6418227406028));
#6938=CARTESIAN_POINT('Ctrl Pts',(1.06773698317927,1.08833778886587,15.7132592082318));
#6939=CARTESIAN_POINT('Ctrl Pts',(-0.335099231241527,1.4873634099115,15.7846956758608));
#6940=CARTESIAN_POINT('Ctrl Pts',(-1.19475279679002,0.732904766457075,15.8407175793915));
#6941=CARTESIAN_POINT('Ctrl Pts',(-1.28960052974119,0.15253757258745,15.8729273270459));
#6942=CARTESIAN_POINT('Ctrl Pts',(-1.28860853514353,0.000913482495677846,
15.881324918824));
#6943=CARTESIAN_POINT('Ctrl Pts',(-1.28788893449227,8.72988966096021E-5,
15.393675081176));
#6944=CARTESIAN_POINT('Ctrl Pts',(-1.28775571620964,-0.220511725051285,
15.4058757234043));
#6945=CARTESIAN_POINT('Ctrl Pts',(-1.1291084479583,-0.87183647031885,15.441888521509));
#6946=CARTESIAN_POINT('Ctrl Pts',(-0.0949174912415099,-1.52168725839117,
15.50171347549));
#6947=CARTESIAN_POINT('Ctrl Pts',(1.22685941926993,-0.905183632111333,15.573149943119));
#6948=CARTESIAN_POINT('Ctrl Pts',(1.42594622204287,0.539646934889172,15.6445864107479));
#6949=CARTESIAN_POINT('Ctrl Pts',(0.320160035694318,1.49065052713164,15.7160228783769));
#6950=CARTESIAN_POINT('Ctrl Pts',(-0.979259041822985,1.10690854499922,15.7823857685196));
#6951=CARTESIAN_POINT('Ctrl Pts',(-1.28714282141523,0.336081020626738,15.824936502786));
#6952=CARTESIAN_POINT('Ctrl Pts',(-1.29025604509947,-0.00116065032010291,
15.843675081176));
#6953=CARTESIAN_POINT('Origin',(0.,0.,-0.993675081176067));
#6954=CARTESIAN_POINT('',(-1.29057634414589,0.0011143681623459,14.943675081176));
#6955=CARTESIAN_POINT('',(-1.28982916811593,-0.00117839603870121,14.981324918824));
#6956=CARTESIAN_POINT('',(-1.29,9.09093710413691E-13,-0.993675081176067));
#6957=CARTESIAN_POINT('Ctrl Pts',(-1.28982916811593,-0.00117839603870115,
14.981324918824));
#6958=CARTESIAN_POINT('Ctrl Pts',(-1.29078680040353,-0.106668879513196,
14.98718145653));
#6959=CARTESIAN_POINT('Ctrl Pts',(-1.23071793216847,-0.639997933739147,
15.0168501501123));
#6960=CARTESIAN_POINT('Ctrl Pts',(-0.491218135647685,-1.44334547185802,
15.0703309995709));
#6961=CARTESIAN_POINT('Ctrl Pts',(0.946070872407257,-1.19561336238133,15.1417674671999));
#6962=CARTESIAN_POINT('Ctrl Pts',(1.5176173243157,0.146215816036022,15.2132039348289));
#6963=CARTESIAN_POINT('Ctrl Pts',(0.700403229921538,1.35424396747326,15.2846404024579));
#6964=CARTESIAN_POINT('Ctrl Pts',(-0.757744752504322,1.32301334005911,15.3560768700869));
#6965=CARTESIAN_POINT('Ctrl Pts',(-1.28117351512264,0.472985125328129,15.4049717088756));
#6966=CARTESIAN_POINT('Ctrl Pts',(-1.29204589718858,0.0232024468660466,
15.4300543917879));
#6967=CARTESIAN_POINT('Ctrl Pts',(-1.29195012690624,0.000414631911425508,
15.431324918824));
#6968=CARTESIAN_POINT('Ctrl Pts',(-1.29057634414589,0.00111436816234584,
14.943675081176));
#6969=CARTESIAN_POINT('Ctrl Pts',(-1.2874095752048,-0.346507861977632,14.9630027881464));
#6970=CARTESIAN_POINT('Ctrl Pts',(-0.963264060011782,-1.12761364857327,
15.006142650993));
#6971=CARTESIAN_POINT('Ctrl Pts',(0.356844143038285,-1.48229676518331,15.073094669716));
#6972=CARTESIAN_POINT('Ctrl Pts',(1.43882777358641,-0.504297610989778,15.144531137345));
#6973=CARTESIAN_POINT('Ctrl Pts',(1.20415060113387,0.935180609445336,15.215967604974));
#6974=CARTESIAN_POINT('Ctrl Pts',(-0.132436005184229,1.51888187395349,15.287404072603));
#6975=CARTESIAN_POINT('Ctrl Pts',(-1.14025387656981,0.850359210948662,15.3466398980037));
#6976=CARTESIAN_POINT('Ctrl Pts',(-1.28801572010551,0.210034327042343,15.382063567528));
#6977=CARTESIAN_POINT('Ctrl Pts',(-1.28788893449227,8.72988966096021E-5,
15.393675081176));
#6978=CARTESIAN_POINT('Origin',(0.,0.,-0.993675081176067));
#6979=CARTESIAN_POINT('',(-1.29148301872849,-0.00079536089441043,14.493675081176));
#6980=CARTESIAN_POINT('',(-1.2879550475924,0.000315844714997612,14.531324918824));
#6981=CARTESIAN_POINT('',(-1.29,9.09093710413691E-13,-0.993675081176067));
#6982=CARTESIAN_POINT('Ctrl Pts',(-1.2879550475924,0.000315844714997605,
14.531324918824));
#6983=CARTESIAN_POINT('Ctrl Pts',(-1.28744065932356,-0.234409758083151,
14.544308521272));
#6984=CARTESIAN_POINT('Ctrl Pts',(-1.11371973687463,-0.900335322425895,
14.5811042795963));
#6985=CARTESIAN_POINT('Ctrl Pts',(-0.0449692853346981,-1.52398135529892,
14.641712193797));
#6986=CARTESIAN_POINT('Ctrl Pts',(1.25588124377324,-0.864467298086397,14.713148661426));
#6987=CARTESIAN_POINT('Ctrl Pts',(1.40748400518049,0.586114479503209,14.784585129055));
#6988=CARTESIAN_POINT('Ctrl Pts',(0.271108417481841,1.50034717112165,14.856021596684));
#6989=CARTESIAN_POINT('Ctrl Pts',(-0.999854658892723,1.07923043715158,14.921601526607));
#6990=CARTESIAN_POINT('Ctrl Pts',(-1.28689315360242,0.3222459438972,14.9633693006536));
#6991=CARTESIAN_POINT('Ctrl Pts',(-1.28982916811593,-0.00117839603870115,
14.981324918824));
#6992=CARTESIAN_POINT('Ctrl Pts',(-1.29148301872849,-0.000795360894410438,
14.493675081176));
#6993=CARTESIAN_POINT('Ctrl Pts',(-1.29182657006199,-0.0482379023784927,
14.4963176970121));
#6994=CARTESIAN_POINT('Ctrl Pts',(-1.26792316677434,-0.522827285884899,
14.5227724687244));
#6995=CARTESIAN_POINT('Ctrl Pts',(-0.68049668232709,-1.36435541844325,14.5730393963132));
#6996=CARTESIAN_POINT('Ctrl Pts',(0.777037617548141,-1.31177512684481,14.6444758639421));
#6997=CARTESIAN_POINT('Ctrl Pts',(1.52351046012852,-0.0587989827513521,
14.7159123315711));
#6998=CARTESIAN_POINT('Ctrl Pts',(0.875829990799502,1.24798368166806,14.7873487992001));
#6999=CARTESIAN_POINT('Ctrl Pts',(-0.57331611614628,1.41274557987649,14.8587852668291));
#7000=CARTESIAN_POINT('Ctrl Pts',(-1.24769160940066,0.589912174033149,14.9108940274877));
#7001=CARTESIAN_POINT('Ctrl Pts',(-1.2913111035012,0.0817702955330474,14.93919063227));
#7002=CARTESIAN_POINT('Ctrl Pts',(-1.29057634414589,0.00111436816234584,
14.943675081176));
#7003=CARTESIAN_POINT('Origin',(0.,0.,-0.993675081176067));
#7004=CARTESIAN_POINT('',(-1.288160850779,-0.000604478581257978,14.043675081176));
#7005=CARTESIAN_POINT('',(-1.29098675349531,0.0010098146600847,14.081324918824));
#7006=CARTESIAN_POINT('',(-1.29,9.09093710413691E-13,-0.993675081176067));
#7007=CARTESIAN_POINT('Ctrl Pts',(-1.29098675349531,0.00100981466008462,
14.081324918824));
#7008=CARTESIAN_POINT('Ctrl Pts',(-1.2878771169502,-0.360396903999679,14.101435586014));
#7009=CARTESIAN_POINT('Ctrl Pts',(-0.941336340601981,-1.15495399976571,
14.1453584090804));
#7010=CARTESIAN_POINT('Ctrl Pts',(0.405257765578972,-1.46979847304321,14.2130933880231));
#7011=CARTESIAN_POINT('Ctrl Pts',(1.45459028272575,-0.456846273183942,14.2845298556521));
#7012=CARTESIAN_POINT('Ctrl Pts',(1.17283783970608,0.97416261972825,14.3559663232811));
#7013=CARTESIAN_POINT('Ctrl Pts',(-0.182169957543954,1.51372240337873,14.4274027909101));
#7014=CARTESIAN_POINT('Ctrl Pts',(-1.15450044228666,0.821780586741955,14.485855656091));
#7015=CARTESIAN_POINT('Ctrl Pts',(-1.28838405648068,0.196081137211139,14.5204963653957));
#7016=CARTESIAN_POINT('Ctrl Pts',(-1.2879550475924,0.000315844714997605,
14.531324918824));
#7017=CARTESIAN_POINT('Ctrl Pts',(-1.288160850779,-0.000604478581258065,
14.043675081176));
#7018=CARTESIAN_POINT('Ctrl Pts',(-1.28890845474309,-0.177156313180972,
14.0534447617541));
#7019=CARTESIAN_POINT('Ctrl Pts',(-1.17276164570331,-0.783085682964276,
14.0870265982085));
#7020=CARTESIAN_POINT('Ctrl Pts',(-0.249108374477162,-1.50415639488019,
14.1444205905392));
#7021=CARTESIAN_POINT('Ctrl Pts',(1.1284905840896,-1.02520751270889,14.2158570581682));
#7022=CARTESIAN_POINT('Ctrl Pts',(1.47341603863961,0.391901288047366,14.2872935257972));
#7023=CARTESIAN_POINT('Ctrl Pts',(0.470029221072658,1.45038407803983,14.3587299934262));
#7024=CARTESIAN_POINT('Ctrl Pts',(-0.910448850213733,1.19157283294111,14.4275238452191));
#7025=CARTESIAN_POINT('Ctrl Pts',(-1.28873088820274,0.379258662795848,14.4725055411357));
#7026=CARTESIAN_POINT('Ctrl Pts',(-1.29148301872849,-0.000795360894410438,
14.493675081176));
#7027=CARTESIAN_POINT('Origin',(0.,0.,-0.993675081176067));
#7028=CARTESIAN_POINT('',(-1.28927600756398,0.00112472975047968,13.593675081176));
#7029=CARTESIAN_POINT('',(-1.29112412749237,-0.000961686832270387,13.631324918824));
#7030=CARTESIAN_POINT('',(-1.29,9.09093710413691E-13,-0.993675081176067));
#7031=CARTESIAN_POINT('Ctrl Pts',(-1.29112412749237,-0.000961686832270364,
13.631324918824));
#7032=CARTESIAN_POINT('Ctrl Pts',(-1.29163659557161,-0.0625053213602069,
13.6347504948797));
#7033=CARTESIAN_POINT('Ctrl Pts',(-1.25967213142761,-0.551321583419457,
13.6619882268118));
#7034=CARTESIAN_POINT('Ctrl Pts',(-0.635392589864435,-1.38593566397131,
13.7130381146202));
#7035=CARTESIAN_POINT('Ctrl Pts',(0.819633753384591,-1.28559010506262,13.7844745822492));
#7036=CARTESIAN_POINT('Ctrl Pts',(1.52461922606587,-0.00881041613830087,
13.8559110498782));
#7037=CARTESIAN_POINT('Ctrl Pts',(0.834436763214123,1.27603162034448,13.9273475175072));
#7038=CARTESIAN_POINT('Ctrl Pts',(-0.619332696549871,1.39318642647224,13.9987839851362));
#7039=CARTESIAN_POINT('Ctrl Pts',(-1.25664229175064,0.561371378333801,14.0501097855751));
#7040=CARTESIAN_POINT('Ctrl Pts',(-1.29155910071688,0.0675288847447461,
14.0776234301377));
#7041=CARTESIAN_POINT('Ctrl Pts',(-1.29098675349531,0.00100981466008462,
14.081324918824));
#7042=CARTESIAN_POINT('Ctrl Pts',(-1.28927600756398,0.00112472975047963,
13.593675081176));
#7043=CARTESIAN_POINT('Ctrl Pts',(-1.2867288116615,-0.303558825736393,13.6105718264961));
#7044=CARTESIAN_POINT('Ctrl Pts',(-1.02652410947313,-1.0415387634767,13.6512807276925));
#7045=CARTESIAN_POINT('Ctrl Pts',(0.20431726568977,-1.51089241755814,13.7158017847653));
#7046=CARTESIAN_POINT('Ctrl Pts',(1.38011181245509,-0.647945080709424,13.7872382523943));
#7047=CARTESIAN_POINT('Ctrl Pts',(1.29297610406664,0.807932074376472,13.8586747200233));
#7048=CARTESIAN_POINT('Ctrl Pts',(0.022647391836157,1.52447648002081,13.9301111876523));
#7049=CARTESIAN_POINT('Ctrl Pts',(-1.09184082234661,0.938774543507217,13.9917779747032));
#7050=CARTESIAN_POINT('Ctrl Pts',(-1.28708628031432,0.253162751208148,14.0296326058778));
#7051=CARTESIAN_POINT('Ctrl Pts',(-1.288160850779,-0.000604478581258065,
14.043675081176));
#7052=CARTESIAN_POINT('Origin',(0.,0.,-0.993675081176067));
#7053=CARTESIAN_POINT('',(-1.29210793388808,-7.08267282932551E-5,13.143675081176));
#7054=CARTESIAN_POINT('',(-1.28799604902117,-0.000393988652603077,13.181324918824));
#7055=CARTESIAN_POINT('',(-1.29,9.09093710413691E-13,-0.993675081176067));
#7056=CARTESIAN_POINT('Ctrl Pts',(-1.28799604902117,-0.000393988652603074,
13.181324918824));
#7057=CARTESIAN_POINT('Ctrl Pts',(-1.28851850492941,-0.191155999601456,
13.1918775596218));
#7058=CARTESIAN_POINT('Ctrl Pts',(-1.15936917697583,-0.811701944817608,
13.2262423562959));
#7059=CARTESIAN_POINT('Ctrl Pts',(-0.199652098853386,-1.51151594346393,
13.2844193088463));
#7060=CARTESIAN_POINT('Ctrl Pts',(1.16150097291013,-0.987652215028682,13.3558557764753));
#7061=CARTESIAN_POINT('Ctrl Pts',(1.45977297457449,0.440004852955247,13.4272922441043));
#7062=CARTESIAN_POINT('Ctrl Pts',(0.422217372556262,1.46501668872197,13.4987287117332));
#7063=CARTESIAN_POINT('Ctrl Pts',(-0.93342519413518,1.16453701191707,13.5667396033065));
#7064=CARTESIAN_POINT('Ctrl Pts',(-1.28807428383604,0.365302029790407,13.6109383390034));
#7065=CARTESIAN_POINT('Ctrl Pts',(-1.29112412749237,-0.000961686832270364,
13.631324918824));
#7066=CARTESIAN_POINT('Ctrl Pts',(-1.29210793388808,-7.08267282933559E-5,
13.143675081176));
#7067=CARTESIAN_POINT('Ctrl Pts',(-1.29211095735436,-0.00386575510458002,
13.1438867353618));
#7068=CARTESIAN_POINT('Ctrl Pts',(-1.29037733067509,-0.434606289276279,
13.167910545424));
#7069=CARTESIAN_POINT('Ctrl Pts',(-0.815661180371562,-1.28811423458034,
13.2157465113624));
#7070=CARTESIAN_POINT('Ctrl Pts',(0.639668011780721,-1.38396758531337,13.2871829789914));
#7071=CARTESIAN_POINT('Ctrl Pts',(1.5096416711122,-0.213362291268127,13.3586194466204));
#7072=CARTESIAN_POINT('Ctrl Pts',(0.998153246225388,1.15248927957849,13.4300559142494));
#7073=CARTESIAN_POINT('Ctrl Pts',(-0.426737935279752,1.46370631517624,13.5014923818784));
#7074=CARTESIAN_POINT('Ctrl Pts',(-1.21646269875365,0.678697111465663,13.5560321041872));
#7075=CARTESIAN_POINT('Ctrl Pts',(-1.2903185104306,0.125824003841632,13.5867596706198));
#7076=CARTESIAN_POINT('Ctrl Pts',(-1.28927600756398,0.00112472975047963,
13.593675081176));
#7077=CARTESIAN_POINT('Origin',(0.,0.,-0.993675081176067));
#7078=CARTESIAN_POINT('',(-1.28906976295762,-0.00107960745928976,12.693675081176));
#7079=CARTESIAN_POINT('',(-1.28968115451536,0.00117285353569715,12.731324918824));
#7080=CARTESIAN_POINT('',(-1.29,9.09093710413691E-13,-0.993675081176067));
#7081=CARTESIAN_POINT('Ctrl Pts',(-1.28968115451536,0.00117285353569712,
12.731324918824));
#7082=CARTESIAN_POINT('Ctrl Pts',(-1.28683196439247,-0.317374796424437,
12.7490046243638));
#7083=CARTESIAN_POINT('Ctrl Pts',(-1.00693424972539,-1.06943632929482,12.7904964857799));
#7084=CARTESIAN_POINT('Ctrl Pts',(0.253750582999104,-1.50338020791477,12.8558005030724));
#7085=CARTESIAN_POINT('Ctrl Pts',(1.40061619551738,-0.602341830505449,12.9272369707014));
#7086=CARTESIAN_POINT('Ctrl Pts',(1.26578814146918,0.849895163439722,12.9986734383303));
#7087=CARTESIAN_POINT('Ctrl Pts',(-0.0273534101155162,1.52439929115612,
13.0701099059593));
#7088=CARTESIAN_POINT('Ctrl Pts',(-1.10813793801382,0.910363933517814,13.1309937327906));
#7089=CARTESIAN_POINT('Ctrl Pts',(-1.28733957713646,0.239300682005025,13.1680654037454));
#7090=CARTESIAN_POINT('Ctrl Pts',(-1.28799604902117,-0.000393988652603074,
13.181324918824));
#7091=CARTESIAN_POINT('Ctrl Pts',(-1.28906976295762,-0.00107960745928989,
12.693675081176));
#7092=CARTESIAN_POINT('Ctrl Pts',(-1.29011937262763,-0.133465592059987,
12.7010138001038));
#7093=CARTESIAN_POINT('Ctrl Pts',(-1.21047427526665,-0.694175809886366,
12.732164674908));
#7094=CARTESIAN_POINT('Ctrl Pts',(-0.400718504565439,-1.4710425291583,12.7871277055885));
#7095=CARTESIAN_POINT('Ctrl Pts',(1.01843063000254,-1.13461028303389,12.8585641732175));
#7096=CARTESIAN_POINT('Ctrl Pts',(1.50562132192993,0.240095558983457,12.9300006408465));
#7097=CARTESIAN_POINT('Ctrl Pts',(0.615028921857474,1.39509170586468,13.0014371084755));
#7098=CARTESIAN_POINT('Ctrl Pts',(-0.834065778238628,1.27381001136524,13.0726619219186));
#7099=CARTESIAN_POINT('Ctrl Pts',(-1.29177080225622,0.423082692389405,13.1200745794855));
#7100=CARTESIAN_POINT('Ctrl Pts',(-1.29210793388808,-7.08267282933559E-5,
13.143675081176));
#7101=CARTESIAN_POINT('Origin',(0.,0.,-0.993675081176067));
#7102=CARTESIAN_POINT('',(-1.28827848945363,0.000709218653522983,12.243675081176));
#7103=CARTESIAN_POINT('',(-1.29201098147705,-0.000327789935266634,12.281324918824));
#7104=CARTESIAN_POINT('',(-1.29,9.09093710413691E-13,-0.993675081176067));
#7105=CARTESIAN_POINT('Ctrl Pts',(-1.29201098147705,-0.000327789935266587,
12.281324918824));
#7106=CARTESIAN_POINT('Ctrl Pts',(-1.29207175066143,-0.0181646708469272,
12.2823195332295));
#7107=CARTESIAN_POINT('Ctrl Pts',(-1.2836562427654,-0.462977338552991,12.3071263035113));
#7108=CARTESIAN_POINT('Ctrl Pts',(-0.772984401367693,-1.31416761608421,
12.3557452296695));
#7109=CARTESIAN_POINT('Ctrl Pts',(0.684705260303651,-1.36224818386179,12.4271816972985));
#7110=CARTESIAN_POINT('Ctrl Pts',(1.51582613146364,-0.16374537274135,12.4986181649274));
#7111=CARTESIAN_POINT('Ctrl Pts',(0.959825563837726,1.18459963486649,12.5700546325564));
#7112=CARTESIAN_POINT('Ctrl Pts',(-0.474504377757039,1.44892615526521,12.6414911001854));
#7113=CARTESIAN_POINT('Ctrl Pts',(-1.22710198105717,0.650078600160074,12.6952478622746));
#7114=CARTESIAN_POINT('Ctrl Pts',(-1.29066943550729,0.111665510712519,12.7251924684875));
#7115=CARTESIAN_POINT('Ctrl Pts',(-1.28968115451536,0.00117285353569712,
12.731324918824));
#7116=CARTESIAN_POINT('Ctrl Pts',(-1.28827848945363,0.000709218653523087,
12.243675081176));
#7117=CARTESIAN_POINT('Ctrl Pts',(-1.28697267173992,-0.260648039621752,
12.2581408648459));
#7118=CARTESIAN_POINT('Ctrl Pts',(-1.08274460635058,-0.954101687095131,
12.2964188043921));
#7119=CARTESIAN_POINT('Ctrl Pts',(0.0496736693525869,-1.52383528278704,
12.3585088998146));
#7120=CARTESIAN_POINT('Ctrl Pts',(1.30709794620036,-0.784879864394822,12.4299453674436));
#7121=CARTESIAN_POINT('Ctrl Pts',(1.36840642445264,0.672313394192299,12.5013818350726));
#7122=CARTESIAN_POINT('Ctrl Pts',(0.177496162751003,1.51427756857925,12.5728183027015));
#7123=CARTESIAN_POINT('Ctrl Pts',(-1.03681040728224,1.02639619727603,12.6369160514027));
#7124=CARTESIAN_POINT('Ctrl Pts',(-1.28671367344262,0.296091082906274,12.6772016442275));
#7125=CARTESIAN_POINT('Ctrl Pts',(-1.28906976295762,-0.00107960745928989,
12.693675081176));
#7126=CARTESIAN_POINT('Origin',(0.,0.,-0.993675081176067));
#7127=CARTESIAN_POINT('',(-1.29165264817071,0.000688686811527554,11.793675081176));
#7128=CARTESIAN_POINT('',(-1.2887201717795,-0.000963622508310216,11.831324918824));
#7129=CARTESIAN_POINT('',(-1.29,9.09093710413691E-13,-0.993675081176067));
#7130=CARTESIAN_POINT('Ctrl Pts',(-1.2887201717795,-0.000963622508310009,
11.831324918824));
#7131=CARTESIAN_POINT('Ctrl Pts',(-1.289737937342,-0.147573977253185,11.8394465979715));
#7132=CARTESIAN_POINT('Ctrl Pts',(-1.19895264959472,-0.72281234471964,11.8713804329954));
#7133=CARTESIAN_POINT('Ctrl Pts',(-0.35226652433186,-1.48339128477869,11.9271264238956));
#7134=CARTESIAN_POINT('Ctrl Pts',(1.05508759678582,-1.10060509313329,11.9985628915245));
#7135=CARTESIAN_POINT('Ctrl Pts',(1.49693875227937,0.289336793108846,12.0699993591535));
#7136=CARTESIAN_POINT('Ctrl Pts',(0.568952171942888,1.41450868995694,12.1414358267825));
#7137=CARTESIAN_POINT('Ctrl Pts',(-0.859509017953453,1.24763026505908,12.211877680006));
#7138=CARTESIAN_POINT('Ctrl Pts',(-1.29061686997291,0.408869752006256,12.2585073773532));
#7139=CARTESIAN_POINT('Ctrl Pts',(-1.29201098147705,-0.000327789935266587,
12.281324918824));
#7140=CARTESIAN_POINT('Ctrl Pts',(-1.29165264817071,0.00068868681152758,
11.793675081176));
#7141=CARTESIAN_POINT('Ctrl Pts',(-1.28914815172774,-0.386830993618582,
11.8152679295879));
#7142=CARTESIAN_POINT('Ctrl Pts',(-0.897699842799354,-1.20608661869397,
11.8606729338761));
#7143=CARTESIAN_POINT('Ctrl Pts',(0.495671470093769,-1.44182219300048,11.9298900940407));
#7144=CARTESIAN_POINT('Ctrl Pts',(1.48013305263487,-0.365715174680257,12.0013265616697));
#7145=CARTESIAN_POINT('Ctrl Pts',(1.11013567253557,1.04505513302295,12.0727630292986));
#7146=CARTESIAN_POINT('Ctrl Pts',(-0.275738765870028,1.49950310952998,12.1441994969276));
#7147=CARTESIAN_POINT('Ctrl Pts',(-1.17974482282464,0.767607045478748,12.2011701808868));
#7148=CARTESIAN_POINT('Ctrl Pts',(-1.28912218093034,0.169572673994086,12.2343287089695));
#7149=CARTESIAN_POINT('Ctrl Pts',(-1.28827848945363,0.000709218653523087,
12.243675081176));
#7150=CARTESIAN_POINT('Origin',(0.,0.,-0.993675081176067));
#7151=CARTESIAN_POINT('',(-1.29034666833885,-0.00115048027494943,11.343675081176));
#7152=CARTESIAN_POINT('',(-1.28854465807423,0.000881209829607622,11.381324918824));
#7153=CARTESIAN_POINT('',(-1.29,9.09093710413691E-13,-0.993675081176067));
#7154=CARTESIAN_POINT('Ctrl Pts',(-1.28854465807423,0.000881209829607689,
11.381324918824));
#7155=CARTESIAN_POINT('Ctrl Pts',(-1.28681246230003,-0.274479274604093,
11.3965736627135));
#7156=CARTESIAN_POINT('Ctrl Pts',(-1.06538446892195,-0.982380268691723,
11.4356345624794));
#7157=CARTESIAN_POINT('Ctrl Pts',(0.0996145541706987,-1.52138698184242,
11.4985076181216));
#7158=CARTESIAN_POINT('Ctrl Pts',(1.33213177856825,-0.741597149705154,11.5699440857506));
#7159=CARTESIAN_POINT('Ctrl Pts',(1.34562492692893,0.716822826052396,11.6413805533796));
#7160=CARTESIAN_POINT('Ctrl Pts',(0.127746517586258,1.51928346109829,11.7128170210086));
#7161=CARTESIAN_POINT('Ctrl Pts',(-1.05527959711442,0.998289209315406,11.7761318094901));
#7162=CARTESIAN_POINT('Ctrl Pts',(-1.2867539248269,0.282276618522994,11.8156344420952));
#7163=CARTESIAN_POINT('Ctrl Pts',(-1.2887201717795,-0.000963622508310009,
11.831324918824));
#7164=CARTESIAN_POINT('Ctrl Pts',(-1.29034666833885,-0.00115048027494945,
11.343675081176));
#7165=CARTESIAN_POINT('Ctrl Pts',(-1.29116076494712,-0.0894603651857598,
11.3485828384536));
#7166=CARTESIAN_POINT('Ctrl Pts',(-1.24263197634993,-0.605355576858347,
11.3773027516075));
#7167=CARTESIAN_POINT('Ctrl Pts',(-0.548177206408747,-1.42268871959663,
11.4298348206377));
#7168=CARTESIAN_POINT('Ctrl Pts',(0.897819773886245,-1.23225853460728,11.5012712882668));
#7169=CARTESIAN_POINT('Ctrl Pts',(1.52222842642165,0.0858024491928985,11.5727077558957));
#7170=CARTESIAN_POINT('Ctrl Pts',(0.753656946743614,1.32534623744843,11.6441442235247));
#7171=CARTESIAN_POINT('Ctrl Pts',(-0.704580508878885,1.35207534886248,11.7155806911537));
#7172=CARTESIAN_POINT('Ctrl Pts',(-1.2721734632728,0.507437378681937,11.7654243103708));
#7173=CARTESIAN_POINT('Ctrl Pts',(-1.29191005967773,0.0405178609431855,
11.7914557737116));
#7174=CARTESIAN_POINT('Ctrl Pts',(-1.29165264817071,0.00068868681152758,
11.793675081176));
#7175=CARTESIAN_POINT('Origin',(0.,0.,-0.993675081176067));
#7176=CARTESIAN_POINT('',(-1.2878841851226,3.81901575267702E-5,10.893675081176));
#7177=CARTESIAN_POINT('',(-1.29190755570264,0.000465493618545142,10.931324918824));
#7178=CARTESIAN_POINT('',(-1.29,9.09093710413691E-13,-0.993675081176067));
#7179=CARTESIAN_POINT('Ctrl Pts',(-1.29190755570264,0.000465493618545085,
10.931324918824));
#7180=CARTESIAN_POINT('Ctrl Pts',(-1.29004103973098,-0.400895920307841,
10.9537007274556));
#7181=CARTESIAN_POINT('Ctrl Pts',(-0.873508977140688,-1.23272591613695,
10.9998886919635));
#7182=CARTESIAN_POINT('Ctrl Pts',(0.54268324714631,-1.42479342404047,11.0698888123477));
#7183=CARTESIAN_POINT('Ctrl Pts',(1.49132913662979,-0.316983933601153,11.1413252799767));
#7184=CARTESIAN_POINT('Ctrl Pts',(1.07527060865623,1.08089524288078,11.2127617476057));
#7185=CARTESIAN_POINT('Ctrl Pts',(-0.324760211920081,1.48965506499856,11.2841982152347));
#7186=CARTESIAN_POINT('Ctrl Pts',(-1.19219331615613,0.738970198967131,11.3403859389741));
#7187=CARTESIAN_POINT('Ctrl Pts',(-1.28951742712089,0.155518555053645,11.3727615068372));
#7188=CARTESIAN_POINT('Ctrl Pts',(-1.28854465807423,0.000881209829607689,
11.381324918824));
#7189=CARTESIAN_POINT('Ctrl Pts',(-1.28788459471585,3.81827644269431E-5,
10.893675081176));
#7190=CARTESIAN_POINT('Ctrl Pts',(-1.2878271304435,-0.217564485709949,10.9057099031956));
#7191=CARTESIAN_POINT('Ctrl Pts',(-1.13228287166622,-0.865793967711148,
10.9415568810916));
#7192=CARTESIAN_POINT('Ctrl Pts',(-0.105484544282358,-1.52099127328567,
11.0012160148638));
#7193=CARTESIAN_POINT('Ctrl Pts',(1.22054259565925,-0.913683322970817,11.0726524824928));
#7194=CARTESIAN_POINT('Ctrl Pts',(1.42966010708325,0.529729573186481,11.1440889501218));
#7195=CARTESIAN_POINT('Ctrl Pts',(0.330506080268696,1.48839079995781,11.2155254177508));
#7196=CARTESIAN_POINT('Ctrl Pts',(-0.974800474595236,1.1127473091686,11.2820541281022));
#7197=CARTESIAN_POINT('Ctrl Pts',(-1.28721081505389,0.339014114291766,11.3247706825773));
#7198=CARTESIAN_POINT('Ctrl Pts',(-1.29034666833885,-0.00115048027494945,
11.343675081176));
#7199=CARTESIAN_POINT('Origin',(0.,0.,-0.993675081176067));
#7200=CARTESIAN_POINT('',(-1.29048677020607,0.00113024640096056,10.443675081176));
#7201=CARTESIAN_POINT('',(-1.28991897492656,-0.00117879078155356,10.481324918824));
#7202=CARTESIAN_POINT('',(-1.29,9.09093710413691E-13,-0.993675081176067));
#7203=CARTESIAN_POINT('Ctrl Pts',(-1.28991897492656,-0.00117879078155358,
10.481324918824));
#7204=CARTESIAN_POINT('Ctrl Pts',(-1.29085557449547,-0.103664230477954,
10.4870156363213));
#7205=CARTESIAN_POINT('Ctrl Pts',(-1.23285804278368,-0.633940856213281,
10.5165185096949));
#7206=CARTESIAN_POINT('Ctrl Pts',(-0.50123148221093,-1.43989874962195,10.5698335389448));
#7207=CARTESIAN_POINT('Ctrl Pts',(0.937743553870939,-1.20215574494145,10.6412700065738));
#7208=CARTESIAN_POINT('Ctrl Pts',(1.51859630227217,0.135671215250363,10.7127064742028));
#7209=CARTESIAN_POINT('Ctrl Pts',(0.709792648782001,1.34934643574482,10.7841429418318));
#7210=CARTESIAN_POINT('Ctrl Pts',(-0.748537081467038,1.32824457295749,10.8555794094608));
#7211=CARTESIAN_POINT('Ctrl Pts',(-1.27965246562577,0.479002140949884,10.9046400684582));
#7212=CARTESIAN_POINT('Ctrl Pts',(-1.29202737104059,0.0262296736100297,
10.9298885715792));
#7213=CARTESIAN_POINT('Ctrl Pts',(-1.29190755570264,0.000465493618545085,
10.931324918824));
#7214=CARTESIAN_POINT('Ctrl Pts',(-1.29048677020607,0.00113024640096044,
10.443675081176));
#7215=CARTESIAN_POINT('Ctrl Pts',(-1.28732734027901,-0.343571261302108,
10.4628369679377));
#7216=CARTESIAN_POINT('Ctrl Pts',(-0.967809673628427,-1.1217969363517,10.5058110105756));
#7217=CARTESIAN_POINT('Ctrl Pts',(0.346539791102846,-1.4847395784029,10.5725972090899));
#7218=CARTESIAN_POINT('Ctrl Pts',(1.43529031284532,-0.514279262994351,10.6440336767189));
#7219=CARTESIAN_POINT('Ctrl Pts',(1.21061713611447,0.926794255614269,10.7154701443479));
#7220=CARTESIAN_POINT('Ctrl Pts',(-0.12188295348567,1.51976510952951,10.7869066119769));
#7221=CARTESIAN_POINT('Ctrl Pts',(-1.13715407997192,0.856406908941336,10.8463082575862));
#7222=CARTESIAN_POINT('Ctrl Pts',(-1.28794082952507,0.212985185267402,10.8818977473193));
#7223=CARTESIAN_POINT('Ctrl Pts',(-1.28788459471585,3.81827644269431E-5,
10.893675081176));
#7224=CARTESIAN_POINT('Origin',(0.,0.,-0.993675081176067));
#7225=CARTESIAN_POINT('',(-1.29155179832166,-0.000754876729927856,9.99367508117602));
#7226=CARTESIAN_POINT('',(-1.28793480427558,0.000268146388272575,10.031324918824));
#7227=CARTESIAN_POINT('',(-1.29,9.09093710413691E-13,-0.993675081176067));
#7228=CARTESIAN_POINT('Ctrl Pts',(-1.28793480427558,0.000268146388272585,
10.031324918824));
#7229=CARTESIAN_POINT('Ctrl Pts',(-1.28750405668715,-0.231468746675134,
10.0441427010633));
#7230=CARTESIAN_POINT('Ctrl Pts',(-1.11703429906672,-0.894304457200848,
10.0807726391789));
#7231=CARTESIAN_POINT('Ctrl Pts',(-0.055553477595187,-1.52363224534312,
10.1412147331709));
#7232=CARTESIAN_POINT('Ctrl Pts',(1.24984652779538,-0.873169551049549,10.2126512007999));
#7233=CARTESIAN_POINT('Ctrl Pts',(1.4115210900686,0.576324231846773,10.2840876684289));
#7234=CARTESIAN_POINT('Ctrl Pts',(0.281522996295145,1.49842791300724,10.3555241360579));
#7235=CARTESIAN_POINT('Ctrl Pts',(-0.995555390849403,1.08510674357632,10.4212698861896));
#7236=CARTESIAN_POINT('Ctrl Pts',(-1.28693648082421,0.325174359079436,10.4632034804449));
#7237=CARTESIAN_POINT('Ctrl Pts',(-1.28991897492656,-0.00117879078155358,
10.481324918824));
#7238=CARTESIAN_POINT('Ctrl Pts',(-1.29155179832166,-0.000754876729927674,
9.99367508117602));
#7239=CARTESIAN_POINT('Ctrl Pts',(-1.29186091892483,-0.0452142471151965,
9.99615187680336));
#7240=CARTESIAN_POINT('Ctrl Pts',(-1.26960556759228,-0.516797347261454,
10.022440828307));
#7241=CARTESIAN_POINT('Ctrl Pts',(-0.68995681354586,-1.35959590979646,10.072541935687));
#7242=CARTESIAN_POINT('Ctrl Pts',(0.767907539556199,-1.31714063531058,10.143978403316));
#7243=CARTESIAN_POINT('Ctrl Pts',(1.52306530315302,-0.0693795706604582,
10.215414870945));
#7244=CARTESIAN_POINT('Ctrl Pts',(0.884477114742423,1.24187023315262,10.286851338574));
#7245=CARTESIAN_POINT('Ctrl Pts',(-0.563489631346206,1.41669364290906,10.358287806203));
#7246=CARTESIAN_POINT('Ctrl Pts',(-1.24572822646531,0.595960719245277,10.4105623870703));
#7247=CARTESIAN_POINT('Ctrl Pts',(-1.29125351095517,0.0847835314347587,
10.4390248120613));
#7248=CARTESIAN_POINT('Ctrl Pts',(-1.29048677020607,0.00113024640096044,
10.443675081176));
#7249=CARTESIAN_POINT('Origin',(0.,0.,-0.993675081176067));
#7250=CARTESIAN_POINT('',(-1.28820462684274,-0.000646376175661434,9.54367508117602));
#7251=CARTESIAN_POINT('',(-1.29090207475366,0.0010359628858113,9.58132491882399));
#7252=CARTESIAN_POINT('',(-1.29,9.09093710413691E-13,-0.993675081176067));
#7253=CARTESIAN_POINT('Ctrl Pts',(-1.29090207475366,0.00103596288581119,
9.58132491882399));
#7254=CARTESIAN_POINT('Ctrl Pts',(-1.28776690039061,-0.357451858389206,
9.60126976580533));
#7255=CARTESIAN_POINT('Ctrl Pts',(-0.94604459006811,-1.14918144212832,9.64502676866299));
#7256=CARTESIAN_POINT('Ctrl Pts',(0.395039056488753,-1.47257785932381,9.712595927397));
#7257=CARTESIAN_POINT('Ctrl Pts',(1.45138202948556,-0.466938553140133,9.78403239502597));
#7258=CARTESIAN_POINT('Ctrl Pts',(1.17957589145993,0.965992817886717,9.85546886265497));
#7259=CARTESIAN_POINT('Ctrl Pts',(-0.171651542818943,1.51495120573901,9.92690533028394));
#7260=CARTESIAN_POINT('Ctrl Pts',(-1.15153655866253,0.827835990482078,9.98552401567363));
#7261=CARTESIAN_POINT('Ctrl Pts',(-1.28830427536207,0.1990390367227,10.020330545187));
#7262=CARTESIAN_POINT('Ctrl Pts',(-1.28793480427558,0.000268146388272585,
10.031324918824));
#7263=CARTESIAN_POINT('Ctrl Pts',(-1.28820462684274,-0.000646376175661469,
9.54367508117602));
#7264=CARTESIAN_POINT('Ctrl Pts',(-1.28899205299777,-0.174186850431937,
9.55327894154539));
#7265=CARTESIAN_POINT('Ctrl Pts',(-1.1755184720846,-0.77702279067351,9.58669495779109));
#7266=CARTESIAN_POINT('Ctrl Pts',(-0.259549942108811,-1.50238985288271,
9.64392312991312));
#7267=CARTESIAN_POINT('Ctrl Pts',(1.12134247092353,-1.03302105757663,9.7153595975421));
#7268=CARTESIAN_POINT('Ctrl Pts',(1.47610256616999,0.381657774242835,9.7867960651711));
#7269=CARTESIAN_POINT('Ctrl Pts',(0.48009196754787,1.44708436008051,9.85823253280006));
#7270=CARTESIAN_POINT('Ctrl Pts',(-0.90548220295317,1.19726717975542,9.92719220480173));
#7271=CARTESIAN_POINT('Ctrl Pts',(-1.28888900315344,0.382222496591302,9.97233972092704));
#7272=CARTESIAN_POINT('Ctrl Pts',(-1.29155179832166,-0.000754876729927674,
9.99367508117602));
#7273=CARTESIAN_POINT('Origin',(0.,0.,-0.993675081176067));
#7274=CARTESIAN_POINT('',(-1.28919396030234,0.0011085977365867,9.09367508117602));
#7275=CARTESIAN_POINT('',(-1.29120426707375,-0.000930052436500635,9.13132491882399));
#7276=CARTESIAN_POINT('',(-1.29,9.09093710413691E-13,-0.993675081176067));
#7277=CARTESIAN_POINT('Ctrl Pts',(-1.29120426707375,-0.000930052436500474,
9.13132491882399));
#7278=CARTESIAN_POINT('Ctrl Pts',(-1.2916805736052,-0.0594850980972817,
9.13458467467103));
#7279=CARTESIAN_POINT('Ctrl Pts',(-1.26146221181304,-0.545283859526991,
9.16165658639439));
#7280=CARTESIAN_POINT('Ctrl Pts',(-0.645003701275037,-1.38148891897971,
9.21254065399409));
#7281=CARTESIAN_POINT('Ctrl Pts',(0.810684523922144,-1.29125210961894,9.28397712162307));
#7282=CARTESIAN_POINT('Ctrl Pts',(1.52452125317068,-0.0193999111630464,
9.35541358925207));
#7283=CARTESIAN_POINT('Ctrl Pts',(0.84327970116811,1.27020500452488,9.42685005688104));
#7284=CARTESIAN_POINT('Ctrl Pts',(-0.609640955781537,1.39745458350388,9.49828652451004));
#7285=CARTESIAN_POINT('Ctrl Pts',(-1.25479039909912,0.567413218485958,9.54977814515768));
#7286=CARTESIAN_POINT('Ctrl Pts',(-1.2915099855445,0.0705468065267513,9.577457609929));
#7287=CARTESIAN_POINT('Ctrl Pts',(-1.29090207475366,0.00103596288581119,
9.58132491882399));
#7288=CARTESIAN_POINT('Ctrl Pts',(-1.28919396030234,0.00110859773658661,
9.09367508117602));
#7289=CARTESIAN_POINT('Ctrl Pts',(-1.28671963239843,-0.300633493876668,
9.11040600628742));
#7290=CARTESIAN_POINT('Ctrl Pts',(-1.03057884370217,-1.03561179225728,9.15094908727515));
#7291=CARTESIAN_POINT('Ctrl Pts',(0.19381797324784,-1.5122751190639,9.2153043241392));
#7292=CARTESIAN_POINT('Ctrl Pts',(1.37557802079745,-0.657515437988035,9.28674079176818));
#7293=CARTESIAN_POINT('Ctrl Pts',(1.29855665287665,0.798931825479122,9.35817725939718));
#7294=CARTESIAN_POINT('Ctrl Pts',(0.0332355615937679,1.52428240163664,9.42961372702615));
#7295=CARTESIAN_POINT('Ctrl Pts',(-1.08830163330651,0.944781529032271,9.49144633428578));
#7296=CARTESIAN_POINT('Ctrl Pts',(-1.28703968034516,0.256095626083667,9.52946678566907));
#7297=CARTESIAN_POINT('Ctrl Pts',(-1.28820462684274,-0.000646376175661469,
9.54367508117602));
#7298=CARTESIAN_POINT('Origin',(0.,0.,-0.993675081176067));
#7299=CARTESIAN_POINT('',(-1.29211258847462,-1.53486383105972E-5,8.64367508117602));
#7300=CARTESIAN_POINT('',(-1.28802503638156,-0.00044008715428544,8.68132491882399));
#7301=CARTESIAN_POINT('',(-1.29,9.09093710413691E-13,-0.993675081176067));
#7302=CARTESIAN_POINT('Ctrl Pts',(-1.28802503638156,-0.000440087154285375,
8.68132491882399));
#7303=CARTESIAN_POINT('Ctrl Pts',(-1.2886001887172,-0.188193982137132,8.69171173941306));
#7304=CARTESIAN_POINT('Ctrl Pts',(-1.1622575981339,-0.80564322553053,8.72591071587846));
#7305=CARTESIAN_POINT('Ctrl Pts',(-0.210145977476755,-1.51009273757361,
8.78392184822016));
#7306=CARTESIAN_POINT('Ctrl Pts',(1.1546129152217,-0.995695949537547,8.85535831584916));
#7307=CARTESIAN_POINT('Ctrl Pts',(1.46279394918073,0.429854940837564,8.92679478347814));
#7308=CARTESIAN_POINT('Ctrl Pts',(0.432382907625355,1.46204870955645,8.99823125110713));
#7309=CARTESIAN_POINT('Ctrl Pts',(-0.92862428878682,1.17028267287796,9.06640796288908));
#7310=CARTESIAN_POINT('Ctrl Pts',(-1.28820120708086,0.368253033237678,9.1107725187947));
#7311=CARTESIAN_POINT('Ctrl Pts',(-1.29120426707375,-0.000930052436500474,
9.13132491882399));
#7312=CARTESIAN_POINT('Ctrl Pts',(-1.29211258847462,-1.53486383107749E-5,
8.64367508117602));
#7313=CARTESIAN_POINT('Ctrl Pts',(-1.29211273299367,-0.000837137100372261,
8.64372091515311));
#7314=CARTESIAN_POINT('Ctrl Pts',(-1.29173991178912,-0.428603083698152,
8.66757890500654));
#7315=CARTESIAN_POINT('Ctrl Pts',(-0.82458849471761,-1.28241773883278,8.7152490507363));
#7316=CARTESIAN_POINT('Ctrl Pts',(0.630039812747176,-1.38837720985585,8.78668551836528));
#7317=CARTESIAN_POINT('Ctrl Pts',(1.50812328211341,-0.223842820838885,8.85812198599426));
#7318=CARTESIAN_POINT('Ctrl Pts',(1.00613413396133,1.14552850116071,8.92955845362326));
#7319=CARTESIAN_POINT('Ctrl Pts',(-0.416561022975847,1.46663504548028,9.00099492125224));
#7320=CARTESIAN_POINT('Ctrl Pts',(-1.21413682174503,0.684760078921851,9.05570046376983));
#7321=CARTESIAN_POINT('Ctrl Pts',(-1.2902411998757,0.128818534155532,9.08659385041109));
#7322=CARTESIAN_POINT('Ctrl Pts',(-1.28919396030234,0.00110859773658661,
9.09367508117602));
#7323=CARTESIAN_POINT('Origin',(0.,0.,-0.993675081176067));
#7324=CARTESIAN_POINT('',(-1.28914928065917,-0.00109882057169997,8.19367508117603));
#7325=CARTESIAN_POINT('',(-1.28959328623499,0.00116661793376006,8.23132491882399));
#7326=CARTESIAN_POINT('',(-1.29,9.09093710413691E-13,-0.993675081176067));
#7327=CARTESIAN_POINT('Ctrl Pts',(-1.28959328623499,0.00116661793376013,
8.23132491882399));
#7328=CARTESIAN_POINT('Ctrl Pts',(-1.28680158194013,-0.31444805575157,8.24883880415509));
#7329=CARTESIAN_POINT('Ctrl Pts',(-1.01114465095257,-1.06354064300524,8.29016484536251));
#7330=CARTESIAN_POINT('Ctrl Pts',(0.243302276449129,-1.50510644480611,8.35530304244624));
#7331=CARTESIAN_POINT('Ctrl Pts',(1.39639866051954,-0.612055707286081,8.42673951007525));
#7332=CARTESIAN_POINT('Ctrl Pts',(1.27166081354375,0.841082744573595,8.49817597770422));
#7333=CARTESIAN_POINT('Ctrl Pts',(-0.0167645703576575,1.5245525104446,8.56961244533321));
#7334=CARTESIAN_POINT('Ctrl Pts',(-1.10474311354776,0.916387012371951,8.63066209237313));
#7335=CARTESIAN_POINT('Ctrl Pts',(-1.28728163151759,0.24223850443397,8.66789958353673));
#7336=CARTESIAN_POINT('Ctrl Pts',(-1.28802503638156,-0.000440087154285375,
8.68132491882399));
#7337=CARTESIAN_POINT('Ctrl Pts',(-1.28914928065917,-0.00109882057169998,
8.19367508117603));
#7338=CARTESIAN_POINT('Ctrl Pts',(-1.29019806737771,-0.130473332115552,
8.20084797989515));
#7339=CARTESIAN_POINT('Ctrl Pts',(-1.21284003843816,-0.688112019509724,
8.2318330344906));
#7340=CARTESIAN_POINT('Ctrl Pts',(-0.410926412550171,-1.46822373157577,
8.28663024496238));
#7341=CARTESIAN_POINT('Ctrl Pts',(1.01052528145763,-1.14165673388659,8.35806671259136));
#7342=CARTESIAN_POINT('Ctrl Pts',(1.50725265962877,0.229632015484806,8.42950318022036));
#7343=CARTESIAN_POINT('Ctrl Pts',(0.624704120568314,1.39078618207063,8.50093964784933));
#7344=CARTESIAN_POINT('Ctrl Pts',(-0.828573575077185,1.27931362295155,8.57233028150123));
#7345=CARTESIAN_POINT('Ctrl Pts',(-1.29203765091546,0.426107156102145,8.61990875927679));
#7346=CARTESIAN_POINT('Ctrl Pts',(-1.29211258847462,-1.53486383107749E-5,
8.64367508117602));
#7347=CARTESIAN_POINT('Origin',(0.,0.,-0.993675081176067));
#7348=CARTESIAN_POINT('',(-1.28823011040732,0.000669068164086128,7.74367508117602));
#7349=CARTESIAN_POINT('',(-1.29204121323533,-0.000274458909809548,7.78132491882399));
#7350=CARTESIAN_POINT('',(-1.29,9.09093710413691E-13,-0.993675081176067));
#7351=CARTESIAN_POINT('Ctrl Pts',(-1.29204121323533,-0.000274458909809408,
7.781324918824));
#7352=CARTESIAN_POINT('Ctrl Pts',(-1.29208428241211,-0.0151366784463788,
7.78215371302079));
#7353=CARTESIAN_POINT('Ctrl Pts',(-1.28511953173368,-0.456965250523603,
7.80679466309391));
#7354=CARTESIAN_POINT('Ctrl Pts',(-0.782093706882355,-1.30876691644358,
7.85524776904336));
#7355=CARTESIAN_POINT('Ctrl Pts',(0.675226833586934,-1.36697115226562,7.92668423667233));
#7356=CARTESIAN_POINT('Ctrl Pts',(1.5146522227122,-0.1742700552454,7.99812070430134));
#7357=CARTESIAN_POINT('Ctrl Pts',(0.968030408389304,1.17790429847075,8.0695571719303));
#7358=CARTESIAN_POINT('Ctrl Pts',(-0.464428973318008,1.45218701848798,8.1409936395593));
#7359=CARTESIAN_POINT('Ctrl Pts',(-1.22489561287493,0.65613815724086,8.19491622185719));
#7360=CARTESIAN_POINT('Ctrl Pts',(-1.29059722731368,0.114666653210772,8.22502664827875));
#7361=CARTESIAN_POINT('Ctrl Pts',(-1.28959328623499,0.00116661793376013,
8.23132491882399));
#7362=CARTESIAN_POINT('Ctrl Pts',(-1.28823011040732,0.000669068164086146,
7.74367508117602));
#7363=CARTESIAN_POINT('Ctrl Pts',(-1.28701506417862,-0.257716567506026,
7.75797504463718));
#7364=CARTESIAN_POINT('Ctrl Pts',(-1.08633185338966,-0.948100661101767,
7.79608716397465));
#7365=CARTESIAN_POINT('Ctrl Pts',(0.0390882086687119,-1.52414354784472,
7.85801143918847));
#7366=CARTESIAN_POINT('Ctrl Pts',(1.30161479353278,-0.793939778415367,7.92944790681744));
#7367=CARTESIAN_POINT('Ctrl Pts',(1.37304317282173,0.662792492459926,8.00088437444645));
#7368=CARTESIAN_POINT('Ctrl Pts',(0.188009757537573,1.51300818687946,8.07232084207542));
#7369=CARTESIAN_POINT('Ctrl Pts',(-1.03280633857572,1.032332626814,8.13658441098529));
#7370=CARTESIAN_POINT('Ctrl Pts',(-1.28671636858329,0.299016356215482,8.17703582401882));
#7371=CARTESIAN_POINT('Ctrl Pts',(-1.28914928065917,-0.00109882057169998,
8.19367508117603));
#7372=CARTESIAN_POINT('Origin',(0.,0.,-0.993675081176067));
#7373=CARTESIAN_POINT('',(-1.29158856035498,0.000731765729000151,7.29367508117602));
#7374=CARTESIAN_POINT('',(-1.28879032736807,-0.000991521992612114,7.33132491882399));
#7375=CARTESIAN_POINT('',(-1.29,9.09093710413691E-13,-0.993675081176067));
#7376=CARTESIAN_POINT('Ctrl Pts',(-1.28879032736807,-0.000991521992612238,
7.33132491882399));
#7377=CARTESIAN_POINT('Ctrl Pts',(-1.28981988030582,-0.144588851664351,
7.33928077776281));
#7378=CARTESIAN_POINT('Ctrl Pts',(-1.20144149137425,-0.716747049625311,
7.37104879257796));
#7379=CARTESIAN_POINT('Ctrl Pts',(-0.362561373140449,-1.48090872731196,
7.42662896326944));
#7380=CARTESIAN_POINT('Ctrl Pts',(1.04741755739874,-1.10790697640871,7.49806543089842));
#7381=CARTESIAN_POINT('Ctrl Pts',(1.49891231942337,0.278932369227846,7.56950189852741));
#7382=CARTESIAN_POINT('Ctrl Pts',(0.5787633487167,1.41052273788991,7.6409383661564));
#7383=CARTESIAN_POINT('Ctrl Pts',(-0.854187735053537,1.2532006845206,7.71154603958859));
#7384=CARTESIAN_POINT('Ctrl Pts',(-1.29084685826629,0.411871002885124,7.75834155714446));
#7385=CARTESIAN_POINT('Ctrl Pts',(-1.29204121323533,-0.000274458909809408,
7.781324918824));
#7386=CARTESIAN_POINT('Ctrl Pts',(-1.29158856035498,0.000731765729000151,
7.29367508117602));
#7387=CARTESIAN_POINT('Ctrl Pts',(-1.28897934971961,-0.383862274101062,
7.3151021093792));
#7388=CARTESIAN_POINT('Ctrl Pts',(-0.902721401084578,-1.20041018914495,
7.36034129345871));
#7389=CARTESIAN_POINT('Ctrl Pts',(0.485644897789072,-1.44523025007957,7.42939263341455));
#7390=CARTESIAN_POINT('Ctrl Pts',(1.47755716206422,-0.37598706803074,7.50082910104354));
#7391=CARTESIAN_POINT('Ctrl Pts',(1.11736764237556,1.03731913809864,7.57226556867252));
#7392=CARTESIAN_POINT('Ctrl Pts',(-0.265316858481047,1.50138216557257,7.6437020363015));
#7393=CARTESIAN_POINT('Ctrl Pts',(-1.17703067007146,0.773670859713315,7.70083854046934));
#7394=CARTESIAN_POINT('Ctrl Pts',(-1.28903834698444,0.172544604104402,7.73416288876085));
#7395=CARTESIAN_POINT('Ctrl Pts',(-1.28823011040732,0.000669068164086146,
7.74367508117602));
#7396=CARTESIAN_POINT('Origin',(0.,0.,-0.993675081176067));
#7397=CARTESIAN_POINT('',(-1.29043700959965,-0.00113806801032831,6.84367508117603));
#7398=CARTESIAN_POINT('',(-1.28848330326491,0.000847405530490936,6.88132491882399));
#7399=CARTESIAN_POINT('',(-1.29,9.09093710413691E-13,-0.993675081176067));
#7400=CARTESIAN_POINT('Ctrl Pts',(-1.28848330326491,0.000847405530491011,
6.88132491882399));
#7401=CARTESIAN_POINT('Ctrl Pts',(-1.28684059363776,-0.271551280752021,
6.89640784250484));
#7402=CARTESIAN_POINT('Ctrl Pts',(-1.0691195925258,-0.976399491894983,6.93530292206202));
#7403=CARTESIAN_POINT('Ctrl Pts',(0.0890448942136211,-1.52204218559694,
6.99801015749551));
#7404=CARTESIAN_POINT('Ctrl Pts',(1.32694865531258,-0.750831987921641,7.06944662512451));
#7405=CARTESIAN_POINT('Ctrl Pts',(1.35057137866816,0.707459086481064,7.14088309275349));
#7406=CARTESIAN_POINT('Ctrl Pts',(0.13829608240566,1.51835950996906,7.21231956038248));
#7407=CARTESIAN_POINT('Ctrl Pts',(-1.05142794443957,1.00425197366233,7.27580016907265));
#7408=CARTESIAN_POINT('Ctrl Pts',(-1.28673839341355,0.285202830649595,7.31546862188648));
#7409=CARTESIAN_POINT('Ctrl Pts',(-1.28879032736807,-0.000991521992612238,
7.33132491882399));
#7410=CARTESIAN_POINT('Ctrl Pts',(-1.29043700959965,-0.00113806801032842,
6.84367508117603));
#7411=CARTESIAN_POINT('Ctrl Pts',(-1.29122094880381,-0.0864488300826269,
6.84841701824491));
#7412=CARTESIAN_POINT('Ctrl Pts',(-1.24463257290114,-0.599305013202811,
6.87697111119011));
#7413=CARTESIAN_POINT('Ctrl Pts',(-0.558045701213659,-1.41884686906325,
6.92933736001164));
#7414=CARTESIAN_POINT('Ctrl Pts',(0.889239089068438,-1.23846489048594,7.00077382764064));
#7415=CARTESIAN_POINT('Ctrl Pts',(1.52278767369332,0.0752272779070819,7.07221029526961));
#7416=CARTESIAN_POINT('Ctrl Pts',(0.762844363004752,1.32007951288,7.14364676289861));
#7417=CARTESIAN_POINT('Ctrl Pts',(-0.695172261249882,1.35693661225657,7.21508323052759));
#7418=CARTESIAN_POINT('Ctrl Pts',(-1.27052595966564,0.513464640667607,7.2650926699534));
#7419=CARTESIAN_POINT('Ctrl Pts',(-1.29187900196137,0.0435424569097266,
7.29128995350287));
#7420=CARTESIAN_POINT('Ctrl Pts',(-1.29158856035498,0.000731765729000151,
7.29367508117602));
#7421=CARTESIAN_POINT('Origin',(0.,0.,-0.993675081176067));
#7422=CARTESIAN_POINT('',(-1.28788355536492,-1.09982162650686E-5,6.39367508117603));
#7423=CARTESIAN_POINT('',(-1.29186073690955,0.000515223224403381,6.43132491882399));
#7424=CARTESIAN_POINT('',(-1.29,9.09093710413691E-13,-0.993675081176067));
#7425=CARTESIAN_POINT('Ctrl Pts',(-1.29186073690955,0.00051522322440347,
6.43132491882399));
#7426=CARTESIAN_POINT('Ctrl Pts',(-1.28983848709094,-0.397910198966341,
6.45353490724687));
#7427=CARTESIAN_POINT('Ctrl Pts',(-0.878698665220545,-1.22710722776317,
6.49955705154608));
#7428=CARTESIAN_POINT('Ctrl Pts',(0.532773819310389,-1.42852842652138,6.5693913517216));
#7429=CARTESIAN_POINT('Ctrl Pts',(1.48909145367146,-0.327334768279859,6.64082781935059));
#7430=CARTESIAN_POINT('Ctrl Pts',(1.08275235793243,1.0734005493356,6.71226428697958));
#7431=CARTESIAN_POINT('Ctrl Pts',(-0.314405524611555,1.49187485199529,6.78370075460856));
#7432=CARTESIAN_POINT('Ctrl Pts',(-1.18960709399062,0.745035541887195,6.84005429855669));
#7433=CARTESIAN_POINT('Ctrl Pts',(-1.28943402038505,0.158497966696118,6.87259568662851));
#7434=CARTESIAN_POINT('Ctrl Pts',(-1.28848330326491,0.000847405530491011,
6.88132491882399));
#7435=CARTESIAN_POINT('Ctrl Pts',(-1.28788365461845,-1.09977004887803E-5,
6.39367508117603));
#7436=CARTESIAN_POINT('Ctrl Pts',(-1.28789997721713,-0.214615847231862,
6.40554408298693));
#7437=CARTESIAN_POINT('Ctrl Pts',(-1.13542796657064,-0.859749340954388,
6.44122524067417));
#7438=CARTESIAN_POINT('Ctrl Pts',(-0.116046508243941,-1.52022190828116,
6.50071855423773));
#7439=CARTESIAN_POINT('Ctrl Pts',(1.2141668872318,-0.922138933373632,6.57215502186672));
#7440=CARTESIAN_POINT('Ctrl Pts',(1.43330501847724,0.519786654793669,6.6435914894957));
#7441=CARTESIAN_POINT('Ctrl Pts',(0.340836179647888,1.48605926568783,6.71502795712469));
#7442=CARTESIAN_POINT('Ctrl Pts',(-0.97030788471734,1.11857758439935,6.78172248768479));
#7443=CARTESIAN_POINT('Ctrl Pts',(-1.2872843123078,0.341948496766424,6.82460486236858));
#7444=CARTESIAN_POINT('Ctrl Pts',(-1.29043700959965,-0.00113806801032842,
6.84367508117603));
#7445=CARTESIAN_POINT('Origin',(0.,0.,-0.993675081176067));
#7446=CARTESIAN_POINT('',(-1.29039665576131,0.00114389536813694,5.94367508117602));
#7447=CARTESIAN_POINT('',(-1.29000924150795,-0.00117696236492984,5.98132491882399));
#7448=CARTESIAN_POINT('',(-1.29,9.09093710413691E-13,-0.993675081176067));
#7449=CARTESIAN_POINT('Ctrl Pts',(-1.29000924150795,-0.00117696236492981,
5.98132491882399));
#7450=CARTESIAN_POINT('Ctrl Pts',(-1.29092296281727,-0.100658311847988,
5.98684981611256));
#7451=CARTESIAN_POINT('Ctrl Pts',(-1.23497349634734,-0.627884804735136,
6.01618686927747));
#7452=CARTESIAN_POINT('Ctrl Pts',(-0.511220646968387,-1.43638255977837,
6.0693360783187));
#7453=CARTESIAN_POINT('Ctrl Pts',(0.929370994097238,-1.20864012975449,6.14077254594769));
#7454=CARTESIAN_POINT('Ctrl Pts',(1.5195020158745,0.125120069035931,6.21220901357668));
#7455=CARTESIAN_POINT('Ctrl Pts',(0.719147823847757,1.34438380508591,6.28364548120565));
#7456=CARTESIAN_POINT('Ctrl Pts',(-0.739293297418194,1.33341172498023,6.35508194883465));
#7457=CARTESIAN_POINT('Ctrl Pts',(-1.27810955343422,0.485020984291867,6.40430842804076));
#7458=CARTESIAN_POINT('Ctrl Pts',(-1.29200661644719,0.0292565369031008,
6.42972275137054));
#7459=CARTESIAN_POINT('Ctrl Pts',(-1.29186073690955,0.00051522322440347,
6.43132491882399));
#7460=CARTESIAN_POINT('Ctrl Pts',(-1.29039665576131,0.00114389536813695,
5.94367508117602));
#7461=CARTESIAN_POINT('Ctrl Pts',(-1.28725075898603,-0.340636119692787,
5.96267114772896));
#7462=CARTESIAN_POINT('Ctrl Pts',(-0.972321113657352,-1.11597143624486,
6.00547937015822));
#7463=CARTESIAN_POINT('Ctrl Pts',(0.336218720429206,-1.48711076067876,6.07209974846382));
#7464=CARTESIAN_POINT('Ctrl Pts',(1.43168360682974,-0.524236103705782,6.14353621609279));
#7465=CARTESIAN_POINT('Ctrl Pts',(1.21702526513001,0.91836318879234,6.2149726837218));
#7466=CARTESIAN_POINT('Ctrl Pts',(-0.11132402157004,1.52057502436253,6.28640915135076));
#7467=CARTESIAN_POINT('Ctrl Pts',(-1.13402514568666,0.862452660506502,6.34597661716885));
#7468=CARTESIAN_POINT('Ctrl Pts',(-1.28786723004341,0.215934607664962,6.38173192711061));
#7469=CARTESIAN_POINT('Ctrl Pts',(-1.28788365461845,-1.09977004887803E-5,
6.39367508117603));
#7470=CARTESIAN_POINT('Origin',(0.,0.,-0.993675081176067));
#7471=CARTESIAN_POINT('',(-1.29161761167596,-0.000712700989747711,5.49367508117602));
#7472=CARTESIAN_POINT('',(-1.28791789579652,0.000219995260812939,5.53132491882399));
#7473=CARTESIAN_POINT('',(-1.29,9.09093710413691E-13,-0.993675081176067));
#7474=CARTESIAN_POINT('Ctrl Pts',(-1.28791789579652,0.000219995260812983,
5.53132491882399));
#7475=CARTESIAN_POINT('Ctrl Pts',(-1.28756932630809,-0.228526473601085,
5.54397688085459));
#7476=CARTESIAN_POINT('Ctrl Pts',(-1.12031895449914,-0.888270900560806,
5.58044099876153));
#7477=CARTESIAN_POINT('Ctrl Pts',(-0.066134989689974,-1.52320962807518,
5.64071727254479));
#7478=CARTESIAN_POINT('Ctrl Pts',(1.24375151323884,-0.881829678134233,5.71215374017377));
#7479=CARTESIAN_POINT('Ctrl Pts',(1.41549007642329,0.56650617955094,5.78359020780276));
#7480=CARTESIAN_POINT('Ctrl Pts',(0.291923993091614,1.49643636355833,5.85502667543174));
#7481=CARTESIAN_POINT('Ctrl Pts',(-0.991222573830308,1.09097544378266,5.92093824577216));
#7482=CARTESIAN_POINT('Ctrl Pts',(-1.28698484901921,0.328103577640271,5.96303766023623));
#7483=CARTESIAN_POINT('Ctrl Pts',(-1.29000924150795,-0.00117696236492981,
5.98132491882399));
#7484=CARTESIAN_POINT('Ctrl Pts',(-1.29161761167596,-0.000712700989747724,
5.49367508117602));
#7485=CARTESIAN_POINT('Ctrl Pts',(-1.29189315457694,-0.042189975154422,
5.49598605659465));
#7486=CARTESIAN_POINT('Ctrl Pts',(-1.27126546609534,-0.51076912649828,5.52210918788962));
#7487=CARTESIAN_POINT('Ctrl Pts',(-0.699383657945576,-1.3547708077355,5.57204447506092));
#7488=CARTESIAN_POINT('Ctrl Pts',(0.758740414029072,-1.32244259860782,5.64348094268989));
#7489=CARTESIAN_POINT('Ctrl Pts',(1.52254666621737,-0.0799568113670176,
5.71491741031889));
#7490=CARTESIAN_POINT('Ctrl Pts',(0.893081567275935,1.2356968708731,5.78635387794787));
#7491=CARTESIAN_POINT('Ctrl Pts',(-0.553635961109241,1.42057335785952,5.85779034557686));
#7492=CARTESIAN_POINT('Ctrl Pts',(-1.24374090970821,0.602010575697756,5.91023074665291));
#7493=CARTESIAN_POINT('Ctrl Pts',(-1.2911942377149,0.0877956807205142,5.93885899185263));
#7494=CARTESIAN_POINT('Ctrl Pts',(-1.29039665576131,0.00114389536813695,
5.94367508117602));
#7495=CARTESIAN_POINT('Origin',(0.,0.,-0.993675081176067));
#7496=CARTESIAN_POINT('',(-1.28825138420576,-0.000687168703506075,5.04367508117602));
#7497=CARTESIAN_POINT('',(-1.29081602873565,0.00105998407750155,5.08132491882399));
#7498=CARTESIAN_POINT('',(-1.29,9.09093710413691E-13,-0.993675081176067));
#7499=CARTESIAN_POINT('Ctrl Pts',(-1.29081602873565,0.00105998407750154,
5.08132491882399));
#7500=CARTESIAN_POINT('Ctrl Pts',(-1.28766278546701,-0.354508822036196,
5.10110394559662));
#7501=CARTESIAN_POINT('Ctrl Pts',(-0.95071822276754,-1.14339916154722,5.14469512824558));
#7502=CARTESIAN_POINT('Ctrl Pts',(0.384801288823617,-1.47528620140023,5.21209846677087));
#7503=CARTESIAN_POINT('Ctrl Pts',(1.44810375462945,-0.477008305745633,5.28353493439986));
#7504=CARTESIAN_POINT('Ctrl Pts',(1.18625703482695,0.957776411928068,5.35497140202884));
#7505=CARTESIAN_POINT('Ctrl Pts',(-0.161124846801946,1.51610691960207,5.42640786965783));
#7506=CARTESIAN_POINT('Ctrl Pts',(-1.14854412063127,0.833889961510548,5.4851923752562));
#7507=CARTESIAN_POINT('Ctrl Pts',(-1.28822536613592,0.201995413796598,5.52016472497826));
#7508=CARTESIAN_POINT('Ctrl Pts',(-1.28791789579652,0.000219995260812983,
5.53132491882399));
#7509=CARTESIAN_POINT('Ctrl Pts',(-1.28825138420576,-0.000687168703506005,
5.04367508117602));
#7510=CARTESIAN_POINT('Ctrl Pts',(-1.28907582487552,-0.171215799017178,
5.05311312133668));
#7511=CARTESIAN_POINT('Ctrl Pts',(-1.17824778281192,-0.77095928002876,5.08636331737367));
#7512=CARTESIAN_POINT('Ctrl Pts',(-0.269978987809002,-1.50055082840777,
5.143425669287));
#7513=CARTESIAN_POINT('Ctrl Pts',(1.1141402588295,-1.0407847645642,5.21486213691597));
#7514=CARTESIAN_POINT('Ctrl Pts',(1.47871787944746,0.371395847440483,5.28629860454497));
#7515=CARTESIAN_POINT('Ctrl Pts',(0.490131552088704,1.44371482784542,5.35773507217395));
#7516=CARTESIAN_POINT('Ctrl Pts',(-0.900480215720371,1.20295004800273,5.42686056438431));
#7517=CARTESIAN_POINT('Ctrl Pts',(-1.2890539766022,0.385189437785481,5.47217390071832));
#7518=CARTESIAN_POINT('Ctrl Pts',(-1.29161761167596,-0.000712700989747724,
5.49367508117602));
#7519=CARTESIAN_POINT('Origin',(0.,0.,-0.993675081176067));
#7520=CARTESIAN_POINT('',(-1.28911350906229,0.00109047010890019,4.59367508117602));
#7521=CARTESIAN_POINT('',(-1.29128235941224,-0.000896439511990107,4.63132491882399));
#7522=CARTESIAN_POINT('',(-1.29,9.09093710413691E-13,-0.993675081176067));
#7523=CARTESIAN_POINT('Ctrl Pts',(-1.29128235941224,-0.000896439511990192,
4.63132491882399));
#7524=CARTESIAN_POINT('Ctrl Pts',(-1.29172256480013,-0.0564640777126627,
4.63441885446232));
#7525=CARTESIAN_POINT('Ctrl Pts',(-1.2632292880273,-0.539247735460894,4.66132494597698));
#7526=CARTESIAN_POINT('Ctrl Pts',(-0.6545836946199,-1.37697552435038,4.71204319336797));
#7527=CARTESIAN_POINT('Ctrl Pts',(0.801696183158031,-1.29685181799312,4.78347966099695));
#7528=CARTESIAN_POINT('Ctrl Pts',(1.52434973007335,-0.0299884702432498,
4.85491612862594));
#7529=CARTESIAN_POINT('Ctrl Pts',(0.852081955273116,1.2643171079362,4.92635259625493));
#7530=CARTESIAN_POINT('Ctrl Pts',(-0.599919803015509,1.40165532063773,4.99778906388391));
#7531=CARTESIAN_POINT('Ctrl Pts',(-1.25291510176844,0.573456545069446,5.04944650474027));
#7532=CARTESIAN_POINT('Ctrl Pts',(-1.29145900461833,0.0735637991938487,
5.07729178972029));
#7533=CARTESIAN_POINT('Ctrl Pts',(-1.29081602873565,0.00105998407750154,
5.08132491882399));
#7534=CARTESIAN_POINT('Ctrl Pts',(-1.28911350906229,0.00109047010890019,
4.59367508117602));
#7535=CARTESIAN_POINT('Ctrl Pts',(-1.28671465664822,-0.297708221576447,
4.61024018607871));
#7536=CARTESIAN_POINT('Ctrl Pts',(-1.03460091940128,-1.02967868381417,4.65061744685773));
#7537=CARTESIAN_POINT('Ctrl Pts',(0.18330933009918,-1.51358486117965,4.71480686351308));
#7538=CARTESIAN_POINT('Ctrl Pts',(1.37097786467209,-0.667054073574842,4.78624333114206));
#7539=CARTESIAN_POINT('Ctrl Pts',(1.30407455309841,0.789893032286531,4.85767979877106));
#7540=CARTESIAN_POINT('Ctrl Pts',(0.0438221279088389,1.52401478457368,4.92911626640003));
#7541=CARTESIAN_POINT('Ctrl Pts',(-1.08473152809008,0.950784715478503,4.99111469386837));
#7542=CARTESIAN_POINT('Ctrl Pts',(-1.28699576276465,0.259027583854934,5.02930096546036));
#7543=CARTESIAN_POINT('Ctrl Pts',(-1.28825138420576,-0.000687168703506005,
5.04367508117602));
#7544=CARTESIAN_POINT('Origin',(0.,0.,-0.993675081176067));
#7545=CARTESIAN_POINT('',(-1.29211123959538,4.01719985724191E-5,4.14367508117602));
#7546=CARTESIAN_POINT('',(-1.28805724133351,-0.000485439482715218,4.18132491882399));
#7547=CARTESIAN_POINT('',(-1.29,9.09093710413691E-13,-0.993675081176067));
#7548=CARTESIAN_POINT('Ctrl Pts',(-1.28805724133351,-0.000485439482715254,
4.18132491882399));
#7549=CARTESIAN_POINT('Ctrl Pts',(-1.28868243151745,-0.185230399977114,
4.19154591920435));
#7550=CARTESIAN_POINT('Ctrl Pts',(-1.16511791874703,-0.799583444664846,
4.22557907546103));
#7551=CARTESIAN_POINT('Ctrl Pts',(-0.220629717652316,-1.50859667758181,
4.28342438759405));
#7552=CARTESIAN_POINT('Ctrl Pts',(1.14766915347988,-1.00369164690805,4.35486085522304));
#7553=CARTESIAN_POINT('Ctrl Pts',(1.46574435160543,0.419684290460125,4.42629732285202));
#7554=CARTESIAN_POINT('Ctrl Pts',(0.44252758247344,1.4590101941633,4.49773379048101));
#7555=CARTESIAN_POINT('Ctrl Pts',(-0.923788440155648,1.17601785861155,4.56607632247166));
#7556=CARTESIAN_POINT('Ctrl Pts',(-1.28833456952832,0.371206506678548,4.61060669858599));
#7557=CARTESIAN_POINT('Ctrl Pts',(-1.29128235941224,-0.000896439511990192,
4.63132491882399));
#7558=CARTESIAN_POINT('Ctrl Pts',(-1.29211123959538,4.01719985723863E-5,
4.14367508117602));
#7559=CARTESIAN_POINT('Ctrl Pts',(-1.29191733409026,-0.424754005351619,
4.16736725082074));
#7560=CARTESIAN_POINT('Ctrl Pts',(-0.831034096986464,-1.2768543107994,4.21487157634178));
#7561=CARTESIAN_POINT('Ctrl Pts',(0.620381217577482,-1.39271985243648,4.28618805773917));
#7562=CARTESIAN_POINT('Ctrl Pts',(1.50653213402909,-0.234312551160583,4.35762452536815));
#7563=CARTESIAN_POINT('Ctrl Pts',(1.01406648097096,1.13851245696513,4.42906099299713));
#7564=CARTESIAN_POINT('Ctrl Pts',(-0.406364013774368,1.46949301828991,4.50049746062612));
#7565=CARTESIAN_POINT('Ctrl Pts',(-1.21178529170739,0.690823594138687,4.55536882335242));
#7566=CARTESIAN_POINT('Ctrl Pts',(-1.29016298057636,0.131811607235442,4.58642803020238));
#7567=CARTESIAN_POINT('Ctrl Pts',(-1.28911350906229,0.00109047010890019,
4.59367508117602));
#7568=CARTESIAN_POINT('Origin',(0.,0.,-0.993675081176067));
#7569=CARTESIAN_POINT('',(-1.28923046052212,-0.00111606077719206,3.69367508117602));
#7570=CARTESIAN_POINT('',(-1.28950640407795,0.00115823023382716,3.73132491882399));
#7571=CARTESIAN_POINT('',(-1.29,9.09093710413691E-13,-0.993675081176067));
#7572=CARTESIAN_POINT('Ctrl Pts',(-1.28950640407795,0.00115823023382713,
3.73132491882399));
#7573=CARTESIAN_POINT('Ctrl Pts',(-1.28677587631228,-0.311521774996608,
3.74867298394637));
#7574=CARTESIAN_POINT('Ctrl Pts',(-1.01532188500044,-1.05763800796162,3.78983320494509));
#7575=CARTESIAN_POINT('Ctrl Pts',(0.232842231832769,-1.50676006815862,3.85480558182013));
#7576=CARTESIAN_POINT('Ctrl Pts',(1.39211375656666,-0.621740055569925,3.92624204944912));
#7577=CARTESIAN_POINT('Ctrl Pts',(1.2774721346141,0.832229747850153,3.99767851707811));
#7578=CARTESIAN_POINT('Ctrl Pts',(-0.00617492179670521,1.52463217802296,
4.06911498470709));
#7579=CARTESIAN_POINT('Ctrl Pts',(-1.10131793813058,0.922406931657514,4.13033045195572));
#7580=CARTESIAN_POINT('Ctrl Pts',(-1.28722590812851,0.24517519956795,4.16773376332802));
#7581=CARTESIAN_POINT('Ctrl Pts',(-1.28805724133351,-0.000485439482715254,
4.18132491882399));
#7582=CARTESIAN_POINT('Ctrl Pts',(-1.28923046052212,-0.00111606077719201,
3.69367508117602));
#7583=CARTESIAN_POINT('Ctrl Pts',(-1.29027588800096,-0.127479605161313,
3.70068215968644));
#7584=CARTESIAN_POINT('Ctrl Pts',(-1.21518008194689,-0.682048741348046,
3.73150139407318));
#7585=CARTESIAN_POINT('Ctrl Pts',(-0.421114495477888,-1.46533409985301,
3.78613278433626));
#7586=CARTESIAN_POINT('Ctrl Pts',(1.00257118033645,-1.14864810575407,3.85756925196525));
#7587=CARTESIAN_POINT('Ctrl Pts',(1.50881128024508,0.219157393438662,3.92900571959423));
#7588=CARTESIAN_POINT('Ctrl Pts',(0.634349180562318,1.38641356009437,4.00044218722322));
#7589=CARTESIAN_POINT('Ctrl Pts',(-0.820601228280703,1.28497278828691,4.0718786548522));
#7590=CARTESIAN_POINT('Ctrl Pts',(-1.29113319522711,0.431287391036267,4.11962295283647));
#7591=CARTESIAN_POINT('Ctrl Pts',(-1.29211222160721,0.00219149259581823,
4.14355509494441));
#7592=CARTESIAN_POINT('Ctrl Pts',(-1.29211123959538,4.01719985723863E-5,
4.14367508117602));
#7593=CARTESIAN_POINT('Origin',(0.,0.,-0.993675081176067));
#7594=CARTESIAN_POINT('',(-1.28818467879939,0.000627772440377761,3.24367508117602));
#7595=CARTESIAN_POINT('',(-1.29206642550191,-0.000220422136844259,3.28132491882398));
#7596=CARTESIAN_POINT('',(-1.29,9.09093710413691E-13,-0.993675081176067));
#7597=CARTESIAN_POINT('Ctrl Pts',(-1.29206642550191,-0.000220422136844283,
3.28132491882398));
#7598=CARTESIAN_POINT('Ctrl Pts',(-1.2920945466198,-0.0121084751930697,
3.28198789281207));
#7599=CARTESIAN_POINT('Ctrl Pts',(-1.28656131589653,-0.450955030659105,
3.30646302267648));
#7600=CARTESIAN_POINT('Ctrl Pts',(-0.791165280453232,-1.3033030756227,3.35475030841724));
#7601=CARTESIAN_POINT('Ctrl Pts',(0.6657158306959,-1.37162817143827,3.42618677604621));
#7602=CARTESIAN_POINT('Ctrl Pts',(1.51340523988788,-0.184786330127867,3.49762324367521));
#7603=CARTESIAN_POINT('Ctrl Pts',(0.976188550520661,1.17115213433379,3.56905971130419));
#7604=CARTESIAN_POINT('Ctrl Pts',(-0.454331162602378,1.45537782125832,3.64049617893318));
#7605=CARTESIAN_POINT('Ctrl Pts',(-1.22266415614113,0.662198545321375,3.69458458143977));
#7606=CARTESIAN_POINT('Ctrl Pts',(-1.29052383046867,0.117666435413672,3.72486082807004));
#7607=CARTESIAN_POINT('Ctrl Pts',(-1.28950640407795,0.00115823023382713,
3.73132491882399));
#7608=CARTESIAN_POINT('Ctrl Pts',(-1.28818467879939,0.000627772440377761,
3.24367508117602));
#7609=CARTESIAN_POINT('Ctrl Pts',(-1.28706019344297,-0.25478420568372,3.25780922442847));
#7610=CARTESIAN_POINT('Ctrl Pts',(-1.089888118693,-0.942095758486275,3.29575552355724));
#7611=CARTESIAN_POINT('Ctrl Pts',(0.0285008621825844,-1.52437828092258,
3.35751397856234));
#7612=CARTESIAN_POINT('Ctrl Pts',(1.2960688447376,-0.802961388980918,3.42895044619133));
#7613=CARTESIAN_POINT('Ctrl Pts',(1.37761367901631,0.653239614445403,3.50038691382031));
#7614=CARTESIAN_POINT('Ctrl Pts',(0.198514281833516,1.51166581042297,3.5718233814493));
#7615=CARTESIAN_POINT('Ctrl Pts',(-1.0287696720286,1.0382630114956,3.63625277056787));
#7616=CARTESIAN_POINT('Ctrl Pts',(-1.28672321165426,0.30194164529084,3.67687000381011));
#7617=CARTESIAN_POINT('Ctrl Pts',(-1.28923046052212,-0.00111606077719201,
3.69367508117602));
#7618=CARTESIAN_POINT('Origin',(0.,0.,-0.993675081176067));
#7619=CARTESIAN_POINT('',(-1.2915213959206,0.000773194011950921,2.79367508117602));
#7620=CARTESIAN_POINT('',(-1.28886266309788,-0.0010176761356178,2.83132491882398));
#7621=CARTESIAN_POINT('',(-1.29,9.09093710413691E-13,-0.993675081176067));
#7622=CARTESIAN_POINT('Ctrl Pts',(-1.28886266309788,-0.00101767613561791,
2.83132491882398));
#7623=CARTESIAN_POINT('Ctrl Pts',(-1.28990125997884,-0.141602189996864,
2.8391149575541));
#7624=CARTESIAN_POINT('Ctrl Pts',(-1.20390404040124,-0.710681942449613,
2.87071715216054));
#7625=CARTESIAN_POINT('Ctrl Pts',(-0.372838730253086,-1.47835472372009,
2.92613150264332));
#7626=CARTESIAN_POINT('Ctrl Pts',(1.03969698557536,-1.11515540894878,2.99756797027229));
#7627=CARTESIAN_POINT('Ctrl Pts',(1.50081357186279,0.26851448831427,3.0690044379013));
#7628=CARTESIAN_POINT('Ctrl Pts',(0.588546603176413,1.40646873545477,3.14044090553026));
#7629=CARTESIAN_POINT('Ctrl Pts',(-0.848830374534223,1.25875739227782,3.21121439917118));
#7630=CARTESIAN_POINT('Ctrl Pts',(-1.2910845153747,0.414876862886457,3.25817573693574));
#7631=CARTESIAN_POINT('Ctrl Pts',(-1.29206642550191,-0.000220422136844283,
3.28132491882398));
#7632=CARTESIAN_POINT('Ctrl Pts',(-1.2915213959206,0.000773194011950947,
2.79367508117602));
#7633=CARTESIAN_POINT('Ctrl Pts',(-1.28881745400235,-0.380896739821707,
2.81493628917049));
#7634=CARTESIAN_POINT('Ctrl Pts',(-0.907707574813222,-1.19472216109612,
2.8600096530413));
#7635=CARTESIAN_POINT('Ctrl Pts',(0.475594895650074,-1.44856858233402,2.92889517278843));
#7636=CARTESIAN_POINT('Ctrl Pts',(1.47490998706398,-0.386240821965444,3.00033164041741));
#7637=CARTESIAN_POINT('Ctrl Pts',(1.12454570505237,1.02953309793415,3.0717681080464));
#7638=CARTESIAN_POINT('Ctrl Pts',(-0.254882150936939,1.50318878775335,3.14320457567539));
#7639=CARTESIAN_POINT('Ctrl Pts',(-1.17428907006144,0.779734104925781,3.20050690005192));
#7640=CARTESIAN_POINT('Ctrl Pts',(-1.28895464294086,0.175514944901156,3.23399706855214));
#7641=CARTESIAN_POINT('Ctrl Pts',(-1.28818467879939,0.000627772440377761,
3.24367508117602));
#7642=CARTESIAN_POINT('Origin',(0.,0.,-0.993675081176067));
#7643=CARTESIAN_POINT('',(-1.29052690318578,-0.00112342073018884,2.34367508117602));
#7644=CARTESIAN_POINT('',(-1.28842455473428,0.000812132858897532,2.38132491882399));
#7645=CARTESIAN_POINT('',(-1.29,9.09093710413691E-13,-0.993675081176067));
#7646=CARTESIAN_POINT('Ctrl Pts',(-1.28842455473428,0.000812132858897599,
2.38132491882399));
#7647=CARTESIAN_POINT('Ctrl Pts',(-1.28687193046691,-0.268622655586867,
2.39624202229613));
#7648=CARTESIAN_POINT('Ctrl Pts',(-1.07282318051374,-0.970414153333993,
2.4349712816446));
#7649=CARTESIAN_POINT('Ctrl Pts',(0.0784709383046785,-1.52262395875161,
2.4975126968694));
#7650=CARTESIAN_POINT('Ctrl Pts',(1.32170151370255,-0.76003060240917,2.56894916449839));
#7651=CARTESIAN_POINT('Ctrl Pts',(1.35545267237978,0.698061215697226,2.64038563212737));
#7652=CARTESIAN_POINT('Ctrl Pts',(0.148838975160102,1.5173623059097,2.71182209975636));
#7653=CARTESIAN_POINT('Ctrl Pts',(-1.04754422117722,1.01020945939247,2.77546852865523));
#7654=CARTESIAN_POINT('Ctrl Pts',(-1.28672653496414,0.288128710431209,2.81530280167777));
#7655=CARTESIAN_POINT('Ctrl Pts',(-1.28886266309788,-0.00101767613561791,
2.83132491882398));
#7656=CARTESIAN_POINT('Ctrl Pts',(-1.29052690318578,-0.00112342073018889,
2.34367508117602));
#7657=CARTESIAN_POINT('Ctrl Pts',(-1.29127947573142,-0.0834361909638655,
2.34825119803619));
#7658=CARTESIAN_POINT('Ctrl Pts',(-1.24660917278703,-0.593255738089161,
2.3766394707727));
#7659=CARTESIAN_POINT('Ctrl Pts',(-0.567887273223603,-1.41493656656698,
2.42883989938552));
#7660=CARTESIAN_POINT('Ctrl Pts',(0.880615503101126,-1.24461149688996,2.50027636701452));
#7661=CARTESIAN_POINT('Ctrl Pts',(1.52327345439885,0.0646484772969959,2.57171283464349));
#7662=CARTESIAN_POINT('Ctrl Pts',(0.771994976002684,1.31474910135768,2.64314930227249));
#7663=CARTESIAN_POINT('Ctrl Pts',(-0.685730475183734,1.36173241053363,2.71458576990147));
#7664=CARTESIAN_POINT('Ctrl Pts',(-1.26885601138601,0.519493632313687,2.76476102953598));
#7665=CARTESIAN_POINT('Ctrl Pts',(-1.29184581845157,0.0465664579475408,
2.79112413329416));
#7666=CARTESIAN_POINT('Ctrl Pts',(-1.2915213959206,0.000773194011950947,
2.79367508117602));
#7667=CARTESIAN_POINT('Origin',(0.,0.,-0.993675081176067));
#7668=CARTESIAN_POINT('',(-1.28788611543217,-6.01596730162579E-5,1.89367508117602));
#7669=CARTESIAN_POINT('',(-1.29180987855337,0.000563717365032388,1.93132491882398));
#7670=CARTESIAN_POINT('',(-1.29,9.09093710413691E-13,-0.993675081176067));
#7671=CARTESIAN_POINT('Ctrl Pts',(-1.29180987855337,0.000563717365032411,
1.93132491882398));
#7672=CARTESIAN_POINT('Ctrl Pts',(-1.2896432365245,-0.394928355105228,1.95336908703816));
#7673=CARTESIAN_POINT('Ctrl Pts',(-0.883852604623156,-1.22147589577608,
1.99922541112866));
#7674=CARTESIAN_POINT('Ctrl Pts',(0.522838687915951,-1.43219450996277,2.06889389109548));
#7675=CARTESIAN_POINT('Ctrl Pts',(1.48678192981381,-0.337669810757754,2.14033035872447));
#7676=CARTESIAN_POINT('Ctrl Pts',(1.09018187005262,1.06585406980773,2.21176682635346));
#7677=CARTESIAN_POINT('Ctrl Pts',(-0.304035668875785,1.49402266380988,2.28320329398244));
#7678=CARTESIAN_POINT('Ctrl Pts',(-1.186994007317,0.751100715499129,2.33972265813928));
#7679=CARTESIAN_POINT('Ctrl Pts',(-1.28935038287834,0.161475801057727,2.3724298664198));
#7680=CARTESIAN_POINT('Ctrl Pts',(-1.28842455473428,0.000812132858897599,
2.38132491882399));
#7681=CARTESIAN_POINT('Ctrl Pts',(-1.28788611543217,-6.01596730163446E-5,
1.89367508117602));
#7682=CARTESIAN_POINT('Ctrl Pts',(-1.28797416526006,-0.211665785528468,
1.90537826277822));
#7683=CARTESIAN_POINT('Ctrl Pts',(-1.1385438556556,-0.853702704922636,1.94089360025675));
#7684=CARTESIAN_POINT('Ctrl Pts',(-0.126602873597762,-1.51937920055008,
2.00022109361161));
#7685=CARTESIAN_POINT('Ctrl Pts',(1.20773260159881,-0.930550055351811,2.0716575612406));
#7686=CARTESIAN_POINT('Ctrl Pts',(1.43688078036813,0.509818659389636,2.14309402886958));
#7687=CARTESIAN_POINT('Ctrl Pts',(0.351149835462953,1.48365603681409,2.21453049649857));
#7688=CARTESIAN_POINT('Ctrl Pts',(-0.965781174703706,1.12439917865726,2.28139084726738));
#7689=CARTESIAN_POINT('Ctrl Pts',(-1.28736340992441,0.344884277089572,2.32443904215986));
#7690=CARTESIAN_POINT('Ctrl Pts',(-1.29052690318578,-0.00112342073018889,
2.34367508117602));
#7691=CARTESIAN_POINT('Origin',(0.,0.,-0.993675081176067));
#7692=CARTESIAN_POINT('',(-1.29030616977276,0.00115530266927909,1.44367508117602));
#7693=CARTESIAN_POINT('',(-1.29009981655131,-0.0011728997189478,1.48132491882398));
#7694=CARTESIAN_POINT('',(-1.29,9.09093710413691E-13,-0.993675081176067));
#7695=CARTESIAN_POINT('Ctrl Pts',(-1.29009981655131,-0.00117289971894794,
1.48132491882398));
#7696=CARTESIAN_POINT('Ctrl Pts',(-1.29098891469916,-0.097651150738374,
1.48668399590385));
#7697=CARTESIAN_POINT('Ctrl Pts',(-1.23706440946127,-0.621829829783837,
1.51585522886005));
#7698=CARTESIAN_POINT('Ctrl Pts',(-0.521185148045572,-1.43279707115113,
1.56883861769258));
#7699=CARTESIAN_POINT('Ctrl Pts',(0.920953597045176,-1.21506620441175,1.64027508532157));
#7700=CARTESIAN_POINT('Ctrl Pts',(1.52033442141266,0.114562886656666,1.71171155295055));
#7701=CARTESIAN_POINT('Ctrl Pts',(0.728468303787818,1.33935631479834,1.78314802057954));
#7702=CARTESIAN_POINT('Ctrl Pts',(-0.730013846326083,1.33851454690204,1.85458448820852));
#7703=CARTESIAN_POINT('Ctrl Pts',(-1.27654467881529,0.491041641327358,1.90397678762334));
#7704=CARTESIAN_POINT('Ctrl Pts',(-1.29198364770348,0.032282995580259,1.92955693116183));
#7705=CARTESIAN_POINT('Ctrl Pts',(-1.29180987855337,0.000563717365032411,
1.93132491882398));
#7706=CARTESIAN_POINT('Ctrl Pts',(-1.29030616977276,0.00115530266927902,
1.44367508117602));
#7707=CARTESIAN_POINT('Ctrl Pts',(-1.28717973640013,-0.33770232960319,1.46250532752025));
#7708=CARTESIAN_POINT('Ctrl Pts',(-0.976798474544811,-1.11013733694654,
1.50514772974081));
#7709=CARTESIAN_POINT('Ctrl Pts',(0.325881427496789,-1.4894102001586,1.57160228783769));
#7710=CARTESIAN_POINT('Ctrl Pts',(1.42800783031322,-0.534167651416935,1.64303875546668));
#7711=CARTESIAN_POINT('Ctrl Pts',(1.22337467861643,0.909887815027515,1.71447522309566));
#7712=CARTESIAN_POINT('Ctrl Pts',(-0.100759718637199,1.52131157975109,1.78591169072465));
#7713=CARTESIAN_POINT('Ctrl Pts',(-1.13086695064588,0.868496351589608,1.84564497675144));
#7714=CARTESIAN_POINT('Ctrl Pts',(-1.28779501259047,0.218882617328928,1.88156610690189));
#7715=CARTESIAN_POINT('Ctrl Pts',(-1.28788611543217,-6.01596730163446E-5,
1.89367508117602));
#7716=CARTESIAN_POINT('Origin',(0.,0.,-0.993675081176067));
#7717=CARTESIAN_POINT('',(-1.29168030389077,-0.000668987684964012,0.993675081176017));
#7718=CARTESIAN_POINT('',(-1.28790434579538,0.000171501482076061,1.03132491882398));
#7719=CARTESIAN_POINT('',(-1.29,9.09093710413691E-13,-0.993675081176067));
#7720=CARTESIAN_POINT('Ctrl Pts',(-1.28790434579538,0.000171501482076099,
1.03132491882398));
#7721=CARTESIAN_POINT('Ctrl Pts',(-1.28763637473185,-0.22558289351343,1.04381106064588));
#7722=CARTESIAN_POINT('Ctrl Pts',(-1.12357382171999,-0.882234830578218,
1.08010935834411));
#7723=CARTESIAN_POINT('Ctrl Pts',(-0.0767133134756974,-1.5227134859425,
1.14021981191866));
#7724=CARTESIAN_POINT('Ctrl Pts',(1.23759649539994,-0.890447281534532,1.21165627954765));
#7725=CARTESIAN_POINT('Ctrl Pts',(1.41939077210612,0.556660806827986,1.28309274717664));
#7726=CARTESIAN_POINT('Ctrl Pts',(0.302310906422986,1.49437261329957,1.35452921480562));
#7727=CARTESIAN_POINT('Ctrl Pts',(-0.986856105877782,1.0968363564346,1.42060660535474));
#7728=CARTESIAN_POINT('Ctrl Pts',(-1.28703835691275,0.331033698856249,1.46287184002753));
#7729=CARTESIAN_POINT('Ctrl Pts',(-1.29009981655131,-0.00117289971894794,
1.48132491882398));
#7730=CARTESIAN_POINT('Ctrl Pts',(-1.29168030389077,-0.00066898768496393,
0.993675081176017));
#7731=CARTESIAN_POINT('Ctrl Pts',(-1.29192330733805,-0.0391652179861792,
0.995820236385946));
#7732=CARTESIAN_POINT('Ctrl Pts',(-1.27290309775223,-0.504742873873542,
1.0217775474722));
#7733=CARTESIAN_POINT('Ctrl Pts',(-0.708776631731642,-1.34988011995528,
1.07154701443479));
#7734=CARTESIAN_POINT('Ctrl Pts',(0.749536615236316,-1.32768087959234,1.14298348206378));
#7735=CARTESIAN_POINT('Ctrl Pts',(1.52195461018479,-0.0905301320337062,
1.21441994969276));
#7736=CARTESIAN_POINT('Ctrl Pts',(0.901642914387501,1.22946385969629,1.28585641732175));
#7737=CARTESIAN_POINT('Ctrl Pts',(-0.543755570865203,1.42438455492845,1.35729288495074));
#7738=CARTESIAN_POINT('Ctrl Pts',(-1.24172954656182,0.608061699829125,1.40989910623549));
#7739=CARTESIAN_POINT('Ctrl Pts',(-1.2911333287985,0.0908067091024169,1.43869317164392));
#7740=CARTESIAN_POINT('Ctrl Pts',(-1.29030616977276,0.00115530266927902,
1.44367508117602));
#7741=CARTESIAN_POINT('Origin',(0.,0.,-0.993675081176067));
#7742=CARTESIAN_POINT('',(-1.28829862585256,-0.000722535231652,0.543675081176017));
#7743=CARTESIAN_POINT('',(-1.29072892239078,0.00108389042693654,0.581324918823984));
#7744=CARTESIAN_POINT('',(-1.29,9.09093710413691E-13,-0.993675081176067));
#7745=CARTESIAN_POINT('Ctrl Pts',(-1.29072892239078,0.00108389042693648,
0.581324918823984));
#7746=CARTESIAN_POINT('Ctrl Pts',(-1.28756480647888,-0.351565615072403,
0.60093812538791));
#7747=CARTESIAN_POINT('Ctrl Pts',(-0.955357140598789,-1.13761041337069,
0.644363487828164));
#7748=CARTESIAN_POINT('Ctrl Pts',(0.374544846522764,-1.4779215999804,0.711601006144748));
#7749=CARTESIAN_POINT('Ctrl Pts',(1.44475567429015,-0.487055977475081,0.783037473773735));
#7750=CARTESIAN_POINT('Ctrl Pts',(1.19288091691774,0.949514289682928,0.854473941402719));
#7751=CARTESIAN_POINT('Ctrl Pts',(-0.150590361242713,1.51718923016487,0.925910409031708));
#7752=CARTESIAN_POINT('Ctrl Pts',(-1.14552300864699,0.839942461775918,0.984860734838793));
#7753=CARTESIAN_POINT('Ctrl Pts',(-1.28814741880185,0.204950326441786,1.01999890476955));
#7754=CARTESIAN_POINT('Ctrl Pts',(-1.28790434579538,0.000171501482076099,
1.03132491882398));
#7755=CARTESIAN_POINT('Ctrl Pts',(-1.28829862585256,-0.000722535231651913,
0.543675081176017));
#7756=CARTESIAN_POINT('Ctrl Pts',(-1.28915938336631,-0.168242620355033,
0.552947301127975));
#7757=CARTESIAN_POINT('Ctrl Pts',(-1.18095756487917,-0.764908960643262,
0.586031676956261));
#7758=CARTESIAN_POINT('Ctrl Pts',(-0.280388994279329,-1.49862891600912,
0.642928208660873));
#7759=CARTESIAN_POINT('Ctrl Pts',(1.10688112515501,-1.04850379069824,0.714364676289862));
#7760=CARTESIAN_POINT('Ctrl Pts',(1.48126352330143,0.361118918481691,0.785801143918845));
#7761=CARTESIAN_POINT('Ctrl Pts',(0.500146609533228,1.44027410697063,0.857237611547833));
#7762=CARTESIAN_POINT('Ctrl Pts',(-0.895442384268993,1.20862196001003,0.926528923966889));
#7763=CARTESIAN_POINT('Ctrl Pts',(-1.28922586337768,0.388159682487506,0.972008080509617));
#7764=CARTESIAN_POINT('Ctrl Pts',(-1.29168030389077,-0.00066898768496393,
0.993675081176017));
#7765=CARTESIAN_POINT('Origin',(0.,0.,-0.993675081176067));
#7766=CARTESIAN_POINT('',(-1.2887322647168,0.00161281641018904,0.0936750811760166));
#7767=CARTESIAN_POINT('',(-1.29136086507513,-0.000817144012794375,0.131324918823984));
#7768=CARTESIAN_POINT('',(-1.29,9.09093710413691E-13,-0.993675081176067));
#7769=CARTESIAN_POINT('',(-0.335179827523351,1.24569437793602,0.));
#7770=CARTESIAN_POINT('Ctrl Pts',(-0.335179827523351,1.24569437793602,0.));
#7771=CARTESIAN_POINT('Ctrl Pts',(-0.749348814541405,1.13425364889922,0.0238121558763287));
#7772=CARTESIAN_POINT('Ctrl Pts',(-1.2091605898686,0.697287146275891,0.0550371829350009));
#7773=CARTESIAN_POINT('Ctrl Pts',(-1.28975469665809,0.135387266853987,0.0862622099936731));
#7774=CARTESIAN_POINT('Ctrl Pts',(-1.2887322647168,0.00161281641018895,
0.0936750811760166));
#7775=CARTESIAN_POINT('',(0.335982132694573,1.24785741561024,-8.67361737988404E-18));
#7776=CARTESIAN_POINT('Origin',(0.,0.,0.));
#7777=CARTESIAN_POINT('Ctrl Pts',(0.335983842308549,1.24786202477838,-6.11218974738703E-17));
#7778=CARTESIAN_POINT('Ctrl Pts',(-0.0607759295107683,1.35346554927707,
0.0228909324946244));
#7779=CARTESIAN_POINT('Ctrl Pts',(-0.926503763932843,1.16460890725367,0.0666659054359522));
#7780=CARTESIAN_POINT('Ctrl Pts',(-1.28847090613576,0.374107686604182,0.11044087837728));
#7781=CARTESIAN_POINT('Ctrl Pts',(-1.29136086507513,-0.00081714401279429,
0.131324918823984));
#7782=CARTESIAN_POINT('Origin',(1.45000002235174,1.35677315410359,0.1));
#7783=CARTESIAN_POINT('',(0.233012701892219,2.05940111117126,-3.46944695195361E-17));
#7784=CARTESIAN_POINT('',(0.346410161513776,2.10940111117126,0.1));
#7785=CARTESIAN_POINT('Origin',(0.146410161513775,2.10940111117126,0.1));
#7786=CARTESIAN_POINT('',(1.65358986828855,1.35470055558563,0.1));
#7787=CARTESIAN_POINT('',(1.50000002235174,1.44337569448204,0.1));
#7788=CARTESIAN_POINT('',(1.6669873279101,1.23149547482874,0.));
#7789=CARTESIAN_POINT('Origin',(1.75358986828855,1.18149547482874,0.1));
#7790=CARTESIAN_POINT('',(1.45000002235174,1.35677315410359,0.));
#7791=CARTESIAN_POINT('Origin',(-0.0330106741969251,2.21558545326773,0.312368684192933));
#7792=CARTESIAN_POINT('',(-0.233012701892218,2.05940111117126,-3.46944695195361E-17));
#7793=CARTESIAN_POINT('',(-0.0165053370984621,2.05940111117126,-3.46944695195361E-17));
#7794=CARTESIAN_POINT('',(-0.346410161513774,2.10940111117126,0.1));
#7795=CARTESIAN_POINT('Origin',(-0.146410161513774,2.10940111117126,0.1));
#7796=CARTESIAN_POINT('',(-0.0499999999999995,2.28053359771178,0.442264973081037));
#7797=CARTESIAN_POINT('',(-0.165221891270734,2.21401020777008,0.309218193197644));
#7798=CARTESIAN_POINT('',(0.0500000000000004,2.28053359771178,0.442264973081037));
#7799=CARTESIAN_POINT('Origin',(4.16333634234434E-16,2.19393105733334,0.269059892324149));
#7800=CARTESIAN_POINT('',(0.652842895897469,1.93248208948632,-0.253838043369877));
#7801=CARTESIAN_POINT('Origin',(-2.77555756156289E-16,0.,0.));
#7802=CARTESIAN_POINT('',(1.90000002980232,0.827905636342519,0.));
#7803=CARTESIAN_POINT('',(1.77524101030698,1.04399459681092,0.));
#7804=CARTESIAN_POINT('',(1.90000002980232,-0.827905636342521,0.));
#7805=CARTESIAN_POINT('',(1.90000002980232,-0.577350277792816,0.));
#7806=CARTESIAN_POINT('',(1.6669873279101,-1.23149547482874,0.));
#7807=CARTESIAN_POINT('',(1.79174634740544,-1.01540651436034,0.));
#7808=CARTESIAN_POINT('',(0.233012701892217,-2.05940111117126,-3.46944695195361E-17));
#7809=CARTESIAN_POINT('',(0.450000007450579,-1.93412343189641,0.));
#7810=CARTESIAN_POINT('',(-0.23301270189222,-2.05940111117126,-3.46944695195361E-17));
#7811=CARTESIAN_POINT('',(0.016505337098461,-2.05940111117126,-3.46944695195361E-17));
#7812=CARTESIAN_POINT('',(-1.6669873279101,-1.23149547482874,0.));
#7813=CARTESIAN_POINT('',(-1.45000002235174,-1.35677315410359,0.));
#7814=CARTESIAN_POINT('',(-1.90000002980232,-0.827905636342518,0.));
#7815=CARTESIAN_POINT('',(-1.77524101030698,-1.04399459681092,0.));
#7816=CARTESIAN_POINT('',(-1.90000002980232,0.82790563634252,3.46944695195361E-17));
#7817=CARTESIAN_POINT('',(-1.90000002980232,0.577350277792816,0.));
#7818=CARTESIAN_POINT('',(-1.6669873279101,1.23149547482874,3.46944695195361E-17));
#7819=CARTESIAN_POINT('',(-1.79174634740544,1.01540651436034,3.46944695195361E-17));
#7820=CARTESIAN_POINT('',(-0.45000000745058,1.93412343189641,0.));
#7821=CARTESIAN_POINT('Ctrl Pts',(-0.335179827523351,1.24569437793602,0.));
#7822=CARTESIAN_POINT('Ctrl Pts',(-0.384285889895858,1.22728285178238,0.));
#7823=CARTESIAN_POINT('Ctrl Pts',(-0.431988101199171,1.20570186303156,-2.71848073766165E-16));
#7824=CARTESIAN_POINT('Ctrl Pts',(-0.478108947356905,1.18122190692535,-1.76941794549634E-16));
#7825=CARTESIAN_POINT('Ctrl Pts',(-0.524762579318609,1.15645915953966,-8.09391625450108E-17));
#7826=CARTESIAN_POINT('Ctrl Pts',(-0.569798881850097,1.12872913874885,5.85848017695506E-17));
#7827=CARTESIAN_POINT('Ctrl Pts',(-0.613000890708036,1.0982690814911,4.85722573273506E-17));
#7828=CARTESIAN_POINT('Ctrl Pts',(-0.644220266731428,1.0762575129006,4.13368208706841E-17));
#7829=CARTESIAN_POINT('Ctrl Pts',(-0.674481104813176,1.0528193697448,-1.81339268999712E-17));
#7830=CARTESIAN_POINT('Ctrl Pts',(-0.703687443843109,1.02803474909492,-1.38777878078145E-17));
#7831=CARTESIAN_POINT('Ctrl Pts',(-0.716144526834474,1.01746361671066,-1.20624600517595E-17));
#7832=CARTESIAN_POINT('Ctrl Pts',(-0.728409614203,1.00664745770188,2.92484862513712E-17));
#7833=CARTESIAN_POINT('Ctrl Pts',(-0.740474495676913,0.995592202632622,
3.46944695195361E-17));
#7834=CARTESIAN_POINT('Ctrl Pts',(-0.748076109313833,0.988626715414548,
3.81257722444927E-17));
#7835=CARTESIAN_POINT('Ctrl Pts',(-0.755599115636412,0.981565309112399,
-3.16138979507283E-16));
#7836=CARTESIAN_POINT('Ctrl Pts',(-0.763028649631191,0.974422129155998,
-3.01841884819964E-16));
#7837=CARTESIAN_POINT('Ctrl Pts',(-0.800183850146501,0.938698989079713,
-2.30341919914095E-16));
#7838=CARTESIAN_POINT('Ctrl Pts',(-0.835081104400222,0.900864697503524,
2.60790791287937E-16));
#7839=CARTESIAN_POINT('Ctrl Pts',(-0.867523237062422,0.861146946293611,
2.08166817117217E-16));
#7840=CARTESIAN_POINT('Ctrl Pts',(-0.89922436842672,0.822336376664599,1.56744811804935E-16));
#7841=CARTESIAN_POINT('Ctrl Pts',(-0.928581674885467,0.781726417276742,
1.6447431636889E-16));
#7842=CARTESIAN_POINT('Ctrl Pts',(-0.955367325375136,0.739508717766777,
2.22044604925031E-16));
#7843=CARTESIAN_POINT('Ctrl Pts',(-0.973966752239491,0.710193580741458,
2.62020276674083E-16));
#7844=CARTESIAN_POINT('Ctrl Pts',(-0.991325320027095,0.6801028189313,-6.56492433172369E-17));
#7845=CARTESIAN_POINT('Ctrl Pts',(-1.00735223686131,0.649298120324862,-4.85722573273506E-17));
#7846=CARTESIAN_POINT('Ctrl Pts',(-1.01281749025904,0.638793574412124,-4.27489254495164E-17));
#7847=CARTESIAN_POINT('Ctrl Pts',(-1.01812778413428,0.628206003157893,-9.98290829459328E-18));
#7848=CARTESIAN_POINT('Ctrl Pts',(-1.0232791682283,0.617537849489364,-6.93889390390723E-18));
#7849=CARTESIAN_POINT('Ctrl Pts',(-1.02734790267924,0.609111786985213,-4.53463011877615E-18));
#7850=CARTESIAN_POINT('Ctrl Pts',(-1.03131733195522,0.600635539576283,-1.10315698868898E-16));
#7851=CARTESIAN_POINT('Ctrl Pts',(-1.0351798515257,0.592123458018855,-9.71445146547012E-17));
#7852=CARTESIAN_POINT('Ctrl Pts',(-1.05516482419427,0.548081294820989,-2.89957967697586E-17));
#7853=CARTESIAN_POINT('Ctrl Pts',(-1.07233471538174,0.502993203881556,5.44294255505445E-17));
#7854=CARTESIAN_POINT('Ctrl Pts',(-1.08648941285575,0.457039897281425,5.55111512312578E-17));
#7855=CARTESIAN_POINT('Ctrl Pts',(-1.09660684242084,0.424193604122319,5.62843421386199E-17));
#7856=CARTESIAN_POINT('Ctrl Pts',(-1.10518286817846,0.390904884870072,3.13241215415206E-18));
#7857=CARTESIAN_POINT('Ctrl Pts',(-1.11212808942363,0.357237900338577,-1.38777878078145E-17));
#7858=CARTESIAN_POINT('Ctrl Pts',(-1.12139133586574,0.312334280472645,-3.65652830962947E-17));
#7859=CARTESIAN_POINT('Ctrl Pts',(-1.12775445329513,0.26675681035977,-4.41674035870177E-17));
#7860=CARTESIAN_POINT('Ctrl Pts',(-1.13126446027484,0.220770559988101,-5.55111512312578E-17));
#7861=CARTESIAN_POINT('Ctrl Pts',(-1.1321660432205,0.208958498271482,-5.84249145015519E-17));
#7862=CARTESIAN_POINT('Ctrl Pts',(-1.13287919918383,0.197119536820094,1.29270735175771E-16));
#7863=CARTESIAN_POINT('Ctrl Pts',(-1.13340435039184,0.185258343614151,1.2490009027033E-16));
#7864=CARTESIAN_POINT('Ctrl Pts',(-1.13383272730048,0.175582918325639,1.21334863103807E-16));
#7865=CARTESIAN_POINT('Ctrl Pts',(-1.13413590403064,0.165891612499156,2.8727910297408E-17));
#7866=CARTESIAN_POINT('Ctrl Pts',(-1.13431408148996,0.156204101883899,2.77555756156289E-17));
#7867=CARTESIAN_POINT('Ctrl Pts',(-1.13520130250438,0.107965884613125,2.29139095259216E-17));
#7868=CARTESIAN_POINT('Ctrl Pts',(-1.13299895598651,0.0597227549357952,
9.57491210830342E-17));
#7869=CARTESIAN_POINT('Ctrl Pts',(-1.12781060761559,0.0117764099173394,
6.93889390390723E-17));
#7870=CARTESIAN_POINT('Ctrl Pts',(-1.12263640457856,-0.0360392158412297,
4.31006244854464E-17));
#7871=CARTESIAN_POINT('Ctrl Pts',(-1.11449192535142,-0.0835608558288028,
2.10422615441705E-16));
#7872=CARTESIAN_POINT('Ctrl Pts',(-1.10343187430241,-0.130471354744537,
2.91433543964104E-16));
#7873=CARTESIAN_POINT('Ctrl Pts',(-1.09751930720069,-0.155549129827622,
3.34740988815754E-16));
#7874=CARTESIAN_POINT('Ctrl Pts',(-1.09077274720067,-0.180451838090811,
1.70326347837625E-17));
#7875=CARTESIAN_POINT('Ctrl Pts',(-1.08319568952417,-0.205127157659389,
1.38777878078145E-17));
#7876=CARTESIAN_POINT('Ctrl Pts',(-1.07930647446354,-0.217792710515017,
1.22584417639167E-17));
#7877=CARTESIAN_POINT('Ctrl Pts',(-1.07519840100879,-0.230398302997861,
-1.69036079397979E-16));
#7878=CARTESIAN_POINT('Ctrl Pts',(-1.07087163183519,-0.242936498105352,
-1.66533453693773E-16));
#7879=CARTESIAN_POINT('Ctrl Pts',(-1.06742129791409,-0.252934942245349,
-1.64537762679851E-16));
#7880=CARTESIAN_POINT('Ctrl Pts',(-1.06383146519368,-0.262891289412066,
5.13997361897308E-18));
#7881=CARTESIAN_POINT('Ctrl Pts',(-1.06010825163249,-0.272786447077565,
-1.38777878078145E-17));
#7882=CARTESIAN_POINT('Ctrl Pts',(-1.04379737890418,-0.316135735173914,
-9.71919144651255E-17));
#7883=CARTESIAN_POINT('Ctrl Pts',(-1.02490612310629,-0.35838412107478,-5.85099599735285E-17));
#7884=CARTESIAN_POINT('Ctrl Pts',(-1.00347941356872,-0.399234053416903,
-2.08166817117217E-16));
#7885=CARTESIAN_POINT('Ctrl Pts',(-0.989127800007439,-0.42659534479721,
-3.08407004569059E-16));
#7886=CARTESIAN_POINT('Ctrl Pts',(-0.97363786819086,-0.453328685544772,
1.05510814492655E-16));
#7887=CARTESIAN_POINT('Ctrl Pts',(-0.957014481158418,-0.479334726458502,
1.11022302462516E-16));
#7888=CARTESIAN_POINT('Ctrl Pts',(-0.949684547908648,-0.490801856689927,
1.13452543594912E-16));
#7889=CARTESIAN_POINT('Ctrl Pts',(-0.942132536732817,-0.502129423840746,
-1.49106402890829E-16));
#7890=CARTESIAN_POINT('Ctrl Pts',(-0.93437239010821,-0.513289401695616,
-1.38777878078145E-16));
#7891=CARTESIAN_POINT('Ctrl Pts',(-0.909198073208939,-0.549492946898806,
-1.05271609535226E-16));
#7892=CARTESIAN_POINT('Ctrl Pts',(-0.881808123665392,-0.583981064543607,
-2.65056481280893E-16));
#7893=CARTESIAN_POINT('Ctrl Pts',(-0.852227367869321,-0.616468186629528,
-4.9960036108132E-16));
#7894=CARTESIAN_POINT('Ctrl Pts',(-0.837840932233994,-0.632268117303653,
-6.13669469175475E-16));
#7895=CARTESIAN_POINT('Ctrl Pts',(-0.822935857472661,-0.64759414464663,
-4.0003804736384E-16));
#7896=CARTESIAN_POINT('Ctrl Pts',(-0.807512702571577,-0.662409525378647,
-4.16333634234434E-16));
#7897=CARTESIAN_POINT('Ctrl Pts',(-0.797841925156325,-0.671699210290744,
-4.26551452475068E-16));
#7898=CARTESIAN_POINT('Ctrl Pts',(-0.787967418301209,-0.680788064210337,
-2.06009467879541E-16));
#7899=CARTESIAN_POINT('Ctrl Pts',(-0.777896841196632,-0.689672907322421,
-1.94289029309402E-16));
#7900=CARTESIAN_POINT('Ctrl Pts',(0.776397497473603,-0.6885724278656,-1.66533453693773E-15));
#7901=CARTESIAN_POINT('Ctrl Pts',(0.80888896778783,-0.659710759183017,-1.68125679614458E-15));
#7902=CARTESIAN_POINT('Ctrl Pts',(0.839278015977294,-0.628772480897401,
-1.8311095038404E-15));
#7903=CARTESIAN_POINT('Ctrl Pts',(0.867557439267152,-0.596061316779152,
-1.82145964977565E-15));
#7904=CARTESIAN_POINT('Ctrl Pts',(0.897128705863255,-0.561855861282592,
-1.81136897698372E-15));
#7905=CARTESIAN_POINT('Ctrl Pts',(0.924393871405522,-0.525711391838757,
-1.71083598021576E-15));
#7906=CARTESIAN_POINT('Ctrl Pts',(0.949318717952329,-0.487924461240274,
-1.80064296806393E-15));
#7907=CARTESIAN_POINT('Ctrl Pts',(0.968497722282444,-0.458848426440658,
-1.86974704882848E-15));
#7908=CARTESIAN_POINT('Ctrl Pts',(0.986290585668847,-0.428798738641389,
-1.78402302444271E-15));
#7909=CARTESIAN_POINT('Ctrl Pts',(1.0026681513731,-0.397894561104193,-1.79023462720806E-15));
#7910=CARTESIAN_POINT('Ctrl Pts',(1.00780077674901,-0.388209387573933,-1.7921813041779E-15));
#7911=CARTESIAN_POINT('Ctrl Pts',(1.01279430081439,-0.378440204795149,-1.74111679558237E-15));
#7912=CARTESIAN_POINT('Ctrl Pts',(1.01764754935757,-0.368590467105447,-1.74513181683267E-15));
#7913=CARTESIAN_POINT('Ctrl Pts',(1.02150684173787,-0.36075797773762,-1.74832455274556E-15));
#7914=CARTESIAN_POINT('Ctrl Pts',(1.02527671082814,-0.352875790136999,-1.62059164949422E-15));
#7915=CARTESIAN_POINT('Ctrl Pts',(1.02895163040668,-0.344957023277415,-1.62717062046625E-15));
#7916=CARTESIAN_POINT('Ctrl Pts',(1.04874062663885,-0.302315424135253,-1.66259758124583E-15));
#7917=CARTESIAN_POINT('Ctrl Pts',(1.06582201327589,-0.258530389048699,-1.47775018800738E-15));
#7918=CARTESIAN_POINT('Ctrl Pts',(1.08016490977175,-0.213916297858604,-1.5334955527635E-15));
#7919=CARTESIAN_POINT('Ctrl Pts',(1.09479046971214,-0.168422971941151,-1.59033952245082E-15));
#7920=CARTESIAN_POINT('Ctrl Pts',(1.10656920438191,-0.122066643518566,-1.7551719917E-15));
#7921=CARTESIAN_POINT('Ctrl Pts',(1.11542884334718,-0.0751446634484884,
-1.79023462720806E-15));
#7922=CARTESIAN_POINT('Ctrl Pts',(1.12146139012858,-0.043195388657754,-1.81410884937562E-15));
#7923=CARTESIAN_POINT('Ctrl Pts',(1.12613973709931,-0.0109831082666649,
-1.5126445311021E-15));
#7924=CARTESIAN_POINT('Ctrl Pts',(1.12942846402777,0.0214039783390296,-1.47104550762833E-15));
#7925=CARTESIAN_POINT('Ctrl Pts',(1.13034111668762,0.0303916995388537,-1.45950138729052E-15));
#7926=CARTESIAN_POINT('Ctrl Pts',(1.13114668690287,0.0393928997011214,-1.73694433809048E-15));
#7927=CARTESIAN_POINT('Ctrl Pts',(1.13184426208697,0.0484057248849839,-1.74166236988071E-15));
#7928=CARTESIAN_POINT('Ctrl Pts',(1.13254669938409,0.0574813696411016,-1.74641328644713E-15));
#7929=CARTESIAN_POINT('Ctrl Pts',(1.13313894827893,0.0665603705543686,-1.71582737755789E-15));
#7930=CARTESIAN_POINT('Ctrl Pts',(1.13362051450568,0.0756371416115732,-1.71390679426509E-15));
#7931=CARTESIAN_POINT('Ctrl Pts',(1.13622985676701,0.124819166845255,-1.70350021075924E-15));
#7932=CARTESIAN_POINT('Ctrl Pts',(1.13559583279158,0.173966728637968,-1.51670481967516E-15));
#7933=CARTESIAN_POINT('Ctrl Pts',(1.13165719313353,0.222763607603149,-1.56819002228303E-15));
#7934=CARTESIAN_POINT('Ctrl Pts',(1.12924093187155,0.252699326172306,-1.59977496313232E-15));
#7935=CARTESIAN_POINT('Ctrl Pts',(1.12558011666801,0.282503649385796,-1.67094532965395E-15));
#7936=CARTESIAN_POINT('Ctrl Pts',(1.12065146866151,0.312106903236318,-1.65145674912992E-15));
#7937=CARTESIAN_POINT('Ctrl Pts',(1.11282796838913,0.359097693460624,-1.62052150789602E-15));
#7938=CARTESIAN_POINT('Ctrl Pts',(1.10181275579885,0.405582312686505,-1.70004440527034E-15));
#7939=CARTESIAN_POINT('Ctrl Pts',(1.08781658651862,0.451366311259574,-1.72084568816899E-15));
#7940=CARTESIAN_POINT('Ctrl Pts',(1.08423336906109,0.46308766298645,-1.72617111104214E-15));
#7941=CARTESIAN_POINT('Ctrl Pts',(1.08045450586433,0.474763071568273,-1.64913541095444E-15));
#7942=CARTESIAN_POINT('Ctrl Pts',(1.0764830034483,0.486389199163367,-1.65145674912992E-15));
#7943=CARTESIAN_POINT('Ctrl Pts',(1.07324799245367,0.495859330779882,-1.65334760899434E-15));
#7944=CARTESIAN_POINT('Ctrl Pts',(1.06988785031053,0.505288728070645,-1.74215009483542E-15));
#7945=CARTESIAN_POINT('Ctrl Pts',(1.06640704875956,0.514669984034555,-1.74860126378462E-15));
#7946=CARTESIAN_POINT('Ctrl Pts',(1.0492735242258,0.56084727304732,-1.78035580647949E-15));
#7947=CARTESIAN_POINT('Ctrl Pts',(1.02920610358192,0.605901611464655,-1.70606340105242E-15));
#7948=CARTESIAN_POINT('Ctrl Pts',(1.00647324458737,0.649631025256629,-1.72084568816899E-15));
#7949=CARTESIAN_POINT('Ctrl Pts',(0.983183872238993,0.694430960039212,-1.73598985410523E-15));
#7950=CARTESIAN_POINT('Ctrl Pts',(0.957096620994277,0.737841264144079,-1.57014442630359E-15));
#7951=CARTESIAN_POINT('Ctrl Pts',(0.928444736233063,0.779640086496587,-1.59594559789866E-15));
#7952=CARTESIAN_POINT('Ctrl Pts',(0.911560737151453,0.804271320500692,-1.61114972709108E-15));
#7953=CARTESIAN_POINT('Ctrl Pts',(0.893785146823288,0.828342807137804,-1.8044471827575E-15));
#7954=CARTESIAN_POINT('Ctrl Pts',(0.87515781866154,0.851806287416478,-1.79023462720806E-15));
#7955=CARTESIAN_POINT('Ctrl Pts',(0.866304729276494,0.862957875362296,-1.7834797655566E-15));
#7956=CARTESIAN_POINT('Ctrl Pts',(0.857259165343008,0.873972082563074,-1.79447605196596E-15));
#7957=CARTESIAN_POINT('Ctrl Pts',(0.848024996064243,0.884843469760239,-1.79023462720806E-15));
#7958=CARTESIAN_POINT('Ctrl Pts',(0.841509219422111,0.892514493393058,-1.78724181047138E-15));
#7959=CARTESIAN_POINT('Ctrl Pts',(0.834900514965027,0.90011310280109,-1.51802158890683E-15));
#7960=CARTESIAN_POINT('Ctrl Pts',(0.828208436039364,0.907628635168549,-1.52655665885959E-15));
#7961=CARTESIAN_POINT('Ctrl Pts',(0.793201549814486,0.946943082805758,-1.57120440227039E-15));
#7962=CARTESIAN_POINT('Ctrl Pts',(0.755860017532066,0.984053669572859,-1.63170376917375E-15));
#7963=CARTESIAN_POINT('Ctrl Pts',(0.716430223981944,1.01871907117328,-1.66533453693773E-15));
#7964=CARTESIAN_POINT('Ctrl Pts',(0.689590850520471,1.0423153818809,-1.68822658517193E-15));
#7965=CARTESIAN_POINT('Ctrl Pts',(0.661782794504263,1.06477849588889,-1.73965062412819E-15));
#7966=CARTESIAN_POINT('Ctrl Pts',(0.63307188615869,1.0860252532105,-1.77635683940025E-15));
#7967=CARTESIAN_POINT('Ctrl Pts',(0.620147609221491,1.09558952656392,-1.79288022088935E-15));
#7968=CARTESIAN_POINT('Ctrl Pts',(0.607036439489725,1.10490959165885,-1.71828042601035E-15));
#7969=CARTESIAN_POINT('Ctrl Pts',(0.59376817643955,1.11396145785864,-1.66533453693773E-15));
#7970=CARTESIAN_POINT('Ctrl Pts',(0.549873249390938,1.14390742780142,-1.49017551803845E-15));
#7971=CARTESIAN_POINT('Ctrl Pts',(0.504218353546882,1.17095511083225,-1.20871788742978E-15));
#7972=CARTESIAN_POINT('Ctrl Pts',(0.457031676284388,1.19484971213918,-8.04911692853238E-16));
#7973=CARTESIAN_POINT('Ctrl Pts',(0.432486067884083,1.20727922743009,-5.94859421815892E-16));
#7974=CARTESIAN_POINT('Ctrl Pts',(0.407525293941626,1.21885506212742,-1.62422754202754E-16));
#7975=CARTESIAN_POINT('Ctrl Pts',(0.382177579209812,1.22953730499918,2.77555756156289E-17));
#7976=CARTESIAN_POINT('Ctrl Pts',(0.366916830069149,1.23596861568932,1.42437701126705E-16));
#7977=CARTESIAN_POINT('Ctrl Pts',(0.351515778660451,1.24207596564378,-2.49943687413654E-17));
#7978=CARTESIAN_POINT('Ctrl Pts',(0.335983842308549,1.24786202477838,-2.77555756156289E-17));
#7979=CARTESIAN_POINT('Origin',(1.90000002980232,-0.577350277792816,0.1));
#7980=CARTESIAN_POINT('',(2.00000002980232,0.75470055558563,0.1));
#7981=CARTESIAN_POINT('Origin',(1.90000002980232,0.927905636342518,0.1));
#7982=CARTESIAN_POINT('',(2.00000002980232,-0.754700555585633,0.1));
#7983=CARTESIAN_POINT('',(2.00000002980232,-0.577350277792816,0.1));
#7984=CARTESIAN_POINT('Origin',(1.90000002980232,-0.92790563634252,0.1));
#7985=CARTESIAN_POINT('Origin',(1.93525862388357,-1.07920464418328,0.312368684192933));
#7986=CARTESIAN_POINT('',(2.00000002980232,-1.09696552866667,0.442264973081037));
#7987=CARTESIAN_POINT('',(2.00000002980232,-0.963918748783277,0.309218193197644));
#7988=CARTESIAN_POINT('',(1.95000002980232,-1.18356806904511,0.442264973081037));
#7989=CARTESIAN_POINT('Origin',(1.90000002980232,-1.09696552866667,0.269059892324149));
#7990=CARTESIAN_POINT('',(1.65358986828855,-1.35470055558563,0.1));
#7991=CARTESIAN_POINT('',(1.34715713390485,-1.53161957727057,-0.253838043369876));
#7992=CARTESIAN_POINT('Origin',(1.75358986828855,-1.18149547482874,0.1));
#7993=CARTESIAN_POINT('Origin',(2.00000002980232,-1.15470055558563,0.));
#7994=CARTESIAN_POINT('',(2.00000002980232,1.09696552866667,0.442264973081037));
#7995=CARTESIAN_POINT('',(2.00000002980232,0.400862512215754,-0.253838043369877));
#7996=CARTESIAN_POINT('',(2.00000002980232,1.09696552866667,24.557735026919));
#7997=CARTESIAN_POINT('',(2.00000002980232,1.09696552866667,0.));
#7998=CARTESIAN_POINT('',(2.00000002980232,0.754700555585631,24.9));
#7999=CARTESIAN_POINT('',(2.00000002980232,6.64370078357717,19.0109997720085));
#8000=CARTESIAN_POINT('',(2.00000002980232,-0.754700555585631,24.9));
#8001=CARTESIAN_POINT('',(2.00000002980232,-0.577350277792816,24.9));
#8002=CARTESIAN_POINT('',(2.00000002980232,-1.09696552866667,24.557735026919));
#8003=CARTESIAN_POINT('',(2.00000002980232,-7.20840303858008,18.4462975170056));
#8004=CARTESIAN_POINT('',(2.00000002980232,-1.09696552866667,0.));
#8005=CARTESIAN_POINT('Origin',(0.450000007450579,-1.93412343189641,0.1));
#8006=CARTESIAN_POINT('',(0.346410161513774,-2.10940111117126,0.1));
#8007=CARTESIAN_POINT('',(0.500000007450579,-2.02072597227485,0.1));
#8008=CARTESIAN_POINT('Origin',(0.146410161513774,-2.10940111117126,0.1));
#8009=CARTESIAN_POINT('Origin',(0.0330106741969242,-2.21558545326773,0.312368684192933));
#8010=CARTESIAN_POINT('',(0.0499999999999986,-2.28053359771178,0.442264973081038));
#8011=CARTESIAN_POINT('',(0.165221891270734,-2.21401020777008,0.309218193197644));
#8012=CARTESIAN_POINT('',(-0.0500000000000016,-2.28053359771178,0.442264973081037));
#8013=CARTESIAN_POINT('Origin',(-1.52655665885959E-15,-2.19393105733334,
0.269059892324149));
#8014=CARTESIAN_POINT('',(-0.346410161513777,-2.10940111117126,0.1));
#8015=CARTESIAN_POINT('',(-0.65284289589747,-1.93248208948632,-0.253838043369876));
#8016=CARTESIAN_POINT('Origin',(-0.146410161513776,-2.10940111117126,0.1));
#8017=CARTESIAN_POINT('Origin',(-1.38777878078145E-15,-2.30940111117126,
0.));
#8018=CARTESIAN_POINT('',(1.95000002980232,-1.18356806904511,24.557735026919));
#8019=CARTESIAN_POINT('',(1.95000002980232,-1.18356806904511,0.));
#8020=CARTESIAN_POINT('',(1.65358986828854,-1.35470055558563,24.9));
#8021=CARTESIAN_POINT('',(6.75361366862157,1.58979955841013,19.0109997720085));
#8022=CARTESIAN_POINT('',(0.346410161513777,-2.10940111117126,24.9));
#8023=CARTESIAN_POINT('',(0.500000007450579,-2.02072597227485,24.9));
#8024=CARTESIAN_POINT('',(0.05,-2.28053359771178,24.557735026919));
#8025=CARTESIAN_POINT('',(-5.24266013722612,-5.33625235266848,18.4462975170056));
#8026=CARTESIAN_POINT('',(0.0499999999999986,-2.28053359771178,0.));
#8027=CARTESIAN_POINT('Origin',(-1.45000002235174,-1.35677315410359,0.1));
#8028=CARTESIAN_POINT('',(-1.65358986828855,-1.35470055558563,0.1));
#8029=CARTESIAN_POINT('',(-1.50000002235174,-1.44337569448204,0.1));
#8030=CARTESIAN_POINT('Origin',(-1.75358986828855,-1.18149547482874,0.1));
#8031=CARTESIAN_POINT('Origin',(-1.90224794968665,-1.13638080908445,0.312368684192933));
#8032=CARTESIAN_POINT('',(-1.95000002980232,-1.18356806904511,0.442264973081037));
#8033=CARTESIAN_POINT('',(-1.83477813853159,-1.25009145898681,0.309218193197644));
#8034=CARTESIAN_POINT('',(-2.00000002980232,-1.09696552866667,0.442264973081037));
#8035=CARTESIAN_POINT('Origin',(-1.90000002980232,-1.09696552866667,0.269059892324149));
#8036=CARTESIAN_POINT('',(-2.00000002980232,-0.75470055558563,0.1));
#8037=CARTESIAN_POINT('',(-2.00000002980232,-0.400862512215753,-0.253838043369876));
#8038=CARTESIAN_POINT('Origin',(-1.90000002980232,-0.927905636342518,0.1));
#8039=CARTESIAN_POINT('Origin',(-2.00000002980232,-1.15470055558563,0.));
#8040=CARTESIAN_POINT('',(-0.0500000000000023,-2.28053359771178,24.557735026919));
#8041=CARTESIAN_POINT('',(-0.0500000000000015,-2.28053359771178,0.));
#8042=CARTESIAN_POINT('',(-0.346410161513778,-2.10940111117126,24.9));
#8043=CARTESIAN_POINT('',(4.75361363881925,-5.05390122516703,19.0109997720085));
#8044=CARTESIAN_POINT('',(-1.65358986828855,-1.35470055558563,24.9));
#8045=CARTESIAN_POINT('',(-1.50000002235174,-1.44337569448204,24.9));
#8046=CARTESIAN_POINT('',(-1.95000002980232,-1.18356806904511,24.557735026919));
#8047=CARTESIAN_POINT('',(-7.24266016702844,1.87215068591159,18.4462975170056));
#8048=CARTESIAN_POINT('',(-1.95000002980232,-1.18356806904511,0.));
#8049=CARTESIAN_POINT('Origin',(-1.90000002980232,0.577350277792816,0.1));
#8050=CARTESIAN_POINT('',(-2.00000002980232,0.754700555585632,0.1));
#8051=CARTESIAN_POINT('',(-2.00000002980232,0.577350277792816,0.1));
#8052=CARTESIAN_POINT('Origin',(-1.90000002980232,0.92790563634252,0.1));
#8053=CARTESIAN_POINT('Origin',(-1.93525862388357,1.07920464418328,0.312368684192933));
#8054=CARTESIAN_POINT('',(-2.00000002980232,1.09696552866667,0.442264973081037));
#8055=CARTESIAN_POINT('',(-2.00000002980232,0.963918748783276,0.309218193197644));
#8056=CARTESIAN_POINT('',(-1.95000002980232,1.18356806904511,0.442264973081036));
#8057=CARTESIAN_POINT('Origin',(-1.90000002980232,1.09696552866667,0.269059892324149));
#8058=CARTESIAN_POINT('',(-1.65358986828855,1.35470055558563,0.1));
#8059=CARTESIAN_POINT('',(-1.34715713390485,1.53161957727057,-0.253838043369877));
#8060=CARTESIAN_POINT('Origin',(-1.75358986828855,1.18149547482874,0.1));
#8061=CARTESIAN_POINT('Origin',(-0.45000000745058,1.93412343189641,0.1));
#8062=CARTESIAN_POINT('',(-0.50000000745058,2.02072597227485,0.1));
#8063=CARTESIAN_POINT('Origin',(-0.45000000745058,1.93412343189641,24.9));
#8064=CARTESIAN_POINT('',(-1.65358986828855,1.35470055558563,24.9));
#8065=CARTESIAN_POINT('',(-1.6669873279101,1.23149547482874,25.));
#8066=CARTESIAN_POINT('Origin',(-1.75358986828854,1.18149547482874,24.9));
#8067=CARTESIAN_POINT('',(-0.23301270189222,2.05940111117126,25.));
#8068=CARTESIAN_POINT('',(-0.45000000745058,1.93412343189641,25.));
#8069=CARTESIAN_POINT('',(-0.346410161513777,2.10940111117126,24.9));
#8070=CARTESIAN_POINT('Origin',(-0.146410161513778,2.10940111117126,24.9));
#8071=CARTESIAN_POINT('',(-0.50000000745058,2.02072597227485,24.9));
#8072=CARTESIAN_POINT('Origin',(-0.0292093574498992,2.2054435021943,24.7079152179539));
#8073=CARTESIAN_POINT('',(0.233012701892221,2.05940111117126,25.));
#8074=CARTESIAN_POINT('',(-0.0146046787249495,2.05940111117126,25.));
#8075=CARTESIAN_POINT('',(0.346410161513778,2.10940111117126,24.9));
#8076=CARTESIAN_POINT('Origin',(0.146410161513779,2.10940111117126,24.9));
#8077=CARTESIAN_POINT('',(0.0500000000000012,2.28053359771178,24.557735026919));
#8078=CARTESIAN_POINT('',(-4.75361363881925,5.05390122516703,19.0109997720085));
#8079=CARTESIAN_POINT('',(-0.0499999999999989,2.28053359771178,24.557735026919));
#8080=CARTESIAN_POINT('Origin',(4.16333634234434E-16,2.19393105733334,24.7309401076758));
#8081=CARTESIAN_POINT('',(5.24266013722612,5.33625235266848,18.4462975170056));
#8082=CARTESIAN_POINT('Origin',(-2.77555756156289E-16,0.,25.));
#8083=CARTESIAN_POINT('',(-1.90000002980232,0.827905636342518,25.));
#8084=CARTESIAN_POINT('',(-1.79079601821869,1.01705253279571,25.));
#8085=CARTESIAN_POINT('',(-1.90000002980232,-0.827905636342516,25.));
#8086=CARTESIAN_POINT('',(-1.90000002980232,0.577350277792816,25.));
#8087=CARTESIAN_POINT('',(-1.6669873279101,-1.23149547482874,25.));
#8088=CARTESIAN_POINT('',(-1.77619133949374,-1.04234857837555,25.));
#8089=CARTESIAN_POINT('',(-0.233012701892222,-2.05940111117126,25.));
#8090=CARTESIAN_POINT('',(-1.45000002235174,-1.35677315410359,25.));
#8091=CARTESIAN_POINT('',(0.233012701892219,-2.05940111117126,25.));
#8092=CARTESIAN_POINT('',(0.0146046787249485,-2.05940111117126,25.));
#8093=CARTESIAN_POINT('',(1.6669873279101,-1.23149547482874,25.));
#8094=CARTESIAN_POINT('',(0.450000007450579,-1.93412343189641,25.));
#8095=CARTESIAN_POINT('',(1.90000002980232,-0.827905636342518,25.));
#8096=CARTESIAN_POINT('',(1.79079601821869,-1.01705253279571,25.));
#8097=CARTESIAN_POINT('',(1.90000002980232,0.827905636342516,25.));
#8098=CARTESIAN_POINT('',(1.90000002980232,-0.577350277792816,25.));
#8099=CARTESIAN_POINT('',(1.6669873279101,1.23149547482874,25.));
#8100=CARTESIAN_POINT('',(1.77619133949374,1.04234857837555,25.));
#8101=CARTESIAN_POINT('',(1.45000002235174,1.35677315410359,25.));
#8102=CARTESIAN_POINT('Ctrl Pts',(0.49406935870393,0.912590012705534,25.));
#8103=CARTESIAN_POINT('Ctrl Pts',(0.534472620299865,0.896581655076904,25.));
#8104=CARTESIAN_POINT('Ctrl Pts',(0.573610493514188,0.877902851596835,25.));
#8105=CARTESIAN_POINT('Ctrl Pts',(0.611372330474025,0.856836545936204,25.));
#8106=CARTESIAN_POINT('Ctrl Pts',(0.650859182265067,0.834807901241538,25.));
#8107=CARTESIAN_POINT('Ctrl Pts',(0.6888421896429,0.810168445952709,25.));
#8108=CARTESIAN_POINT('Ctrl Pts',(0.725187771400697,0.783185145556064,25.));
#8109=CARTESIAN_POINT('Ctrl Pts',(0.753154730208068,0.762422213332038,25.));
#8110=CARTESIAN_POINT('Ctrl Pts',(0.780152151338215,0.740270257955626,25.));
#8111=CARTESIAN_POINT('Ctrl Pts',(0.806111880235506,0.716831284218883,25.));
#8112=CARTESIAN_POINT('Ctrl Pts',(0.814247497050786,0.709485656318838,25.));
#8113=CARTESIAN_POINT('Ctrl Pts',(0.822281134177248,0.702013509996222,25.));
#8114=CARTESIAN_POINT('Ctrl Pts',(0.830210506763403,0.694417689669356,25.));
#8115=CARTESIAN_POINT('Ctrl Pts',(0.836515924197775,0.688377512165147,25.));
#8116=CARTESIAN_POINT('Ctrl Pts',(0.842754309029813,0.682260049008639,25.));
#8117=CARTESIAN_POINT('Ctrl Pts',(0.848915981344991,0.676075737938756,25.));
#8118=CARTESIAN_POINT('Ctrl Pts',(0.88209583651281,0.642773975833361,25.));
#8119=CARTESIAN_POINT('Ctrl Pts',(0.91312244934644,0.607471678453938,25.));
#8120=CARTESIAN_POINT('Ctrl Pts',(0.941859277561007,0.570453704695324,25.));
#8121=CARTESIAN_POINT('Ctrl Pts',(0.97116244133134,0.532706193404407,25.));
#8122=CARTESIAN_POINT('Ctrl Pts',(0.998085628663525,0.493174053415678,25.));
#8123=CARTESIAN_POINT('Ctrl Pts',(1.02245922772112,0.452111985529182,25.));
#8124=CARTESIAN_POINT('Ctrl Pts',(1.0390552634707,0.424152735646321,25.));
#8125=CARTESIAN_POINT('Ctrl Pts',(1.0544687208029,0.39548317779114,25.));
#8126=CARTESIAN_POINT('Ctrl Pts',(1.06863614965428,0.366174077960991,25.));
#8127=CARTESIAN_POINT('Ctrl Pts',(1.07256773619359,0.358040544093961,25.));
#8128=CARTESIAN_POINT('Ctrl Pts',(1.07640330862685,0.349857720012901,25.));
#8129=CARTESIAN_POINT('Ctrl Pts',(1.08014137532827,0.341627035722895,25.));
#8130=CARTESIAN_POINT('Ctrl Pts',(1.08390551293294,0.333338947060306,25.));
#8131=CARTESIAN_POINT('Ctrl Pts',(1.08756725475665,0.325010017721416,25.));
#8132=CARTESIAN_POINT('Ctrl Pts',(1.09112422573747,0.316645327960675,25.));
#8133=CARTESIAN_POINT('Ctrl Pts',(1.11039744811442,0.271321785333414,25.));
#8134=CARTESIAN_POINT('Ctrl Pts',(1.12661111625337,0.224921331905504,25.));
#8135=CARTESIAN_POINT('Ctrl Pts',(1.13959952123948,0.177720168503127,25.));
#8136=CARTESIAN_POINT('Ctrl Pts',(1.14756759776178,0.14876338109666,25.));
#8137=CARTESIAN_POINT('Ctrl Pts',(1.15432123624165,0.119504402783412,25.));
#8138=CARTESIAN_POINT('Ctrl Pts',(1.15981473181211,0.0900007439670178,25.));
#8139=CARTESIAN_POINT('Ctrl Pts',(1.16853484388012,0.0431680473724796,25.));
#8140=CARTESIAN_POINT('Ctrl Pts',(1.17408260690558,-0.00428063279093319,
25.));
#8141=CARTESIAN_POINT('Ctrl Pts',(1.17658956060161,-0.0520904911707133,
25.));
#8142=CARTESIAN_POINT('Ctrl Pts',(1.17723137681121,-0.0643305026776836,
25.));
#8143=CARTESIAN_POINT('Ctrl Pts',(1.17767363232723,-0.076594256513506,25.));
#8144=CARTESIAN_POINT('Ctrl Pts',(1.17791801074794,-0.0888775878352746,
25.));
#8145=CARTESIAN_POINT('Ctrl Pts',(1.17811707022682,-0.0988830274505718,
25.));
#8146=CARTESIAN_POINT('Ctrl Pts',(1.17818461325216,-0.108892986579172,25.));
#8147=CARTESIAN_POINT('Ctrl Pts',(1.17812230853695,-0.118898975603453,25.));
#8148=CARTESIAN_POINT('Ctrl Pts',(1.17781562610638,-0.168151444276215,25.));
#8149=CARTESIAN_POINT('Ctrl Pts',(1.17436791138006,-0.217352135209044,25.));
#8150=CARTESIAN_POINT('Ctrl Pts',(1.16796235284878,-0.266219437175565,25.));
#8151=CARTESIAN_POINT('Ctrl Pts',(1.16139998286479,-0.316283036478803,25.));
#8152=CARTESIAN_POINT('Ctrl Pts',(1.15173318515064,-0.365997740345188,25.));
#8153=CARTESIAN_POINT('Ctrl Pts',(1.13910526100383,-0.415075302615029,25.));
#8154=CARTESIAN_POINT('Ctrl Pts',(1.13166387111606,-0.443995754729332,25.));
#8155=CARTESIAN_POINT('Ctrl Pts',(1.12319321476746,-0.472695158426649,25.));
#8156=CARTESIAN_POINT('Ctrl Pts',(1.11371423633855,-0.501114534484765,25.));
#8157=CARTESIAN_POINT('Ctrl Pts',(1.10920911611412,-0.514621549698015,25.));
#8158=CARTESIAN_POINT('Ctrl Pts',(1.10447614142229,-0.528065299236001,25.));
#8159=CARTESIAN_POINT('Ctrl Pts',(1.09951708779238,-0.541439348503817,25.));
#8160=CARTESIAN_POINT('Ctrl Pts',(1.09601790527836,-0.550876277973029,25.));
#8161=CARTESIAN_POINT('Ctrl Pts',(1.09240663209169,-0.560276943449328,25.));
#8162=CARTESIAN_POINT('Ctrl Pts',(1.08868859851721,-0.569628057801206,25.));
#8163=CARTESIAN_POINT('Ctrl Pts',(1.06923921888595,-0.618544607197986,25.));
#8164=CARTESIAN_POINT('Ctrl Pts',(1.04684222480942,-0.666188700639104,25.));
#8165=CARTESIAN_POINT('Ctrl Pts',(1.02164660432126,-0.712249299216597,25.));
#8166=CARTESIAN_POINT('Ctrl Pts',(1.00449625142502,-0.743602189318537,25.));
#8167=CARTESIAN_POINT('Ctrl Pts',(0.986048057733245,-0.774221531424124,
25.));
#8168=CARTESIAN_POINT('Ctrl Pts',(0.966335441009926,-0.804006665447358,
25.));
#8169=CARTESIAN_POINT('Ctrl Pts',(0.957461786878605,-0.817414473314112,
25.));
#8170=CARTESIAN_POINT('Ctrl Pts',(0.948328987976384,-0.830656722331107,
25.));
#8171=CARTESIAN_POINT('Ctrl Pts',(0.938956841269341,-0.843700676836245,
25.));
#8172=CARTESIAN_POINT('Ctrl Pts',(0.907951229465709,-0.886853628066365,
25.));
#8173=CARTESIAN_POINT('Ctrl Pts',(0.87430051515778,-0.927885025942753,25.));
#8174=CARTESIAN_POINT('Ctrl Pts',(0.838131979240003,-0.966477397299984,
25.));
#8175=CARTESIAN_POINT('Ctrl Pts',(0.819317798016273,-0.986552411401164,
25.));
#8176=CARTESIAN_POINT('Ctrl Pts',(0.799821512748525,-1.00596722343156,25.));
#8177=CARTESIAN_POINT('Ctrl Pts',(0.779655995562067,-1.02467467571616,25.));
#8178=CARTESIAN_POINT('Ctrl Pts',(0.767515220353855,-1.03593761386972,25.));
#8179=CARTESIAN_POINT('Ctrl Pts',(0.755131802990648,-1.04694411482833,25.));
#8180=CARTESIAN_POINT('Ctrl Pts',(0.742515506031149,-1.05769346657007,25.));
#8181=CARTESIAN_POINT('Ctrl Pts',(0.111086559121681,-1.28520806735038,25.));
#8182=CARTESIAN_POINT('Ctrl Pts',(0.0586448388083929,-1.28470215454775,
25.));
#8183=CARTESIAN_POINT('Ctrl Pts',(0.00643828722103504,-1.28073777679617,
25.));
#8184=CARTESIAN_POINT('Ctrl Pts',(-0.0452737721705247,-1.27350840275395,
25.));
#8185=CARTESIAN_POINT('Ctrl Pts',(-0.0975832037335407,-1.2661955157571,
25.));
#8186=CARTESIAN_POINT('Ctrl Pts',(-0.149387709825534,-1.25554114567598,
25.));
#8187=CARTESIAN_POINT('Ctrl Pts',(-0.200402270999733,-1.24169401580056,
25.));
#8188=CARTESIAN_POINT('Ctrl Pts',(-0.237267287112816,-1.23168756559834,
25.));
#8189=CARTESIAN_POINT('Ctrl Pts',(-0.273719489361069,-1.22001273492479,
25.));
#8190=CARTESIAN_POINT('Ctrl Pts',(-0.309641309012635,-1.20671196963361,
25.));
#8191=CARTESIAN_POINT('Ctrl Pts',(-0.324962682716333,-1.20103892752306,
25.));
#8192=CARTESIAN_POINT('Ctrl Pts',(-0.340187443520091,-1.19506996918584,
25.));
#8193=CARTESIAN_POINT('Ctrl Pts',(-0.355305847912205,-1.18880785944254,
25.));
#8194=CARTESIAN_POINT('Ctrl Pts',(-0.364831356967534,-1.18486235160201,
25.));
#8195=CARTESIAN_POINT('Ctrl Pts',(-0.374315805623454,-1.18079982423073,
25.));
#8196=CARTESIAN_POINT('Ctrl Pts',(-0.383740387355091,-1.17662848552925,
25.));
#8197=CARTESIAN_POINT('Ctrl Pts',(-0.430872887392541,-1.15576754685821,
25.));
#8198=CARTESIAN_POINT('Ctrl Pts',(-0.476605668298997,-1.13215051182683,
25.));
#8199=CARTESIAN_POINT('Ctrl Pts',(-0.52067557073325,-1.10592390251547,25.));
#8200=CARTESIAN_POINT('Ctrl Pts',(-0.563738884230946,-1.08029632822161,
25.));
#8201=CARTESIAN_POINT('Ctrl Pts',(-0.605215150422021,-1.05217624533543,
25.));
#8202=CARTESIAN_POINT('Ctrl Pts',(-0.644824730187635,-1.02166582245101,
25.));
#8203=CARTESIAN_POINT('Ctrl Pts',(-0.672328841712121,-1.00047998612965,
25.));
#8204=CARTESIAN_POINT('Ctrl Pts',(-0.698932206428894,-0.978140901851142,
25.));
#8205=CARTESIAN_POINT('Ctrl Pts',(-0.724528409362312,-0.95467548459714,
25.));
#8206=CARTESIAN_POINT('Ctrl Pts',(-0.733256826445468,-0.946673674744484,
25.));
#8207=CARTESIAN_POINT('Ctrl Pts',(-0.74186802575284,-0.938540847493362,
25.));
#8208=CARTESIAN_POINT('Ctrl Pts',(-0.750357459737282,-0.93027794736941,
25.));
#8209=CARTESIAN_POINT('Ctrl Pts',(-0.757062706462787,-0.923751624872428,
25.));
#8210=CARTESIAN_POINT('Ctrl Pts',(-0.763691801034063,-0.917144179482485,
25.));
#8211=CARTESIAN_POINT('Ctrl Pts',(-0.770232689249706,-0.910466495622945,
25.));
#8212=CARTESIAN_POINT('Ctrl Pts',(-0.804075726547826,-0.875915667589683,
25.));
#8213=CARTESIAN_POINT('Ctrl Pts',(-0.835631181206209,-0.839419173670868,
25.));
#8214=CARTESIAN_POINT('Ctrl Pts',(-0.864649202147784,-0.801078384944088,
25.));
#8215=CARTESIAN_POINT('Ctrl Pts',(-0.885390575038403,-0.773673325257084,
25.));
#8216=CARTESIAN_POINT('Ctrl Pts',(-0.904834820310113,-0.745325328862768,
25.));
#8217=CARTESIAN_POINT('Ctrl Pts',(-0.922875984439548,-0.716064110262773,
25.));
#8218=CARTESIAN_POINT('Ctrl Pts',(-0.946938531243559,-0.677036726161989,
25.));
#8219=CARTESIAN_POINT('Ctrl Pts',(-0.968506318785193,-0.636384226162675,
25.));
#8220=CARTESIAN_POINT('Ctrl Pts',(-0.987532870740967,-0.594371776140927,
25.));
#8221=CARTESIAN_POINT('Ctrl Pts',(-0.992420044252175,-0.583580428693188,
25.));
#8222=CARTESIAN_POINT('Ctrl Pts',(-0.997139354612413,-0.572699357891755,
25.));
#8223=CARTESIAN_POINT('Ctrl Pts',(-1.00168960204173,-0.561733094616426,
25.));
#8224=CARTESIAN_POINT('Ctrl Pts',(-1.00540133548843,-0.552787680808348,
25.));
#8225=CARTESIAN_POINT('Ctrl Pts',(-1.00900085070071,-0.543784523139324,
25.));
#8226=CARTESIAN_POINT('Ctrl Pts',(-1.01248160696477,-0.534742179489514,
25.));
#8227=CARTESIAN_POINT('Ctrl Pts',(-1.02981376459445,-0.489716525984826,
25.));
#8228=CARTESIAN_POINT('Ctrl Pts',(-1.04424435868934,-0.443629561081927,
25.));
#8229=CARTESIAN_POINT('Ctrl Pts',(-1.05576752262536,-0.39680020916863,25.));
#8230=CARTESIAN_POINT('Ctrl Pts',(-1.06725927002422,-0.350098531918524,
25.));
#8231=CARTESIAN_POINT('Ctrl Pts',(-1.07585932192025,-0.302657216082661,
25.));
#8232=CARTESIAN_POINT('Ctrl Pts',(-1.08151061005148,-0.25479300046486,25.));
#8233=CARTESIAN_POINT('Ctrl Pts',(-1.08453171914402,-0.229205379792893,
25.));
#8234=CARTESIAN_POINT('Ctrl Pts',(-1.08670925489404,-0.203497025675483,
25.));
#8235=CARTESIAN_POINT('Ctrl Pts',(-1.08802860659217,-0.17771830007937,25.));
#8236=CARTESIAN_POINT('Ctrl Pts',(-1.08870581421786,-0.16448638505706,25.));
#8237=CARTESIAN_POINT('Ctrl Pts',(-1.08915685468103,-0.151235960378399,
25.));
#8238=CARTESIAN_POINT('Ctrl Pts',(-1.08937933724239,-0.137974070179822,
25.));
#8239=CARTESIAN_POINT('Ctrl Pts',(-1.08955675357951,-0.12739851779527,25.));
#8240=CARTESIAN_POINT('Ctrl Pts',(-1.08958868582699,-0.116814812216208,
25.));
#8241=CARTESIAN_POINT('Ctrl Pts',(-1.08947435295424,-0.106242987038294,
25.));
#8242=CARTESIAN_POINT('Ctrl Pts',(-1.0889734769567,-0.0599293297827683,
25.));
#8243=CARTESIAN_POINT('Ctrl Pts',(-1.08567130354289,-0.0137676393066122,
25.));
#8244=CARTESIAN_POINT('Ctrl Pts',(-1.079508283872,0.031947110572471,25.));
#8245=CARTESIAN_POINT('Ctrl Pts',(-1.07538029235606,0.0625668570168267,
25.));
#8246=CARTESIAN_POINT('Ctrl Pts',(-1.06996785994312,0.0929858505041681,
25.));
#8247=CARTESIAN_POINT('Ctrl Pts',(-1.06324157695824,0.123109069989093,25.));
#8248=CARTESIAN_POINT('Ctrl Pts',(-1.06027568207068,0.136391636730326,25.));
#8249=CARTESIAN_POINT('Ctrl Pts',(-1.05705336869433,0.149619012129541,25.));
#8250=CARTESIAN_POINT('Ctrl Pts',(-1.0535781529416,0.162760091522128,25.));
#8251=CARTESIAN_POINT('Ctrl Pts',(-1.04230437656183,0.205390420400044,25.));
#8252=CARTESIAN_POINT('Ctrl Pts',(-1.02836187606164,0.247166565116356,25.));
#8253=CARTESIAN_POINT('Ctrl Pts',(-1.0116763105831,0.287811688186452,25.));
#8254=CARTESIAN_POINT('Ctrl Pts',(-1.00356137624914,0.307579223493171,25.));
#8255=CARTESIAN_POINT('Ctrl Pts',(-0.994796995719688,0.327078820014523,
25.));
#8256=CARTESIAN_POINT('Ctrl Pts',(-0.985371127313919,0.346275759117502,
25.));
#8257=CARTESIAN_POINT('Ctrl Pts',(-0.979460828566714,0.358312808675829,
25.));
#8258=CARTESIAN_POINT('Ctrl Pts',(-0.973290398506568,0.37023081830148,25.));
#8259=CARTESIAN_POINT('Ctrl Pts',(-0.966865946858683,0.382024180354542,
25.));
#8260=CARTESIAN_POINT('Origin',(-1.90000002980232,0.577350277792816,24.9));
#8261=CARTESIAN_POINT('',(-2.00000002980232,-0.754700555585629,24.9));
#8262=CARTESIAN_POINT('Origin',(-1.90000002980232,-0.927905636342513,24.9));
#8263=CARTESIAN_POINT('',(-2.00000002980232,0.754700555585632,24.9));
#8264=CARTESIAN_POINT('Origin',(-1.90000002980232,0.927905636342515,24.9));
#8265=CARTESIAN_POINT('',(-2.00000002980232,0.577350277792816,24.9));
#8266=CARTESIAN_POINT('Origin',(-1.89536542078664,-1.12801779667698,24.7079152179539));
#8267=CARTESIAN_POINT('',(-2.00000002980232,-1.09696552866667,24.557735026919));
#8268=CARTESIAN_POINT('',(-2.00000002980233,-6.64370078357717,19.0109997720085));
#8269=CARTESIAN_POINT('Origin',(-1.90000002980232,-1.09696552866667,24.7309401076758));
#8270=CARTESIAN_POINT('Origin',(-1.75358986828854,-1.18149547482874,24.9));
#8271=CARTESIAN_POINT('Origin',(-1.45000002235174,-1.35677315410359,24.9));
#8272=CARTESIAN_POINT('Origin',(-0.14641016151378,-2.10940111117126,24.9));
#8273=CARTESIAN_POINT('Origin',(0.450000007450579,-1.93412343189641,24.9));
#8274=CARTESIAN_POINT('Origin',(1.75358986828854,-1.18149547482875,24.9));
#8275=CARTESIAN_POINT('Origin',(0.146410161513778,-2.10940111117126,24.9));
#8276=CARTESIAN_POINT('Origin',(1.92457477823653,-1.07742570551732,24.7079152179539));
#8277=CARTESIAN_POINT('Origin',(1.90000002980232,-1.09696552866667,24.7309401076758));
#8278=CARTESIAN_POINT('Origin',(1.90000002980232,-0.927905636342515,24.9));
#8279=CARTESIAN_POINT('Origin',(1.90000002980232,-0.577350277792816,24.9));
#8280=CARTESIAN_POINT('Origin',(1.90000002980232,0.927905636342514,24.9));
#8281=CARTESIAN_POINT('Origin',(1.45000002235174,1.35677315410359,24.9));
#8282=CARTESIAN_POINT('',(1.65358986828854,1.35470055558563,24.9));
#8283=CARTESIAN_POINT('Origin',(1.75358986828854,1.18149547482874,24.9));
#8284=CARTESIAN_POINT('',(1.50000002235174,1.44337569448204,24.9));
#8285=CARTESIAN_POINT('Origin',(1.90000002980232,-1.09696552866667,0.));
#8286=CARTESIAN_POINT('Origin',(-1.52655665885959E-15,-2.19393105733334,
0.));
#8287=CARTESIAN_POINT('Origin',(-1.52655665885959E-15,-2.19393105733334,
24.7309401076758));
#8288=CARTESIAN_POINT('Origin',(0.0292093574498985,-2.2054435021943,24.7079152179539));
#8289=CARTESIAN_POINT('Origin',(-1.90000002980232,-1.09696552866667,0.));
#8290=CARTESIAN_POINT('',(-2.00000002980232,-1.09696552866667,0.));
#8291=CARTESIAN_POINT('Origin',(-1.90000002980232,1.09696552866667,0.));
#8292=CARTESIAN_POINT('',(-2.00000002980232,1.09696552866667,24.557735026919));
#8293=CARTESIAN_POINT('',(-1.95000002980232,1.18356806904511,24.557735026919));
#8294=CARTESIAN_POINT('Origin',(-1.90000002980232,1.09696552866667,24.7309401076758));
#8295=CARTESIAN_POINT('',(-1.95000002980232,1.18356806904511,0.));
#8296=CARTESIAN_POINT('',(-2.00000002980232,1.09696552866667,0.));
#8297=CARTESIAN_POINT('Origin',(-1.92457477823653,1.07742570551732,24.7079152179539));
#8298=CARTESIAN_POINT('',(-6.75361366862158,-1.58979955841014,19.0109997720085));
#8299=CARTESIAN_POINT('',(-2.00000002980232,7.20840303858008,18.4462975170056));
#8300=CARTESIAN_POINT('Origin',(-2.00000002980232,1.15470055558563,0.));
#8301=CARTESIAN_POINT('Origin',(4.16333634234434E-16,2.19393105733334,0.));
#8302=CARTESIAN_POINT('',(0.0500000000000005,2.28053359771178,0.));
#8303=CARTESIAN_POINT('',(-0.0499999999999996,2.28053359771178,0.));
#8304=CARTESIAN_POINT('Origin',(5.55111512312578E-16,2.30940111117126,0.));
#8305=CARTESIAN_POINT('Origin',(1.90000002980232,1.09696552866667,0.));
#8306=CARTESIAN_POINT('',(1.95000002980232,1.18356806904511,24.557735026919));
#8307=CARTESIAN_POINT('Origin',(1.90000002980232,1.09696552866667,24.7309401076758));
#8308=CARTESIAN_POINT('',(1.95000002980232,1.18356806904511,0.442264973081036));
#8309=CARTESIAN_POINT('Origin',(1.90000002980232,1.09696552866667,0.269059892324149));
#8310=CARTESIAN_POINT('',(1.95000002980232,1.18356806904511,0.));
#8311=CARTESIAN_POINT('Origin',(1.90224794968665,1.13638080908445,0.312368684192933));
#8312=CARTESIAN_POINT('',(1.83477813853159,1.25009145898681,0.309218193197644));
#8313=CARTESIAN_POINT('Origin',(1.89536542078664,1.12801779667698,24.7079152179539));
#8314=CARTESIAN_POINT('',(7.24266016702844,-1.87215068591159,18.4462975170056));
#8315=CARTESIAN_POINT('Origin',(0.,0.,-0.993675081176067));
#8316=CARTESIAN_POINT('Ctrl Pts',(-1.29136086507513,-0.000817144012794247,
0.131324918823984));
#8317=CARTESIAN_POINT('Ctrl Pts',(-1.29176606125271,-0.0533847103456077,
0.134253034253609));
#8318=CARTESIAN_POINT('Ctrl Pts',(-1.26498373017269,-0.533048774504772,
0.160993305559563));
#8319=CARTESIAN_POINT('Ctrl Pts',(-0.664122373390308,-1.37255213899213,
0.211545732741845));
#8320=CARTESIAN_POINT('Ctrl Pts',(0.792664037066679,-1.30230651188059,0.282982200370832));
#8321=CARTESIAN_POINT('Ctrl Pts',(1.52410736754906,-0.0406190411090826,
0.354418667999818));
#8322=CARTESIAN_POINT('Ctrl Pts',(0.860841676361513,1.25839112250132,0.425855135628804));
#8323=CARTESIAN_POINT('Ctrl Pts',(-0.590168956361122,1.40577635993742,0.497291603257789));
#8324=CARTESIAN_POINT('Ctrl Pts',(-1.25101636985148,0.579502626006812,0.54911486432285));
#8325=CARTESIAN_POINT('Ctrl Pts',(-1.29140632117763,0.0765818664365845,
0.577125969511581));
#8326=CARTESIAN_POINT('Ctrl Pts',(-1.29072892239078,0.00108389042693648,
0.581324918823984));
#8327=CARTESIAN_POINT('Ctrl Pts',(-1.2887322647168,0.00161281641018895,
0.0936750811760166));
#8328=CARTESIAN_POINT('Ctrl Pts',(-1.28647036752838,-0.294332606577143,
0.110074365870002));
#8329=CARTESIAN_POINT('Ctrl Pts',(-1.03904557234609,-1.02454040005305,0.150285806440316));
#8330=CARTESIAN_POINT('Ctrl Pts',(0.173073236782069,-1.51432968155503,0.214309402886958));
#8331=CARTESIAN_POINT('Ctrl Pts',(1.3661636502387,-0.676818733095253,0.285745870515944));
#8332=CARTESIAN_POINT('Ctrl Pts',(1.3096074579312,0.780952105951169,0.35718233814493));
#8333=CARTESIAN_POINT('Ctrl Pts',(0.0543655136436448,1.52360198300208,0.428618805773916));
#8334=CARTESIAN_POINT('Ctrl Pts',(-1.08111688220358,0.956807528921639,0.490783053450945));
#8335=CARTESIAN_POINT('Ctrl Pts',(-1.28694885641643,0.261968742192703,0.529135145251646));
#8336=CARTESIAN_POINT('Ctrl Pts',(-1.28829862585256,-0.000722535231651913,
0.543675081176017));
#8337=CARTESIAN_POINT('Ctrl Pts',(0.776397497473603,-0.6885724278656,-1.66533453693773E-15));
#8338=CARTESIAN_POINT('Ctrl Pts',(1.00533434586027,-0.430435463657105,0.023812155876327));
#8339=CARTESIAN_POINT('Ctrl Pts',(1.18158130185472,0.327633012679324,0.0714364676289846));
#8340=CARTESIAN_POINT('Ctrl Pts',(0.364080766006049,1.17208826090846,0.14287293525797));
#8341=CARTESIAN_POINT('Ctrl Pts',(-0.786360412997237,0.940779818389901,
0.214309402886957));
#8342=CARTESIAN_POINT('Ctrl Pts',(-1.21731248984626,-0.149819006204248,
0.285745870515943));
#8343=CARTESIAN_POINT('Ctrl Pts',(-0.534258134097513,-1.10415967615433,
0.357182338144929));
#8344=CARTESIAN_POINT('Ctrl Pts',(0.637664422066625,-1.04765006411169,0.428618805773915));
#8345=CARTESIAN_POINT('Ctrl Pts',(1.22607939587135,-0.0326762867526744,
0.5000552734029));
#8346=CARTESIAN_POINT('Ctrl Pts',(0.692510426080744,1.01232200571763,0.571491741031888));
#8347=CARTESIAN_POINT('Ctrl Pts',(-0.474765763150196,1.13088714536827,0.642928208660872));
#8348=CARTESIAN_POINT('Ctrl Pts',(-1.20758938444696,0.214619792995159,0.714364676289859));
#8349=CARTESIAN_POINT('Ctrl Pts',(-0.835355648999849,-0.898062535304467,
0.785801143918845));
#8350=CARTESIAN_POINT('Ctrl Pts',(0.301305360061238,-1.18892491502299,0.857237611547831));
#8351=CARTESIAN_POINT('Ctrl Pts',(1.16224434185628,-0.391815767926174,0.928674079176817));
#8352=CARTESIAN_POINT('Ctrl Pts',(0.959621838396423,0.763843762882525,1.0001105468058));
#8353=CARTESIAN_POINT('Ctrl Pts',(-0.121143525100485,1.22051404930511,1.07154701443479));
#8354=CARTESIAN_POINT('Ctrl Pts',(-1.09105137768645,0.560301561040062,1.14298348206378));
#8355=CARTESIAN_POINT('Ctrl Pts',(-1.06254604704097,-0.612639185220629,
1.21441994969276));
#8356=CARTESIAN_POINT('Ctrl Pts',(-0.0617125899685302,-1.22495807754793,
1.28585641732175));
#8357=CARTESIAN_POINT('Ctrl Pts',(0.995593614807197,-0.716326873187953,
1.35729288495073));
#8358=CARTESIAN_POINT('Ctrl Pts',(1.14183935949855,0.447809885492823,1.42872935257972));
#8359=CARTESIAN_POINT('Ctrl Pts',(0.243196234992599,1.20215905383848,1.5001658202087));
#8360=CARTESIAN_POINT('Ctrl Pts',(-0.877993991629361,0.856421254412919,
1.57160228783769));
#8361=CARTESIAN_POINT('Ctrl Pts',(-1.19573831874185,-0.273021397768999,
1.64303875546667));
#8362=CARTESIAN_POINT('Ctrl Pts',(-0.419271230530458,-1.15262415549387,
1.71447522309566));
#8363=CARTESIAN_POINT('Ctrl Pts',(0.740867903359403,-0.977468956301004,
1.78591169072465));
#8364=CARTESIAN_POINT('Ctrl Pts',(1.22304422156666,0.0921609578511282,1.85734815835364));
#8365=CARTESIAN_POINT('Ctrl Pts',(0.586021691671168,1.07745505091626,1.92878462598262));
#8366=CARTESIAN_POINT('Ctrl Pts',(-0.587265014747977,1.07677788453301,2.00022109361161));
#8367=CARTESIAN_POINT('Ctrl Pts',(-1.22314978877267,0.0907491282065461,
2.0716575612406));
#8368=CARTESIAN_POINT('Ctrl Pts',(-0.739739110880357,-0.978323493462933,
2.14309402886958));
#8369=CARTESIAN_POINT('Ctrl Pts',(0.420601432856416,-1.15213942070843,2.21453049649857));
#8370=CARTESIAN_POINT('Ctrl Pts',(1.19605267260797,-0.271640965979735,2.28596696412755));
#8371=CARTESIAN_POINT('Ctrl Pts',(0.877004833834965,0.857434155769744,2.35740343175654));
#8372=CARTESIAN_POINT('Ctrl Pts',(-0.244583732849492,1.20187753439434,2.42883989938552));
#8373=CARTESIAN_POINT('Ctrl Pts',(-1.14235550922266,0.446491545946643,2.50027636701451));
#8374=CARTESIAN_POINT('Ctrl Pts',(-0.994766089699488,-0.717475600168649,
2.5717128346435));
#8375=CARTESIAN_POINT('Ctrl Pts',(0.0631265242059532,-1.22488605673991,
2.64314930227248));
#8376=CARTESIAN_POINT('Ctrl Pts',(1.06325251615878,-0.611412215232648,2.71458576990147));
#8377=CARTESIAN_POINT('Ctrl Pts',(1.09040388431171,0.561560485728524,2.78602223753045));
#8378=CARTESIAN_POINT('Ctrl Pts',(0.119734609668524,1.22065328136263,2.85745870515944));
#8379=CARTESIAN_POINT('Ctrl Pts',(-0.960502933121285,0.762735160799054,
2.92889517278843));
#8380=CARTESIAN_POINT('Ctrl Pts',(-1.16179124625056,-0.39315634318847,3.00033164041741));
#8381=CARTESIAN_POINT('Ctrl Pts',(-0.299932862263674,-1.18927334460506,
3.0717681080464));
#8382=CARTESIAN_POINT('Ctrl Pts',(0.836391896729328,-0.897094981113643,
3.14320457567538));
#8383=CARTESIAN_POINT('Ctrl Pts',(1.20734053038807,0.216008457556693,3.21464104330438));
#8384=CARTESIAN_POINT('Ctrl Pts',(0.473460649183197,1.13144413195208,3.28607751093335));
#8385=CARTESIAN_POINT('Ctrl Pts',(-0.693679619391676,1.01150353222042,3.35751397856235));
#8386=CARTESIAN_POINT('Ctrl Pts',(-1.22603872689899,-0.0340565734870547,
3.42895044619132));
#8387=CARTESIAN_POINT('Ctrl Pts',(-0.636458736271581,-1.04845175715307,
3.50038691382032));
#8388=CARTESIAN_POINT('Ctrl Pts',(0.535540002561758,-1.10341638365122,3.5718233814493));
#8389=CARTESIAN_POINT('Ctrl Pts',(1.2174699904602,-0.148652724100925,3.64325984907829));
#8390=CARTESIAN_POINT('Ctrl Pts',(0.785302068451794,0.942141959228601,3.71469631670727));
#8391=CARTESIAN_POINT('Ctrl Pts',(-0.365490049605129,1.17078940620994,3.78613278433626));
#8392=CARTESIAN_POINT('Ctrl Pts',(-1.18182488859359,0.328056005515088,3.85756925196525));
#8393=CARTESIAN_POINT('Ctrl Pts',(-0.916680390452514,-0.814879053488062,
3.92900571959423));
#8394=CARTESIAN_POINT('Ctrl Pts',(0.187311648127485,-1.21212423312528,4.00044218722322));
#8395=CARTESIAN_POINT('Ctrl Pts',(1.11989616347058,-0.500163366409063,4.07187865485221));
#8396=CARTESIAN_POINT('Ctrl Pts',(1.02767186643084,0.66949334948178,4.14331512248119));
#8397=CARTESIAN_POINT('Ctrl Pts',(-0.00496746131358936,1.22650158352196,
4.21475159011017));
#8398=CARTESIAN_POINT('Ctrl Pts',(-1.03306110143501,0.661147162707105,4.28618805773916));
#8399=CARTESIAN_POINT('Ctrl Pts',(-1.11580806120027,-0.509218205305214,
4.35762452536815));
#8400=CARTESIAN_POINT('Ctrl Pts',(-0.177487201157898,-1.21360170710118,
4.42906099299713));
#8401=CARTESIAN_POINT('Ctrl Pts',(0.923250902343991,-0.807427136882813,
4.50049746062612));
#8402=CARTESIAN_POINT('Ctrl Pts',(1.17912883789034,0.337618118158911,4.5719339282551));
#8403=CARTESIAN_POINT('Ctrl Pts',(0.355994572644815,1.17371149534339,4.6433703958841));
#8404=CARTESIAN_POINT('Ctrl Pts',(-0.792907729948259,0.935750042394908,
4.71480686351308));
#8405=CARTESIAN_POINT('Ctrl Pts',(-1.21622595112146,-0.158509450420112,
4.78624333114206));
#8406=CARTESIAN_POINT('Ctrl Pts',(-0.526584673714574,-1.10771810108109,
4.85767979877105));
#8407=CARTESIAN_POINT('Ctrl Pts',(0.644930398505618,-1.04326199544369,4.92911626640004));
#8408=CARTESIAN_POINT('Ctrl Pts',(1.22627436618885,-0.0241244457325054,
5.00055273402902));
#8409=CARTESIAN_POINT('Ctrl Pts',(0.68546360394161,1.0170892083417,5.07198920165801));
#8410=CARTESIAN_POINT('Ctrl Pts',(-0.482609903549879,1.12757194495489,5.14342566928699));
#8411=CARTESIAN_POINT('Ctrl Pts',(-1.20905060772109,0.206221817524353,5.21486213691598));
#8412=CARTESIAN_POINT('Ctrl Pts',(-0.829097917731918,-0.903840391256317,
5.28629860454496));
#8413=CARTESIAN_POINT('Ctrl Pts',(0.309556230602099,-1.1868048492272,5.35773507217395));
#8414=CARTESIAN_POINT('Ctrl Pts',(1.16493772974164,-0.383732844408939,5.42917153980294));
#8415=CARTESIAN_POINT('Ctrl Pts',(0.954293207667959,0.770490287967715,5.50060800743192));
#8416=CARTESIAN_POINT('Ctrl Pts',(-0.129618069588154,1.21964337660236,5.57204447506091));
#8417=CARTESIAN_POINT('Ctrl Pts',(-1.09491679660002,0.55270970552083,5.64348094268989));
#8418=CARTESIAN_POINT('Ctrl Pts',(-1.05826514769101,-0.620004586463913,
5.71491741031888));
#8419=CARTESIAN_POINT('Ctrl Pts',(-0.0532027794967221,-1.22535720274033,
5.78635387794787));
#8420=CARTESIAN_POINT('Ctrl Pts',(1.00054506423535,-0.709394378669613,5.85779034557686));
#8421=CARTESIAN_POINT('Ctrl Pts',(1.13870141613044,0.455730068084487,5.92922681320584));
#8422=CARTESIAN_POINT('Ctrl Pts',(0.234840406070405,1.20381925293229,6.00066328083484));
#8423=CARTESIAN_POINT('Ctrl Pts',(-0.883921347018064,0.850302218237459,
6.0720997484638));
#8424=CARTESIAN_POINT('Ctrl Pts',(-1.19381312142015,-0.281320175563118,
6.1435362160928));
#8425=CARTESIAN_POINT('Ctrl Pts',(-0.411255214256933,-1.15550852822481,
6.21497268372178));
#8426=CARTESIAN_POINT('Ctrl Pts',(0.747639340406519,-0.972299453219161,
6.28640915135077));
#8427=CARTESIAN_POINT('Ctrl Pts',(1.22237458680137,0.10065376096282,6.35784561897976));
#8428=CARTESIAN_POINT('Ctrl Pts',(0.578523762944194,1.08149945250225,6.42928208660874));
#8429=CARTESIAN_POINT('Ctrl Pts',(-0.594729937516071,1.0726728818591,6.50071855423773));
#8430=CARTESIAN_POINT('Ctrl Pts',(-1.22375060920556,0.0822511794614158,
6.57215502186671));
#8431=CARTESIAN_POINT('Ctrl Pts',(-0.732926022575552,-0.983437977447158,
6.64359148949571));
#8432=CARTESIAN_POINT('Ctrl Pts',(0.428593822472369,-1.14919021288571,6.71502795712469));
#8433=CARTESIAN_POINT('Ctrl Pts',(1.19791058608338,-0.263326864947615,6.78646442475367));
#8434=CARTESIAN_POINT('Ctrl Pts',(0.871028108096421,0.863504976800793,6.85790089238266));
#8435=CARTESIAN_POINT('Ctrl Pts',(-0.252925839663288,1.20014971136288,6.92933736001165));
#8436=CARTESIAN_POINT('Ctrl Pts',(-1.1454291960012,0.438546197112466,7.00077382764063));
#8437=CARTESIAN_POINT('Ctrl Pts',(-0.989758648086381,-0.724367744030609,
7.07221029526961));
#8438=CARTESIAN_POINT('Ctrl Pts',(0.0716328209071196,-1.22441804504126,
7.14364676289861));
#8439=CARTESIAN_POINT('Ctrl Pts',(1.06747361786871,-0.60401232206642,7.21508323052758));
#8440=CARTESIAN_POINT('Ctrl Pts',(1.08647709163789,0.569120672089709,7.28651969815659));
#8441=CARTESIAN_POINT('Ctrl Pts',(0.111253301950755,1.22145548951193,7.35795616578555));
#8442=CARTESIAN_POINT('Ctrl Pts',(-0.965777573040159,0.756045295909203,
7.42939263341456));
#8443=CARTESIAN_POINT('Ctrl Pts',(-1.15903243384593,-0.401216434542455,
7.50082910104351));
#8444=CARTESIAN_POINT('Ctrl Pts',(-0.291665166648451,-1.19132793160309,
7.57226556867254));
#8445=CARTESIAN_POINT('Ctrl Pts',(0.842602767589568,-0.89126392617685,7.64370203630149));
#8446=CARTESIAN_POINT('Ctrl Pts',(1.20581105386171,0.224389198578447,7.7151385039305));
#8447=CARTESIAN_POINT('Ctrl Pts',(0.465590438085856,1.13470540406609,7.78657497155948));
#8448=CARTESIAN_POINT('Ctrl Pts',(-0.700688592278096,1.00666096909789,7.85801143918845));
#8449=CARTESIAN_POINT('Ctrl Pts',(-1.22577260159885,-0.0425715776469441,
7.92944790681746));
#8450=CARTESIAN_POINT('Ctrl Pts',(-0.629161042106329,-1.05284718413901,
8.00088437444643));
#8451=CARTESIAN_POINT('Ctrl Pts',(0.543191198879721,-1.0996700102819,8.07232084207542));
#8452=CARTESIAN_POINT('Ctrl Pts',(1.21847313497642,-0.140192829326289,8.14375730970441));
#8453=CARTESIAN_POINT('Ctrl Pts',(0.778739190934884,0.947573787393813,8.2151937773334));
#8454=CARTESIAN_POINT('Ctrl Pts',(-0.373613307799041,1.16822254142318,8.28663024496238));
#8455=CARTESIAN_POINT('Ctrl Pts',(-1.18407499312988,0.319839367023931,8.35806671259137));
#8456=CARTESIAN_POINT('Ctrl Pts',(-0.910998287078819,-0.821226479719955,
8.42950318022035));
#8457=CARTESIAN_POINT('Ctrl Pts',(0.195726308050452,-1.21079396364151,8.50093964784934));
#8458=CARTESIAN_POINT('Ctrl Pts',(1.12334318601097,-0.492372721113279,8.57237611547833));
#8459=CARTESIAN_POINT('Ctrl Pts',(1.02299690639925,0.676615207892439,8.64381258310731));
#8460=CARTESIAN_POINT('Ctrl Pts',(-0.0134863820842327,1.22643749435185,
8.7152490507363));
#8461=CARTESIAN_POINT('Ctrl Pts',(-1.03762838067147,0.653955773488443,8.78668551836528));
#8462=CARTESIAN_POINT('Ctrl Pts',(-1.11224421498002,-0.516956106741433,
8.85812198599428));
#8463=CARTESIAN_POINT('Ctrl Pts',(-0.169053479167831,-1.21480522357908,
8.92955845362325));
#8464=CARTESIAN_POINT('Ctrl Pts',(0.928836862613426,-0.80099493925007,9.00099492125225));
#8465=CARTESIAN_POINT('Ctrl Pts',(1.17675536493202,0.34579997275518,9.07243138888122));
#8466=CARTESIAN_POINT('Ctrl Pts',(0.347833614254428,1.17615585142806,9.14386785651022));
#8467=CARTESIAN_POINT('Ctrl Pts',(-0.799388140261221,0.930220087540299,
9.2153043241392));
#8468=CARTESIAN_POINT('Ctrl Pts',(-1.2150956371378,-0.166953294853586,9.28674079176818));
#8469=CARTESIAN_POINT('Ctrl Pts',(-0.518877977517961,-1.11134893462883,
9.35817725939718));
#8470=CARTESIAN_POINT('Ctrl Pts',(0.652161135426515,-1.03875726880392,9.42961372702616));
#8471=CARTESIAN_POINT('Ctrl Pts',(1.22641234920765,-0.0156064014026744,
9.50105019465514));
#8472=CARTESIAN_POINT('Ctrl Pts',(0.678382565804035,1.02182577011294,9.57248666228413));
#8473=CARTESIAN_POINT('Ctrl Pts',(-0.490430156482396,1.1241926310319,9.64392312991311));
#8474=CARTESIAN_POINT('Ctrl Pts',(-1.21045381901895,0.197819013434515,9.71535959754211));
#8475=CARTESIAN_POINT('Ctrl Pts',(-0.822800018969333,-0.909577340767588,
9.78679606517108));
#8476=CARTESIAN_POINT('Ctrl Pts',(0.317792078194731,-1.18462610349867,9.85823253280008));
#8477=CARTESIAN_POINT('Ctrl Pts',(1.16757496209197,-0.37563215776835,9.92966900042905));
#8478=CARTESIAN_POINT('Ctrl Pts',(0.948918512684141,0.777100036249565,10.0011054680581));
#8479=CARTESIAN_POINT('Ctrl Pts',(-0.138086347721208,1.21871365407415,10.072541935687));
#8480=CARTESIAN_POINT('Ctrl Pts',(-1.09872939831743,0.545091294488176,10.143978403316));
#8481=CARTESIAN_POINT('Ctrl Pts',(-1.05393318896447,-0.62734013362207,10.215414870945));
#8482=CARTESIAN_POINT('Ctrl Pts',(-0.0446904041662056,-1.22569718031381,
10.286851338574));
#8483=CARTESIAN_POINT('Ctrl Pts',(1.00544824358112,-0.702427675660209,10.358287806203));
#8484=CARTESIAN_POINT('Ctrl Pts',(1.13550853582844,0.463628272557355,10.429724273832));
#8485=CARTESIAN_POINT('Ctrl Pts',(0.226473247600997,1.20542136955292,10.5011607414609));
#8486=CARTESIAN_POINT('Ctrl Pts',(-0.889806057956774,0.844142161769685,
10.5725972090899));
#8487=CARTESIAN_POINT('Ctrl Pts',(-1.19183032876222,-0.28960538236766,10.6440336767189));
#8488=CARTESIAN_POINT('Ctrl Pts',(-0.40321935710418,-1.1583371530389,10.7154701443479));
#8489=CARTESIAN_POINT('Ctrl Pts',(0.754374707774858,-0.967083042103092,
10.7869066119769));
#8490=CARTESIAN_POINT('Ctrl Pts',(1.22164597882399,0.109141708237259,10.8583430796059));
#8491=CARTESIAN_POINT('Ctrl Pts',(0.570997923467846,1.08549167728232,10.9297795472349));
#8492=CARTESIAN_POINT('Ctrl Pts',(-0.602166167668542,1.06851612836174,11.0012160148638));
#8493=CARTESIAN_POINT('Ctrl Pts',(-1.22429239005011,0.0737492624990574,
11.0726524824929));
#8494=CARTESIAN_POINT('Ctrl Pts',(-0.726077574412257,-0.988505015662231,
11.1440889501218));
#8495=CARTESIAN_POINT('Ctrl Pts',(0.436565534671382,-1.14618556263411,11.2155254177508));
#8496=CARTESIAN_POINT('Ctrl Pts',(1.19971070661827,-0.255000059763253,11.2869618853798));
#8497=CARTESIAN_POINT('Ctrl Pts',(0.865009359793024,0.869534138216687,11.3583983530088));
#8498=CARTESIAN_POINT('Ctrl Pts',(-0.261255744124081,1.19836398736609,11.4298348206378));
#8499=CARTESIAN_POINT('Ctrl Pts',(-1.14844762179289,0.430579690710114,11.5012712882667));
#8500=CARTESIAN_POINT('Ctrl Pts',(-0.984703455778772,-0.731224940925239,
11.5727077558958));
#8501=CARTESIAN_POINT('Ctrl Pts',(0.0801356616981727,-1.22389096155579,
11.6441442235247));
#8502=CARTESIAN_POINT('Ctrl Pts',(1.07164321954202,-0.59658328845467,11.7155806911537));
#8503=CARTESIAN_POINT('Ctrl Pts',(1.08249788210891,0.576653401345639,11.7870171587827));
#8504=CARTESIAN_POINT('Ctrl Pts',(0.102766626841194,1.22219876880213,11.8584536264117));
#8505=CARTESIAN_POINT('Ctrl Pts',(-0.971005619226355,0.749318955775578,
11.9298900940407));
#8506=CARTESIAN_POINT('Ctrl Pts',(-1.15621770416916,-0.40925716929525,12.0013265616696));
#8507=CARTESIAN_POINT('Ctrl Pts',(-0.283383399709604,-1.1933250432396,12.0727630292987));
#8508=CARTESIAN_POINT('Ctrl Pts',(0.848772987259295,-0.885389872402381,
12.1441994969276));
#8509=CARTESIAN_POINT('Ctrl Pts',(1.2042234032387,0.232759113991245,12.2156359645566));
#8510=CARTESIAN_POINT('Ctrl Pts',(0.457697764677312,1.13791193256032,12.2870724321856));
#8511=CARTESIAN_POINT('Ctrl Pts',(-0.707663760593096,1.00176983983199,12.3585088998146));
#8512=CARTESIAN_POINT('Ctrl Pts',(-1.22544733916145,-0.0510845279501679,
12.4299453674436));
#8513=CARTESIAN_POINT('Ctrl Pts',(-0.621832994201026,-1.05719181673751,
12.5013818350726));
#8514=CARTESIAN_POINT('Ctrl Pts',(0.550816189054352,-1.09587058356788,12.5728183027015));
#8515=CARTESIAN_POINT('Ctrl Pts',(1.21941749451658,-0.131726170978556,12.6442547703305));
#8516=CARTESIAN_POINT('Ctrl Pts',(0.772138743312092,0.95295990006411,12.7156912379595));
#8517=CARTESIAN_POINT('Ctrl Pts',(-0.381718541098733,1.16559931598952,12.7871277055885));
#8518=CARTESIAN_POINT('Ctrl Pts',(-1.18626797222109,0.311607297950871,12.8585641732175));
#8519=CARTESIAN_POINT('Ctrl Pts',(-0.905272232787432,-0.827534286055769,
12.9300006408465));
#8520=CARTESIAN_POINT('Ctrl Pts',(0.204131525199473,-1.20940527966166,13.0014371084755));
#8521=CARTESIAN_POINT('Ctrl Pts',(1.12673601309935,-0.484558321400799,13.0728735761044));
#8522=CARTESIAN_POINT('Ctrl Pts',(1.0182725921005,0.683704423146955,13.1443100437334));
#8523=CARTESIAN_POINT('Ctrl Pts',(-0.0220046522072683,1.22631423596687,
13.2157465113624));
#8524=CARTESIAN_POINT('Ctrl Pts',(-1.04214559974843,0.646732834313186,13.2871829789914));
#8525=CARTESIAN_POINT('Ctrl Pts',(-1.10862670877524,-0.524669067740754,
13.3586194466204));
#8526=CARTESIAN_POINT('Ctrl Pts',(-0.160611601228761,-1.21595013203852,
13.4300559142494));
#8527=CARTESIAN_POINT('Ctrl Pts',(0.934378011346886,-0.794524097787608,
13.5014923818784));
#8528=CARTESIAN_POINT('Ctrl Pts',(1.17432511966254,0.353965144305664,13.5729288495074));
#8529=CARTESIAN_POINT('Ctrl Pts',(0.339655874705628,1.17854346412498,13.6443653171363));
#8530=CARTESIAN_POINT('Ctrl Pts',(-0.805829984264141,0.924645254416314,
13.7158017847653));
#8531=CARTESIAN_POINT('Ctrl Pts',(-1.21390670112474,-0.175389084661001,
13.7872382523943));
#8532=CARTESIAN_POINT('Ctrl Pts',(-0.5111462481642,-1.11492615138467,13.8586747200233));
#8533=CARTESIAN_POINT('Ctrl Pts',(0.65936040897276,-1.03420242754165,13.9301111876523));
#8534=CARTESIAN_POINT('Ctrl Pts',(1.2264911642247,-0.00708760414536525,
14.0015476552813));
#8535=CARTESIAN_POINT('Ctrl Pts',(0.671268799244542,1.02651303411821,14.0729841229102));
#8536=CARTESIAN_POINT('Ctrl Pts',(-0.498226748716768,1.12075908067564,14.1444205905392));
#8537=CARTESIAN_POINT('Ctrl Pts',(-1.21179863223094,0.189406665608675,14.2158570581682));
#8538=CARTESIAN_POINT('Ctrl Pts',(-0.816462424395659,-0.915270407914369,
14.2872935257972));
#8539=CARTESIAN_POINT('Ctrl Pts',(0.326012593976418,-1.1823902057369,14.3587299934262));
#8540=CARTESIAN_POINT('Ctrl Pts',(1.17015586503771,-0.367513348834601,14.4301664610552));
#8541=CARTESIAN_POINT('Ctrl Pts',(0.943498037329445,0.783672293506195,14.5016029286842));
#8542=CARTESIAN_POINT('Ctrl Pts',(-0.146547963907937,1.2177251349661,14.5730393963131));
#8543=CARTESIAN_POINT('Ctrl Pts',(-1.10248899206978,0.53744658564245,14.6444758639421));
#8544=CARTESIAN_POINT('Ctrl Pts',(-1.04955038345639,-0.634645414889548,
14.7159123315711));
#8545=CARTESIAN_POINT('Ctrl Pts',(-0.0361758727566539,-1.22597802438872,
14.7873487992001));
#8546=CARTESIAN_POINT('Ctrl Pts',(1.01030291529123,-0.695427084177643,14.8587852668291));
#8547=CARTESIAN_POINT('Ctrl Pts',(1.13226087315973,0.471504109383299,14.9302217344581));
#8548=CARTESIAN_POINT('Ctrl Pts',(0.218095162978125,1.20696533087712,15.0016582020871));
#8549=CARTESIAN_POINT('Ctrl Pts',(-0.895647840392346,0.837941379843661,
15.0730946697161));
#8550=CARTESIAN_POINT('Ctrl Pts',(-1.18979003650472,-0.297876617222422,
15.144531137345));
#8551=CARTESIAN_POINT('Ctrl Pts',(-0.395164046719679,-1.16110989412454,
15.215967604974));
#8552=CARTESIAN_POINT('Ctrl Pts',(0.761073680496614,-0.961819974272271,
15.287404072603));
#8553=CARTESIAN_POINT('Ctrl Pts',(1.22085843279738,0.11762438999332,15.358840540232));
#8554=CARTESIAN_POINT('Ctrl Pts',(0.563444536318664,1.08943153274835,15.430277007861));
#8555=CARTESIAN_POINT('Ctrl Pts',(-0.609573346442914,1.06430782453205,15.50171347549));
#8556=CARTESIAN_POINT('Ctrl Pts',(-1.22477510516988,0.0652437875192944,
15.5731499431189));
#8557=CARTESIAN_POINT('Ctrl Pts',(-0.719194096791532,-0.993524363664015,
15.644586410748));
#8558=CARTESIAN_POINT('Ctrl Pts',(0.444516184859436,-1.14312561490494,15.7160228783769));
#8559=CARTESIAN_POINT('Ctrl Pts',(1.20145294736644,-0.246660952155512,15.7874593460059));
#8560=CARTESIAN_POINT('Ctrl Pts',(0.8589488792979,0.875521349143844,15.8588958136349));
#8561=CARTESIAN_POINT('Ctrl Pts',(-0.269573044357284,1.19652044855478,15.9303322812639));
#8562=CARTESIAN_POINT('Ctrl Pts',(-1.15141064097443,0.422592411082614,16.0017687488929));
#8563=CARTESIAN_POINT('Ctrl Pts',(-0.979600756663349,-0.738046860028799,
16.0732052165219));
#8564=CARTESIAN_POINT('Ctrl Pts',(0.0886346363613146,-1.22330483171239,
16.1446416841508));
#8565=CARTESIAN_POINT('Ctrl Pts',(1.07576112001716,-0.589125472809661,16.2160781517798));
#8566=CARTESIAN_POINT('Ctrl Pts',(1.07846644770091,0.584158310081395,16.2875146194088));
#8567=CARTESIAN_POINT('Ctrl Pts',(0.0942749937776949,1.22288308337387,16.3589510870378));
#8568=CARTESIAN_POINT('Ctrl Pts',(-0.976186819453934,0.742556464909024,
16.4303875546668));
#8569=CARTESIAN_POINT('Ctrl Pts',(-1.15334719301629,-0.417278159523386,
16.5018240222958));
#8570=CARTESIAN_POINT('Ctrl Pts',(-0.275087960999153,-1.19526458316437,
16.5732604899248));
#8571=CARTESIAN_POINT('Ctrl Pts',(0.854902258057626,-0.879473103182665,
16.6446969575538));
#8572=CARTESIAN_POINT('Ctrl Pts',(1.20257765511487,0.241117799990347,16.7161334251827));
#8573=CARTESIAN_POINT('Ctrl Pts',(0.44978300973788,1.1410635627365,16.7875698928117));
#8574=CARTESIAN_POINT('Ctrl Pts',(-0.714604787821177,0.996830380394189,
16.8590063604407));
#8575=CARTESIAN_POINT('Ctrl Pts',(-1.225062955279,-0.0595950136912741,16.9304428280697));
#8576=CARTESIAN_POINT('Ctrl Pts',(-0.614474946095761,-1.0614854453427,17.0018792956987));
#8577=CARTESIAN_POINT('Ctrl Pts',(0.558414605219642,-1.0920182868117,17.0733157633277));
#8578=CARTESIAN_POINT('Ctrl Pts',(1.22030302352026,-0.12325315752983,17.1447522309567));
#8579=CARTESIAN_POINT('Ctrl Pts',(0.76550104402059,0.958300037387646,17.2161886985856));
#8580=CARTESIAN_POINT('Ctrl Pts',(-0.389805358468991,1.16291985646589,17.2876251662146));
#8581=CARTESIAN_POINT('Ctrl Pts',(-1.18840372006744,0.303360195450278,17.3590616338436));
#8582=CARTESIAN_POINT('Ctrl Pts',(-0.899502503830582,-0.833802168176764,
17.4304981014726));
#8583=CARTESIAN_POINT('Ctrl Pts',(0.212526894066673,-1.20795824818251,17.5019345691016));
#8584=CARTESIAN_POINT('Ctrl Pts',(1.13007448104951,-0.476720544275631,17.5733710367305));
#8585=CARTESIAN_POINT('Ctrl Pts',(1.0134991514581,0.690760653227642,17.6448075043596));
#8586=CARTESIAN_POINT('Ctrl Pts',(-0.0305218607205348,1.22613181431359,
17.7162439719885));
#8587=CARTESIAN_POINT('Ctrl Pts',(-1.04661254073356,0.639478693650546,17.7876804396175));
#8588=CARTESIAN_POINT('Ctrl Pts',(-1.10495571711178,-0.53235671619297,17.8591169072465));
#8589=CARTESIAN_POINT('Ctrl Pts',(-0.152161974617341,-1.21703637724364,
17.9305533748755));
#8590=CARTESIAN_POINT('Ctrl Pts',(0.939874081212804,-0.788014924679831,
18.0019898425045));
#8591=CARTESIAN_POINT('Ctrl Pts',(1.17183821932858,0.362113238883355,18.0734263101335));
#8592=CARTESIAN_POINT('Ctrl Pts',(0.331461748531742,1.18087421824429,18.1448627777625));
#8593=CARTESIAN_POINT('Ctrl Pts',(-0.812232951171662,0.919025811979591,
18.2162992453914));
#8594=CARTESIAN_POINT('Ctrl Pts',(-1.21265920044225,-0.183816412859537,
18.2877357130205));
#8595=CARTESIAN_POINT('Ctrl Pts',(-0.503389858668875,-1.11844957876656,
18.3591721806494));
#8596=CARTESIAN_POINT('Ctrl Pts',(0.666527871816979,-1.02959769140422,18.4306086482784));
#8597=CARTESIAN_POINT('Ctrl Pts',(1.22651080743757,0.00143153505192725,
18.5020451159074));
#8598=CARTESIAN_POINT('Ctrl Pts',(0.664122647465218,1.03115077422148,18.5734815835364));
#8599=CARTESIAN_POINT('Ctrl Pts',(-0.505999304108127,1.11727145953697,18.6449180511654));
#8600=CARTESIAN_POINT('Ctrl Pts',(-1.21308498247683,0.180985179898686,18.7163545187943));
#8601=CARTESIAN_POINT('Ctrl Pts',(-0.810085439766735,-0.9209193180359,18.7877909864233));
#8602=CARTESIAN_POINT('Ctrl Pts',(0.334217381350195,-1.18009726381226,18.8592274540523));
#8603=CARTESIAN_POINT('Ctrl Pts',(1.17268031406376,-0.359376809297826,18.9306639216813));
#8604=CARTESIAN_POINT('Ctrl Pts',(0.938032043113502,0.790206742660479,19.0021003893103));
#8605=CARTESIAN_POINT('Ctrl Pts',(-0.155002509919466,1.21667786696908,19.0735368569393));
#8606=CARTESIAN_POINT('Ctrl Pts',(-1.10619539647627,0.52977594780103,19.1449733245683));
#8607=CARTESIAN_POINT('Ctrl Pts',(-1.0451169426143,-0.64192007782458,19.2164097921972));
#8608=CARTESIAN_POINT('Ctrl Pts',(-0.0276595960498509,-1.22619972141578,
19.2878462598262));
#8609=CARTESIAN_POINT('Ctrl Pts',(1.01510884515304,-0.688392941963984,19.3592827274552));
#8610=CARTESIAN_POINT('Ctrl Pts',(1.12895858480711,0.479357198594226,19.4307191950842));
#8611=CARTESIAN_POINT('Ctrl Pts',(0.209706556400713,1.20845106241682,19.5021556627132));
#8612=CARTESIAN_POINT('Ctrl Pts',(-0.901446412489219,0.831700171614801,
19.5735921303422));
#8613=CARTESIAN_POINT('Ctrl Pts',(-1.18769234308112,-0.306133481083431,
19.6450285979711));
#8614=CARTESIAN_POINT('Ctrl Pts',(-0.387089671730173,-1.16382661771142,
19.7164650656002));
#8615=CARTESIAN_POINT('Ctrl Pts',(0.767735935381263,-0.956510503642291,
19.7879015332291));
#8616=CARTESIAN_POINT('Ctrl Pts',(1.22001198671652,0.126101396985817,19.8593380008581));
#8617=CARTESIAN_POINT('Ctrl Pts',(0.555863965908212,1.09331882882285,19.9307744684871));
#8618=CARTESIAN_POINT('Ctrl Pts',(-0.616951116481453,1.06004817339877,20.0022109361161));
#8619=CARTESIAN_POINT('Ctrl Pts',(-1.22519873127639,0.0567351648669141,
20.0736474037451));
#8620=CARTESIAN_POINT('Ctrl Pts',(-0.712275921805245,-0.998495779295153,
20.1450838713741));
#8621=CARTESIAN_POINT('Ctrl Pts',(0.452445389459125,-1.14001051732471,20.216520339003));
#8622=CARTESIAN_POINT('Ctrl Pts',(1.20313722427387,-0.238309944442838,20.287956806632));
#8623=CARTESIAN_POINT('Ctrl Pts',(0.852846958997614,0.881466320730574,20.359393274261));
#8624=CARTESIAN_POINT('Ctrl Pts',(-0.277877339096558,1.19461918387007,20.43082974189));
#8625=CARTESIAN_POINT('Ctrl Pts',(-1.15431811059561,0.414584743574532,20.502266209519));
#8626=CARTESIAN_POINT('Ctrl Pts',(-0.974450796918719,-0.744833172219288,
20.573702677148));
#8627=CARTESIAN_POINT('Ctrl Pts',(0.0971293348653608,-1.22265968378874,
20.6451391447769));
#8628=CARTESIAN_POINT('Ctrl Pts',(1.0798271206269,-0.581639234932089,20.716575612406));
#8629=CARTESIAN_POINT('Ctrl Pts',(1.07438298290956,0.591635036224292,20.7880120800349));
#8630=CARTESIAN_POINT('Ctrl Pts',(0.0857788124372725,1.22350840021253,20.859448547664));
#8631=CARTESIAN_POINT('Ctrl Pts',(-0.981320923756959,0.735758149564491,
20.9308850152929));
#8632=CARTESIAN_POINT('Ctrl Pts',(-1.15042103887452,-0.425279018255839,
21.0023214829219));
#8633=CARTESIAN_POINT('Ctrl Pts',(-0.26677925072883,-1.1971464578047,21.0737579505509));
#8634=CARTESIAN_POINT('Ctrl Pts',(0.860990284279147,-0.873513903971017,
21.1451944181799));
#8635=CARTESIAN_POINT('Ctrl Pts',(1.20087388888903,0.249464853312672,21.2166308858089));
#8636=CARTESIAN_POINT('Ctrl Pts',(0.441846555113276,1.14416014254487,21.2880673534379));
#8637=CARTESIAN_POINT('Ctrl Pts',(-0.721511339093923,0.991842829087689,
21.3595038210668));
#8638=CARTESIAN_POINT('Ctrl Pts',(-1.22461946849601,-0.068102624283642,
21.4309402886958));
#8639=CARTESIAN_POINT('Ctrl Pts',(-0.607087252778042,-1.06572786280935,
21.5023767563248));
#8640=CARTESIAN_POINT('Ctrl Pts',(0.565986080791584,-1.08811330586661,21.5738132239538));
#8641=CARTESIAN_POINT('Ctrl Pts',(1.2211296792653,-0.114774197758888,21.6452496915828));
#8642=CARTESIAN_POINT('Ctrl Pts',(0.7588264132948,0.963593941730605,21.7166861592118));
#8643=CARTESIAN_POINT('Ctrl Pts',(-0.397873369762979,1.16018429212226,21.7881226268407));
#8644=CARTESIAN_POINT('Ctrl Pts',(-1.19048213363024,0.295098457401889,21.8595590944697));
#8645=CARTESIAN_POINT('Ctrl Pts',(-0.893689378567618,-0.840029823690326,
21.9309955620987));
#8646=CARTESIAN_POINT('Ctrl Pts',(0.220912009619312,-1.20645293901574,22.0024320297277));
#8647=CARTESIAN_POINT('Ctrl Pts',(1.1333584287978,-0.468859767869631,22.0738684973567));
#8648=CARTESIAN_POINT('Ctrl Pts',(1.00867681476567,0.697783557708234,22.1453049649857));
#8649=CARTESIAN_POINT('Ctrl Pts',(-0.0390375967131785,1.22589023819289,
22.2167414326147));
#8650=CARTESIAN_POINT('Ctrl Pts',(-1.05102898812033,0.632193701474947,22.2881779002436));
#8651=CARTESIAN_POINT('Ctrl Pts',(-1.10123141709578,-0.540018681209216,
22.3596143678727));
#8652=CARTESIAN_POINT('Ctrl Pts',(-0.143705006983996,-1.21806390678872,
22.4310508355016));
#8653=CARTESIAN_POINT('Ctrl Pts',(0.945324807054631,-0.781467733960456,
22.5024873031306));
#8654=CARTESIAN_POINT('Ctrl Pts',(1.16929478390986,0.370243863385433,22.5739237707596));
#8655=CARTESIAN_POINT('Ctrl Pts',(0.323251631057029,1.18314800133887,22.6453602383886));
#8656=CARTESIAN_POINT('Ctrl Pts',(-0.818596732074828,0.913362031339614,
22.7167967060175));
#8657=CARTESIAN_POINT('Ctrl Pts',(-1.21135319527415,-0.192234872875837,
22.7882331736466));
#8658=CARTESIAN_POINT('Ctrl Pts',(-0.495609183240359,-1.12191904678497,
22.8596696412755));
#8659=CARTESIAN_POINT('Ctrl Pts',(0.673663178172099,-1.02494328255094,22.9311061089046));
#8660=CARTESIAN_POINT('Ctrl Pts',(1.22647127788785,0.00995060519419691,
23.0025425765335));
#8661=CARTESIAN_POINT('Ctrl Pts',(0.656944455251061,1.03573876665874,23.0739790441625));
#8662=CARTESIAN_POINT('Ctrl Pts',(-0.513747447709866,1.11372993590813,23.1454155117915));
#8663=CARTESIAN_POINT('Ctrl Pts',(-1.21431280762352,0.172554962535357,23.2168519794205));
#8664=CARTESIAN_POINT('Ctrl Pts',(-0.803669372878111,-0.926523798484063,
23.2882884470494));
#8665=CARTESIAN_POINT('Ctrl Pts',(0.342406044742004,-1.17774738857043,23.3597249146785));
#8666=CARTESIAN_POINT('Ctrl Pts',(1.17514818687744,-0.351222931280327,23.4311613823074));
#8667=CARTESIAN_POINT('Ctrl Pts',(0.93252079469284,0.79670306765618,23.5025978499364));
#8668=CARTESIAN_POINT('Ctrl Pts',(-0.16344957967174,1.21557190213191,23.5740343175654));
#8669=CARTESIAN_POINT('Ctrl Pts',(-1.1098484293004,0.522079748141835,23.6454707851944));
#8670=CARTESIAN_POINT('Ctrl Pts',(-1.04063308682007,-0.649163765979321,
23.7169072528234));
#8671=CARTESIAN_POINT('Ctrl Pts',(-0.0191419725969507,-1.22636227110147,
23.7883437204523));
#8672=CARTESIAN_POINT('Ctrl Pts',(1.01986577794317,-0.68132556864609,23.8597801880814));
#8673=CARTESIAN_POINT('Ctrl Pts',(1.12560187440906,0.487187123882603,23.9312166557103));
#8674=CARTESIAN_POINT('Ctrl Pts',(0.201307748496093,1.20987856351407,24.0026531233393));
#8675=CARTESIAN_POINT('Ctrl Pts',(-0.907201334991002,0.825418703456293,
24.0740895909683));
#8676=CARTESIAN_POINT('Ctrl Pts',(-1.18553765228956,-0.314375320000825,
24.1455260585973));
#8677=CARTESIAN_POINT('Ctrl Pts',(-0.378996047633262,-1.16648767762496,
24.2169625262263));
#8678=CARTESIAN_POINT('Ctrl Pts',(0.7743600619903,-0.951153966484101,24.2883989938553));
#8679=CARTESIAN_POINT('Ctrl Pts',(1.21910874737987,0.134570575146763,24.3598354614842));
#8680=CARTESIAN_POINT('Ctrl Pts',(0.548252658655039,1.09715668856001,24.4312719291132));
#8681=CARTESIAN_POINT('Ctrl Pts',(-0.624291686590144,1.0557310999839,24.5027083967422));
#8682=CARTESIAN_POINT('Ctrl Pts',(-1.22557735326571,0.0482357196786528,
24.5741448643712));
#8683=CARTESIAN_POINT('Ctrl Pts',(-0.705296623981918,-1.003441626053,24.6455813320002));
#8684=CARTESIAN_POINT('Ctrl Pts',(0.460301999474837,-1.13679753750712,24.7170177996292));
#8685=CARTESIAN_POINT('Ctrl Pts',(1.20485978051914,-0.230028810330295,24.7884542672581));
#8686=CARTESIAN_POINT('Ctrl Pts',(0.846521021145263,0.887523291702763,24.8598907348872));
#8687=CARTESIAN_POINT('Ctrl Pts',(-0.285820152033249,1.19236580230674,24.9313272025161));
#8688=CARTESIAN_POINT('Ctrl Pts',(-1.15783993451988,0.407126984571142,25.0027636701451));
#8689=CARTESIAN_POINT('Ctrl Pts',(-0.967900831781977,-0.752758755329878,
25.0742001377741));
#8690=CARTESIAN_POINT('Ctrl Pts',(-0.254385472239202,-1.06360700771179,
25.1218244495268));
#8691=CARTESIAN_POINT('Ctrl Pts',(0.0893644005647479,-1.03389509449059,
25.1456366054031));
#8692=CARTESIAN_POINT('Ctrl Pts',(0.839304835058994,-0.744363769688164,
-0.0485455351343627));
#8693=CARTESIAN_POINT('Ctrl Pts',(1.08679121207507,-0.465311347607159,-0.024733379258034));
#8694=CARTESIAN_POINT('Ctrl Pts',(1.27731851646738,0.354179363742797,0.0228909324946236));
#8695=CARTESIAN_POINT('Ctrl Pts',(0.393580283624301,1.26705630517544,0.0943274001236092));
#8696=CARTESIAN_POINT('Ctrl Pts',(-0.85007499235275,1.01700617643659,0.165763867752596));
#8697=CARTESIAN_POINT('Ctrl Pts',(-1.31594481155628,-0.161958039148928,
0.237200335381582));
#8698=CARTESIAN_POINT('Ctrl Pts',(-0.577546213861778,-1.1936238304336,0.308636803010568));
#8699=CARTESIAN_POINT('Ctrl Pts',(0.689330960399976,-1.13253554670132,0.380073270639554));
#8700=CARTESIAN_POINT('Ctrl Pts',(1.32542205309725,-0.0353238715381439,
0.45150973826854));
#8701=CARTESIAN_POINT('Ctrl Pts',(0.748620842841,1.09434504464552,0.522946205897526));
#8702=CARTESIAN_POINT('Ctrl Pts',(-0.513233494220504,1.22251688355799,0.594382673526511));
#8703=CARTESIAN_POINT('Ctrl Pts',(-1.30543389491889,0.232009287183878,0.665819141155498));
#8704=CARTESIAN_POINT('Ctrl Pts',(-0.903040050336142,-0.970827740325121,
0.737255608784483));
#8705=CARTESIAN_POINT('Ctrl Pts',(0.32571852221508,-1.28525714334213,0.808692076413469));
#8706=CARTESIAN_POINT('Ctrl Pts',(1.2564147860009,-0.423562504442477,0.880128544042456));
#8707=CARTESIAN_POINT('Ctrl Pts',(1.0373748645702,0.825733938482661,0.951565011671442));
#8708=CARTESIAN_POINT('Ctrl Pts',(-0.130959137147894,1.31940577625836,1.02300147930043));
#8709=CARTESIAN_POINT('Ctrl Pts',(-1.17945343663495,0.605699800427313,1.09443794692941));
#8710=CARTESIAN_POINT('Ctrl Pts',(-1.14863847147398,-0.662278062429947,
1.1658744145584));
#8711=CARTESIAN_POINT('Ctrl Pts',(-0.0667128311375868,-1.32420988034612,
1.23731088218739));
#8712=CARTESIAN_POINT('Ctrl Pts',(1.07626124167145,-0.774367009303479,1.30874734981637));
#8713=CARTESIAN_POINT('Ctrl Pts',(1.2343564970344,0.484093525937877,1.38018381744536));
#8714=CARTESIAN_POINT('Ctrl Pts',(0.262901125469395,1.29956357365884,1.45162028507434));
#8715=CARTESIAN_POINT('Ctrl Pts',(-0.949133149868663,0.925812489111597,
1.52305675270333));
#8716=CARTESIAN_POINT('Ctrl Pts',(-1.29262260073097,-0.295142861701298,
1.59449322033231));
#8717=CARTESIAN_POINT('Ctrl Pts',(-0.45324253636883,-1.24601512737962,1.6659296879613));
#8718=CARTESIAN_POINT('Ctrl Pts',(0.800896467921328,-1.05666803900459,1.73736615559029));
#8719=CARTESIAN_POINT('Ctrl Pts',(1.32214095484866,0.099628267452974,1.80880262321927));
#8720=CARTESIAN_POINT('Ctrl Pts',(0.633503895710053,1.16475547221029,1.88023909084826));
#8721=CARTESIAN_POINT('Ctrl Pts',(-0.634847958607347,1.16402343865602,1.95167555847725));
#8722=CARTESIAN_POINT('Ctrl Pts',(-1.32225507560088,0.0981020448017765,
2.02311202610623));
#8723=CARTESIAN_POINT('Ctrl Pts',(-0.799676215423705,-1.05759181474327,
2.09454849373522));
#8724=CARTESIAN_POINT('Ctrl Pts',(0.454680517876262,-1.24549111712654,2.16598496136421));
#8725=CARTESIAN_POINT('Ctrl Pts',(1.29296242500992,-0.293650580905741,2.23742142899319));
#8726=CARTESIAN_POINT('Ctrl Pts',(0.948063845907517,0.926907460449074,2.30885789662218));
#8727=CARTESIAN_POINT('Ctrl Pts',(-0.264401044858257,1.29925924419952,2.38029436425116));
#8728=CARTESIAN_POINT('Ctrl Pts',(-1.23491446761065,0.482668368387836,2.45173083188015));
#8729=CARTESIAN_POINT('Ctrl Pts',(-1.07536666662929,-0.775608811488827,
2.52316729950914));
#8730=CARTESIAN_POINT('Ctrl Pts',(0.0682413289055283,-1.32413202407714,
2.59460376713812));
#8731=CARTESIAN_POINT('Ctrl Pts',(1.1494021820067,-0.660951677624823,2.66604023476711));
#8732=CARTESIAN_POINT('Ctrl Pts',(1.1787534803344,0.607060729051425,2.7374767023961));
#8733=CARTESIAN_POINT('Ctrl Pts',(0.129436064832383,1.31955628954499,2.80891317002508));
#8734=CARTESIAN_POINT('Ctrl Pts',(-1.03832734968913,0.824535512300398,2.88034963765407));
#8735=CARTESIAN_POINT('Ctrl Pts',(-1.2559249784811,-0.42501169934981,2.95178610528305));
#8736=CARTESIAN_POINT('Ctrl Pts',(-0.324234818260144,-1.28563380431007,
3.02322257291204));
#8737=CARTESIAN_POINT('Ctrl Pts',(0.904160259678005,-0.969781790392024,
3.09465904054102));
#8738=CARTESIAN_POINT('Ctrl Pts',(1.30516487754631,0.233510467809219,3.16609550817002));
#8739=CARTESIAN_POINT('Ctrl Pts',(0.511822633847601,1.22311899978631,3.23753197579899));
#8740=CARTESIAN_POINT('Ctrl Pts',(-0.749884769633883,1.09346025461747,3.30896844342799));
#8741=CARTESIAN_POINT('Ctrl Pts',(-1.32537808893553,-0.0368159955257953,
3.38040491105696));
#8742=CARTESIAN_POINT('Ctrl Pts',(-0.688027584332132,-1.13340219664295,
3.45184137868596));
#8743=CARTESIAN_POINT('Ctrl Pts',(0.578931945273139,-1.19282031291357,3.52327784631494));
#8744=CARTESIAN_POINT('Ctrl Pts',(1.31611507360276,-0.160697259443239,3.59471431394393));
#8745=CARTESIAN_POINT('Ctrl Pts',(0.848930895808083,1.01847868426367,3.66615078157291));
#8746=CARTESIAN_POINT('Ctrl Pts',(-0.395103753937545,1.26565221122606,3.7375872492019));
#8747=CARTESIAN_POINT('Ctrl Pts',(-1.27758183973717,0.354636629426172,3.80902371683089));
#8748=CARTESIAN_POINT('Ctrl Pts',(-0.990954100720447,-0.880904345784654,
3.88046018445987));
#8749=CARTESIAN_POINT('Ctrl Pts',(0.202488509362579,-1.31033617813639,3.95189665208886));
#8750=CARTESIAN_POINT('Ctrl Pts',(1.21063536116927,-0.540688929462684,4.02333311971784));
#8751=CARTESIAN_POINT('Ctrl Pts',(1.11093862249192,0.723738815604571,4.09476958734683));
#8752=CARTESIAN_POINT('Ctrl Pts',(-0.00536994814129439,1.32587844835562,
4.16620605497582));
#8753=CARTESIAN_POINT('Ctrl Pts',(-1.11676451839059,0.714716381945158,4.2376425226048));
#8754=CARTESIAN_POINT('Ctrl Pts',(-1.20621602183233,-0.550477433535596,
4.30907899023379));
#8755=CARTESIAN_POINT('Ctrl Pts',(-0.19186803998937,-1.31193336392806,4.38051545786277));
#8756=CARTESIAN_POINT('Ctrl Pts',(0.998056986055955,-0.872848640224559,
4.45195192549176));
#8757=CARTESIAN_POINT('Ctrl Pts',(1.27466734246203,0.364973508925982,4.52338839312074));
#8758=CARTESIAN_POINT('Ctrl Pts',(0.384838909254357,1.26881106161669,4.59482486074973));
#8759=CARTESIAN_POINT('Ctrl Pts',(-0.857152803385808,1.01156886458847,4.66626132837872));
#8760=CARTESIAN_POINT('Ctrl Pts',(-1.31477023640866,-0.17135262358914,4.7376977960077));
#8761=CARTESIAN_POINT('Ctrl Pts',(-0.56925101401635,-1.19747057550418,4.8091342636367));
#8762=CARTESIAN_POINT('Ctrl Pts',(0.697185660056424,-1.1277919362935,4.88057073126567));
#8763=CARTESIAN_POINT('Ctrl Pts',(1.32563282081701,-0.0260791205694198,
4.95200719889467));
#8764=CARTESIAN_POINT('Ctrl Pts',(0.741003054385446,1.09949850820653,5.02344366652365));
#8765=CARTESIAN_POINT('Ctrl Pts',(-0.521713203371756,1.2189330701825,5.09488013415263));
#8766=CARTESIAN_POINT('Ctrl Pts',(-1.30701351330131,0.222930868667216,5.16631660178162));
#8767=CARTESIAN_POINT('Ctrl Pts',(-0.896275288565574,-0.977073745048786,
5.2377530694106));
#8768=CARTESIAN_POINT('Ctrl Pts',(0.334637916675939,-1.28296529995154,5.30918953703959));
#8769=CARTESIAN_POINT('Ctrl Pts',(1.25932640470424,-0.414824664854503,5.38062600466858));
#8770=CARTESIAN_POINT('Ctrl Pts',(1.03161448338762,0.832918995954498,5.45206247229757));
#8771=CARTESIAN_POINT('Ctrl Pts',(-0.140120328659419,1.31846455760227,5.52349893992654));
#8772=CARTESIAN_POINT('Ctrl Pts',(-1.18363204977351,0.597492817451328,5.59493540755554));
#8773=CARTESIAN_POINT('Ctrl Pts',(-1.14401071374098,-0.670240242750918,
5.66637187518451));
#8774=CARTESIAN_POINT('Ctrl Pts',(-0.0575135162278055,-1.32464134451861,
5.73780834281352));
#8775=CARTESIAN_POINT('Ctrl Pts',(1.08161388056985,-0.766872811824485,5.80924481044248));
#8776=CARTESIAN_POINT('Ctrl Pts',(1.23096430289473,0.492655438573303,5.88068127807148));
#8777=CARTESIAN_POINT('Ctrl Pts',(0.253868268410807,1.30135828980764,5.95211774570047));
#8778=CARTESIAN_POINT('Ctrl Pts',(-0.95554076716913,0.919197660155197,6.02355421332945));
#8779=CARTESIAN_POINT('Ctrl Pts',(-1.29054141496491,-0.304114045083971,
6.09499068095844));
#8780=CARTESIAN_POINT('Ctrl Pts',(-0.444577025160749,-1.24913320540933,
6.16642714858742));
#8781=CARTESIAN_POINT('Ctrl Pts',(0.808216558303423,-1.05107967873094,6.23786361621641));
#8782=CARTESIAN_POINT('Ctrl Pts',(1.32141706315908,0.108809196987191,6.30930008384539));
#8783=CARTESIAN_POINT('Ctrl Pts',(0.625398449912048,1.16912757003013,6.38073655147438));
#8784=CARTESIAN_POINT('Ctrl Pts',(-0.642917724150112,1.15958582956614,6.45217301910337));
#8785=CARTESIAN_POINT('Ctrl Pts',(-1.32290457730067,0.0889155527109588,
6.52360948673236));
#8786=CARTESIAN_POINT('Ctrl Pts',(-0.792311099005226,-1.06312069801603,
6.59504595436134));
#8787=CARTESIAN_POINT('Ctrl Pts',(0.463320488085042,-1.24230295076427,6.66648242199032));
#8788=CARTESIAN_POINT('Ctrl Pts',(1.29497087527941,-0.284662832725028,6.73791888961931));
#8789=CARTESIAN_POINT('Ctrl Pts',(0.941602858041757,0.933470167645729,6.80935535724829));
#8790=CARTESIAN_POINT('Ctrl Pts',(-0.273419067979376,1.29739142490701,6.88079182487729));
#8791=CARTESIAN_POINT('Ctrl Pts',(-1.23823719879292,0.474079250423835,6.95222829250627));
#8792=CARTESIAN_POINT('Ctrl Pts',(-1.06995349879859,-0.78305938891352,7.02366476013526));
#8793=CARTESIAN_POINT('Ctrl Pts',(0.0774368453426192,-1.32362609189315,
7.09510122776424));
#8794=CARTESIAN_POINT('Ctrl Pts',(1.15396529701666,-0.652952210684828,7.16653769539323));
#8795=CARTESIAN_POINT('Ctrl Pts',(1.17450852064798,0.615233476886828,7.23797416302222));
#8796=CARTESIAN_POINT('Ctrl Pts',(0.12026756210239,1.32042349633097,7.3094106306512));
#8797=CARTESIAN_POINT('Ctrl Pts',(-1.04402936547552,0.817303603431277,7.38084709828019));
#8798=CARTESIAN_POINT('Ctrl Pts',(-1.25294263425953,-0.433724856806434,
7.45228356590917));
#8799=CARTESIAN_POINT('Ctrl Pts',(-0.315297235479117,-1.28785486350605,
7.52372003353817));
#8800=CARTESIAN_POINT('Ctrl Pts',(0.910874364192626,-0.963478276254136,
7.59515650116714));
#8801=CARTESIAN_POINT('Ctrl Pts',(1.3035114757156,0.242570255461581,7.66659296879614));
#8802=CARTESIAN_POINT('Ctrl Pts',(0.503314741629472,1.2266445153407,7.73802943642512));
#8803=CARTESIAN_POINT('Ctrl Pts',(-0.757461642114169,1.08822532449979,7.8094659040541));
#8804=CARTESIAN_POINT('Ctrl Pts',(-1.32509040092538,-0.0460209249404287,
7.88090237168309));
#8805=CARTESIAN_POINT('Ctrl Pts',(-0.680138597031672,-1.13815376157387,
7.95233883931208));
#8806=CARTESIAN_POINT('Ctrl Pts',(0.587203077115459,-1.18877039094314,8.02377530694105));
#8807=CARTESIAN_POINT('Ctrl Pts',(1.31719949755501,-0.151551904632659,8.09521177457005));
#8808=CARTESIAN_POINT('Ctrl Pts',(0.841836263419691,1.02435062441946,8.16664824219903));
#8809=CARTESIAN_POINT('Ctrl Pts',(-0.403885196305363,1.26287736711145,8.23808470982803));
#8810=CARTESIAN_POINT('Ctrl Pts',(-1.28001425821203,0.345754240654956,8.30952117745701));
#8811=CARTESIAN_POINT('Ctrl Pts',(-0.984811606894328,-0.887766070022488,
8.380957645086));
#8812=CARTESIAN_POINT('Ctrl Pts',(0.211584964183344,-1.30889812402971,8.45239411271498));
#8813=CARTESIAN_POINT('Ctrl Pts',(1.21436167751383,-0.532267049837548,8.52383058034397));
#8814=CARTESIAN_POINT('Ctrl Pts',(1.10588487544741,0.731437720119492,8.59526704797295));
#8815=CARTESIAN_POINT('Ctrl Pts',(-0.0145791115087074,1.32580916638276,
8.66670351560193));
#8816=CARTESIAN_POINT('Ctrl Pts',(-1.12170185984095,0.706942312912666,8.73813998323092));
#8817=CARTESIAN_POINT('Ctrl Pts',(-1.20236341620983,-0.558842295748267,
8.80957645085991));
#8818=CARTESIAN_POINT('Ctrl Pts',(-0.182750978604138,-1.31323439491059,
8.88101291848889));
#8819=CARTESIAN_POINT('Ctrl Pts',(1.00409554681618,-0.865895276012562,8.95244938611789));
#8820=CARTESIAN_POINT('Ctrl Pts',(1.27210155968159,0.373818295449308,9.02388585374686));
#8821=CARTESIAN_POINT('Ctrl Pts',(0.376016712044738,1.27145347080419,9.09532232137586));
#8822=CARTESIAN_POINT('Ctrl Pts',(-0.864158286693694,1.00559084706235,9.16675878900483));
#8823=CARTESIAN_POINT('Ctrl Pts',(-1.31354833912704,-0.180480627585237,
9.23819525663382));
#8824=CARTESIAN_POINT('Ctrl Pts',(-0.560919885436987,-1.20139559607913,
9.30963172426282));
#8825=CARTESIAN_POINT('Ctrl Pts',(0.705002264925059,-1.12292221574226,9.38106819189179));
#8826=CARTESIAN_POINT('Ctrl Pts',(1.32578198386199,-0.0168709046561319,
9.45250465952079));
#8827=CARTESIAN_POINT('Ctrl Pts',(0.733348277592061,1.10461884825026,9.52394112714977));
#8828=CARTESIAN_POINT('Ctrl Pts',(-0.53016708958211,1.21527994852256,9.59537759477875));
#8829=CARTESIAN_POINT('Ctrl Pts',(-1.30853041930725,0.213847230294343,9.66681406240775));
#8830=CARTESIAN_POINT('Ctrl Pts',(-0.889467104743048,-0.983275528901732,
9.73825053003672));
#8831=CARTESIAN_POINT('Ctrl Pts',(0.343541070959406,-1.28061002210705,9.80968699766572));
#8832=CARTESIAN_POINT('Ctrl Pts',(1.26217731788984,-0.406067622892277,9.88112346529469));
#8833=CARTESIAN_POINT('Ctrl Pts',(1.0258043056094,0.840064296795281,9.95255993292369));
#8834=CARTESIAN_POINT('Ctrl Pts',(-0.14927474608712,1.31745950462911,10.0239964005527));
#8835=CARTESIAN_POINT('Ctrl Pts',(-1.18775356622093,0.589257127310674,10.0954328681817));
#8836=CARTESIAN_POINT('Ctrl Pts',(-1.13932775956313,-0.678170150069888,
10.1668693358106));
#8837=CARTESIAN_POINT('Ctrl Pts',(-0.0483114286425334,-1.32500886865692,
10.2383058034396));
#8838=CARTESIAN_POINT('Ctrl Pts',(1.08691433831921,-0.759341634123322,10.3097422710686));
#8839=CARTESIAN_POINT('Ctrl Pts',(1.22751272057516,0.501193592320495,10.3811787386976));
#8840=CARTESIAN_POINT('Ctrl Pts',(0.244823163832381,1.30309021737103,10.4526152063266));
#8841=CARTESIAN_POINT('Ctrl Pts',(-0.961902284767856,0.912538487251546,
10.5240516739556));
#8842=CARTESIAN_POINT('Ctrl Pts',(-1.28839796722051,-0.31307055789235,10.5954881415846));
#8843=CARTESIAN_POINT('Ctrl Pts',(-0.435890065473098,-1.25219101856659,
10.6669246092135));
#8844=CARTESIAN_POINT('Ctrl Pts',(0.815497656473553,-1.04544060971588,10.7383610768425));
#8845=CARTESIAN_POINT('Ctrl Pts',(1.32062941997338,0.117984877241626,10.8097975444715));
#8846=CARTESIAN_POINT('Ctrl Pts',(0.617262831905899,1.17344326343649,10.8812340121005));
#8847=CARTESIAN_POINT('Ctrl Pts',(-0.650956472268041,1.15509227656032,10.9526704797295));
#8848=CARTESIAN_POINT('Ctrl Pts',(-1.32349025574999,0.0797247708794921,
11.0241069473585));
#8849=CARTESIAN_POINT('Ctrl Pts',(-0.784907757708007,-1.06859829124267,
11.0955434149875));
#8850=CARTESIAN_POINT('Ctrl Pts',(0.471938105496359,-1.23905484976956,11.1669798826164));
#8851=CARTESIAN_POINT('Ctrl Pts',(1.29691684995544,-0.275661351042553,11.2384163502454));
#8852=CARTESIAN_POINT('Ctrl Pts',(0.935096442747426,0.939987839771383,11.3098528178744));
#8853=CARTESIAN_POINT('Ctrl Pts',(-0.282423900056081,1.29546101324358,11.3812892855034));
#8854=CARTESIAN_POINT('Ctrl Pts',(-1.24150019148606,0.465467260607047,11.4527257531324));
#8855=CARTESIAN_POINT('Ctrl Pts',(-1.06448871128996,-0.790472187804993,
11.5241622207614));
#8856=CARTESIAN_POINT('Ctrl Pts',(0.0866286258556813,-1.32305630165134,
11.5955986883904));
#8857=CARTESIAN_POINT('Ctrl Pts',(1.15847273921743,-0.644921242204831,11.6670351560194));
#8858=CARTESIAN_POINT('Ctrl Pts',(1.17020689704892,0.623376542914557,11.7384716236483));
#8859=CARTESIAN_POINT('Ctrl Pts',(0.111093257089549,1.32122699956752,11.8099080912773));
#8860=CARTESIAN_POINT('Ctrl Pts',(-1.04968101228822,0.810032263924421,11.8813445589063));
#8861=CARTESIAN_POINT('Ctrl Pts',(-1.24989984208828,-0.442417089299979,
11.9527810265353));
#8862=CARTESIAN_POINT('Ctrl Pts',(-0.306344441250356,-1.2900137904193,12.0242174941643));
#8863=CARTESIAN_POINT('Ctrl Pts',(0.917544523768139,-0.957128279312683,
12.0956539617933));
#8864=CARTESIAN_POINT('Ctrl Pts',(1.30179518625225,0.251618340363778,12.1670904294223));
#8865=CARTESIAN_POINT('Ctrl Pts',(0.494782567099171,1.23011085169253,12.2385268970512));
#8866=CARTESIAN_POINT('Ctrl Pts',(-0.765001971019373,1.08293789318383,12.3099633646802));
#8867=CARTESIAN_POINT('Ctrl Pts',(-1.32473878421196,-0.0552236340853744,
12.3813998323092));
#8868=CARTESIAN_POINT('Ctrl Pts',(-0.672216796589914,-1.14285041651974,
12.4528362999382));
#8869=CARTESIAN_POINT('Ctrl Pts',(0.595445879470783,-1.18466311699919,12.5242727675672));
#8870=CARTESIAN_POINT('Ctrl Pts',(1.31822037349894,-0.142399238232821,12.5957092351962));
#8871=CARTESIAN_POINT('Ctrl Pts',(0.834701016820635,1.03017314499824,12.6671457028252));
#8872=CARTESIAN_POINT('Ctrl Pts',(-0.412647153318166,1.26004159574808,12.7385821704541));
#8873=CARTESIAN_POINT('Ctrl Pts',(-1.28238492267247,0.336855171044298,12.8100186380831));
#8874=CARTESIAN_POINT('Ctrl Pts',(-0.978621601042672,-0.894584964175923,
12.8814551057121));
#8875=CARTESIAN_POINT('Ctrl Pts',(0.220671211132682,-1.3073969224127,12.9528915733411));
#8876=CARTESIAN_POINT('Ctrl Pts',(1.21802940723869,-0.52381949110235,13.0243280409701));
#8877=CARTESIAN_POINT('Ctrl Pts',(1.10077777522339,0.739101336577877,13.0957645085991));
#8878=CARTESIAN_POINT('Ctrl Pts',(-0.0237875715100172,1.32567592102995,
13.1672009762281));
#8879=CARTESIAN_POINT('Ctrl Pts',(-1.12658508502476,0.699134137599301,13.238637443857));
#8880=CARTESIAN_POINT('Ctrl Pts',(-1.19845280282119,-0.567180196733801,
13.310073911486));
#8881=CARTESIAN_POINT('Ctrl Pts',(-0.17362510043697,-1.31447206918033,13.381510379115));
#8882=CARTESIAN_POINT('Ctrl Pts',(1.0100856652013,-0.858900136867966,13.452946846744));
#8883=CARTESIAN_POINT('Ctrl Pts',(1.26947440463319,0.382645047188859,13.524383314373));
#8884=CARTESIAN_POINT('Ctrl Pts',(0.367176373989173,1.27403453899064,13.595819782002));
#8885=CARTESIAN_POINT('Ctrl Pts',(-0.871122078869659,0.999564315020673,
13.667256249631));
#8886=CARTESIAN_POINT('Ctrl Pts',(-1.31226306998645,-0.189599924332,13.7386927172599));
#8887=CARTESIAN_POINT('Ctrl Pts',(-0.552561695397611,-1.20526265558022,
13.8101291848889));
#8888=CARTESIAN_POINT('Ctrl Pts',(0.712784857110036,-1.11799832004864,13.8815656525179));
#8889=CARTESIAN_POINT('Ctrl Pts',(1.32586718483842,-0.00766187480967661,
13.9530021201469));
#8890=CARTESIAN_POINT('Ctrl Pts',(0.725658120567735,1.10968589619363,14.0244385877759));
#8891=CARTESIAN_POINT('Ctrl Pts',(-0.538595397994468,1.21156819594117,14.0958750554049));
#8892=CARTESIAN_POINT('Ctrl Pts',(-1.30998419554268,0.204753274907572,14.1673115230338));
#8893=CARTESIAN_POINT('Ctrl Pts',(-0.882616008770122,-0.989429874836847,
14.2387479906629));
#8894=CARTESIAN_POINT('Ctrl Pts',(0.352427651177268,-1.27819296150567,14.3101844582918));
#8895=CARTESIAN_POINT('Ctrl Pts',(1.26496733760039,-0.397290990284381,14.3816209259208));
#8896=CARTESIAN_POINT('Ctrl Pts',(1.01994463812165,0.847169068913547,14.4530573935498));
#8897=CARTESIAN_POINT('Ctrl Pts',(-0.158421961786608,1.31639089110364,14.5244938611788));
#8898=CARTESIAN_POINT('Ctrl Pts',(-1.19181777975134,0.580993008585776,14.5959303288078));
#8899=CARTESIAN_POINT('Ctrl Pts',(-1.13458983876093,-0.686067339214896,
14.6673667964368));
#8900=CARTESIAN_POINT('Ctrl Pts',(-0.0391070102826694,-1.32531246802545,
14.7388032640657));
#8901=CARTESIAN_POINT('Ctrl Pts',(1.09216235811857,-0.751773822147228,14.8102397316947));
#8902=CARTESIAN_POINT('Ctrl Pts',(1.22400191716665,0.509707566089937,14.8816761993237));
#8903=CARTESIAN_POINT('Ctrl Pts',(0.235766247812697,1.3047592776253,14.9531126669527));
#8904=CARTESIAN_POINT('Ctrl Pts',(-0.968217395596383,0.905835289123536,
15.0245491345817));
#8905=CARTESIAN_POINT('Ctrl Pts',(-1.28619236099145,-0.322011966678572,
15.0959856022107));
#8906=CARTESIAN_POINT('Ctrl Pts',(-0.427182076362348,-1.2551884200357,15.1674220698397));
#8907=CARTESIAN_POINT('Ctrl Pts',(0.822739411133496,-1.03975110364196,15.2388585374687));
#8908=CARTESIAN_POINT('Ctrl Pts',(1.31977806330349,0.127154865340888,15.3102950050976));
#8909=CARTESIAN_POINT('Ctrl Pts',(0.609097434186289,1.17770234432332,15.3817314727266));
#8910=CARTESIAN_POINT('Ctrl Pts',(-0.65896381513005,1.1505429963744,15.4531679403556));
#8911=CARTESIAN_POINT('Ctrl Pts',(-1.32401208269469,0.0705301427434954,
15.5246044079846));
#8912=CARTESIAN_POINT('Ctrl Pts',(-0.777466548703735,-1.07402433017305,
15.5960408756136));
#8913=CARTESIAN_POINT('Ctrl Pts',(0.480532954354592,-1.23574697083837,15.6674773432426));
#8914=CARTESIAN_POINT('Ctrl Pts',(1.29880025515514,-0.266646570137117,15.7389138108716));
#8915=CARTESIAN_POINT('Ctrl Pts',(0.928544913925024,0.946460162384521,15.8103502785005));
#8916=CARTESIAN_POINT('Ctrl Pts',(-0.291415106652032,1.29346810234035,15.8817867461295));
#8917=CARTESIAN_POINT('Ctrl Pts',(-1.24470328826771,0.456832814421759,15.9532232137585));
#8918=CARTESIAN_POINT('Ctrl Pts',(-1.0589725677509,-0.797846850534627,16.0246596813875));
#8919=CARTESIAN_POINT('Ctrl Pts',(0.0958162269891593,-1.32242268084093,
16.0960961490165));
#8920=CARTESIAN_POINT('Ctrl Pts',(1.1629242911484,-0.63685915963733,16.1675326166455));
#8921=CARTESIAN_POINT('Ctrl Pts',(1.16584881706815,0.631489534274131,16.2389690842744));
#8922=CARTESIAN_POINT('Ctrl Pts',(0.101913592406274,1.32196676048977,16.3104055519034));
#8923=CARTESIAN_POINT('Ctrl Pts',(-1.05528201746478,0.802721844584059,16.3818420195324));
#8924=CARTESIAN_POINT('Ctrl Pts',(-1.24679674876618,-0.451087977475614,
16.4532784871614));
#8925=CARTESIAN_POINT('Ctrl Pts',(-0.297376867499445,-1.29211048089286,
16.5247149547904));
#8926=CARTESIAN_POINT('Ctrl Pts',(0.924170416604173,-0.950732105921869,
16.5961514224194));
#8927=CARTESIAN_POINT('Ctrl Pts',(1.30001609195828,0.260654285992937,16.6675878900484));
#8928=CARTESIAN_POINT('Ctrl Pts',(0.486226521889613,1.23351784160915,16.7390243576773));
#8929=CARTESIAN_POINT('Ctrl Pts',(-0.772505392567951,1.07759821576059,16.8104608253064));
#8930=CARTESIAN_POINT('Ctrl Pts',(-1.32432325575892,-0.0644236789779119,
16.8818972929353));
#8931=CARTESIAN_POINT('Ctrl Pts',(-0.664262565192416,-1.14749193489146,
16.9533337605643));
#8932=CARTESIAN_POINT('Ctrl Pts',(0.603659954666894,-1.18049868923626,17.0247702281933));
#8933=CARTESIAN_POINT('Ctrl Pts',(1.31917765218259,-0.133239701812139,17.0962066958223));
#8934=CARTESIAN_POINT('Ctrl Pts',(0.827525500249352,1.03594596509375,17.1676431634513));
#8935=CARTESIAN_POINT('Ctrl Pts',(-0.421389202257251,1.25714503394714,17.2390796310803));
#8936=CARTESIAN_POINT('Ctrl Pts',(-1.28469371874631,0.327939849927861,17.3105160987092));
#8937=CARTESIAN_POINT('Ctrl Pts',(-0.972384381800955,-0.9013606992689,17.3819525663382));
#8938=CARTESIAN_POINT('Ctrl Pts',(0.229746811846588,-1.3058326457105,17.4533890339672));
#8939=CARTESIAN_POINT('Ctrl Pts',(1.22163837339505,-0.515346660807721,17.5248255015962));
#8940=CARTESIAN_POINT('Ctrl Pts',(1.09561756821079,0.746729295250182,17.5962619692252));
#8941=CARTESIAN_POINT('Ctrl Pts',(-0.0329948838849958,1.32547871872557,
17.6676984368542));
#8942=CARTESIAN_POINT('Ctrl Pts',(-1.13141395835182,0.691292232708878,17.7391349044832));
#8943=CARTESIAN_POINT('Ctrl Pts',(-1.19448437033316,-0.575490734231893,
17.8105713721122));
#8944=CARTESIAN_POINT('Ctrl Pts',(-0.164490845763965,-1.31564632702593,
17.8820078397411));
#8945=CARTESIAN_POINT('Ctrl Pts',(1.01602705221929,-0.851863560269805,17.9534443073701));
#8946=CARTESIAN_POINT('Ctrl Pts',(1.26678600406339,0.391453338299824,18.0248807749991));
#8947=CARTESIAN_POINT('Ctrl Pts',(0.358318321587916,1.27655414165298,18.0963172426281));
#8948=CARTESIAN_POINT('Ctrl Pts',(-0.878043843947075,0.993489559212177,
18.1677537102571));
#8949=CARTESIAN_POINT('Ctrl Pts',(-1.31091449099442,-0.198710073870961,
18.2391901778861));
#8950=CARTESIAN_POINT('Ctrl Pts',(-0.544176847137269,-1.20907156744202,
18.3106266455151));
#8951=CARTESIAN_POINT('Ctrl Pts',(0.720533061141907,-1.11302048676493,18.382063113144));
#8952=CARTESIAN_POINT('Ctrl Pts',(1.3258884196358,0.00154752468232776,18.453499580773));
#8953=CARTESIAN_POINT('Ctrl Pts',(0.717932954322394,1.11469940757806,18.524936048402));
#8954=CARTESIAN_POINT('Ctrl Pts',(-0.54699772198696,1.20779799151101,18.596372516031));
#8955=CARTESIAN_POINT('Ctrl Pts',(-1.31137477187048,0.195649441242763,18.66780898366));
#8956=CARTESIAN_POINT('Ctrl Pts',(-0.875722331176406,-0.995536485939075,
18.739245451289));
#8957=CARTESIAN_POINT('Ctrl Pts',(0.361297228598436,-1.27571423475795,18.810681918918));
#8958=CARTESIAN_POINT('Ctrl Pts',(1.26769632923202,-0.388495190457507,18.8821183865469));
#8959=CARTESIAN_POINT('Ctrl Pts',(1.01403576362274,0.854232969541104,18.9535548541759));
#8960=CARTESIAN_POINT('Ctrl Pts',(-0.167561534452408,1.31525876858089,19.0249913218049));
#8961=CARTESIAN_POINT('Ctrl Pts',(-1.19582449428761,0.572700859977312,19.0964277894339));
#8962=CARTESIAN_POINT('Ctrl Pts',(-1.12979717991437,-0.693931429187707,
19.1678642570629));
#8963=CARTESIAN_POINT('Ctrl Pts',(-0.0299007052134506,-1.32555212797713,
19.2393007246919));
#8964=CARTESIAN_POINT('Ctrl Pts',(1.09735768677831,-0.744169741003707,19.3107371923209));
#8965=CARTESIAN_POINT('Ctrl Pts',(1.22043206204716,0.518196949126755,19.3821736599498));
#8966=CARTESIAN_POINT('Ctrl Pts',(0.226697957300763,1.30636539004699,19.4536101275788));
#8967=CARTESIAN_POINT('Ctrl Pts',(-0.974485794983528,0.899088389165539,
19.5250465952078));
#8968=CARTESIAN_POINT('Ctrl Pts',(-1.28392470268674,-0.330937840066261,
19.5964830628368));
#8969=CARTESIAN_POINT('Ctrl Pts',(-0.418453477943596,-1.25812526520767,
19.6679195304658));
#8970=CARTESIAN_POINT('Ctrl Pts',(0.829941472906333,-1.0340114349982,19.7393559980948));
#8971=CARTESIAN_POINT('Ctrl Pts',(1.31886303422291,0.136318718880838,19.8107924657237));
#8972=CARTESIAN_POINT('Ctrl Pts',(0.600902650691107,1.18190460721217,19.8822289333528));
#8973=CARTESIAN_POINT('Ctrl Pts',(-0.666939366423619,1.14593820848745,19.9536654009817));
#8974=CARTESIAN_POINT('Ctrl Pts',(-1.32447003295934,0.0613321118957997,
20.0251018686107));
#8975=CARTESIAN_POINT('Ctrl Pts',(-0.769987830991906,-1.0793985530291,20.0965383362397));
#8976=CARTESIAN_POINT('Ctrl Pts',(0.48910462000311,-1.2323794735586,20.1679748038687));
#8977=CARTESIAN_POINT('Ctrl Pts',(1.30062100001404,-0.257618924924875,20.2394112714977));
#8978=CARTESIAN_POINT('Ctrl Pts',(0.921948587651641,0.95288682322934,20.3108477391267));
#8979=CARTESIAN_POINT('Ctrl Pts',(-0.300392253988426,1.29141278834489,20.3822842067557));
#8980=CARTESIAN_POINT('Ctrl Pts',(-1.24784633460516,0.448176328434942,20.4537206743846));
#8981=CARTESIAN_POINT('Ctrl Pts',(-1.05340533430658,-0.805183021313421,
20.5251571420136));
#8982=CARTESIAN_POINT('Ctrl Pts',(0.104999205489239,-1.32172526003084,20.5965936096426));
#8983=CARTESIAN_POINT('Ctrl Pts',(1.1673197380454,-0.628766351935741,20.6680300772716));
#8984=CARTESIAN_POINT('Ctrl Pts',(1.1614344909603,0.639572059556045,20.7394665449006));
#8985=CARTESIAN_POINT('Ctrl Pts',(0.092729010923517,1.3226427434081,20.8109030125296));
#8986=CARTESIAN_POINT('Ctrl Pts',(-1.06083211078585,0.795372698099829,20.8823394801586));
#8987=CARTESIAN_POINT('Ctrl Pts',(-1.24363350400135,-0.459737103008118,
20.9537759477875));
#8988=CARTESIAN_POINT('Ctrl Pts',(-0.288394946865133,-1.29414483377233,
21.0252124154165));
#8989=CARTESIAN_POINT('Ctrl Pts',(0.930751723035885,-0.944290064663761,
21.0966488830455));
#8990=CARTESIAN_POINT('Ctrl Pts',(1.29817427866571,0.269677656411723,21.1680853506745));
#8991=CARTESIAN_POINT('Ctrl Pts',(0.477647018785427,1.23686532072104,21.2395218183035));
#8992=CARTESIAN_POINT('Ctrl Pts',(-0.779971544758885,1.07220654984168,21.3109582859325));
#8993=CARTESIAN_POINT('Ctrl Pts',(-1.32384383561337,-0.0736206157637829,
21.3823947535614));
#8994=CARTESIAN_POINT('Ctrl Pts',(-0.656276286589416,-1.15207809275993,
21.4538312211905));
#8995=CARTESIAN_POINT('Ctrl Pts',(0.611844906417433,-1.17627730856631,21.5252676888194));
#8996=CARTESIAN_POINT('Ctrl Pts',(1.32007128742227,-0.124073737270548,21.5967041564484));
#8997=CARTESIAN_POINT('Ctrl Pts',(0.820310059887143,1.04166880619749,21.6681406240774));
#8998=CARTESIAN_POINT('Ctrl Pts',(-0.430110921364266,1.25418782145265,21.7395770917064));
#8999=CARTESIAN_POINT('Ctrl Pts',(-1.28694053504619,0.31900870742345,21.8110135593354));
#9000=CARTESIAN_POINT('Ctrl Pts',(-0.966100250082492,-0.908092948407545,
21.8824500269643));
#9001=CARTESIAN_POINT('Ctrl Pts',(0.238811328474679,-1.30420536939131,21.9538864945934));
#9002=CARTESIAN_POINT('Ctrl Pts',(1.22518840186911,-0.506848967723519,22.0253229622223));
#9003=CARTESIAN_POINT('Ctrl Pts',(1.09040450336268,0.754321228127219,22.0967594298513));
#9004=CARTESIAN_POINT('Ctrl Pts',(-0.042200604428878,1.32521756898359,22.1681958974803));
#9005=CARTESIAN_POINT('Ctrl Pts',(-1.13618824685424,0.683416976572371,22.2396323651093));
#9006=CARTESIAN_POINT('Ctrl Pts',(-1.19045831020184,-0.583773507302535,
22.3110688327383));
#9007=CARTESIAN_POINT('Ctrl Pts',(-0.155348655265282,-1.31675711179553,
22.3825053003672));
#9008=CARTESIAN_POINT('Ctrl Pts',(1.02191942122938,-0.844785885696271,22.4539417679963));
#9009=CARTESIAN_POINT('Ctrl Pts',(1.26403648767321,0.40024274382837,22.5253782356252));
#9010=CARTESIAN_POINT('Ctrl Pts',(0.349442982196237,1.2790121572331,22.5968147032543));
#9011=CARTESIAN_POINT('Ctrl Pts',(-0.884923247987741,0.987366872712911,
22.6682511708832));
#9012=CARTESIAN_POINT('Ctrl Pts',(-1.30950266721116,-0.207810636686302,
22.7396876385122));
#9013=CARTESIAN_POINT('Ctrl Pts',(-0.535765745184432,-1.21282214790165,
22.8111241061412));
#9014=CARTESIAN_POINT('Ctrl Pts',(0.728246503216318,-1.10798895605081,22.8825605737702));
#9015=CARTESIAN_POINT('Ctrl Pts',(1.32584568721804,0.0107568495241525,22.9539970413992));
#9016=CARTESIAN_POINT('Ctrl Pts',(0.710173151577112,1.11965914050911,23.0254335090281));
#9017=CARTESIAN_POINT('Ctrl Pts',(-0.555373656233053,1.20396951716014,23.0968699766571));
#9018=CARTESIAN_POINT('Ctrl Pts',(-1.31270208112325,0.186536168445434,23.1683064442861));
#9019=CARTESIAN_POINT('Ctrl Pts',(-0.868786404696469,-1.00159506746908,
23.2397429119151));
#9020=CARTESIAN_POINT('Ctrl Pts',(0.370149375597595,-1.27317396169077,23.3111793795441));
#9021=CARTESIAN_POINT('Ctrl Pts',(1.27036416058332,-0.37968064730553,23.3826158471731));
#9022=CARTESIAN_POINT('Ctrl Pts',(1.00807796821288,0.861255657013369,23.454052314802));
#9023=CARTESIAN_POINT('Ctrl Pts',(-0.176693025097645,1.31406319332689,23.525488782431));
#9024=CARTESIAN_POINT('Ctrl Pts',(-1.19977351282759,0.564381078413665,23.59692525006));
#9025=CARTESIAN_POINT('Ctrl Pts',(-1.12495002126169,-0.701762034659408,
23.668361717689));
#9026=CARTESIAN_POINT('Ctrl Pts',(-0.0206929442784995,-1.32572784819465,
23.739798185318));
#9027=CARTESIAN_POINT('Ctrl Pts',(1.10250004839564,-0.73652973621727,23.811234652947));
#9028=CARTESIAN_POINT('Ctrl Pts',(1.21680337535491,0.526661291392244,23.8826711205759));
#9029=CARTESIAN_POINT('Ctrl Pts',(0.217618638902627,1.30790855392487,23.954107588205));
#9030=CARTESIAN_POINT('Ctrl Pts',(-0.980707008082301,0.892297967231078,
24.0255440558339));
#9031=CARTESIAN_POINT('Ctrl Pts',(-1.28159542882214,-0.339847471119498,
24.0969805234629));
#9032=CARTESIAN_POINT('Ctrl Pts',(-0.409704070765197,-1.26100193657651,
24.1684169910919));
#9033=CARTESIAN_POINT('Ctrl Pts',(0.83710231707327,-1.02822088627712,24.2398534587209));
#9034=CARTESIAN_POINT('Ctrl Pts',(1.3178866102327,0.145474109260878,24.3112899263498));
#9035=CARTESIAN_POINT('Ctrl Pts',(0.592674639911199,1.18605342820162,24.3827263939789));
#9036=CARTESIAN_POINT('Ctrl Pts',(-0.674874703675944,1.14127134569848,24.4541628616078));
#9037=CARTESIAN_POINT('Ctrl Pts',(-1.32487933266385,0.0521440021130674,
24.5255993292369));
#9038=CARTESIAN_POINT('Ctrl Pts',(-0.762443037986396,-1.08474513530278,
24.5970357968658));
#9039=CARTESIAN_POINT('Ctrl Pts',(0.4975978091167,-1.22890616316718,24.6684722644948));
#9040=CARTESIAN_POINT('Ctrl Pts',(1.30248312578083,-0.24866681479695,24.7399087321238));
#9041=CARTESIAN_POINT('Ctrl Pts',(0.915110092881838,0.959434558170928,24.8113451997528));
#9042=CARTESIAN_POINT('Ctrl Pts',(-0.308978630584725,1.28897682732301,24.8827816673817));
#9043=CARTESIAN_POINT('Ctrl Pts',(-1.25165351308974,0.440114307098426,24.9542181350108));
#9044=CARTESIAN_POINT('Ctrl Pts',(-1.04632466051947,-0.813750772042946,
25.0256546026397));
#9045=CARTESIAN_POINT('Ctrl Pts',(-0.274996966777815,-1.14978539611468,
25.0732789143924));
#9046=CARTESIAN_POINT('Ctrl Pts',(0.0966051200837257,-1.11766608544385,
25.0970910702687));
#9047=CARTESIAN_POINT('Ctrl Pts',(0.902212172644384,-0.800155111510728,
-0.0970910702687237));
#9048=CARTESIAN_POINT('Ctrl Pts',(1.16824807828988,-0.500187231557212,-0.073278914392395));
#9049=CARTESIAN_POINT('Ctrl Pts',(1.37305573108003,0.38072571480627,-0.0256546026397377));
#9050=CARTESIAN_POINT('Ctrl Pts',(0.423079801242555,1.36202434944241,0.0457818649892484));
#9051=CARTESIAN_POINT('Ctrl Pts',(-0.913789571708265,1.09323253448328,0.117218332618234));
#9052=CARTESIAN_POINT('Ctrl Pts',(-1.41457713326629,-0.174097072093606,
0.18865480024722));
#9053=CARTESIAN_POINT('Ctrl Pts',(-0.620834293626043,-1.28308798471287,
0.260091267876207));
#9054=CARTESIAN_POINT('Ctrl Pts',(0.740997498733327,-1.21742102929096,0.331527735505193));
#9055=CARTESIAN_POINT('Ctrl Pts',(1.42476471032315,-0.0379714563236135,
0.402964203134179));
#9056=CARTESIAN_POINT('Ctrl Pts',(0.804731259601256,1.17636808357342,0.474400670763165));
#9057=CARTESIAN_POINT('Ctrl Pts',(-0.551701225290813,1.3141466217477,0.54583713839215));
#9058=CARTESIAN_POINT('Ctrl Pts',(-1.40327840539083,0.249398781372597,0.617273606021137));
#9059=CARTESIAN_POINT('Ctrl Pts',(-0.970724451672435,-1.04359294534578,
0.688710073650123));
#9060=CARTESIAN_POINT('Ctrl Pts',(0.350131684368923,-1.38158937166126,0.760146541279109));
#9061=CARTESIAN_POINT('Ctrl Pts',(1.35058523014553,-0.455309240958779,0.831583008908095));
#9062=CARTESIAN_POINT('Ctrl Pts',(1.11512789074397,0.887624114082794,0.903019476537082));
#9063=CARTESIAN_POINT('Ctrl Pts',(-0.140774749195304,1.41829750321161,0.974455944166067));
#9064=CARTESIAN_POINT('Ctrl Pts',(-1.26785549558345,0.651098039814562,1.04589241179505));
#9065=CARTESIAN_POINT('Ctrl Pts',(-1.234730895907,-0.711916939639262,1.11732887942404));
#9066=CARTESIAN_POINT('Ctrl Pts',(-0.0717130723066416,-1.42346168314431,
1.18876534705303));
#9067=CARTESIAN_POINT('Ctrl Pts',(1.15692886853569,-0.832407145419004,1.26020181468201));
#9068=CARTESIAN_POINT('Ctrl Pts',(1.32687363457026,0.520377166382931,1.331638282311));
#9069=CARTESIAN_POINT('Ctrl Pts',(0.282606015946189,1.39696809347921,1.40307474993998));
#9070=CARTESIAN_POINT('Ctrl Pts',(-1.02027230810796,0.995203723810275,1.47451121756897));
#9071=CARTESIAN_POINT('Ctrl Pts',(-1.3895068827201,-0.317264325633597,1.54594768519795));
#9072=CARTESIAN_POINT('Ctrl Pts',(-0.4872138422072,-1.33940609926538,1.61738415282694));
#9073=CARTESIAN_POINT('Ctrl Pts',(0.86092503248325,-1.13586712170817,1.68882062045593));
#9074=CARTESIAN_POINT('Ctrl Pts',(1.42123768813066,0.107095577054821,1.76025708808491));
#9075=CARTESIAN_POINT('Ctrl Pts',(0.680986099748934,1.25205589350431,1.8316935557139));
#9076=CARTESIAN_POINT('Ctrl Pts',(-0.682430902466714,1.25126899277903,1.90313002334289));
#9077=CARTESIAN_POINT('Ctrl Pts',(-1.42136036242908,0.105454961397005,1.97456649097187));
#9078=CARTESIAN_POINT('Ctrl Pts',(-0.859613319967049,-1.13686013602361,
2.04600295860086));
#9079=CARTESIAN_POINT('Ctrl Pts',(0.488759602896106,-1.33884281354466,2.11743942622984));
#9080=CARTESIAN_POINT('Ctrl Pts',(1.38987217741186,-0.315660195831746,2.18887589385883));
#9081=CARTESIAN_POINT('Ctrl Pts',(1.01912285798007,0.9963807651284,2.26031236148782));
#9082=CARTESIAN_POINT('Ctrl Pts',(-0.284218356867021,1.3966409540047,2.3317488291168));
#9083=CARTESIAN_POINT('Ctrl Pts',(-1.32747342599864,0.518845190829026,2.40318529674579));
#9084=CARTESIAN_POINT('Ctrl Pts',(-1.15596724355909,-0.833742022809002,
2.47462176437477));
#9085=CARTESIAN_POINT('Ctrl Pts',(0.0733561336051034,-1.42337799141437,
2.54605823200376));
#9086=CARTESIAN_POINT('Ctrl Pts',(1.23555184785462,-0.710491140016996,2.61749469963275));
#9087=CARTESIAN_POINT('Ctrl Pts',(1.26710307635709,0.652560972374326,2.68893116726174));
#9088=CARTESIAN_POINT('Ctrl Pts',(0.139137519996243,1.41845929772734,2.76036763489072));
#9089=CARTESIAN_POINT('Ctrl Pts',(-1.11615176625698,0.886335863801744,2.83180410251971));
#9090=CARTESIAN_POINT('Ctrl Pts',(-1.35005871071163,-0.45686705551115,2.90324057014869));
#9091=CARTESIAN_POINT('Ctrl Pts',(-0.348536774256616,-1.38199426401508,
2.97467703777768));
#9092=CARTESIAN_POINT('Ctrl Pts',(0.971928622626685,-1.0424685996704,3.04611350540666));
#9093=CARTESIAN_POINT('Ctrl Pts',(1.40298922470455,0.251012478061745,3.11754997303565));
#9094=CARTESIAN_POINT('Ctrl Pts',(0.550184618512008,1.31479386762054,3.18898644066463));
#9095=CARTESIAN_POINT('Ctrl Pts',(-0.80608991987609,1.17541697701451,3.26042290829362));
#9096=CARTESIAN_POINT('Ctrl Pts',(-1.42471745097208,-0.0395754175645364,
3.33185937592261));
#9097=CARTESIAN_POINT('Ctrl Pts',(-0.739596432392681,-1.21835263613282,
3.40329584355159));
#9098=CARTESIAN_POINT('Ctrl Pts',(0.622323887984519,-1.28222424217592,3.47473231118058));
#9099=CARTESIAN_POINT('Ctrl Pts',(1.41476015674532,-0.172741794785553,3.54616877880956));
#9100=CARTESIAN_POINT('Ctrl Pts',(0.912559723164372,1.09481540929873,3.61760524643855));
#9101=CARTESIAN_POINT('Ctrl Pts',(-0.424717458269961,1.36051501624219,3.68904171406754));
#9102=CARTESIAN_POINT('Ctrl Pts',(-1.37333879088074,0.381217253337255,3.76047818169652));
#9103=CARTESIAN_POINT('Ctrl Pts',(-1.06522781098838,-0.946929638081246,
3.83191464932551));
#9104=CARTESIAN_POINT('Ctrl Pts',(0.217665370597673,-1.4085481231475,3.90335111695449));
#9105=CARTESIAN_POINT('Ctrl Pts',(1.30137455886797,-0.581214492516304,3.97478758458348));
#9106=CARTESIAN_POINT('Ctrl Pts',(1.19420537855301,0.777984281727361,4.04622405221247));
#9107=CARTESIAN_POINT('Ctrl Pts',(-0.00577243496899891,1.42525531318929,
4.11766051984145));
#9108=CARTESIAN_POINT('Ctrl Pts',(-1.20046793534618,0.76828560118321,4.18909698747044));
#9109=CARTESIAN_POINT('Ctrl Pts',(-1.2966239824644,-0.591736661765979,4.26053345509943));
#9110=CARTESIAN_POINT('Ctrl Pts',(-0.206248878820843,-1.41026502075494,
4.33196992272841));
#9111=CARTESIAN_POINT('Ctrl Pts',(1.07286306976792,-0.938270143566304,4.4034063903574));
#9112=CARTESIAN_POINT('Ctrl Pts',(1.37020584703373,0.392328899693053,4.47484285798638));
#9113=CARTESIAN_POINT('Ctrl Pts',(0.413683245863899,1.36391062789,4.54627932561537));
#9114=CARTESIAN_POINT('Ctrl Pts',(-0.921397876823358,1.08738768678204,4.61771579324435));
#9115=CARTESIAN_POINT('Ctrl Pts',(-1.41331452169586,-0.184195796758166,
4.68915226087335));
#9116=CARTESIAN_POINT('Ctrl Pts',(-0.611917354318125,-1.28722304992728,
4.76058872850233));
#9117=CARTESIAN_POINT('Ctrl Pts',(0.749440921607227,-1.21232187714331,4.83202519613131));
#9118=CARTESIAN_POINT('Ctrl Pts',(1.42499127544518,-0.028033795406335,4.9034616637603));
#9119=CARTESIAN_POINT('Ctrl Pts',(0.796542504829282,1.18190780807137,4.97489813138929));
#9120=CARTESIAN_POINT('Ctrl Pts',(-0.560816503193634,1.31029419541012,5.04633459901827));
#9121=CARTESIAN_POINT('Ctrl Pts',(-1.40497641888154,0.23963991981008,5.11777106664726));
#9122=CARTESIAN_POINT('Ctrl Pts',(-0.963452659399228,-1.05030709884126,
5.18920753427624));
#9123=CARTESIAN_POINT('Ctrl Pts',(0.359719602749777,-1.37912575067588,5.26064400190523));
#9124=CARTESIAN_POINT('Ctrl Pts',(1.35371507966685,-0.445916485300068,5.33208046953421));
#9125=CARTESIAN_POINT('Ctrl Pts',(1.10893575910729,0.895347703941283,5.40351693716321));
#9126=CARTESIAN_POINT('Ctrl Pts',(-0.150622587730683,1.41728573860217,5.47495340479219));
#9127=CARTESIAN_POINT('Ctrl Pts',(-1.27234730294699,0.642275929381829,5.54638987242117));
#9128=CARTESIAN_POINT('Ctrl Pts',(-1.22975627979095,-0.720475899037924,
5.61782634005016));
#9129=CARTESIAN_POINT('Ctrl Pts',(-0.0618242529588897,-1.4239254862969,
5.68926280767915));
#9130=CARTESIAN_POINT('Ctrl Pts',(1.16268269690434,-0.82435124497936,5.76069927530814));
#9131=CARTESIAN_POINT('Ctrl Pts',(1.32322718965901,0.529580809062122,5.83213574293711));
#9132=CARTESIAN_POINT('Ctrl Pts',(0.27289613075121,1.39889732668298,5.90357221056611));
#9133=CARTESIAN_POINT('Ctrl Pts',(-1.02716018732019,0.988093102072937,5.97500867819508));
#9134=CARTESIAN_POINT('Ctrl Pts',(-1.38726970850967,-0.326907914604825,
6.04644514582408));
#9135=CARTESIAN_POINT('Ctrl Pts',(-0.477898836064568,-1.34275788259385,
6.11788161345306));
#9136=CARTESIAN_POINT('Ctrl Pts',(0.868793776200332,-1.12985990424271,6.18931808108205));
#9137=CARTESIAN_POINT('Ctrl Pts',(1.42045953951679,0.11696463301156,6.26075454871103));
#9138=CARTESIAN_POINT('Ctrl Pts',(0.672273136879903,1.25675568755802,6.33219101634002));
#9139=CARTESIAN_POINT('Ctrl Pts',(-0.691105510784154,1.24649877727319,6.403627483969));
#9140=CARTESIAN_POINT('Ctrl Pts',(-1.42205854539578,0.0955799259605026,
6.475063951598));
#9141=CARTESIAN_POINT('Ctrl Pts',(-0.851696175434901,-1.1428034185849,6.54650041922698));
#9142=CARTESIAN_POINT('Ctrl Pts',(0.498047153697715,-1.33541568864282,6.61793688685597));
#9143=CARTESIAN_POINT('Ctrl Pts',(1.39203116447544,-0.305998800502442,6.68937335448495));
#9144=CARTESIAN_POINT('Ctrl Pts',(1.01217760798709,1.00343535849067,6.76080982211393));
#9145=CARTESIAN_POINT('Ctrl Pts',(-0.293912296295465,1.39463313845115,6.83224628974293));
#9146=CARTESIAN_POINT('Ctrl Pts',(-1.33104520158463,0.509612303735204,6.9036827573719));
#9147=CARTESIAN_POINT('Ctrl Pts',(-1.1501483495108,-0.841751033796429,6.9751192250009));
#9148=CARTESIAN_POINT('Ctrl Pts',(0.0832408697781196,-1.42283413874505,
7.04655569262988));
#9149=CARTESIAN_POINT('Ctrl Pts',(1.24045697616462,-0.701892099303234,7.11799216025887));
#9150=CARTESIAN_POINT('Ctrl Pts',(1.26253994965807,0.661346281683946,7.18942862788785));
#9151=CARTESIAN_POINT('Ctrl Pts',(0.129281822254025,1.41939150315001,7.26086509551685));
#9152=CARTESIAN_POINT('Ctrl Pts',(-1.12228115791088,0.878561910953351,7.33230156314582));
#9153=CARTESIAN_POINT('Ctrl Pts',(-1.34685283467312,-0.466233279070414,
7.40373803077481));
#9154=CARTESIAN_POINT('Ctrl Pts',(-0.338929304309782,-1.38438179540901,
7.4751744984038));
#9155=CARTESIAN_POINT('Ctrl Pts',(0.979145960795681,-1.03569262633142,7.54661096603278));
#9156=CARTESIAN_POINT('Ctrl Pts',(1.40121189756949,0.260751312344713,7.61804743366177));
#9157=CARTESIAN_POINT('Ctrl Pts',(0.541039045173085,1.3185836266153,7.68948390129076));
#9158=CARTESIAN_POINT('Ctrl Pts',(-0.81423469195024,1.16978967990168,7.76092036891974));
#9159=CARTESIAN_POINT('Ctrl Pts',(-1.42440820025191,-0.0494702722339133,
7.83235683654873));
#9160=CARTESIAN_POINT('Ctrl Pts',(-0.731116151957014,-1.22346033900873,
7.90379330417772));
#9161=CARTESIAN_POINT('Ctrl Pts',(0.631214955351197,-1.27787077160438,7.97522977180669));
#9162=CARTESIAN_POINT('Ctrl Pts',(1.4159258601336,-0.162910979939029,8.04666623943569));
#9163=CARTESIAN_POINT('Ctrl Pts',(0.904933335904498,1.1011274614451,8.11810270706467));
#9164=CARTESIAN_POINT('Ctrl Pts',(-0.434157084811686,1.35753219279972,8.18953917469366));
#9165=CARTESIAN_POINT('Ctrl Pts',(-1.37595352329418,0.37166911428598,8.26097564232264));
#9166=CARTESIAN_POINT('Ctrl Pts',(-1.05862492670984,-0.954305660325019,
8.33241210995164));
#9167=CARTESIAN_POINT('Ctrl Pts',(0.227443620316236,-1.40700228441791,8.4038485775806));
#9168=CARTESIAN_POINT('Ctrl Pts',(1.30538016901669,-0.572161378561814,8.47528504520961));
#9169=CARTESIAN_POINT('Ctrl Pts',(1.18877284449558,0.786260232346543,8.54672151283858));
#9170=CARTESIAN_POINT('Ctrl Pts',(-0.0156718409331814,1.42518083841368,
8.61815798046757));
#9171=CARTESIAN_POINT('Ctrl Pts',(-1.20577533901043,0.759928852336889,8.68959444809656));
#9172=CARTESIAN_POINT('Ctrl Pts',(-1.29248261743964,-0.600728484755102,
8.76103091572555));
#9173=CARTESIAN_POINT('Ctrl Pts',(-0.196448478040447,-1.4116635662421,8.83246738335453));
#9174=CARTESIAN_POINT('Ctrl Pts',(1.07935423101894,-0.930795612775056,8.90390385098352));
#9175=CARTESIAN_POINT('Ctrl Pts',(1.36744775443116,0.401836618143436,8.9753403186125));
#9176=CARTESIAN_POINT('Ctrl Pts',(0.404199809835047,1.36675109018032,9.04677678624149));
#9177=CARTESIAN_POINT('Ctrl Pts',(-0.928928433126165,1.08096160658441,9.11821325387048));
#9178=CARTESIAN_POINT('Ctrl Pts',(-1.41200104111628,-0.194007960316889,
9.18964972149946));
#9179=CARTESIAN_POINT('Ctrl Pts',(-0.602961793356012,-1.29144225752942,
9.26108618912845));
#9180=CARTESIAN_POINT('Ctrl Pts',(0.757843394423602,-1.2070871626806,9.33252265675744));
#9181=CARTESIAN_POINT('Ctrl Pts',(1.42515161851634,-0.0181354079095882,
9.40395912438642));
#9182=CARTESIAN_POINT('Ctrl Pts',(0.788313989380086,1.18741192638757,9.47539559201541));
#9183=CARTESIAN_POINT('Ctrl Pts',(-0.569904022681825,1.30636726601322,9.54683205964439));
#9184=CARTESIAN_POINT('Ctrl Pts',(-1.40660701959554,0.229875447154169,9.61826852727339));
#9185=CARTESIAN_POINT('Ctrl Pts',(-0.956134190516762,-1.05697371703588,
9.68970499490235));
#9186=CARTESIAN_POINT('Ctrl Pts',(0.369290063724081,-1.37659394071543,9.76114146253137));
#9187=CARTESIAN_POINT('Ctrl Pts',(1.3567796736877,-0.436503088016205,9.83257793016033));
#9188=CARTESIAN_POINT('Ctrl Pts',(1.10269009853467,0.903028557340998,9.90401439778933));
#9189=CARTESIAN_POINT('Ctrl Pts',(-0.160463144453032,1.41620535518406,9.9754508654183));
#9190=CARTESIAN_POINT('Ctrl Pts',(-1.27677773412443,0.633422960133172,10.0468873330473));
#9191=CARTESIAN_POINT('Ctrl Pts',(-1.2247223301618,-0.729000166517705,10.1183238006763));
#9192=CARTESIAN_POINT('Ctrl Pts',(-0.0519324531188594,-1.42432055700002,
10.1897602683053));
#9193=CARTESIAN_POINT('Ctrl Pts',(1.16838043305729,-0.816255592586435,10.2611967359342));
#9194=CARTESIAN_POINT('Ctrl Pts',(1.31951690532188,0.538758912083634,10.3326332035632));
#9195=CARTESIAN_POINT('Ctrl Pts',(0.263173080063762,1.40075906518913,10.4040696711922));
#9196=CARTESIAN_POINT('Ctrl Pts',(-1.03399851157894,0.980934812733407,10.4755061388212));
#9197=CARTESIAN_POINT('Ctrl Pts',(-1.3849656056788,-0.33653573341704,10.5469426064502));
#9198=CARTESIAN_POINT('Ctrl Pts',(-0.468560773842013,-1.34604488409427,
10.6183790740792));
#9199=CARTESIAN_POINT('Ctrl Pts',(0.876620605172246,-1.12379817732866,10.6898155417082));
#9200=CARTESIAN_POINT('Ctrl Pts',(1.41961286112278,0.126828046245994,10.7612520093372));
#9201=CARTESIAN_POINT('Ctrl Pts',(0.66352774034395,1.26139484959066,10.8326884769661));
#9202=CARTESIAN_POINT('Ctrl Pts',(-0.699746776867539,1.24166842475891,10.9041249445951));
#9203=CARTESIAN_POINT('Ctrl Pts',(-1.42268812144987,0.0857002792599263,
10.9755614122241));
#9204=CARTESIAN_POINT('Ctrl Pts',(-0.843737941003756,-1.14869156682311,
11.0469978798531));
#9205=CARTESIAN_POINT('Ctrl Pts',(0.507310676321334,-1.33192413690502,11.1184343474821));
#9206=CARTESIAN_POINT('Ctrl Pts',(1.39412299329262,-0.296322642321854,11.1898708151111));
#9207=CARTESIAN_POINT('Ctrl Pts',(1.00518352570183,1.01044154132608,11.2613072827401));
#9208=CARTESIAN_POINT('Ctrl Pts',(-0.30359205598808,1.39255803912107,11.3327437503691));
#9209=CARTESIAN_POINT('Ctrl Pts',(-1.33455276117923,0.500354830503981,11.404180217998));
#9210=CARTESIAN_POINT('Ctrl Pts',(-1.14427396680114,-0.849719434684747,
11.475616685627));
#9211=CARTESIAN_POINT('Ctrl Pts',(0.0931215900131895,-1.42222164174688,
11.547053153256));
#9212=CARTESIAN_POINT('Ctrl Pts',(1.24530225889284,-0.693259195954992,11.618489620885));
#9213=CARTESIAN_POINT('Ctrl Pts',(1.25791591198892,0.670099684483476,11.689926088514));
#9214=CARTESIAN_POINT('Ctrl Pts',(0.119419887337904,1.4202552303329,11.761362556143));
#9215=CARTESIAN_POINT('Ctrl Pts',(-1.12835640535008,0.870745572073265,11.832799023772));
#9216=CARTESIAN_POINT('Ctrl Pts',(-1.34358198000739,-0.47557700930471,11.9042354914009));
#9217=CARTESIAN_POINT('Ctrl Pts',(-0.329305482791109,-1.386702537599,11.9756719590299));
#9218=CARTESIAN_POINT('Ctrl Pts',(0.986316060276983,-1.02886668622299,12.0471084266589));
#9219=CARTESIAN_POINT('Ctrl Pts',(1.39936696926581,0.270477566736313,12.1185448942879));
#9220=CARTESIAN_POINT('Ctrl Pts',(0.53186736952103,1.32230977082473,12.1899813619169));
#9221=CARTESIAN_POINT('Ctrl Pts',(-0.82234018144565,1.16410594653567,12.2614178295459));
#9222=CARTESIAN_POINT('Ctrl Pts',(-1.42403022926246,-0.0593627402205805,
12.3328542971749));
#9223=CARTESIAN_POINT('Ctrl Pts',(-0.722600598978803,-1.22850901630198,
12.4042907648038));
#9224=CARTESIAN_POINT('Ctrl Pts',(0.640075569887217,-1.27345565043049,12.4757272324328));
#9225=CARTESIAN_POINT('Ctrl Pts',(1.41702325248129,-0.153072305487086,12.5471637000618));
#9226=CARTESIAN_POINT('Ctrl Pts',(0.897263290329181,1.10738638993236,12.6186001676908));
#9227=CARTESIAN_POINT('Ctrl Pts',(-0.443575765537604,1.35448387550665,12.6900366353198));
#9228=CARTESIAN_POINT('Ctrl Pts',(-1.37850187312385,0.362103044137722,12.7614731029488));
#9229=CARTESIAN_POINT('Ctrl Pts',(-1.05197096929791,-0.961635642296075,
12.8329095705777));
#9230=CARTESIAN_POINT('Ctrl Pts',(0.237210897065893,-1.40538856516373,12.9043460382067));
#9231=CARTESIAN_POINT('Ctrl Pts',(1.30932280137803,-0.563080660803899,12.9757825058357));
#9232=CARTESIAN_POINT('Ctrl Pts',(1.18328295834628,0.794498250008799,13.0472189734647));
#9233=CARTESIAN_POINT('Ctrl Pts',(-0.0255704908127666,1.42503760609304,
13.1186554410937));
#9234=CARTESIAN_POINT('Ctrl Pts',(-1.21102457030109,0.751535440885417,13.1900919087227));
#9235=CARTESIAN_POINT('Ctrl Pts',(-1.28827889686714,-0.609691325726848,
13.2615283763517));
#9236=CARTESIAN_POINT('Ctrl Pts',(-0.186638599645178,-1.41299400632213,
13.3329648439807));
#9237=CARTESIAN_POINT('Ctrl Pts',(1.08579331905571,-0.923276175948324,13.4044013116096));
#9238=CARTESIAN_POINT('Ctrl Pts',(1.36462368960384,0.411324950072053,13.4758377792386));
#9239=CARTESIAN_POINT('Ctrl Pts',(0.394696873272718,1.36952561385631,13.5472742468676));
#9240=CARTESIAN_POINT('Ctrl Pts',(-0.936414173475178,1.07448337562503,13.6187107144966));
#9241=CARTESIAN_POINT('Ctrl Pts',(-1.41061943884816,-0.203810764002998,
13.6901471821256));
#9242=CARTESIAN_POINT('Ctrl Pts',(-0.593977142631023,-1.29559915977576,
13.7615836497546));
#9243=CARTESIAN_POINT('Ctrl Pts',(0.766209305247313,-1.20179421255563,13.8330201173835));
#9244=CARTESIAN_POINT('Ctrl Pts',(1.42524320545215,-0.00823614547398874,
13.9044565850126));
#9245=CARTESIAN_POINT('Ctrl Pts',(0.78004744189093,1.19285875826906,13.9758930526415));
#9246=CARTESIAN_POINT('Ctrl Pts',(-0.578964047272171,1.30237731120671,14.0473295202705));
#9247=CARTESIAN_POINT('Ctrl Pts',(-1.40816975885441,0.220099884206468,14.1187659878995));
#9248=CARTESIAN_POINT('Ctrl Pts',(-0.94876959314459,-1.06358934175932,14.1902024555285));
#9249=CARTESIAN_POINT('Ctrl Pts',(0.378842708378121,-1.37399571727444,14.2616389231575));
#9250=CARTESIAN_POINT('Ctrl Pts',(1.35977881016307,-0.427068631734162,14.3330753907865));
#9251=CARTESIAN_POINT('Ctrl Pts',(1.09639123891387,0.910665844320899,14.4045118584154));
#9252=CARTESIAN_POINT('Ctrl Pts',(-0.170295959665281,1.41505664724118,14.4759483260444));
#9253=CARTESIAN_POINT('Ctrl Pts',(-1.28114656743289,0.624539431529101,14.5473847936734));
#9254=CARTESIAN_POINT('Ctrl Pts',(-1.21962929406548,-0.737489263540243,
14.6188212613024));
#9255=CARTESIAN_POINT('Ctrl Pts',(-0.042038147808684,-1.42464691166218,
14.6902577289314));
#9256=CARTESIAN_POINT('Ctrl Pts',(1.17402180094591,-0.808120560116814,14.7616941965604));
#9257=CARTESIAN_POINT('Ctrl Pts',(1.31574296117357,0.547911022796574,14.8331306641894));
#9258=CARTESIAN_POINT('Ctrl Pts',(0.253437332647269,1.40255322437347,14.9045671318184));
#9259=CARTESIAN_POINT('Ctrl Pts',(-1.04078695080042,0.973729198403408,14.9760035994473));
#9260=CARTESIAN_POINT('Ctrl Pts',(-1.38259468547818,-0.346147316134721,
15.0474400670763));
#9261=CARTESIAN_POINT('Ctrl Pts',(-0.459200106005017,-1.34926694594686,
15.1188765347053));
#9262=CARTESIAN_POINT('Ctrl Pts',(0.884405141770377,-1.11768223301165,15.1903130023343));
#9263=CARTESIAN_POINT('Ctrl Pts',(1.41869769380959,0.136685340688455,15.2617494699633));
#9264=CARTESIAN_POINT('Ctrl Pts',(0.654750332053914,1.26597315589829,15.3331859375923));
#9265=CARTESIAN_POINT('Ctrl Pts',(-0.708354283817186,1.23677816821676,15.4046224052213));
#9266=CARTESIAN_POINT('Ctrl Pts',(-1.42324906021949,0.0758164979676949,
15.4760588728502));
#9267=CARTESIAN_POINT('Ctrl Pts',(-0.835739000615936,-1.15452429668208,
15.5474953404792));
#9268=CARTESIAN_POINT('Ctrl Pts',(0.516549723849746,-1.32836832677181,15.6189318081082));
#9269=CARTESIAN_POINT('Ctrl Pts',(1.39614756294385,-0.28663218811872,15.6903682757372));
#9270=CARTESIAN_POINT('Ctrl Pts',(0.998140948552148,1.0173989756252,15.7618047433662));
#9271=CARTESIAN_POINT('Ctrl Pts',(-0.313257168946779,1.39041575612593,15.8332412109952));
#9272=CARTESIAN_POINT('Ctrl Pts',(-1.33799593556099,0.491073217760902,15.9046776786241));
#9273=CARTESIAN_POINT('Ctrl Pts',(-1.13834437883846,-0.857646841040453,
15.9761141462531));
#9274=CARTESIAN_POINT('Ctrl Pts',(0.102997817617005,-1.42154052996948,16.0475506138821));
#9275=CARTESIAN_POINT('Ctrl Pts',(1.25008746227963,-0.684592846464997,16.1189870815111));
#9276=CARTESIAN_POINT('Ctrl Pts',(1.25323118643539,0.678820758466865,16.1904235491401));
#9277=CARTESIAN_POINT('Ctrl Pts',(0.109552191034852,1.42105043760566,16.2618600167691));
#9278=CARTESIAN_POINT('Ctrl Pts',(-1.13437721547562,0.862887224259094,16.3332964843981));
#9279=CARTESIAN_POINT('Ctrl Pts',(-1.34024630451608,-0.484897795427844,
16.404732952027));
#9280=CARTESIAN_POINT('Ctrl Pts',(-0.319665773999737,-1.38895637862135,
16.476169419656));
#9281=CARTESIAN_POINT('Ctrl Pts',(0.993438575150719,-1.02199110866108,16.547605887285));
#9282=CARTESIAN_POINT('Ctrl Pts',(1.39745452880168,0.28019077199553,16.619042354914));
#9283=CARTESIAN_POINT('Ctrl Pts',(0.522670034041345,1.3259721204818,16.690478822543));
#9284=CARTESIAN_POINT('Ctrl Pts',(-0.830405997314723,1.15836605112698,16.761915290172));
#9285=CARTESIAN_POINT('Ctrl Pts',(-1.42358355623885,-0.0692523442645491,
16.833351757801));
#9286=CARTESIAN_POINT('Ctrl Pts',(-0.714050184289069,-1.23349842444023,
16.90478822543));
#9287=CARTESIAN_POINT('Ctrl Pts',(0.648905304114147,-1.26897909166082,16.9762246930589));
#9288=CARTESIAN_POINT('Ctrl Pts',(1.41805228084492,-0.143226246094448,17.0476611606879));
#9289=CARTESIAN_POINT('Ctrl Pts',(0.889549956478115,1.11359189279986,17.1190976283169));
#9290=CARTESIAN_POINT('Ctrl Pts',(-0.452973046045512,1.3513702114284,17.1905340959459));
#9291=CARTESIAN_POINT('Ctrl Pts',(-1.38098371742519,0.352519504405442,17.2619705635749));
#9292=CARTESIAN_POINT('Ctrl Pts',(-1.04526625977133,-0.968919230361033,
17.3334070312039));
#9293=CARTESIAN_POINT('Ctrl Pts',(0.246966729626502,-1.4037070432385,17.4048434988329));
#9294=CARTESIAN_POINT('Ctrl Pts',(1.31320226574058,-0.55397277733981,17.4762799664618));
#9295=CARTESIAN_POINT('Ctrl Pts',(1.17773598496348,0.802697937272722,17.5477164340908));
#9296=CARTESIAN_POINT('Ctrl Pts',(-0.0354679070494559,1.42482562313755,
17.6191529017198));
#9297=CARTESIAN_POINT('Ctrl Pts',(-1.21621537597008,0.74310577176721,17.6905893693488));
#9298=CARTESIAN_POINT('Ctrl Pts',(-1.28401302355453,-0.618624752270816,
17.7620258369778));
#9299=CARTESIAN_POINT('Ctrl Pts',(-0.176819716910588,-1.41425627680822,
17.8334623046068));
#9300=CARTESIAN_POINT('Ctrl Pts',(1.09218002322577,-0.915712195859779,17.9048987722358));
#9301=CARTESIAN_POINT('Ctrl Pts',(1.36173378879819,0.420793437716294,17.9763352398648));
#9302=CARTESIAN_POINT('Ctrl Pts',(0.38517489464409,1.37223406506168,18.0477717074937));
#9303=CARTESIAN_POINT('Ctrl Pts',(-0.943854736722488,1.06795330644476,18.1192081751227));
#9304=CARTESIAN_POINT('Ctrl Pts',(-1.40916978154659,-0.213603734882385,
18.1906446427517));
#9305=CARTESIAN_POINT('Ctrl Pts',(-0.584963835605661,-1.29969355611748,
18.2620811103807));
#9306=CARTESIAN_POINT('Ctrl Pts',(0.774538250466835,-1.19644328212563,18.3335175780097));
#9307=CARTESIAN_POINT('Ctrl Pts',(1.42526603183403,0.00166351431272978,
18.4049540456387));
#9308=CARTESIAN_POINT('Ctrl Pts',(0.771743261179569,1.19824804093464,18.4763905132676));
#9309=CARTESIAN_POINT('Ctrl Pts',(-0.587996139865792,1.29832452348506,18.5478269808966));
#9310=CARTESIAN_POINT('Ctrl Pts',(-1.40966456126413,0.210313702586839,18.6192634485256));
#9311=CARTESIAN_POINT('Ctrl Pts',(-0.941359222586078,-1.07015365384225,
18.6906999161546));
#9312=CARTESIAN_POINT('Ctrl Pts',(0.388377075846678,-1.37133120570363,18.7621363837836));
#9313=CARTESIAN_POINT('Ctrl Pts',(1.36271234440028,-0.417613571617189,18.8335728514126));
#9314=CARTESIAN_POINT('Ctrl Pts',(1.09003948413198,0.91825919642173,18.9050093190416));
#9315=CARTESIAN_POINT('Ctrl Pts',(-0.180120558985353,1.41383967019269,18.9764457866706));
#9316=CARTESIAN_POINT('Ctrl Pts',(-1.28545359209894,0.615625772153594,19.0478822542995));
#9317=CARTESIAN_POINT('Ctrl Pts',(-1.21447741721445,-0.745942780550832,
19.1193187219285));
#9318=CARTESIAN_POINT('Ctrl Pts',(-0.0321418143770486,-1.42490453453848,
19.1907551895575));
#9319=CARTESIAN_POINT('Ctrl Pts',(1.17960652840357,-0.799946540043429,19.2621916571865));
#9320=CARTESIAN_POINT('Ctrl Pts',(1.31190553928721,0.557036699659284,19.3336281248155));
#9321=CARTESIAN_POINT('Ctrl Pts',(0.243689358200811,1.40427971767716,19.4050645924445));
#9322=CARTESIAN_POINT('Ctrl Pts',(-1.04752517747784,0.966476606716276,19.4765010600734));
#9323=CARTESIAN_POINT('Ctrl Pts',(-1.38015706229237,-0.35574219904909,19.5479375277025));
#9324=CARTESIAN_POINT('Ctrl Pts',(-0.449817284157018,-1.35242391270392,
19.6193739953314));
#9325=CARTESIAN_POINT('Ctrl Pts',(0.892147010431403,-1.1115123663541,19.6908104629604));
#9326=CARTESIAN_POINT('Ctrl Pts',(1.41771408172929,0.146536040775858,19.7622469305894));
#9327=CARTESIAN_POINT('Ctrl Pts',(0.645941335474002,1.2704903856015,19.8336833982184));
#9328=CARTESIAN_POINT('Ctrl Pts',(-0.716927616365784,1.23182824357613,19.9051198658474));
#9329=CARTESIAN_POINT('Ctrl Pts',(-1.4237413346423,0.0659290589246846,19.9765563334764));
#9330=CARTESIAN_POINT('Ctrl Pts',(-0.827699740178567,-1.16030132676304,
20.0479928011053));
#9331=CARTESIAN_POINT('Ctrl Pts',(0.525763850547096,-1.32474842979249,20.1194292687343));
#9332=CARTESIAN_POINT('Ctrl Pts',(1.39810477575421,-0.276927905406913,20.1908657363633));
#9333=CARTESIAN_POINT('Ctrl Pts',(0.991050216305667,1.02430732572811,20.2623022039923));
#9334=CARTESIAN_POINT('Ctrl Pts',(-0.322907168880293,1.3882063928197,20.3337386716213));
#9335=CARTESIAN_POINT('Ctrl Pts',(-1.34137455861471,0.481767913295355,20.4051751392503));
#9336=CARTESIAN_POINT('Ctrl Pts',(-1.13235987169443,-0.865532870407557,
20.4766116068793));
#9337=CARTESIAN_POINT('Ctrl Pts',(0.112869076113116,-1.42079083627294,20.5480480745083));
#9338=CARTESIAN_POINT('Ctrl Pts',(1.2548123554639,-0.675893468939393,20.6194845421372));
#9339=CARTESIAN_POINT('Ctrl Pts',(1.24848599901103,0.687509082887797,20.6909210097662));
#9340=CARTESIAN_POINT('Ctrl Pts',(0.0996792094097626,1.42177708660367,20.7623574773952));
#9341=CARTESIAN_POINT('Ctrl Pts',(-1.14034329781474,0.854987246635168,20.8337939450242));
#9342=CARTESIAN_POINT('Ctrl Pts',(-1.33684596912817,-0.494195187760398,
20.9052304126532));
#9343=CARTESIAN_POINT('Ctrl Pts',(-0.310010643001436,-1.39114320973997,
20.9766668802822));
#9344=CARTESIAN_POINT('Ctrl Pts',(1.00051316179262,-1.01506622535651,21.0481033479111));
#9345=CARTESIAN_POINT('Ctrl Pts',(1.3954746684424,0.289890459510774,21.1195398155402));
#9346=CARTESIAN_POINT('Ctrl Pts',(0.513447482457576,1.3295704988972,21.1909762831691));
#9347=CARTESIAN_POINT('Ctrl Pts',(-0.838431750423845,1.15257027059567,21.2624127507981));
#9348=CARTESIAN_POINT('Ctrl Pts',(-1.42306820273073,-0.0791386072439235,
21.3338492184271));
#9349=CARTESIAN_POINT('Ctrl Pts',(-0.70546532040079,-1.23842832271052,21.4052856860561));
#9350=CARTESIAN_POINT('Ctrl Pts',(0.657703732043284,-1.26444131126601,21.476722153685));
#9351=CARTESIAN_POINT('Ctrl Pts',(1.41901289557923,-0.133373276782211,21.5481586213141));
#9352=CARTESIAN_POINT('Ctrl Pts',(0.881793706479487,1.11974367066439,21.619595088943));
#9353=CARTESIAN_POINT('Ctrl Pts',(-0.462348472965555,1.34819135078304,21.691031556572));
#9354=CARTESIAN_POINT('Ctrl Pts',(-1.38339893646215,0.342918957445013,21.762468024201));
#9355=CARTESIAN_POINT('Ctrl Pts',(-1.03851112159737,-0.976156073124765,
21.83390449183));
#9356=CARTESIAN_POINT('Ctrl Pts',(0.256710647330046,-1.40195779976687,21.905340959459));
#9357=CARTESIAN_POINT('Ctrl Pts',(1.31701837494041,-0.544838167577405,21.976777427088));
#9358=CARTESIAN_POINT('Ctrl Pts',(1.17213219195969,0.810858898546202,22.0482138947169));
#9359=CARTESIAN_POINT('Ctrl Pts',(-0.0453636121445765,1.42454489977429,
22.1196503623459));
#9360=CARTESIAN_POINT('Ctrl Pts',(-1.22134750558815,0.734640251669795,22.1910868299749));
#9361=CARTESIAN_POINT('Ctrl Pts',(-1.27968520330789,-0.627528333395854,
22.2625232976039));
#9362=CARTESIAN_POINT('Ctrl Pts',(-0.166992303546567,-1.41545031680234,
22.3339597652329));
#9363=CARTESIAN_POINT('Ctrl Pts',(1.09851403540412,-0.908104037432086,22.4053962328619));
#9364=CARTESIAN_POINT('Ctrl Pts',(1.35877819143657,0.430241624271308,22.4768327004909));
#9365=CARTESIAN_POINT('Ctrl Pts',(0.375634333335443,1.37487631312734,22.5482691681199));
#9366=CARTESIAN_POINT('Ctrl Pts',(-0.951249763900653,1.06137171408621,22.6197056357488));
#9367=CARTESIAN_POINT('Ctrl Pts',(-1.40765213914817,-0.223386400496767,
22.6911421033778));
#9368=CARTESIAN_POINT('Ctrl Pts',(-0.575922307128502,-1.30372524901833,
22.7625785710068));
#9369=CARTESIAN_POINT('Ctrl Pts',(0.782829828260535,-1.19103462955068,22.8340150386358));
#9370=CARTESIAN_POINT('Ctrl Pts',(1.42522009654823,0.0115630938541107,22.9054515062648));
#9371=CARTESIAN_POINT('Ctrl Pts',(0.763401847903163,1.20357951435948,22.9768879738938));
#9372=CARTESIAN_POINT('Ctrl Pts',(-0.59699986475624,1.29420909841216,23.0483244415228));
#9373=CARTESIAN_POINT('Ctrl Pts',(-1.41109135462298,0.200517374355508,23.1197609091517));
#9374=CARTESIAN_POINT('Ctrl Pts',(-0.933903436514827,-1.0766663364541,23.1911973767808));
#9375=CARTESIAN_POINT('Ctrl Pts',(0.397892706453187,-1.36860053481111,23.2626338444097));
#9376=CARTESIAN_POINT('Ctrl Pts',(1.3655801342892,-0.408138363330733,23.3340703120387));
#9377=CARTESIAN_POINT('Ctrl Pts',(1.08363514173292,0.92580824637056,23.4055067796677));
#9378=CARTESIAN_POINT('Ctrl Pts',(-0.189936470523549,1.41255448452187,23.4769432472967));
#9379=CARTESIAN_POINT('Ctrl Pts',(-1.28969859635478,0.606682408685496,23.5483797149256));
#9380=CARTESIAN_POINT('Ctrl Pts',(-1.2092669557033,-0.754360303339496,23.6198161825547));
#9381=CARTESIAN_POINT('Ctrl Pts',(-0.0222439159600501,-1.42509342528784,
23.6912526501836));
#9382=CARTESIAN_POINT('Ctrl Pts',(1.18513431884812,-0.791733903788449,23.7626891178126));
#9383=CARTESIAN_POINT('Ctrl Pts',(1.30800487630076,0.566135458901883,23.8341255854416));
#9384=CARTESIAN_POINT('Ctrl Pts',(0.233929529309161,1.40593854433567,23.9055620530706));
#9385=CARTESIAN_POINT('Ctrl Pts',(-1.0542126811736,0.959177231005862,23.9769985206996));
#9386=CARTESIAN_POINT('Ctrl Pts',(-1.37765320535471,-0.36531962223817,24.0484349883286));
#9387=CARTESIAN_POINT('Ctrl Pts',(-0.44041209389713,-1.35551619552806,24.1198714559575));
#9388=CARTESIAN_POINT('Ctrl Pts',(0.899844572156239,-1.10528780607014,24.1913079235866));
#9389=CARTESIAN_POINT('Ctrl Pts',(1.41666447308553,0.156377643374994,24.2627443912155));
#9390=CARTESIAN_POINT('Ctrl Pts',(0.637096621167356,1.27495016784324,24.3341808588445));
#9391=CARTESIAN_POINT('Ctrl Pts',(-0.725457720761742,1.22681159141307,24.4056173264735));
#9392=CARTESIAN_POINT('Ctrl Pts',(-1.424181312062,0.0560522845474812,24.4770537941024));
#9393=CARTESIAN_POINT('Ctrl Pts',(-0.819589451990872,-1.16604864455256,
24.5484902617315));
#9394=CARTESIAN_POINT('Ctrl Pts',(0.534893618758561,-1.32101478882724,24.6199267293604));
#9395=CARTESIAN_POINT('Ctrl Pts',(1.40010647104252,-0.267304819263606,24.6913631969895));
#9396=CARTESIAN_POINT('Ctrl Pts',(0.983699164618411,1.0313458246391,24.7627996646184));
#9397=CARTESIAN_POINT('Ctrl Pts',(-0.332137109136202,1.38558785233927,24.8342361322474));
#9398=CARTESIAN_POINT('Ctrl Pts',(-1.34546709165961,0.473101629625711,24.9056725998764));
#9399=CARTESIAN_POINT('Ctrl Pts',(-1.12474848925696,-0.874742788756014,
24.9771090675054));
#9400=CARTESIAN_POINT('Ctrl Pts',(-0.295608461316429,-1.23596378451757,
25.024733379258));
#9401=CARTESIAN_POINT('Ctrl Pts',(0.103845839602704,-1.20143707639712,25.0485455351344));
#9402=CARTESIAN_POINT('Ctrl Pts',(0.965119510229774,-0.855946453333292,
-0.145636605403085));
#9403=CARTESIAN_POINT('Ctrl Pts',(1.24970494450469,-0.535063115507266,-0.121824449526756));
#9404=CARTESIAN_POINT('Ctrl Pts',(1.46879294569269,0.407272065869745,-0.0742001377740988));
#9405=CARTESIAN_POINT('Ctrl Pts',(0.452579318860806,1.45699239370939,-0.00276367014511254));
#9406=CARTESIAN_POINT('Ctrl Pts',(-0.977504151063777,1.16945889252997,0.0686727974838734));
#9407=CARTESIAN_POINT('Ctrl Pts',(-1.51320945497632,-0.186236105038286,
0.140109265112859));
#9408=CARTESIAN_POINT('Ctrl Pts',(-0.664122373390308,-1.37255213899213,
0.211545732741845));
#9409=CARTESIAN_POINT('Ctrl Pts',(0.792664037066679,-1.30230651188059,0.282982200370832));
#9410=CARTESIAN_POINT('Ctrl Pts',(1.52410736754906,-0.0406190411090826,
0.354418667999818));
#9411=CARTESIAN_POINT('Ctrl Pts',(0.860841676361513,1.25839112250132,0.425855135628804));
#9412=CARTESIAN_POINT('Ctrl Pts',(-0.590168956361122,1.40577635993742,0.497291603257789));
#9413=CARTESIAN_POINT('Ctrl Pts',(-1.50112291586276,0.266788275561316,0.568728070886776));
#9414=CARTESIAN_POINT('Ctrl Pts',(-1.03840885300873,-1.11635815036643,0.640164538515762));
#9415=CARTESIAN_POINT('Ctrl Pts',(0.374544846522764,-1.4779215999804,0.711601006144748));
#9416=CARTESIAN_POINT('Ctrl Pts',(1.44475567429015,-0.487055977475081,0.783037473773735));
#9417=CARTESIAN_POINT('Ctrl Pts',(1.19288091691774,0.949514289682928,0.854473941402719));
#9418=CARTESIAN_POINT('Ctrl Pts',(-0.150590361242713,1.51718923016487,0.925910409031708));
#9419=CARTESIAN_POINT('Ctrl Pts',(-1.35625755453194,0.696496279201811,0.99734687666069));
#9420=CARTESIAN_POINT('Ctrl Pts',(-1.32082332034001,-0.761555816848578,
1.06878334428968));
#9421=CARTESIAN_POINT('Ctrl Pts',(-0.0767133134756974,-1.5227134859425,
1.14021981191866));
#9422=CARTESIAN_POINT('Ctrl Pts',(1.23759649539994,-0.890447281534532,1.21165627954765));
#9423=CARTESIAN_POINT('Ctrl Pts',(1.41939077210612,0.556660806827986,1.28309274717664));
#9424=CARTESIAN_POINT('Ctrl Pts',(0.302310906422986,1.49437261329957,1.35452921480562));
#9425=CARTESIAN_POINT('Ctrl Pts',(-1.09141146634727,1.06459495850895,1.42596568243461));
#9426=CARTESIAN_POINT('Ctrl Pts',(-1.48639116470922,-0.339385789565895,
1.49740215006359));
#9427=CARTESIAN_POINT('Ctrl Pts',(-0.521185148045572,-1.43279707115113,
1.56883861769258));
#9428=CARTESIAN_POINT('Ctrl Pts',(0.920953597045176,-1.21506620441175,1.64027508532157));
#9429=CARTESIAN_POINT('Ctrl Pts',(1.52033442141266,0.114562886656666,1.71171155295055));
#9430=CARTESIAN_POINT('Ctrl Pts',(0.728468303787818,1.33935631479834,1.78314802057954));
#9431=CARTESIAN_POINT('Ctrl Pts',(-0.730013846326083,1.33851454690204,1.85458448820852));
#9432=CARTESIAN_POINT('Ctrl Pts',(-1.52046564925728,0.112807877992237,1.92602095583751));
#9433=CARTESIAN_POINT('Ctrl Pts',(-0.919550424510396,-1.21612845730396,
1.9974574234665));
#9434=CARTESIAN_POINT('Ctrl Pts',(0.522838687915951,-1.43219450996277,2.06889389109548));
#9435=CARTESIAN_POINT('Ctrl Pts',(1.48678192981381,-0.337669810757754,2.14033035872447));
#9436=CARTESIAN_POINT('Ctrl Pts',(1.09018187005262,1.06585406980773,2.21176682635346));
#9437=CARTESIAN_POINT('Ctrl Pts',(-0.304035668875785,1.49402266380988,2.28320329398244));
#9438=CARTESIAN_POINT('Ctrl Pts',(-1.42003238438663,0.55502201327022,2.35463976161143));
#9439=CARTESIAN_POINT('Ctrl Pts',(-1.23656782048889,-0.891875234129181,
2.42607622924041));
#9440=CARTESIAN_POINT('Ctrl Pts',(0.0784709383046785,-1.52262395875161,
2.4975126968694));
#9441=CARTESIAN_POINT('Ctrl Pts',(1.32170151370255,-0.76003060240917,2.56894916449839));
#9442=CARTESIAN_POINT('Ctrl Pts',(1.35545267237978,0.698061215697226,2.64038563212737));
#9443=CARTESIAN_POINT('Ctrl Pts',(0.148838975160102,1.5173623059097,2.71182209975636));
#9444=CARTESIAN_POINT('Ctrl Pts',(-1.19397618282482,0.948136215303088,2.78325856738534));
#9445=CARTESIAN_POINT('Ctrl Pts',(-1.44419244294216,-0.488722411672489,
2.85469503501433));
#9446=CARTESIAN_POINT('Ctrl Pts',(-0.372838730253086,-1.47835472372009,
2.92613150264332));
#9447=CARTESIAN_POINT('Ctrl Pts',(1.03969698557536,-1.11515540894878,2.99756797027229));
#9448=CARTESIAN_POINT('Ctrl Pts',(1.50081357186279,0.26851448831427,3.0690044379013));
#9449=CARTESIAN_POINT('Ctrl Pts',(0.588546603176413,1.40646873545477,3.14044090553026));
#9450=CARTESIAN_POINT('Ctrl Pts',(-0.862295070118296,1.25737369941156,3.21187737315927));
#9451=CARTESIAN_POINT('Ctrl Pts',(-1.52405681300862,-0.0423348396032766,
3.28331384078824));
#9452=CARTESIAN_POINT('Ctrl Pts',(-0.791165280453232,-1.3033030756227,3.35475030841724));
#9453=CARTESIAN_POINT('Ctrl Pts',(0.6657158306959,-1.37162817143827,3.42618677604621));
#9454=CARTESIAN_POINT('Ctrl Pts',(1.51340523988788,-0.184786330127867,3.49762324367521));
#9455=CARTESIAN_POINT('Ctrl Pts',(0.976188550520661,1.17115213433379,3.56905971130419));
#9456=CARTESIAN_POINT('Ctrl Pts',(-0.454331162602378,1.45537782125832,3.64049617893318));
#9457=CARTESIAN_POINT('Ctrl Pts',(-1.46909574202432,0.407797877248339,3.71193264656216));
#9458=CARTESIAN_POINT('Ctrl Pts',(-1.13950152125632,-1.01295493037784,3.78336911419115));
#9459=CARTESIAN_POINT('Ctrl Pts',(0.232842231832769,-1.50676006815862,3.85480558182013));
#9460=CARTESIAN_POINT('Ctrl Pts',(1.39211375656666,-0.621740055569925,3.92624204944912));
#9461=CARTESIAN_POINT('Ctrl Pts',(1.2774721346141,0.832229747850153,3.99767851707811));
#9462=CARTESIAN_POINT('Ctrl Pts',(-0.00617492179670521,1.52463217802296,
4.06911498470709));
#9463=CARTESIAN_POINT('Ctrl Pts',(-1.28417135230177,0.821854820421263,4.14055145233608));
#9464=CARTESIAN_POINT('Ctrl Pts',(-1.38703194309646,-0.632995889996362,
4.21198791996507));
#9465=CARTESIAN_POINT('Ctrl Pts',(-0.220629717652316,-1.50859667758181,
4.28342438759405));
#9466=CARTESIAN_POINT('Ctrl Pts',(1.14766915347988,-1.00369164690805,4.35486085522304));
#9467=CARTESIAN_POINT('Ctrl Pts',(1.46574435160543,0.419684290460125,4.42629732285202));
#9468=CARTESIAN_POINT('Ctrl Pts',(0.44252758247344,1.4590101941633,4.49773379048101));
#9469=CARTESIAN_POINT('Ctrl Pts',(-0.985642950260906,1.1632065089756,4.56917025810999));
#9470=CARTESIAN_POINT('Ctrl Pts',(-1.51185880698307,-0.197038969927192,
4.64060672573898));
#9471=CARTESIAN_POINT('Ctrl Pts',(-0.6545836946199,-1.37697552435038,4.71204319336797));
#9472=CARTESIAN_POINT('Ctrl Pts',(0.801696183158031,-1.29685181799312,4.78347966099695));
#9473=CARTESIAN_POINT('Ctrl Pts',(1.52434973007335,-0.0299884702432498,
4.85491612862594));
#9474=CARTESIAN_POINT('Ctrl Pts',(0.852081955273116,1.2643171079362,4.92635259625493));
#9475=CARTESIAN_POINT('Ctrl Pts',(-0.599919803015509,1.40165532063773,4.99778906388391));
#9476=CARTESIAN_POINT('Ctrl Pts',(-1.50293932446177,0.256348970952941,5.0692255315129));
#9477=CARTESIAN_POINT('Ctrl Pts',(-1.03063003023288,-1.12354045263372,5.14066199914188));
#9478=CARTESIAN_POINT('Ctrl Pts',(0.384801288823617,-1.47528620140023,5.21209846677087));
#9479=CARTESIAN_POINT('Ctrl Pts',(1.44810375462945,-0.477008305745633,5.28353493439986));
#9480=CARTESIAN_POINT('Ctrl Pts',(1.18625703482695,0.957776411928068,5.35497140202884));
#9481=CARTESIAN_POINT('Ctrl Pts',(-0.161124846801946,1.51610691960207,5.42640786965783));
#9482=CARTESIAN_POINT('Ctrl Pts',(-1.36106255612048,0.68705904131233,5.49784433728681));
#9483=CARTESIAN_POINT('Ctrl Pts',(-1.31550184584092,-0.770711555324931,
5.5692808049158));
#9484=CARTESIAN_POINT('Ctrl Pts',(-0.066134989689974,-1.52320962807518,
5.64071727254479));
#9485=CARTESIAN_POINT('Ctrl Pts',(1.24375151323884,-0.881829678134233,5.71215374017377));
#9486=CARTESIAN_POINT('Ctrl Pts',(1.41549007642329,0.56650617955094,5.78359020780276));
#9487=CARTESIAN_POINT('Ctrl Pts',(0.291923993091614,1.49643636355833,5.85502667543174));
#9488=CARTESIAN_POINT('Ctrl Pts',(-1.09877960747126,1.05698854399067,5.92646314306073));
#9489=CARTESIAN_POINT('Ctrl Pts',(-1.48399800205443,-0.349701784125678,
5.99789961068971));
#9490=CARTESIAN_POINT('Ctrl Pts',(-0.511220646968387,-1.43638255977837,
6.0693360783187));
#9491=CARTESIAN_POINT('Ctrl Pts',(0.929370994097238,-1.20864012975449,6.14077254594769));
#9492=CARTESIAN_POINT('Ctrl Pts',(1.5195020158745,0.125120069035931,6.21220901357668));
#9493=CARTESIAN_POINT('Ctrl Pts',(0.719147823847757,1.34438380508591,6.28364548120565));
#9494=CARTESIAN_POINT('Ctrl Pts',(-0.739293297418194,1.33341172498023,6.35508194883465));
#9495=CARTESIAN_POINT('Ctrl Pts',(-1.52121251349089,0.102244299210047,6.42651841646363));
#9496=CARTESIAN_POINT('Ctrl Pts',(-0.911081251864574,-1.22248613915378,
6.49795488409262));
#9497=CARTESIAN_POINT('Ctrl Pts',(0.532773819310389,-1.42852842652138,6.5693913517216));
#9498=CARTESIAN_POINT('Ctrl Pts',(1.48909145367146,-0.327334768279859,6.64082781935059));
#9499=CARTESIAN_POINT('Ctrl Pts',(1.08275235793243,1.0734005493356,6.71226428697958));
#9500=CARTESIAN_POINT('Ctrl Pts',(-0.314405524611555,1.49187485199529,6.78370075460856));
#9501=CARTESIAN_POINT('Ctrl Pts',(-1.42385320437635,0.545145357046575,6.85513722223754));
#9502=CARTESIAN_POINT('Ctrl Pts',(-1.23034320022301,-0.900442678679341,
6.92657368986655));
#9503=CARTESIAN_POINT('Ctrl Pts',(0.0890448942136211,-1.52204218559694,
6.99801015749551));
#9504=CARTESIAN_POINT('Ctrl Pts',(1.32694865531258,-0.750831987921641,7.06944662512451));
#9505=CARTESIAN_POINT('Ctrl Pts',(1.35057137866816,0.707459086481064,7.14088309275349));
#9506=CARTESIAN_POINT('Ctrl Pts',(0.13829608240566,1.51835950996906,7.21231956038248));
#9507=CARTESIAN_POINT('Ctrl Pts',(-1.20053295034623,0.939820218475424,7.28375602801147));
#9508=CARTESIAN_POINT('Ctrl Pts',(-1.44076303508672,-0.498741701334394,
7.35519249564044));
#9509=CARTESIAN_POINT('Ctrl Pts',(-0.362561373140449,-1.48090872731196,
7.42662896326944));
#9510=CARTESIAN_POINT('Ctrl Pts',(1.04741755739874,-1.10790697640871,7.49806543089842));
#9511=CARTESIAN_POINT('Ctrl Pts',(1.49891231942337,0.278932369227846,7.56950189852741));
#9512=CARTESIAN_POINT('Ctrl Pts',(0.5787633487167,1.41052273788991,7.6409383661564));
#9513=CARTESIAN_POINT('Ctrl Pts',(-0.871007741786312,1.25135403530357,7.71237483378538));
#9514=CARTESIAN_POINT('Ctrl Pts',(-1.52372599957844,-0.0529196195273981,
7.78381130141437));
#9515=CARTESIAN_POINT('Ctrl Pts',(-0.782093706882355,-1.30876691644358,
7.85524776904336));
#9516=CARTESIAN_POINT('Ctrl Pts',(0.675226833586934,-1.36697115226562,7.92668423667233));
#9517=CARTESIAN_POINT('Ctrl Pts',(1.5146522227122,-0.1742700552454,7.99812070430134));
#9518=CARTESIAN_POINT('Ctrl Pts',(0.968030408389304,1.17790429847075,8.0695571719303));
#9519=CARTESIAN_POINT('Ctrl Pts',(-0.464428973318008,1.45218701848798,8.1409936395593));
#9520=CARTESIAN_POINT('Ctrl Pts',(-1.47189278837633,0.397583987917005,8.21243010718828));
#9521=CARTESIAN_POINT('Ctrl Pts',(-1.13243824652535,-1.02084525062755,8.28386657481728));
#9522=CARTESIAN_POINT('Ctrl Pts',(0.243302276449129,-1.50510644480611,8.35530304244624));
#9523=CARTESIAN_POINT('Ctrl Pts',(1.39639866051954,-0.612055707286081,8.42673951007525));
#9524=CARTESIAN_POINT('Ctrl Pts',(1.27166081354375,0.841082744573595,8.49817597770422));
#9525=CARTESIAN_POINT('Ctrl Pts',(-0.0167645703576575,1.5245525104446,8.56961244533321));
#9526=CARTESIAN_POINT('Ctrl Pts',(-1.28984881817991,0.812915391761111,8.6410489129622));
#9527=CARTESIAN_POINT('Ctrl Pts',(-1.38260181866945,-0.642614673761936,
8.7124853805912));
#9528=CARTESIAN_POINT('Ctrl Pts',(-0.210145977476755,-1.51009273757361,
8.78392184822016));
#9529=CARTESIAN_POINT('Ctrl Pts',(1.1546129152217,-0.995695949537547,8.85535831584916));
#9530=CARTESIAN_POINT('Ctrl Pts',(1.46279394918073,0.429854940837564,8.92679478347814));
#9531=CARTESIAN_POINT('Ctrl Pts',(0.432382907625355,1.46204870955645,8.99823125110713));
#9532=CARTESIAN_POINT('Ctrl Pts',(-0.993698579558637,1.15633236610647,9.06966771873612));
#9533=CARTESIAN_POINT('Ctrl Pts',(-1.51045374310552,-0.207535293048541,
9.1411041863651));
#9534=CARTESIAN_POINT('Ctrl Pts',(-0.645003701275037,-1.38148891897971,
9.21254065399409));
#9535=CARTESIAN_POINT('Ctrl Pts',(0.810684523922144,-1.29125210961894,9.28397712162307));
#9536=CARTESIAN_POINT('Ctrl Pts',(1.52452125317068,-0.0193999111630464,
9.35541358925207));
#9537=CARTESIAN_POINT('Ctrl Pts',(0.84327970116811,1.27020500452488,9.42685005688104));
#9538=CARTESIAN_POINT('Ctrl Pts',(-0.609640955781537,1.39745458350388,9.49828652451004));
#9539=CARTESIAN_POINT('Ctrl Pts',(-1.50468361988384,0.245903664013997,9.56972299213902));
#9540=CARTESIAN_POINT('Ctrl Pts',(-1.02280127629047,-1.13067190517002,9.641159459768));
#9541=CARTESIAN_POINT('Ctrl Pts',(0.395039056488753,-1.47257785932381,9.712595927397));
#9542=CARTESIAN_POINT('Ctrl Pts',(1.45138202948556,-0.466938553140133,9.78403239502597));
#9543=CARTESIAN_POINT('Ctrl Pts',(1.17957589145993,0.965992817886717,9.85546886265497));
#9544=CARTESIAN_POINT('Ctrl Pts',(-0.171651542818943,1.51495120573901,9.92690533028394));
#9545=CARTESIAN_POINT('Ctrl Pts',(-1.36580190202793,0.677588792955671,9.99834179791294));
#9546=CARTESIAN_POINT('Ctrl Pts',(-1.31011690076046,-0.779830182965522,
10.0697782655419));
#9547=CARTESIAN_POINT('Ctrl Pts',(-0.055553477595187,-1.52363224534312,
10.1412147331709));
#9548=CARTESIAN_POINT('Ctrl Pts',(1.24984652779538,-0.873169551049549,10.2126512007999));
#9549=CARTESIAN_POINT('Ctrl Pts',(1.4115210900686,0.576324231846773,10.2840876684289));
#9550=CARTESIAN_POINT('Ctrl Pts',(0.281522996295145,1.49842791300724,10.3555241360579));
#9551=CARTESIAN_POINT('Ctrl Pts',(-1.10609473839002,1.04933113821527,10.4269606036869));
#9552=CARTESIAN_POINT('Ctrl Pts',(-1.48153324413709,-0.360000908941732,
10.4983970713158));
#9553=CARTESIAN_POINT('Ctrl Pts',(-0.50123148221093,-1.43989874962195,10.5698335389448));
#9554=CARTESIAN_POINT('Ctrl Pts',(0.937743553870939,-1.20215574494145,10.6412700065738));
#9555=CARTESIAN_POINT('Ctrl Pts',(1.51859630227217,0.135671215250363,10.7127064742028));
#9556=CARTESIAN_POINT('Ctrl Pts',(0.709792648782001,1.34934643574482,10.7841429418318));
#9557=CARTESIAN_POINT('Ctrl Pts',(-0.748537081467038,1.32824457295749,10.8555794094608));
#9558=CARTESIAN_POINT('Ctrl Pts',(-1.52188598714974,0.0916757876403609,
10.9270158770897));
#9559=CARTESIAN_POINT('Ctrl Pts',(-0.902568124299506,-1.22878484240354,
10.9984523447187));
#9560=CARTESIAN_POINT('Ctrl Pts',(0.54268324714631,-1.42479342404047,11.0698888123477));
#9561=CARTESIAN_POINT('Ctrl Pts',(1.49132913662979,-0.316983933601153,11.1413252799767));
#9562=CARTESIAN_POINT('Ctrl Pts',(1.07527060865623,1.08089524288078,11.2127617476057));
#9563=CARTESIAN_POINT('Ctrl Pts',(-0.324760211920081,1.48965506499856,11.2841982152347));
#9564=CARTESIAN_POINT('Ctrl Pts',(-1.4276053308724,0.535242400400914,11.3556346828637));
#9565=CARTESIAN_POINT('Ctrl Pts',(-1.22405922231232,-0.9089666815645,11.4270711504926));
#9566=CARTESIAN_POINT('Ctrl Pts',(0.0996145541706987,-1.52138698184242,
11.4985076181216));
#9567=CARTESIAN_POINT('Ctrl Pts',(1.33213177856825,-0.741597149705154,11.5699440857506));
#9568=CARTESIAN_POINT('Ctrl Pts',(1.34562492692893,0.716822826052396,11.6413805533796));
#9569=CARTESIAN_POINT('Ctrl Pts',(0.127746517586258,1.51928346109829,11.7128170210086));
#9570=CARTESIAN_POINT('Ctrl Pts',(-1.20703179841195,0.93145888022211,11.7842534886376));
#9571=CARTESIAN_POINT('Ctrl Pts',(-1.4372641179265,-0.50873692930944,11.8556899562666));
#9572=CARTESIAN_POINT('Ctrl Pts',(-0.35226652433186,-1.48339128477869,11.9271264238956));
#9573=CARTESIAN_POINT('Ctrl Pts',(1.05508759678582,-1.10060509313329,11.9985628915245));
#9574=CARTESIAN_POINT('Ctrl Pts',(1.49693875227937,0.289336793108846,12.0699993591535));
#9575=CARTESIAN_POINT('Ctrl Pts',(0.568952171942888,1.41450868995694,12.1414358267825));
#9576=CARTESIAN_POINT('Ctrl Pts',(-0.879678391871927,1.24527399988751,12.2128722944115));
#9577=CARTESIAN_POINT('Ctrl Pts',(-1.52332167431296,-0.0635018463557863,
12.2843087620405));
#9578=CARTESIAN_POINT('Ctrl Pts',(-0.772984401367693,-1.31416761608421,
12.3557452296695));
#9579=CARTESIAN_POINT('Ctrl Pts',(0.684705260303651,-1.36224818386179,12.4271816972985));
#9580=CARTESIAN_POINT('Ctrl Pts',(1.51582613146364,-0.16374537274135,12.4986181649274));
#9581=CARTESIAN_POINT('Ctrl Pts',(0.959825563837726,1.18459963486649,12.5700546325564));
#9582=CARTESIAN_POINT('Ctrl Pts',(-0.474504377757039,1.44892615526521,12.6414911001854));
#9583=CARTESIAN_POINT('Ctrl Pts',(-1.47461882357524,0.387350917231148,12.7129275678144));
#9584=CARTESIAN_POINT('Ctrl Pts',(-1.12532033755316,-1.02868632041623,12.7843640354434));
#9585=CARTESIAN_POINT('Ctrl Pts',(0.253750582999104,-1.50338020791477,12.8558005030724));
#9586=CARTESIAN_POINT('Ctrl Pts',(1.40061619551738,-0.602341830505449,12.9272369707014));
#9587=CARTESIAN_POINT('Ctrl Pts',(1.26578814146918,0.849895163439722,12.9986734383303));
#9588=CARTESIAN_POINT('Ctrl Pts',(-0.0273534101155162,1.52439929115612,
13.0701099059593));
#9589=CARTESIAN_POINT('Ctrl Pts',(-1.29546405557742,0.803936744171535,13.1415463735883));
#9590=CARTESIAN_POINT('Ctrl Pts',(-1.37810499091309,-0.652202454719897,
13.2129828412173));
#9591=CARTESIAN_POINT('Ctrl Pts',(-0.199652098853386,-1.51151594346393,
13.2844193088463));
#9592=CARTESIAN_POINT('Ctrl Pts',(1.16150097291013,-0.987652215028682,13.3558557764753));
#9593=CARTESIAN_POINT('Ctrl Pts',(1.45977297457449,0.440004852955247,13.4272922441043));
#9594=CARTESIAN_POINT('Ctrl Pts',(0.422217372556262,1.46501668872197,13.4987287117332));
#9595=CARTESIAN_POINT('Ctrl Pts',(-1.0017062680807,1.14940243622939,13.5701651793622));
#9596=CARTESIAN_POINT('Ctrl Pts',(-1.50897580770987,-0.218021603673997,
13.6416016469912));
#9597=CARTESIAN_POINT('Ctrl Pts',(-0.635392589864435,-1.38593566397131,
13.7130381146202));
#9598=CARTESIAN_POINT('Ctrl Pts',(0.819633753384591,-1.28559010506262,13.7844745822492));
#9599=CARTESIAN_POINT('Ctrl Pts',(1.52461922606587,-0.00881041613830087,
13.8559110498782));
#9600=CARTESIAN_POINT('Ctrl Pts',(0.834436763214123,1.27603162034448,13.9273475175072));
#9601=CARTESIAN_POINT('Ctrl Pts',(-0.619332696549871,1.39318642647224,13.9987839851362));
#9602=CARTESIAN_POINT('Ctrl Pts',(-1.50635532216614,0.235446493505365,14.0702204527651));
#9603=CARTESIAN_POINT('Ctrl Pts',(-1.01492317751905,-1.1377488086818,14.1416569203941));
#9604=CARTESIAN_POINT('Ctrl Pts',(0.405257765578972,-1.46979847304321,14.2130933880231));
#9605=CARTESIAN_POINT('Ctrl Pts',(1.45459028272575,-0.456846273183942,14.2845298556521));
#9606=CARTESIAN_POINT('Ctrl Pts',(1.17283783970608,0.97416261972825,14.3559663232811));
#9607=CARTESIAN_POINT('Ctrl Pts',(-0.182169957543954,1.51372240337873,14.4274027909101));
#9608=CARTESIAN_POINT('Ctrl Pts',(-1.37047535511445,0.668085854472425,14.4988392585391));
#9609=CARTESIAN_POINT('Ctrl Pts',(-1.30466874937002,-0.788911187865589,
14.570275726168));
#9610=CARTESIAN_POINT('Ctrl Pts',(-0.0449692853346981,-1.52398135529892,
14.641712193797));
#9611=CARTESIAN_POINT('Ctrl Pts',(1.25588124377324,-0.864467298086397,14.713148661426));
#9612=CARTESIAN_POINT('Ctrl Pts',(1.40748400518049,0.586114479503209,14.784585129055));
#9613=CARTESIAN_POINT('Ctrl Pts',(0.271108417481841,1.50034717112165,14.856021596684));
#9614=CARTESIAN_POINT('Ctrl Pts',(-1.11335650600446,1.04162310768328,14.927458064313));
#9615=CARTESIAN_POINT('Ctrl Pts',(-1.47899700996491,-0.370282665590869,
14.998894531942));
#9616=CARTESIAN_POINT('Ctrl Pts',(-0.491218135647685,-1.44334547185802,
15.0703309995709));
#9617=CARTESIAN_POINT('Ctrl Pts',(0.946070872407257,-1.19561336238133,15.1417674671999));
#9618=CARTESIAN_POINT('Ctrl Pts',(1.5176173243157,0.146215816036022,15.2132039348289));
#9619=CARTESIAN_POINT('Ctrl Pts',(0.700403229921538,1.35424396747326,15.2846404024579));
#9620=CARTESIAN_POINT('Ctrl Pts',(-0.757744752504322,1.32301334005911,15.3560768700869));
#9621=CARTESIAN_POINT('Ctrl Pts',(-1.5224860377443,0.0811028531918963,15.4275133377159));
#9622=CARTESIAN_POINT('Ctrl Pts',(-0.894011452528139,-1.23502426319111,
15.4989498053449));
#9623=CARTESIAN_POINT('Ctrl Pts',(0.552566493344902,-1.42098968270524,15.5703862729739));
#9624=CARTESIAN_POINT('Ctrl Pts',(1.49349487073256,-0.306617806100324,15.6418227406028));
#9625=CARTESIAN_POINT('Ctrl Pts',(1.06773698317927,1.08833778886587,15.7132592082318));
#9626=CARTESIAN_POINT('Ctrl Pts',(-0.335099231241527,1.4873634099115,15.7846956758608));
#9627=CARTESIAN_POINT('Ctrl Pts',(-1.43128858285427,0.525313621100045,15.8561321434898));
#9628=CARTESIAN_POINT('Ctrl Pts',(-1.21771618992601,-0.917446831546278,
15.9275686111188));
#9629=CARTESIAN_POINT('Ctrl Pts',(0.110179408244851,-1.52065837909803,15.9990050787478));
#9630=CARTESIAN_POINT('Ctrl Pts',(1.33725063341087,-0.732326533292664,16.0704415463768));
#9631=CARTESIAN_POINT('Ctrl Pts',(1.34061355580263,0.726151982659599,16.1418780140057));
#9632=CARTESIAN_POINT('Ctrl Pts',(0.117190789663432,1.52013411472156,16.2133144816347));
#9633=CARTESIAN_POINT('Ctrl Pts',(-1.21347241348646,0.923052603934127,16.2847509492637));
#9634=CARTESIAN_POINT('Ctrl Pts',(-1.43369586026597,-0.51870761338007,16.3561874168927));
#9635=CARTESIAN_POINT('Ctrl Pts',(-0.341954680500029,-1.48580227634983,
16.4276238845217));
#9636=CARTESIAN_POINT('Ctrl Pts',(1.06270673369726,-1.09325011140028,16.4990603521507));
#9637=CARTESIAN_POINT('Ctrl Pts',(1.49489296564509,0.299727257998119,16.5704968197796));
#9638=CARTESIAN_POINT('Ctrl Pts',(0.559113546193077,1.41842639935445,16.6419332874086));
#9639=CARTESIAN_POINT('Ctrl Pts',(-0.888306602061496,1.23913388649338,16.7133697550376));
#9640=CARTESIAN_POINT('Ctrl Pts',(-1.52284385671877,-0.0740810095511868,
16.7848062226666));
#9641=CARTESIAN_POINT('Ctrl Pts',(-0.763837803385721,-1.31950491398899,
16.8562426902956));
#9642=CARTESIAN_POINT('Ctrl Pts',(0.694150653561395,-1.35745949408537,16.9276791579246));
#9643=CARTESIAN_POINT('Ctrl Pts',(1.51692690950724,-0.153212790376757,16.9991156255535));
#9644=CARTESIAN_POINT('Ctrl Pts',(0.951574412706874,1.19123782050596,17.0705520931826));
#9645=CARTESIAN_POINT('Ctrl Pts',(-0.484556889833771,1.44559538890965,17.1419885608115));
#9646=CARTESIAN_POINT('Ctrl Pts',(-1.47727371610407,0.377099158883023,17.2134250284405));
#9647=CARTESIAN_POINT('Ctrl Pts',(-1.1181481377417,-1.03647776145317,17.2848614960695));
#9648=CARTESIAN_POINT('Ctrl Pts',(0.264186647406416,-1.5015814407665,17.3562979636985));
#9649=CARTESIAN_POINT('Ctrl Pts',(1.40476615808612,-0.5925988938719,17.4277344313275));
#9650=CARTESIAN_POINT('Ctrl Pts',(1.25985440171617,0.858666579295262,17.4991708989565));
#9651=CARTESIAN_POINT('Ctrl Pts',(-0.0379409302139157,1.52417252754953,
17.5706073665855));
#9652=CARTESIAN_POINT('Ctrl Pts',(-1.30101679358834,0.794919310825541,17.6420438342144));
#9653=CARTESIAN_POINT('Ctrl Pts',(-1.37354167677591,-0.661758770309739,
17.7134803018434));
#9654=CARTESIAN_POINT('Ctrl Pts',(-0.189148588057211,-1.5128662265905,17.7849167694724));
#9655=CARTESIAN_POINT('Ctrl Pts',(1.16833299423225,-0.979560831449754,17.8563532371014));
#9656=CARTESIAN_POINT('Ctrl Pts',(1.456681573533,0.450133537132765,17.9277897047304));
#9657=CARTESIAN_POINT('Ctrl Pts',(0.412031467700263,1.46791398847037,17.9992261723594));
#9658=CARTESIAN_POINT('Ctrl Pts',(-1.0096656294979,1.14241705367735,18.0706626399884));
#9659=CARTESIAN_POINT('Ctrl Pts',(-1.50742507209877,-0.228497395893811,
18.1420991076174));
#9660=CARTESIAN_POINT('Ctrl Pts',(-0.625750824074054,-1.39031554479293,
18.2135355752463));
#9661=CARTESIAN_POINT('Ctrl Pts',(0.828543439791764,-1.27986607748634,18.2849720428753));
#9662=CARTESIAN_POINT('Ctrl Pts',(1.52464364403225,0.00177950394313113,
18.3564085105043));
#9663=CARTESIAN_POINT('Ctrl Pts',(0.825553568036745,1.28179667429122,18.4278449781333));
#9664=CARTESIAN_POINT('Ctrl Pts',(-0.628994557744624,1.38885105545911,18.4992814457623));
#9665=CARTESIAN_POINT('Ctrl Pts',(-1.50795435065778,0.224977963930915,18.5707179133913));
#9666=CARTESIAN_POINT('Ctrl Pts',(-1.00699611399575,-1.14477082174542,18.6421543810202));
#9667=CARTESIAN_POINT('Ctrl Pts',(0.415456923094918,-1.46694817664931,18.7135908486492));
#9668=CARTESIAN_POINT('Ctrl Pts',(1.45772835956854,-0.44673195277687,18.7850273162782));
#9669=CARTESIAN_POINT('Ctrl Pts',(1.16604320464121,0.982285423302355,18.8564637839072));
#9670=CARTESIAN_POINT('Ctrl Pts',(-0.192679583518295,1.5124205718045,18.9279002515362));
#9671=CARTESIAN_POINT('Ctrl Pts',(-1.37508268991028,0.658550684329877,18.9993367191652));
#9672=CARTESIAN_POINT('Ctrl Pts',(-1.29915765451452,-0.797954131913958,
19.0707731867941));
#9673=CARTESIAN_POINT('Ctrl Pts',(-0.0343829235406476,-1.52425694109984,
19.1422096544232));
#9674=CARTESIAN_POINT('Ctrl Pts',(1.26185537002884,-0.855723339083151,19.2136461220521));
#9675=CARTESIAN_POINT('Ctrl Pts',(1.40337901652727,0.595876450191812,19.2850825896811));
#9676=CARTESIAN_POINT('Ctrl Pts',(0.260680759100862,1.50219404530734,19.3565190573101));
#9677=CARTESIAN_POINT('Ctrl Pts',(-1.12056455997214,1.03386482426701,19.4279555249391));
#9678=CARTESIAN_POINT('Ctrl Pts',(-1.47638942189799,-0.380546558031922,
19.4993919925681));
#9679=CARTESIAN_POINT('Ctrl Pts',(-0.48118109037044,-1.44672256020017,19.5708284601971));
#9680=CARTESIAN_POINT('Ctrl Pts',(0.954352547956472,-1.18901329771,19.642264927826));
#9681=CARTESIAN_POINT('Ctrl Pts',(1.51656512923567,0.156753362670878,19.713701395455));
#9682=CARTESIAN_POINT('Ctrl Pts',(0.690980020256896,1.35907616399082,19.785137863084));
#9683=CARTESIAN_POINT('Ctrl Pts',(-0.766915866307949,1.31771827866481,19.856574330713));
#9684=CARTESIAN_POINT('Ctrl Pts',(-1.52301263632526,0.0705260059535727,
19.928010798342));
#9685=CARTESIAN_POINT('Ctrl Pts',(-0.885411649365228,-1.24120410049699,
19.999447265971));
#9686=CARTESIAN_POINT('Ctrl Pts',(0.562423081091082,-1.41711738602638,20.0708837336));
#9687=CARTESIAN_POINT('Ctrl Pts',(1.49558855149438,-0.296236885888953,20.1423202012289));
#9688=CARTESIAN_POINT('Ctrl Pts',(1.06015184495969,1.09572782822688,20.213756668858));
#9689=CARTESIAN_POINT('Ctrl Pts',(-0.345422083772161,1.48499999729452,20.2851931364869));
#9690=CARTESIAN_POINT('Ctrl Pts',(-1.43490278262427,0.515359498155765,20.3566296041159));
#9691=CARTESIAN_POINT('Ctrl Pts',(-1.21131440908229,-0.925882719501691,
20.4280660717449));
#9692=CARTESIAN_POINT('Ctrl Pts',(0.120738946736994,-1.51985641251503,20.4995025393739));
#9693=CARTESIAN_POINT('Ctrl Pts',(1.3423049728824,-0.723020585943044,20.5709390070028));
#9694=CARTESIAN_POINT('Ctrl Pts',(1.33553750706176,0.735446106219548,20.6423754746319));
#9695=CARTESIAN_POINT('Ctrl Pts',(0.106629407896008,1.52091142979924,20.7138119422608));
#9696=CARTESIAN_POINT('Ctrl Pts',(-1.21985448484363,0.914601795170506,20.7852484098898));
#9697=CARTESIAN_POINT('Ctrl Pts',(-1.430058434255,-0.528653272512677,20.8566848775188));
#9698=CARTESIAN_POINT('Ctrl Pts',(-0.331626339137741,-1.4881415857076,20.9281213451478));
#9699=CARTESIAN_POINT('Ctrl Pts',(1.07027460054936,-1.08584238604925,20.9995578127768));
#9700=CARTESIAN_POINT('Ctrl Pts',(1.49277505821908,0.310103262609824,21.0709942804058));
#9701=CARTESIAN_POINT('Ctrl Pts',(0.549247946129728,1.42227567707337,21.1424307480347));
#9702=CARTESIAN_POINT('Ctrl Pts',(-0.896891956088807,1.23293399134967,21.2138672156637));
#9703=CARTESIAN_POINT('Ctrl Pts',(-1.52229256984809,-0.0846565987240638,
21.2853036832927));
#9704=CARTESIAN_POINT('Ctrl Pts',(-0.754654354212164,-1.3247785526611,21.3567401509217));
#9705=CARTESIAN_POINT('Ctrl Pts',(0.703562557669133,-1.35260531396572,21.4281766185507));
#9706=CARTESIAN_POINT('Ctrl Pts',(1.5179545037362,-0.142672816293872,21.4996130861797));
#9707=CARTESIAN_POINT('Ctrl Pts',(0.94327735307183,1.19781853513127,21.5710495538087));
#9708=CARTESIAN_POINT('Ctrl Pts',(-0.494586024566842,1.44219488011343,21.6424860214376));
#9709=CARTESIAN_POINT('Ctrl Pts',(-1.47985733787811,0.366829207466574,21.7139224890667));
#9710=CARTESIAN_POINT('Ctrl Pts',(-1.11092199311224,-1.04421919784198,21.7853589566956));
#9711=CARTESIAN_POINT('Ctrl Pts',(0.274609966185413,-1.49971023014243,21.8567954243246));
#9712=CARTESIAN_POINT('Ctrl Pts',(1.40884834801172,-0.582827367431293,21.9282318919536));
#9713=CARTESIAN_POINT('Ctrl Pts',(1.25385988055669,0.867396568965187,21.9996683595826));
#9714=CARTESIAN_POINT('Ctrl Pts',(-0.048526619860273,1.523872230565,22.0711048272116));
#9715=CARTESIAN_POINT('Ctrl Pts',(-1.30650676432206,0.78586352676722,22.1425412948406));
#9716=CARTESIAN_POINT('Ctrl Pts',(-1.36891209641393,-0.671283159489173,
22.2139777624695));
#9717=CARTESIAN_POINT('Ctrl Pts',(-0.178635951827854,-1.51414352180915,
22.2854142300985));
#9718=CARTESIAN_POINT('Ctrl Pts',(1.17510864957887,-0.9714221891679,22.3568506977275));
#9719=CARTESIAN_POINT('Ctrl Pts',(1.45351989519992,0.460240504714245,22.4282871653565));
#9720=CARTESIAN_POINT('Ctrl Pts',(0.40182568447465,1.47074046902157,22.4997236329855));
#9721=CARTESIAN_POINT('Ctrl Pts',(-1.01757627981357,1.13537655545951,22.5711601006145));
#9722=CARTESIAN_POINT('Ctrl Pts',(-1.50580161108518,-0.238962164307232,
22.6425965682435));
#9723=CARTESIAN_POINT('Ctrl Pts',(-0.616078869072575,-1.39462835013501,
22.7140330358725));
#9724=CARTESIAN_POINT('Ctrl Pts',(0.837413153304753,-1.27408030305055,22.7854695035014));
#9725=CARTESIAN_POINT('Ctrl Pts',(1.52459450587841,0.0123693381840657,22.8569059711305));
#9726=CARTESIAN_POINT('Ctrl Pts',(0.816630544229214,1.28749988820985,22.9283424387594));
#9727=CARTESIAN_POINT('Ctrl Pts',(-0.638626073279428,1.38444867966417,22.9997789063884));
#9728=CARTESIAN_POINT('Ctrl Pts',(-1.50948062812271,0.214498580265585,23.0712153740174));
#9729=CARTESIAN_POINT('Ctrl Pts',(-0.999020468333185,-1.15173760543912,
23.1426518416464));
#9730=CARTESIAN_POINT('Ctrl Pts',(0.425636037308778,-1.46402710793144,23.2140883092754));
#9731=CARTESIAN_POINT('Ctrl Pts',(1.46079610799508,-0.436596079355935,23.2855247769044));
#9732=CARTESIAN_POINT('Ctrl Pts',(1.15919231525296,0.990360835727747,23.3569612445333));
#9733=CARTESIAN_POINT('Ctrl Pts',(-0.203179915949453,1.51104577571685,23.4283977121623));
#9734=CARTESIAN_POINT('Ctrl Pts',(-1.37962367988197,0.648983738957326,23.4998341797913));
#9735=CARTESIAN_POINT('Ctrl Pts',(-1.29358389014492,-0.806958572019584,
23.5712706474203));
#9736=CARTESIAN_POINT('Ctrl Pts',(-0.0237948876415972,-1.52445900238102,
23.6427071150493));
#9737=CARTESIAN_POINT('Ctrl Pts',(1.26776858930059,-0.846938071359629,23.7141435826783));
#9738=CARTESIAN_POINT('Ctrl Pts',(1.39920637724662,0.605609626411523,23.7855800503073));
#9739=CARTESIAN_POINT('Ctrl Pts',(0.250240419715693,1.50396853474647,23.8570165179362));
#9740=CARTESIAN_POINT('Ctrl Pts',(-1.12771835426489,1.02605649478065,23.9284529855652));
#9741=CARTESIAN_POINT('Ctrl Pts',(-1.47371098188729,-0.390791773356843,
23.9998894531942));
#9742=CARTESIAN_POINT('Ctrl Pts',(-0.471120117029062,-1.4500304544796,24.0713259208232));
#9743=CARTESIAN_POINT('Ctrl Pts',(0.962586827239208,-1.18235472586316,24.1427623884521));
#9744=CARTESIAN_POINT('Ctrl Pts',(1.51544233593836,0.167281177489109,24.2141988560812));
#9745=CARTESIAN_POINT('Ctrl Pts',(0.681518602423513,1.36384690748485,24.2856353237101));
#9746=CARTESIAN_POINT('Ctrl Pts',(-0.776040737847541,1.31235183712766,24.3570717913392));
#9747=CARTESIAN_POINT('Ctrl Pts',(-1.52348329146014,0.0599605669818961,
24.4285082589681));
#9748=CARTESIAN_POINT('Ctrl Pts',(-0.87673586599535,-1.24735215380234,24.4999447265971));
#9749=CARTESIAN_POINT('Ctrl Pts',(0.572189428400425,-1.41312341448729,24.5713811942261));
#9750=CARTESIAN_POINT('Ctrl Pts',(1.4977298163042,-0.285942823730262,24.6428176618551));
#9751=CARTESIAN_POINT('Ctrl Pts',(1.05228823635499,1.10325709110726,24.7142541294841));
#9752=CARTESIAN_POINT('Ctrl Pts',(-0.355295587687681,1.48219887735553,24.7856905971131));
#9753=CARTESIAN_POINT('Ctrl Pts',(-1.43928067022948,0.506088952152995,24.857127064742));
#9754=CARTESIAN_POINT('Ctrl Pts',(-1.20317231799446,-0.935734805469083,
24.9285635323711));
#9755=CARTESIAN_POINT('Ctrl Pts',(-0.316219955855042,-1.32214217292047,
24.9761878441237));
#9756=CARTESIAN_POINT('Ctrl Pts',(0.111086559121681,-1.28520806735038,25.));
#9757=CARTESIAN_POINT('Ctrl Pts',(-1.03937963899435,0.000252112133648352,
24.576961524227));
#9758=CARTESIAN_POINT('Ctrl Pts',(-1.03942366055785,0.0137969867050155,
24.5760226376084));
#9759=CARTESIAN_POINT('Ctrl Pts',(-1.03918194292159,0.0273402466477092,
24.5750837509898));
#9760=CARTESIAN_POINT('Ctrl Pts',(-1.03864962060582,0.0408720587742507,
24.5741448643712));
#9761=CARTESIAN_POINT('Ctrl Pts',(-1.02514879770719,0.384067513113731,24.5503327084949));
#9762=CARTESIAN_POINT('Ctrl Pts',(-0.824720242148662,0.719899306548817,
24.5265205526185));
#9763=CARTESIAN_POINT('Ctrl Pts',(-0.52908190682854,0.894719468029041,24.5027083967422));
#9764=CARTESIAN_POINT('Ctrl Pts',(-0.233443571508402,1.06953962950927,24.4788962408659));
#9765=CARTESIAN_POINT('Ctrl Pts',(0.15740454357336,1.08334815903464,24.4550840849895));
#9766=CARTESIAN_POINT('Ctrl Pts',(0.464637949235033,0.929821404895087,24.4312719291132));
#9767=CARTESIAN_POINT('Ctrl Pts',(0.771871354896672,0.776294650755556,24.4074597732369));
#9768=CARTESIAN_POINT('Ctrl Pts',(0.995490051138264,0.455432612951151,24.3836476173606));
#9769=CARTESIAN_POINT('Ctrl Pts',(1.0331746183608,0.114047503777159,24.3598354614842));
#9770=CARTESIAN_POINT('Ctrl Pts',(1.07085918558335,-0.227337605396853,24.3360233056079));
#9771=CARTESIAN_POINT('Ctrl Pts',(0.922609623786852,-0.589245785940429,
24.3122111497316));
#9772=CARTESIAN_POINT('Ctrl Pts',(0.656258824618014,-0.806088828069064,
24.2883989938553));
#9773=CARTESIAN_POINT('Ctrl Pts',(0.38990802544916,-1.02293187019771,24.2645868379789));
#9774=CARTESIAN_POINT('Ctrl Pts',(0.00545598890793982,-1.09470977391135,
24.2407746821026));
#9775=CARTESIAN_POINT('Ctrl Pts',(-0.321193630138719,-0.988579999497464,
24.2169625262263));
#9776=CARTESIAN_POINT('Ctrl Pts',(-0.647843249185359,-0.882450225083586,
24.1931503703499));
#9777=CARTESIAN_POINT('Ctrl Pts',(-0.916690450737464,-0.598412772542202,
24.1693382144736));
#9778=CARTESIAN_POINT('Ctrl Pts',(-1.00472466529709,-0.266428375695329,
24.1455260585973));
#9779=CARTESIAN_POINT('Ctrl Pts',(-1.02760253504897,-0.180154012611465,
24.1393378804739));
#9780=CARTESIAN_POINT('Ctrl Pts',(-1.03826922012474,-0.0906415580535946,
24.1331497023505));
#9781=CARTESIAN_POINT('Ctrl Pts',(-1.03746975908976,-0.000941939729610097,
24.126961524227));
#9782=CARTESIAN_POINT('Ctrl Pts',(-0.335179827523351,1.24569437793602,0.));
#9783=CARTESIAN_POINT('Ctrl Pts',(-0.749348814541405,1.13425364889922,0.0238121558763287));
#9784=CARTESIAN_POINT('Ctrl Pts',(-1.45065226880513,0.467793731753297,0.0714364676289861));
#9785=CARTESIAN_POINT('Ctrl Pts',(-1.17938883777403,-0.96783092023974,0.142872935257972));
#9786=CARTESIAN_POINT('Ctrl Pts',(0.173073236782069,-1.51432968155503,0.214309402886958));
#9787=CARTESIAN_POINT('Ctrl Pts',(1.3661636502387,-0.676818733095253,0.285745870515944));
#9788=CARTESIAN_POINT('Ctrl Pts',(1.3096074579312,0.780952105951169,0.35718233814493));
#9789=CARTESIAN_POINT('Ctrl Pts',(0.0543655136436448,1.52360198300208,0.428618805773916));
#9790=CARTESIAN_POINT('Ctrl Pts',(-1.25048179723595,0.872266284682865,0.500055273402902));
#9791=CARTESIAN_POINT('Ctrl Pts',(-1.41109829437046,-0.577406474677371,
0.571491741031889));
#9792=CARTESIAN_POINT('Ctrl Pts',(-0.280388994279329,-1.49862891600912,
0.642928208660873));
#9793=CARTESIAN_POINT('Ctrl Pts',(1.10688112515501,-1.04850379069824,0.714364676289862));
#9794=CARTESIAN_POINT('Ctrl Pts',(1.48126352330143,0.361118918481691,0.785801143918845));
#9795=CARTESIAN_POINT('Ctrl Pts',(0.500146609533228,1.44027410697063,0.857237611547833));
#9796=CARTESIAN_POINT('Ctrl Pts',(-0.938647728437814,1.20145035663588,0.928674079176818));
#9797=CARTESIAN_POINT('Ctrl Pts',(-1.51849400440972,-0.136814696386378,
1.0001105468058));
#9798=CARTESIAN_POINT('Ctrl Pts',(-0.708776631731642,-1.34988011995528,
1.07154701443479));
#9799=CARTESIAN_POINT('Ctrl Pts',(0.749536615236316,-1.32768087959234,1.14298348206378));
#9800=CARTESIAN_POINT('Ctrl Pts',(1.52195461018479,-0.0905301320337062,
1.21441994969276));
#9801=CARTESIAN_POINT('Ctrl Pts',(0.901642914387501,1.22946385969629,1.28585641732175));
#9802=CARTESIAN_POINT('Ctrl Pts',(-0.543755570865203,1.42438455492845,1.35729288495074));
#9803=CARTESIAN_POINT('Ctrl Pts',(-1.49156733348603,0.315861270249901,1.42872935257972));
#9804=CARTESIAN_POINT('Ctrl Pts',(-1.07445668802345,-1.08170432728379,1.50016582020871));
#9805=CARTESIAN_POINT('Ctrl Pts',(0.325881427496789,-1.4894102001586,1.57160228783769));
#9806=CARTESIAN_POINT('Ctrl Pts',(1.42800783031322,-0.534167651416935,1.64303875546668));
#9807=CARTESIAN_POINT('Ctrl Pts',(1.22337467861643,0.909887815027515,1.71447522309566));
#9808=CARTESIAN_POINT('Ctrl Pts',(-0.100759718637199,1.52131157975109,1.78591169072465));
#9809=CARTESIAN_POINT('Ctrl Pts',(-1.33268963290269,0.740594210655473,1.85734815835364));
#9810=CARTESIAN_POINT('Ctrl Pts',(-1.3450849823029,-0.71783551916055,1.92878462598262));
#9811=CARTESIAN_POINT('Ctrl Pts',(-0.126602873597762,-1.51937920055008,
2.00022109361161));
#9812=CARTESIAN_POINT('Ctrl Pts',(1.20773260159881,-0.930550055351811,2.0716575612406));
#9813=CARTESIAN_POINT('Ctrl Pts',(1.43688078036813,0.509818659389636,2.14309402886958));
#9814=CARTESIAN_POINT('Ctrl Pts',(0.351149835462953,1.48365603681409,2.21453049649857));
#9815=CARTESIAN_POINT('Ctrl Pts',(-1.05591576314083,1.09981059443895,2.28596696412755));
#9816=CARTESIAN_POINT('Ctrl Pts',(-1.49672054711992,-0.290463502556807,
2.35740343175654));
#9817=CARTESIAN_POINT('Ctrl Pts',(-0.567887273223603,-1.41493656656698,
2.42883989938552));
#9818=CARTESIAN_POINT('Ctrl Pts',(0.880615503101126,-1.24461149688996,2.50027636701452));
#9819=CARTESIAN_POINT('Ctrl Pts',(1.52327345439885,0.0646484772969959,2.57171283464349));
#9820=CARTESIAN_POINT('Ctrl Pts',(0.771994976002684,1.31474910135768,2.64314930227249));
#9821=CARTESIAN_POINT('Ctrl Pts',(-0.685730475183734,1.36173241053363,2.71458576990147));
#9822=CARTESIAN_POINT('Ctrl Pts',(-1.5159489691982,0.162604321223223,2.78602223753046));
#9823=CARTESIAN_POINT('Ctrl Pts',(-0.958933616511761,-1.1853217966516,2.85745870515944));
#9824=CARTESIAN_POINT('Ctrl Pts',(0.475594895650074,-1.44856858233402,2.92889517278843));
#9825=CARTESIAN_POINT('Ctrl Pts',(1.47490998706398,-0.386240821965444,3.00033164041741));
#9826=CARTESIAN_POINT('Ctrl Pts',(1.12454570505237,1.02953309793415,3.0717681080464));
#9827=CARTESIAN_POINT('Ctrl Pts',(-0.254882150936939,1.50318878775335,3.14320457567539));
#9828=CARTESIAN_POINT('Ctrl Pts',(-1.40106920932427,0.601287379858481,3.21464104330437));
#9829=CARTESIAN_POINT('Ctrl Pts',(-1.26514805151404,-0.850847724474752,
3.28607751093336));
#9830=CARTESIAN_POINT('Ctrl Pts',(0.0285008621825844,-1.52437828092258,
3.35751397856234));
#9831=CARTESIAN_POINT('Ctrl Pts',(1.2960688447376,-0.802961388980918,3.42895044619133));
#9832=CARTESIAN_POINT('Ctrl Pts',(1.37761367901631,0.653239614445403,3.50038691382031));
#9833=CARTESIAN_POINT('Ctrl Pts',(0.198514281833516,1.51166581042297,3.5718233814493));
#9834=CARTESIAN_POINT('Ctrl Pts',(-1.16224408699569,0.986777647059949,3.64325984907829));
#9835=CARTESIAN_POINT('Ctrl Pts',(-1.4594413674452,-0.441103545081315,3.71469631670727));
#9836=CARTESIAN_POINT('Ctrl Pts',(-0.421114495477888,-1.46533409985301,
3.78613278433626));
#9837=CARTESIAN_POINT('Ctrl Pts',(1.00257118033645,-1.14864810575407,3.85756925196525));
#9838=CARTESIAN_POINT('Ctrl Pts',(1.50881128024508,0.219157393438662,3.92900571959423));
#9839=CARTESIAN_POINT('Ctrl Pts',(0.634349180562318,1.38641356009437,4.00044218722322));
#9840=CARTESIAN_POINT('Ctrl Pts',(-0.820601228280703,1.28497278828691,4.0718786548522));
#9841=CARTESIAN_POINT('Ctrl Pts',(-1.52462543733382,0.00766278854350579,
4.14331512248119));
#9842=CARTESIAN_POINT('Ctrl Pts',(-0.833476026967912,-1.2766593731154,4.21475159011017));
#9843=CARTESIAN_POINT('Ctrl Pts',(0.620381217577482,-1.39271985243648,4.28618805773917));
#9844=CARTESIAN_POINT('Ctrl Pts',(1.50653213402909,-0.234312551160583,4.35762452536815));
#9845=CARTESIAN_POINT('Ctrl Pts',(1.01406648097096,1.13851245696513,4.42906099299713));
#9846=CARTESIAN_POINT('Ctrl Pts',(-0.406364013774368,1.46949301828991,4.50049746062612));
#9847=CARTESIAN_POINT('Ctrl Pts',(-1.45493376291213,0.455751234811237,4.57193392825511));
#9848=CARTESIAN_POINT('Ctrl Pts',(-1.17210423566971,-0.975045180091031,
4.64337039588409));
#9849=CARTESIAN_POINT('Ctrl Pts',(0.18330933009918,-1.51358486117965,4.71480686351308));
#9850=CARTESIAN_POINT('Ctrl Pts',(1.37097786467209,-0.667054073574842,4.78624333114206));
#9851=CARTESIAN_POINT('Ctrl Pts',(1.30407455309841,0.789893032286531,4.85767979877106));
#9852=CARTESIAN_POINT('Ctrl Pts',(0.0438221279088389,1.52401478457368,4.92911626640003));
#9853=CARTESIAN_POINT('Ctrl Pts',(-1.25653160695855,0.863521721329443,5.00055273402903));
#9854=CARTESIAN_POINT('Ctrl Pts',(-1.40704243151714,-0.587173771897178,
5.071989201658));
#9855=CARTESIAN_POINT('Ctrl Pts',(-0.269978987809002,-1.50055082840777,
5.143425669287));
#9856=CARTESIAN_POINT('Ctrl Pts',(1.1141402588295,-1.0407847645642,5.21486213691597));
#9857=CARTESIAN_POINT('Ctrl Pts',(1.47871787944746,0.371395847440483,5.28629860454497));
#9858=CARTESIAN_POINT('Ctrl Pts',(0.490131552088704,1.44371482784542,5.35773507217395));
#9859=CARTESIAN_POINT('Ctrl Pts',(-0.946970584316821,1.19490089753597,5.42917153980294));
#9860=CARTESIAN_POINT('Ctrl Pts',(-1.51750684476853,-0.147358130329786,
5.50060800743192));
#9861=CARTESIAN_POINT('Ctrl Pts',(-0.699383657945576,-1.3547708077355,5.57204447506092));
#9862=CARTESIAN_POINT('Ctrl Pts',(0.758740414029072,-1.32244259860782,5.64348094268989));
#9863=CARTESIAN_POINT('Ctrl Pts',(1.52254666621737,-0.0799568113670176,
5.71491741031889));
#9864=CARTESIAN_POINT('Ctrl Pts',(0.893081567275935,1.2356968708731,5.78635387794787));
#9865=CARTESIAN_POINT('Ctrl Pts',(-0.553635961109241,1.42057335785952,5.85779034557686));
#9866=CARTESIAN_POINT('Ctrl Pts',(-1.49372525885695,0.305493524557174,5.92922681320584));
#9867=CARTESIAN_POINT('Ctrl Pts',(-1.06691746517118,-1.0891412052651,6.00066328083482));
#9868=CARTESIAN_POINT('Ctrl Pts',(0.336218720429206,-1.48711076067876,6.07209974846382));
#9869=CARTESIAN_POINT('Ctrl Pts',(1.43168360682974,-0.524236103705782,6.14353621609279));
#9870=CARTESIAN_POINT('Ctrl Pts',(1.21702526513001,0.91836318879234,6.2149726837218));
#9871=CARTESIAN_POINT('Ctrl Pts',(-0.11132402157004,1.52057502436253,6.28640915135076));
#9872=CARTESIAN_POINT('Ctrl Pts',(-1.33780150795843,0.731319743886192,6.35784561897976));
#9873=CARTESIAN_POINT('Ctrl Pts',(-1.34006659029132,-0.72716090109315,6.42928208660875));
#9874=CARTESIAN_POINT('Ctrl Pts',(-0.116046508243941,-1.52022190828116,
6.50071855423773));
#9875=CARTESIAN_POINT('Ctrl Pts',(1.2141668872318,-0.922138933373632,6.57215502186672));
#9876=CARTESIAN_POINT('Ctrl Pts',(1.43330501847724,0.519786654793669,6.6435914894957));
#9877=CARTESIAN_POINT('Ctrl Pts',(0.340836179647888,1.48605926568783,6.71502795712469));
#9878=CARTESIAN_POINT('Ctrl Pts',(-1.06352936163965,1.09244987959355,6.78646442475367));
#9879=CARTESIAN_POINT('Ctrl Pts',(-1.49466693984663,-0.300852424658891,
6.85790089238267));
#9880=CARTESIAN_POINT('Ctrl Pts',(-0.558045701213659,-1.41884686906325,
6.92933736001164));
#9881=CARTESIAN_POINT('Ctrl Pts',(0.889239089068438,-1.23846489048594,7.00077382764064));
#9882=CARTESIAN_POINT('Ctrl Pts',(1.52278767369332,0.0752272779070819,7.07221029526961));
#9883=CARTESIAN_POINT('Ctrl Pts',(0.762844363004752,1.32007951288,7.14364676289861));
#9884=CARTESIAN_POINT('Ctrl Pts',(-0.695172261249882,1.35693661225657,7.21508323052759));
#9885=CARTESIAN_POINT('Ctrl Pts',(-1.51704181875756,0.152070913176601,7.28651969815657));
#9886=CARTESIAN_POINT('Ctrl Pts',(-0.950677470902044,-1.19195376957872,
7.35795616578556));
#9887=CARTESIAN_POINT('Ctrl Pts',(0.485644897789072,-1.44523025007957,7.42939263341455));
#9888=CARTESIAN_POINT('Ctrl Pts',(1.47755716206422,-0.37598706803074,7.50082910104354));
#9889=CARTESIAN_POINT('Ctrl Pts',(1.11736764237556,1.03731913809864,7.57226556867252));
#9890=CARTESIAN_POINT('Ctrl Pts',(-0.265316858481047,1.50138216557257,7.6437020363015));
#9891=CARTESIAN_POINT('Ctrl Pts',(-1.40521183695686,0.591541322115325,7.7151385039305));
#9892=CARTESIAN_POINT('Ctrl Pts',(-1.25920771089851,-0.859614671412351,
7.78657497155947));
#9893=CARTESIAN_POINT('Ctrl Pts',(0.0390882086687119,-1.52414354784472,
7.85801143918847));
#9894=CARTESIAN_POINT('Ctrl Pts',(1.30161479353278,-0.793939778415367,7.92944790681744));
#9895=CARTESIAN_POINT('Ctrl Pts',(1.37304317282173,0.662792492459926,8.00088437444645));
#9896=CARTESIAN_POINT('Ctrl Pts',(0.188009757537573,1.51300818687946,8.07232084207542));
#9897=CARTESIAN_POINT('Ctrl Pts',(-1.16907001581372,0.97868112305231,8.14375730970441));
#9898=CARTESIAN_POINT('Ctrl Pts',(-1.45634234310181,-0.451229899477357,
8.21519377733339));
#9899=CARTESIAN_POINT('Ctrl Pts',(-0.410926412550171,-1.46822373157577,
8.28663024496238));
#9900=CARTESIAN_POINT('Ctrl Pts',(1.01052528145763,-1.14165673388659,8.35806671259136));
#9901=CARTESIAN_POINT('Ctrl Pts',(1.50725265962877,0.229632015484806,8.42950318022036));
#9902=CARTESIAN_POINT('Ctrl Pts',(0.624704120568314,1.39078618207063,8.50093964784933));
#9903=CARTESIAN_POINT('Ctrl Pts',(-0.829506603588199,1.27924205571002,8.57237611547833));
#9904=CARTESIAN_POINT('Ctrl Pts',(-1.52464188395311,-0.00292714699661308,
8.6438125831073));
#9905=CARTESIAN_POINT('Ctrl Pts',(-0.82458849471761,-1.28241773883278,8.7152490507363));
#9906=CARTESIAN_POINT('Ctrl Pts',(0.630039812747176,-1.38837720985585,8.78668551836528));
#9907=CARTESIAN_POINT('Ctrl Pts',(1.50812328211341,-0.223842820838885,8.85812198599426));
#9908=CARTESIAN_POINT('Ctrl Pts',(1.00613413396133,1.14552850116071,8.92955845362326));
#9909=CARTESIAN_POINT('Ctrl Pts',(-0.416561022975847,1.46663504548028,9.00099492125224));
#9910=CARTESIAN_POINT('Ctrl Pts',(-1.45806422554656,0.445634555072801,9.07243138888122));
#9911=CARTESIAN_POINT('Ctrl Pts',(-1.16530348820913,-0.983162866905206,
9.14386785651021));
#9912=CARTESIAN_POINT('Ctrl Pts',(0.19381797324784,-1.5122751190639,9.2153043241392));
#9913=CARTESIAN_POINT('Ctrl Pts',(1.37557802079745,-0.657515437988035,9.28674079176818));
#9914=CARTESIAN_POINT('Ctrl Pts',(1.29855665287665,0.798931825479122,9.35817725939718));
#9915=CARTESIAN_POINT('Ctrl Pts',(0.0332355615937679,1.52428240163664,9.42961372702615));
#9916=CARTESIAN_POINT('Ctrl Pts',(-1.26249914973424,0.854773267840039,9.50105019465515));
#9917=CARTESIAN_POINT('Ctrl Pts',(-1.40293009587752,-0.596932649948638,
9.57248666228413));
#9918=CARTESIAN_POINT('Ctrl Pts',(-0.259549942108811,-1.50238985288271,
9.64392312991312));
#9919=CARTESIAN_POINT('Ctrl Pts',(1.12134247092353,-1.03302105757663,9.7153595975421));
#9920=CARTESIAN_POINT('Ctrl Pts',(1.47610256616999,0.381657774242835,9.7867960651711));
#9921=CARTESIAN_POINT('Ctrl Pts',(0.48009196754787,1.44708436008051,9.85823253280006));
#9922=CARTESIAN_POINT('Ctrl Pts',(-0.955247289521054,1.18829460082771,9.92966900042907));
#9923=CARTESIAN_POINT('Ctrl Pts',(-1.51644671806142,-0.157894882039877,
10.001105468058));
#9924=CARTESIAN_POINT('Ctrl Pts',(-0.68995681354586,-1.35959590979646,10.072541935687));
#9925=CARTESIAN_POINT('Ctrl Pts',(0.767907539556199,-1.31714063531058,10.143978403316));
#9926=CARTESIAN_POINT('Ctrl Pts',(1.52306530315302,-0.0693795706604582,
10.215414870945));
#9927=CARTESIAN_POINT('Ctrl Pts',(0.884477114742423,1.24187023315262,10.286851338574));
#9928=CARTESIAN_POINT('Ctrl Pts',(-0.563489631346206,1.41669364290906,10.358287806203));
#9929=CARTESIAN_POINT('Ctrl Pts',(-1.49581112502111,0.295111031235199,10.429724273832));
#9930=CARTESIAN_POINT('Ctrl Pts',(-1.05932676634683,-1.09652553303367,10.5011607414609));
#9931=CARTESIAN_POINT('Ctrl Pts',(0.346539791102846,-1.4847395784029,10.5725972090899));
#9932=CARTESIAN_POINT('Ctrl Pts',(1.43529031284532,-0.514279262994351,10.6440336767189));
#9933=CARTESIAN_POINT('Ctrl Pts',(1.21061713611447,0.926794255614269,10.7154701443479));
#9934=CARTESIAN_POINT('Ctrl Pts',(-0.12188295348567,1.51976510952951,10.7869066119769));
#9935=CARTESIAN_POINT('Ctrl Pts',(-1.34284884117885,0.722009994555642,10.8583430796059));
#9936=CARTESIAN_POINT('Ctrl Pts',(-1.33498354699405,-0.736451201199921,
10.9297795472349));
#9937=CARTESIAN_POINT('Ctrl Pts',(-0.105484544282358,-1.52099127328567,
11.0012160148638));
#9938=CARTESIAN_POINT('Ctrl Pts',(1.22054259565925,-0.913683322970817,11.0726524824928));
#9939=CARTESIAN_POINT('Ctrl Pts',(1.42966010708325,0.529729573186481,11.1440889501218));
#9940=CARTESIAN_POINT('Ctrl Pts',(0.330506080268696,1.48839079995781,11.2155254177508));
#9941=CARTESIAN_POINT('Ctrl Pts',(-1.07109165039409,1.08503645973289,11.2869618853798));
#9942=CARTESIAN_POINT('Ctrl Pts',(-1.49254122268489,-0.311226832197837,
11.3583983530088));
#9943=CARTESIAN_POINT('Ctrl Pts',(-0.548177206408747,-1.42268871959663,
11.4298348206377));
#9944=CARTESIAN_POINT('Ctrl Pts',(0.897819773886245,-1.23225853460728,11.5012712882668));
#9945=CARTESIAN_POINT('Ctrl Pts',(1.52222842642165,0.0858024491928985,11.5727077558957));
#9946=CARTESIAN_POINT('Ctrl Pts',(0.753656946743614,1.32534623744843,11.6441442235247));
#9947=CARTESIAN_POINT('Ctrl Pts',(-0.704580508878885,1.35207534886248,11.7155806911537));
#9948=CARTESIAN_POINT('Ctrl Pts',(-1.51806147895848,0.141530168501287,11.7870171587827));
#9949=CARTESIAN_POINT('Ctrl Pts',(-0.942375460060853,-1.19852823695094,
11.8584536264117));
#9950=CARTESIAN_POINT('Ctrl Pts',(0.495671470093769,-1.44182219300048,11.9298900940407));
#9951=CARTESIAN_POINT('Ctrl Pts',(1.48013305263487,-0.365715174680257,12.0013265616697));
#9952=CARTESIAN_POINT('Ctrl Pts',(1.11013567253557,1.04505513302295,12.0727630292986));
#9953=CARTESIAN_POINT('Ctrl Pts',(-0.275738765870028,1.49950310952998,12.1441994969276));
#9954=CARTESIAN_POINT('Ctrl Pts',(-1.40928667044462,0.581766725587453,12.2156359645566));
#9955=CARTESIAN_POINT('Ctrl Pts',(-1.25320662007599,-0.86834014642381,12.2870724321856));
#9956=CARTESIAN_POINT('Ctrl Pts',(0.0496736693525869,-1.52383528278704,
12.3585088998146));
#9957=CARTESIAN_POINT('Ctrl Pts',(1.30709794620036,-0.784879864394822,12.4299453674436));
#9958=CARTESIAN_POINT('Ctrl Pts',(1.36840642445264,0.672313394192299,12.5013818350726));
#9959=CARTESIAN_POINT('Ctrl Pts',(0.177496162751003,1.51427756857925,12.5728183027015));
#9960=CARTESIAN_POINT('Ctrl Pts',(-1.17583954309865,0.970537382782955,12.6442547703305));
#9961=CARTESIAN_POINT('Ctrl Pts',(-1.45317305783323,-0.46133448438335,12.7156912379595));
#9962=CARTESIAN_POINT('Ctrl Pts',(-0.400718504565439,-1.4710425291583,12.7871277055885));
#9963=CARTESIAN_POINT('Ctrl Pts',(1.01843063000254,-1.13461028303389,12.8585641732175));
#9964=CARTESIAN_POINT('Ctrl Pts',(1.50562132192993,0.240095558983457,12.9300006408465));
#9965=CARTESIAN_POINT('Ctrl Pts',(0.615028921857474,1.39509170586468,13.0014371084755));
#9966=CARTESIAN_POINT('Ctrl Pts',(-0.838371959526837,1.27344960637347,13.0728735761044));
#9967=CARTESIAN_POINT('Ctrl Pts',(-1.52458477455045,-0.0135169413171524,
13.1443100437334));
#9968=CARTESIAN_POINT('Ctrl Pts',(-0.815661180371562,-1.28811423458034,
13.2157465113624));
#9969=CARTESIAN_POINT('Ctrl Pts',(0.639668011780721,-1.38396758531337,13.2871829789914));
#9970=CARTESIAN_POINT('Ctrl Pts',(1.5096416711122,-0.213362291268127,13.3586194466204));
#9971=CARTESIAN_POINT('Ctrl Pts',(0.998153246225388,1.15248927957849,13.4300559142494));
#9972=CARTESIAN_POINT('Ctrl Pts',(-0.426737935279752,1.46370631517624,13.5014923818784));
#9973=CARTESIAN_POINT('Ctrl Pts',(-1.46112434418395,0.435496375790489,13.5729288495073));
#9974=CARTESIAN_POINT('Ctrl Pts',(-1.15844652093075,-0.991233121236912,
13.6443653171363));
#9975=CARTESIAN_POINT('Ctrl Pts',(0.20431726568977,-1.51089241755814,13.7158017847653));
#9976=CARTESIAN_POINT('Ctrl Pts',(1.38011181245509,-0.647945080709424,13.7872382523943));
#9977=CARTESIAN_POINT('Ctrl Pts',(1.29297610406664,0.807932074376472,13.8586747200233));
#9978=CARTESIAN_POINT('Ctrl Pts',(0.022647391836157,1.52447648002081,13.9301111876523));
#9979=CARTESIAN_POINT('Ctrl Pts',(-1.26840578350817,0.845983575996984,14.0015476552813));
#9980=CARTESIAN_POINT('Ctrl Pts',(-1.3987500761752,-0.6066627291119,14.0729841229102));
#9981=CARTESIAN_POINT('Ctrl Pts',(-0.249108374477162,-1.50415639488019,
14.1444205905392));
#9982=CARTESIAN_POINT('Ctrl Pts',(1.1284905840896,-1.02520751270889,14.2158570581682));
#9983=CARTESIAN_POINT('Ctrl Pts',(1.47341603863961,0.391901288047366,14.2872935257972));
#9984=CARTESIAN_POINT('Ctrl Pts',(0.470029221072658,1.45038407803983,14.3587299934262));
#9985=CARTESIAN_POINT('Ctrl Pts',(-0.963477909023908,1.18163097510031,14.4301664610552));
#9986=CARTESIAN_POINT('Ctrl Pts',(-1.51531343070638,-0.168424016145125,
14.5016029286842));
#9987=CARTESIAN_POINT('Ctrl Pts',(-0.68049668232709,-1.36435541844325,14.5730393963132));
#9988=CARTESIAN_POINT('Ctrl Pts',(0.777037617548141,-1.31177512684481,14.6444758639421));
#9989=CARTESIAN_POINT('Ctrl Pts',(1.52351046012852,-0.0587989827513521,
14.7159123315711));
#9990=CARTESIAN_POINT('Ctrl Pts',(0.875829990799502,1.24798368166806,14.7873487992001));
#9991=CARTESIAN_POINT('Ctrl Pts',(-0.57331611614628,1.41274557987649,14.8587852668291));
#9992=CARTESIAN_POINT('Ctrl Pts',(-1.49782482609713,0.284714300344597,14.9302217344581));
#9993=CARTESIAN_POINT('Ctrl Pts',(-1.051684960529,-1.10385695916217,15.0016582020871));
#9994=CARTESIAN_POINT('Ctrl Pts',(0.356844143038285,-1.48229676518331,15.073094669716));
#9995=CARTESIAN_POINT('Ctrl Pts',(1.43882777358641,-0.504297610989778,15.144531137345));
#9996=CARTESIAN_POINT('Ctrl Pts',(1.20415060113387,0.935180609445336,15.215967604974));
#9997=CARTESIAN_POINT('Ctrl Pts',(-0.132436005184229,1.51888187395349,15.287404072603));
#9998=CARTESIAN_POINT('Ctrl Pts',(-1.34783138894383,0.712665412007186,15.358840540232));
#9999=CARTESIAN_POINT('Ctrl Pts',(-1.3298360977008,-0.74570597137581,15.430277007861));
#10000=CARTESIAN_POINT('Ctrl Pts',(-0.0949174912415099,-1.52168725839117,
15.50171347549));
#10001=CARTESIAN_POINT('Ctrl Pts',(1.22685941926993,-0.905183632111333,
15.573149943119));
#10002=CARTESIAN_POINT('Ctrl Pts',(1.42594622204287,0.539646934889172,15.6445864107479));
#10003=CARTESIAN_POINT('Ctrl Pts',(0.320160035694318,1.49065052713164,15.7160228783769));
#10004=CARTESIAN_POINT('Ctrl Pts',(-1.07860226456068,1.07757069252008,15.7874593460059));
#10005=CARTESIAN_POINT('Ctrl Pts',(-1.49034349819077,-0.321586224664743,
15.8588958136349));
#10006=CARTESIAN_POINT('Ctrl Pts',(-0.538282264911621,-1.42646193281673,
15.9303322812639));
#10007=CARTESIAN_POINT('Ctrl Pts',(0.906357143580907,-1.22599272867887,
16.0017687488929));
#10008=CARTESIAN_POINT('Ctrl Pts',(1.52159573956477,0.0963734809578955,
16.0732052165219));
#10009=CARTESIAN_POINT('Ctrl Pts',(0.744433170464104,1.33054902097081,16.1446416841508));
#10010=CARTESIAN_POINT('Ctrl Pts',(-0.713954764171765,1.34714885488207,
16.2160781517798));
#10011=CARTESIAN_POINT('Ctrl Pts',(-1.5190079006077,0.130982595733248,16.2875146194088));
#10012=CARTESIAN_POINT('Ctrl Pts',(-0.934027984516951,-1.20504488158443,
16.3589510870378));
#10013=CARTESIAN_POINT('Ctrl Pts',(0.505674128834271,-1.43834457551775,
16.4303875546668));
#10014=CARTESIAN_POINT('Ctrl Pts',(1.48263753450263,-0.355425637479331,
16.5018240222958));
#10015=CARTESIAN_POINT('Ctrl Pts',(1.10285014443726,1.05274070948565,16.5732604899247));
#10016=CARTESIAN_POINT('Ctrl Pts',(-0.286147370301142,1.49755171028027,
16.6446969575537));
#10017=CARTESIAN_POINT('Ctrl Pts',(-1.41329351319805,0.571964061848224,
16.7161334251827));
#10018=CARTESIAN_POINT('Ctrl Pts',(-1.24714506856787,-0.877023728550415,
16.7875698928117));
#10019=CARTESIAN_POINT('Ctrl Pts',(0.060256733540876,-1.52345350062173,
16.8590063604407));
#10020=CARTESIAN_POINT('Ctrl Pts',(1.31251803820678,-0.775782084012932,
16.9304428280697));
#10021=CARTESIAN_POINT('Ctrl Pts',(1.36370365760798,0.681801860308585,17.0018792956987));
#10022=CARTESIAN_POINT('Ctrl Pts',(0.166974004700021,1.51547389428128,17.0733157633277));
#10023=CARTESIAN_POINT('Ctrl Pts',(-1.18255234225602,0.962346819144964,
17.1447522309566));
#10024=CARTESIAN_POINT('Ctrl Pts',(-1.44993366454096,-0.471416812305673,
17.2161886985856));
#10025=CARTESIAN_POINT('Ctrl Pts',(-0.390491264002121,-1.4737903566083,
17.2876251662146));
#10026=CARTESIAN_POINT('Ctrl Pts',(1.02628684457925,-1.12750909315055,17.3590616338436));
#10027=CARTESIAN_POINT('Ctrl Pts',(1.50391734585212,0.250547519123107,17.4304981014726));
#10028=CARTESIAN_POINT('Ctrl Pts',(0.605324051207733,1.39932992375747,17.5019345691016));
#10029=CARTESIAN_POINT('Ctrl Pts',(-0.847196868389414,1.26759571973275,
17.5733710367306));
#10030=CARTESIAN_POINT('Ctrl Pts',(-1.52445411188109,-0.0241060835157445,
17.6448075043595));
#10031=CARTESIAN_POINT('Ctrl Pts',(-0.806694514626139,-1.29374858553187,
17.7162439719885));
#10032=CARTESIAN_POINT('Ctrl Pts',(0.649265350167705,-1.37949119155043,
17.7876804396175));
#10033=CARTESIAN_POINT('Ctrl Pts',(1.51108722777112,-0.202871468079214,
17.8591169072465));
#10034=CARTESIAN_POINT('Ctrl Pts',(0.990124202799342,1.15939445639721,17.9305533748755));
#10035=CARTESIAN_POINT('Ctrl Pts',(-0.436894259703146,1.46070696867375,
18.0019898425045));
#10036=CARTESIAN_POINT('Ctrl Pts',(-1.46411397118953,0.425337186078576,
18.0734263101335));
#10037=CARTESIAN_POINT('Ctrl Pts',(-1.15153366464748,-0.99925555373847,
18.1448627777624));
#10038=CARTESIAN_POINT('Ctrl Pts',(0.214806700888871,-1.50943682337051,
18.2162992453914));
#10039=CARTESIAN_POINT('Ctrl Pts',(1.38457902091322,-0.638343463458835,
18.2877357130204));
#10040=CARTESIAN_POINT('Ctrl Pts',(1.28733317590074,0.816893344763517,18.3591721806494));
#10041=CARTESIAN_POINT('Ctrl Pts',(0.0120581294599668,1.52459701036292,
18.4306086482784));
#10042=CARTESIAN_POINT('Ctrl Pts',(-1.27425122331608,0.837153069857057,
18.5020451159074));
#10043=CARTESIAN_POINT('Ctrl Pts',(-1.3945025740743,-0.616363539961415,
18.5734815835364));
#10044=CARTESIAN_POINT('Ctrl Pts',(-0.238654788665208,-1.50585036917377,
18.6449180511653));
#10045=CARTESIAN_POINT('Ctrl Pts',(1.13558425346855,-1.01734450692374,18.7163545187943));
#10046=CARTESIAN_POINT('Ctrl Pts',(1.47065842646725,0.402125894657995,18.7877909864233));
#10047=CARTESIAN_POINT('Ctrl Pts',(0.459943798138112,1.45361382252918,18.8592274540523));
#10048=CARTESIAN_POINT('Ctrl Pts',(-0.971662045740897,1.174910341839,18.9306639216813));
#10049=CARTESIAN_POINT('Ctrl Pts',(-1.51410703737866,-0.178945024669726,
19.0021003893103));
#10050=CARTESIAN_POINT('Ctrl Pts',(-0.671003720691236,-1.36904910405439,
19.0735368569393));
#10051=CARTESIAN_POINT('Ctrl Pts',(0.786130207526283,-1.3063463320683,19.1449733245683));
#10052=CARTESIAN_POINT('Ctrl Pts',(1.52388211566739,-0.0482155580978407,
19.2164097921972));
#10053=CARTESIAN_POINT('Ctrl Pts',(0.867140612625768,1.25403692147744,19.2878462598262));
#10054=CARTESIAN_POINT('Ctrl Pts',(-0.583114941432863,1.40872935923525,
19.3592827274552));
#10055=CARTESIAN_POINT('Ctrl Pts',(-1.49976626493445,0.274303833473363,
19.4307191950842));
#10056=CARTESIAN_POINT('Ctrl Pts',(-1.0439924163949,-1.11113512994755,19.5021556627132));
#10057=CARTESIAN_POINT('Ctrl Pts',(0.367131279104327,-1.47978243887297,
19.5735921303422));
#10058=CARTESIAN_POINT('Ctrl Pts',(1.442295818389,-0.494291629254669,19.6450285979712));
#10059=CARTESIAN_POINT('Ctrl Pts',(1.19762597216477,0.943521845687745,19.7164650656001));
#10060=CARTESIAN_POINT('Ctrl Pts',(-0.14298266753603,1.51792536024597,19.7879015332291));
#10061=CARTESIAN_POINT('Ctrl Pts',(-1.3527489108714,0.703286447068206,19.8593380008581));
#10062=CARTESIAN_POINT('Ctrl Pts',(-1.32462449074916,-0.754924765126401,
19.9307744684871));
#10063=CARTESIAN_POINT('Ctrl Pts',(-0.0843458589266188,-1.52230983002001,
20.0022109361161));
#10064=CARTESIAN_POINT('Ctrl Pts',(1.23311705331003,-0.896640270860957,
20.0736474037451));
#10065=CARTESIAN_POINT('Ctrl Pts',(1.42216354253169,0.549538261440752,20.1450838713741));
#10066=CARTESIAN_POINT('Ctrl Pts',(0.309798545067463,1.49283833818927,20.216520339003));
#10067=CARTESIAN_POINT('Ctrl Pts',(-1.08606084179143,1.07005293813947,20.2879568066321));
#10068=CARTESIAN_POINT('Ctrl Pts',(-1.48807387239301,-0.331930102272893,
20.359393274261));
#10069=CARTESIAN_POINT('Ctrl Pts',(-0.528361354101702,-1.43016632668562,
20.43082974189));
#10070=CARTESIAN_POINT('Ctrl Pts',(0.914850786268789,-1.21966777499325,
20.502266209519));
#10071=CARTESIAN_POINT('Ctrl Pts',(1.52088964364656,0.10693986320487,20.573702677148));
#10072=CARTESIAN_POINT('Ctrl Pts',(0.73517347916534,1.33568761243996,20.645139144777));
#10073=CARTESIAN_POINT('Ctrl Pts',(-0.723294574869592,1.34215736799298,
20.716575612406));
#10074=CARTESIAN_POINT('Ctrl Pts',(-1.51988103804529,0.120428703737863,
20.7880120800349));
#10075=CARTESIAN_POINT('Ctrl Pts',(-0.925635446992502,-1.21150338908507,
20.8594485476639));
#10076=CARTESIAN_POINT('Ctrl Pts',(0.51565239143447,-1.43479756540828,20.9308850152929));
#10077=CARTESIAN_POINT('Ctrl Pts',(1.48507048683932,-0.345118952844466,
21.0023214829219));
#10078=CARTESIAN_POINT('Ctrl Pts',(1.09551140956936,1.06037549669774,21.0737579505509));
#10079=CARTESIAN_POINT('Ctrl Pts',(-0.296542169613512,1.49552806196826,
21.1451944181798));
#10080=CARTESIAN_POINT('Ctrl Pts',(-1.41723217190791,0.562133803825036,
21.2166308858089));
#10081=CARTESIAN_POINT('Ctrl Pts',(-1.24102334881237,-0.885664998854621,
21.2880673534378));
#10082=CARTESIAN_POINT('Ctrl Pts',(0.0708368906559283,-1.52299821976778,
21.3595038210668));
#10083=CARTESIAN_POINT('Ctrl Pts',(1.31787480806088,-0.766646876190153,
21.4309402886958));
#10084=CARTESIAN_POINT('Ctrl Pts',(1.35893509917172,0.691257433039796,21.5023767563248));
#10085=CARTESIAN_POINT('Ctrl Pts',(0.156443791023856,1.51659710626907,21.5738132239538));
#10086=CARTESIAN_POINT('Ctrl Pts',(-1.1892080894283,0.954109827290297,21.6452496915828));
#10087=CARTESIAN_POINT('Ctrl Pts',(-1.44662431950884,-0.481476396824605,
21.7166861592118));
#10088=CARTESIAN_POINT('Ctrl Pts',(-0.380245184271184,-1.47646708135745,
21.7881226268407));
#10089=CARTESIAN_POINT('Ctrl Pts',(1.03409354616646,-1.12035350683188,21.8595590944697));
#10090=CARTESIAN_POINT('Ctrl Pts',(1.50214081360326,0.260987391651297,21.9309955620987));
#10091=CARTESIAN_POINT('Ctrl Pts',(0.59558997682842,1.40350063127707,22.0024320297277));
#10092=CARTESIAN_POINT('Ctrl Pts',(-0.855980904420121,1.26168067820734,
22.0738684973567));
#10093=CARTESIAN_POINT('Ctrl Pts',(-1.5242499022488,-0.0346940627215389,
22.1453049649857));
#10094=CARTESIAN_POINT('Ctrl Pts',(-0.797688930076182,-1.29932051985933,
22.2167414326147));
#10095=CARTESIAN_POINT('Ctrl Pts',(0.658831364886639,-1.3749482445297,22.2881779002436));
#10096=CARTESIAN_POINT('Ctrl Pts',(1.51245988234958,-0.192370857399573,
22.3596143678727));
#10097=CARTESIAN_POINT('Ctrl Pts',(0.982047391042677,1.16624369847803,22.4310508355016));
#10098=CARTESIAN_POINT('Ctrl Pts',(-0.447029506256422,1.45763715067583,
22.5024873031306));
#10099=CARTESIAN_POINT('Ctrl Pts',(-1.4670329623293,0.415157476064595,22.5739237707596));
#10100=CARTESIAN_POINT('Ctrl Pts',(-1.14456525286876,-1.00722977736869,
22.6453602383886));
#10101=CARTESIAN_POINT('Ctrl Pts',(0.225285772785006,-1.50790840672713,
22.7167967060175));
#10102=CARTESIAN_POINT('Ctrl Pts',(1.38897943065157,-0.628711049461758,
22.7882331736466));
#10103=CARTESIAN_POINT('Ctrl Pts',(1.2816281406222,0.825815204300995,22.8596696412755));
#10104=CARTESIAN_POINT('Ctrl Pts',(0.00146828533933157,1.52464398685684,
22.9311061089046));
#10105=CARTESIAN_POINT('Ctrl Pts',(-1.280035187141,0.82828217542941,23.0025425765335));
#10106=CARTESIAN_POINT('Ctrl Pts',(-1.39018779450408,-0.626034614451789,
23.0739790441625));
#10107=CARTESIAN_POINT('Ctrl Pts',(-0.228189688986198,-1.50747169409837,
23.1454155117915));
#10108=CARTESIAN_POINT('Ctrl Pts',(1.142623136794,-1.00943241945577,23.2168519794204));
#10109=CARTESIAN_POINT('Ctrl Pts',(1.46782986275745,0.412331100573533,23.2882884470494));
#10110=CARTESIAN_POINT('Ctrl Pts',(0.449836185191718,1.45677343814224,23.3597249146784));
#10111=CARTESIAN_POINT('Ctrl Pts',(-0.979799304599318,1.16813302449767,
23.4311613823074));
#10112=CARTESIAN_POINT('Ctrl Pts',(-1.51282759671814,-0.189457398546903,
23.5025978499364));
#10113=CARTESIAN_POINT('Ctrl Pts',(-0.661478385793901,-1.37367674299718,
23.5740343175654));
#10114=CARTESIAN_POINT('Ctrl Pts',(0.795184869245033,-1.30085450755515,
23.6454707851944));
#10115=CARTESIAN_POINT('Ctrl Pts',(1.52418025482796,-0.0376298174201359,
23.7169072528234));
#10116=CARTESIAN_POINT('Ctrl Pts',(0.858409393768402,1.26002967975196,23.7883437204524));
#10117=CARTESIAN_POINT('Ctrl Pts',(-0.592885623706625,1.40464513830594,
23.8597801880813));
#10118=CARTESIAN_POINT('Ctrl Pts',(-1.50163536827618,0.263880202006187,
23.9312166557103));
#10119=CARTESIAN_POINT('Ctrl Pts',(-1.03624946635413,-1.1183598254121,24.0026531233393));
#10120=CARTESIAN_POINT('Ctrl Pts',(0.3774006295513,-1.47719647195409,24.0740895909683));
#10121=CARTESIAN_POINT('Ctrl Pts',(1.44569441928037,-0.484262272572584,
24.1455260585973));
#10122=CARTESIAN_POINT('Ctrl Pts',(1.1910432996352,0.95181845745711,24.2169625262263));
#10123=CARTESIAN_POINT('Ctrl Pts',(-0.153521930209292,1.51689391559939,
24.2883989938553));
#10124=CARTESIAN_POINT('Ctrl Pts',(-1.35760212114953,0.693876775370849,
24.3598354614842));
#10125=CARTESIAN_POINT('Ctrl Pts',(-1.31934717257555,-0.764113252437035,
24.4312719291132));
#10126=CARTESIAN_POINT('Ctrl Pts',(-0.0737735816863926,-1.5228473576353,
24.5027083967422));
#10127=CARTESIAN_POINT('Ctrl Pts',(1.23932169229059,-0.88807565916006,24.5741448643712));
#10128=CARTESIAN_POINT('Ctrl Pts',(1.41829992642297,0.559444827772593,24.6455813320002));
#10129=CARTESIAN_POINT('Ctrl Pts',(0.299445490217405,1.49487491452297,24.7170177996292));
#10130=CARTESIAN_POINT('Ctrl Pts',(-1.09351138492033,1.06263386766478,24.7884542672581));
#10131=CARTESIAN_POINT('Ctrl Pts',(-1.48564825930804,-0.342543378737919,
24.8598907348871));
#10132=CARTESIAN_POINT('Ctrl Pts',(-0.518574965516526,-1.43325808383149,
24.9313272025162));
#10133=CARTESIAN_POINT('Ctrl Pts',(0.923606247987505,-1.21433365246811,
25.0027636701451));
#10134=CARTESIAN_POINT('Ctrl Pts',(1.51950906727368,0.119646040177809,25.0742001377741));
#10135=CARTESIAN_POINT('Ctrl Pts',(0.991336151056684,0.930219125531148,
25.1218244495268));
#10136=CARTESIAN_POINT('Ctrl Pts',(0.614164753291323,1.13441687920033,25.1456366054031));
#10137=CARTESIAN_POINT('Ctrl Pts',(-0.313332511892145,1.16449892397366,
-0.048545535134361));
#10138=CARTESIAN_POINT('Ctrl Pts',(-0.700505600466968,1.06032199956206,
-0.0247333792580324));
#10139=CARTESIAN_POINT('Ctrl Pts',(-1.35609747944955,0.437302525336044,
0.0228909324946251));
#10140=CARTESIAN_POINT('Ctrl Pts',(-1.10251523717235,-0.904746850567783,
0.0943274001236109));
#10141=CARTESIAN_POINT('Ctrl Pts',(0.161792171154608,-1.41562434249243,
0.165763867752597));
#10142=CARTESIAN_POINT('Ctrl Pts',(1.27711590326901,-0.632703093450996,
0.237200335381583));
#10143=CARTESIAN_POINT('Ctrl Pts',(1.22424609326372,0.730048961577479,0.308636803010569));
#10144=CARTESIAN_POINT('Ctrl Pts',(0.0508219217013666,1.42429226718495,
0.380073270639555));
#10145=CARTESIAN_POINT('Ctrl Pts',(-1.16897429507761,0.8154112019151,0.451509738268541));
#10146=CARTESIAN_POINT('Ctrl Pts',(-1.3191216678188,-0.539770613375726,
0.522946205897528));
#10147=CARTESIAN_POINT('Ctrl Pts',(-0.262112993295617,-1.40094696663876,
0.594382673526513));
#10148=CARTESIAN_POINT('Ctrl Pts',(1.0347336409637,-0.980161392454404,0.6658191411555));
#10149=CARTESIAN_POINT('Ctrl Pts',(1.38471346548417,0.337580870112956,0.737255608784485));
#10150=CARTESIAN_POINT('Ctrl Pts',(0.467546614118563,1.34639577532119,0.808692076413471));
#10151=CARTESIAN_POINT('Ctrl Pts',(-0.877465844846487,1.12313876685257,
0.880128544042457));
#10152=CARTESIAN_POINT('Ctrl Pts',(-1.41951723112488,-0.127896994276956,
0.951565011671444));
#10153=CARTESIAN_POINT('Ctrl Pts',(-0.662577948177558,-1.2618937477954,
1.02300147930043));
#10154=CARTESIAN_POINT('Ctrl Pts',(0.700681160147593,-1.24114147342253,
1.09443794692942));
#10155=CARTESIAN_POINT('Ctrl Pts',(1.4227522715752,-0.0846292984922319,
1.1658744145584));
#10156=CARTESIAN_POINT('Ctrl Pts',(0.842873037086663,1.14932632517216,1.23731088218739));
#10157=CARTESIAN_POINT('Ctrl Pts',(-0.508313105038137,1.33154191824093,
1.30874734981637));
#10158=CARTESIAN_POINT('Ctrl Pts',(-1.39434566426849,0.295273155154155,
1.38018381744536));
#10159=CARTESIAN_POINT('Ctrl Pts',(-1.00442265713097,-1.01119788889688,
1.45162028507435));
#10160=CARTESIAN_POINT('Ctrl Pts',(0.304640189748452,-1.39232913478651,
1.52305675270333));
#10161=CARTESIAN_POINT('Ctrl Pts',(1.33492902535288,-0.499350134603001,
1.59449322033232));
#10162=CARTESIAN_POINT('Ctrl Pts',(1.14363404226475,0.850580527859376,1.6659296879613));
#10163=CARTESIAN_POINT('Ctrl Pts',(-0.0941921116536747,1.4221511544301,
1.73736615559029));
#10164=CARTESIAN_POINT('Ctrl Pts',(-1.24582375179166,0.692321629353704,
1.80880262321927));
#10165=CARTESIAN_POINT('Ctrl Pts',(-1.25741116142799,-0.671046369365136,
1.88023909084826));
#10166=CARTESIAN_POINT('Ctrl Pts',(-0.11835078706933,-1.42034472940311,
1.95167555847725));
#10167=CARTESIAN_POINT('Ctrl Pts',(1.12901152956954,-0.869895985206463,
2.02311202610624));
#10168=CARTESIAN_POINT('Ctrl Pts',(1.34322362872786,0.476588231267921,2.09454849373522));
#10169=CARTESIAN_POINT('Ctrl Pts',(0.328261580683747,1.38695003286413,2.16598496136421));
#10170=CARTESIAN_POINT('Ctrl Pts',(-0.987090246021386,1.02812397365155,
2.23742142899319));
#10171=CARTESIAN_POINT('Ctrl Pts',(-1.39916298691036,-0.271530836272582,
2.30885789662218));
#10172=CARTESIAN_POINT('Ctrl Pts',(-0.530871881835837,-1.32270975806142,
2.38029436425116));
#10173=CARTESIAN_POINT('Ctrl Pts',(0.823216210941627,-1.16348662606554,
2.45173083188015));
#10174=CARTESIAN_POINT('Ctrl Pts',(1.42398515236471,0.0604346327496663,
2.52316729950914));
#10175=CARTESIAN_POINT('Ctrl Pts',(0.721675665228349,1.22905259985446,2.59460376713812));
#10176=CARTESIAN_POINT('Ctrl Pts',(-0.641033960360712,1.27297349566099,
2.66604023476711));
#10177=CARTESIAN_POINT('Ctrl Pts',(-1.41713808354439,0.152005628709384,
2.73747670239609));
#10178=CARTESIAN_POINT('Ctrl Pts',(-0.896429480913548,-1.10806148057786,
2.80891317002508));
#10179=CARTESIAN_POINT('Ctrl Pts',(0.444595202516295,-1.35414960949325,
2.88034963765407));
#10180=CARTESIAN_POINT('Ctrl Pts',(1.3787740583206,-0.361065305856714,2.95178610528305));
#10181=CARTESIAN_POINT('Ctrl Pts',(1.05124682802409,0.962427226111443,3.02322257291204));
#10182=CARTESIAN_POINT('Ctrl Pts',(-0.238268708411398,1.40520962193661,
3.09465904054102));
#10183=CARTESIAN_POINT('Ctrl Pts',(-1.309746287347,0.562094940176491,3.16609550817001));
#10184=CARTESIAN_POINT('Ctrl Pts',(-1.18268459001677,-0.795388722278691,
3.237531975799));
#10185=CARTESIAN_POINT('Ctrl Pts',(0.0266431509460065,-1.42501796532497,
3.30896844342798));
#10186=CARTESIAN_POINT('Ctrl Pts',(1.21158993877247,-0.750623660203027,
3.38040491105697));
#10187=CARTESIAN_POINT('Ctrl Pts',(1.28781960911143,0.610660882470248,3.45184137868595));
#10188=CARTESIAN_POINT('Ctrl Pts',(0.185574946538295,1.41313410482111,3.52327784631494));
#10189=CARTESIAN_POINT('Ctrl Pts',(-1.08648799631231,0.922458613088147,
3.59471431394393));
#10190=CARTESIAN_POINT('Ctrl Pts',(-1.36431369691857,-0.412352028480085,
3.66615078157291));
#10191=CARTESIAN_POINT('Ctrl Pts',(-0.393665882691246,-1.36982233585096,
3.7375872492019));
#10192=CARTESIAN_POINT('Ctrl Pts',(0.93722270999023,-1.07377821307281,3.80902371683088));
#10193=CARTESIAN_POINT('Ctrl Pts',(1.41046563542807,0.204872521992951,3.88046018445987));
#10194=CARTESIAN_POINT('Ctrl Pts',(0.593001743663907,1.29604590620966,3.95189665208885));
#10195=CARTESIAN_POINT('Ctrl Pts',(-0.767113719279718,1.2012171330297,4.02333311971785));
#10196=CARTESIAN_POINT('Ctrl Pts',(-1.4252490118642,0.00716332125407364,
4.09476958734683));
#10197=CARTESIAN_POINT('Ctrl Pts',(-0.779149327277303,-1.19344559356285,
4.16620605497581));
#10198=CARTESIAN_POINT('Ctrl Pts',(0.57994422477802,-1.30194114887651,4.2376425226048));
#10199=CARTESIAN_POINT('Ctrl Pts',(1.40833504596479,-0.219039853219947,
4.30907899023379));
#10200=CARTESIAN_POINT('Ctrl Pts',(0.947968736830156,1.06430321477664,4.38051545786278));
#10201=CARTESIAN_POINT('Ctrl Pts',(-0.379876850344245,1.37371017233032,
4.45195192549176));
#10202=CARTESIAN_POINT('Ctrl Pts',(-1.36009990200914,0.426044968924638,
4.52338839312075));
#10203=CARTESIAN_POINT('Ctrl Pts',(-1.0957054518331,-0.911490878623857,
4.59482486074973));
#10204=CARTESIAN_POINT('Ctrl Pts',(0.17136106691636,-1.41492807016348,4.66626132837872));
#10205=CARTESIAN_POINT('Ctrl Pts',(1.28161632297608,-0.623574903016896,
4.7376977960077));
#10206=CARTESIAN_POINT('Ctrl Pts',(1.21907382802888,0.738407110479225,4.80913426363669));
#10207=CARTESIAN_POINT('Ctrl Pts',(0.04096576311168,1.42467816198745,4.88057073126568));
#10208=CARTESIAN_POINT('Ctrl Pts',(-1.17462977288742,0.807236616883616,
4.95200719889466));
#10209=CARTESIAN_POINT('Ctrl Pts',(-1.31533016966954,-0.548901269581658,
5.02344366652365));
#10210=CARTESIAN_POINT('Ctrl Pts',(-0.252381520192769,-1.40274360709876,
5.09488013415263));
#10211=CARTESIAN_POINT('Ctrl Pts',(1.04151961792776,-0.972945499225355,
5.16631660178162));
#10212=CARTESIAN_POINT('Ctrl Pts',(1.38233374893309,0.347187939813388,5.23775306941061));
#10213=CARTESIAN_POINT('Ctrl Pts',(0.458184346917029,1.34961222698651,5.30918953703959));
#10214=CARTESIAN_POINT('Ctrl Pts',(-0.885246209667229,1.11701620725085,
5.38062600466858));
#10215=CARTESIAN_POINT('Ctrl Pts',(-1.41859441541637,-0.137753197932968,
5.45206247229756));
#10216=CARTESIAN_POINT('Ctrl Pts',(-0.653797216675093,-1.26646565624938,
5.52349893992655));
#10217=CARTESIAN_POINT('Ctrl Pts',(0.709285047249013,-1.23624462819469,
5.59493540755554));
#10218=CARTESIAN_POINT('Ctrl Pts',(1.42330573687543,-0.0747451561558208,
5.66637187518452));
#10219=CARTESIAN_POINT('Ctrl Pts',(0.834869726101426,1.15515306320444,5.73780834281351));
#10220=CARTESIAN_POINT('Ctrl Pts',(-0.517549482765623,1.32797913834529,
5.80924481044249));
#10221=CARTESIAN_POINT('Ctrl Pts',(-1.39636293416789,0.285581188234293,
5.88068127807149));
#10222=CARTESIAN_POINT('Ctrl Pts',(-0.997374847447816,-1.01815002463768,
5.95211774570046));
#10223=CARTESIAN_POINT('Ctrl Pts',(0.314303688845675,-1.39017957479214,
6.02355421332946));
#10224=CARTESIAN_POINT('Ctrl Pts',(1.33836521152669,-0.490065933897054,
6.09499068095843));
#10225=CARTESIAN_POINT('Ctrl Pts',(1.13769848912768,0.858503469316148,6.16642714858743));
#10226=CARTESIAN_POINT('Ctrl Pts',(-0.104067824040056,1.42146260836887,
6.2378636162164));
#10227=CARTESIAN_POINT('Ctrl Pts',(-1.25060243034021,0.683651680476557,
6.3093000838454));
#10228=CARTESIAN_POINT('Ctrl Pts',(-1.25271987261665,-0.679763914710529,
6.38073655147438));
#10229=CARTESIAN_POINT('Ctrl Pts',(-0.108482494883597,-1.42113250870391,
6.45217301910337));
#10230=CARTESIAN_POINT('Ctrl Pts',(1.13502642281211,-0.86203310754844,6.52360948673235));
#10231=CARTESIAN_POINT('Ctrl Pts',(1.33988093813851,0.485906503974109,6.59504595436134));
#10232=CARTESIAN_POINT('Ctrl Pts',(0.318620178015802,1.38919661716851,6.66648242199032));
#10233=CARTESIAN_POINT('Ctrl Pts',(-0.994207583481098,1.02124303666656,
6.73791888961932));
#10234=CARTESIAN_POINT('Ctrl Pts',(-1.39724323556334,-0.281242599304834,
6.80935535724829));
#10235=CARTESIAN_POINT('Ctrl Pts',(-0.521671792135843,-1.32636518360557,
6.88079182487728));
#10236=CARTESIAN_POINT('Ctrl Pts',(0.831277703999313,-1.15774066086706,
6.95222829250627));
#10237=CARTESIAN_POINT('Ctrl Pts',(1.42353103527235,0.0703238978419512,
7.02366476013525));
#10238=CARTESIAN_POINT('Ctrl Pts',(0.71312149722492,1.2340355704707,7.09510122776425));
#10239=CARTESIAN_POINT('Ctrl Pts',(-0.64986032251596,1.26849029172899,7.16653769539322));
#10240=CARTESIAN_POINT('Ctrl Pts',(-1.41815970020934,0.142158797453397,
7.23797416302222));
#10241=CARTESIAN_POINT('Ctrl Pts',(-0.888711478128132,-1.11426117568305,
7.30941063065119));
#10242=CARTESIAN_POINT('Ctrl Pts',(0.453990136686413,-1.35102887266805,
7.38084709828019));
#10243=CARTESIAN_POINT('Ctrl Pts',(1.38124868812864,-0.351479900611941,
7.45228356590916));
#10244=CARTESIAN_POINT('Ctrl Pts',(1.04453663777886,0.969705765337557,7.52372003353817));
#10245=CARTESIAN_POINT('Ctrl Pts',(-0.248023272550338,1.40352075697678,
7.59515650116713));
#10246=CARTESIAN_POINT('Ctrl Pts',(-1.31361889487098,0.552984139039462,
7.66659296879614));
#10247=CARTESIAN_POINT('Ctrl Pts',(-1.17713144602147,-0.80358423191267,
7.73802943642512));
#10248=CARTESIAN_POINT('Ctrl Pts',(0.0365404048866236,-1.42479853235536,
7.8094659040541));
#10249=CARTESIAN_POINT('Ctrl Pts',(1.21677439775277,-0.742190086140102,
7.88090237168309));
#10250=CARTESIAN_POINT('Ctrl Pts',(1.28354701252605,0.619591095503075,7.95233883931207));
#10251=CARTESIAN_POINT('Ctrl Pts',(0.175755116364743,1.41438898400082,8.02377530694107));
#10252=CARTESIAN_POINT('Ctrl Pts',(-1.09286900509304,0.914889827628553,
8.09521177457005));
#10253=CARTESIAN_POINT('Ctrl Pts',(-1.36141666970454,-0.421818338200054,
8.16664824219903));
#10254=CARTESIAN_POINT('Ctrl Pts',(-0.38414186795953,-1.37252361883934,
8.23808470982802));
#10255=CARTESIAN_POINT('Ctrl Pts',(0.944658355812231,-1.06724254496595,
8.30952117745701));
#10256=CARTESIAN_POINT('Ctrl Pts',(1.40900860707286,0.214664398971618,8.38095764508599));
#10257=CARTESIAN_POINT('Ctrl Pts',(0.58398535715401,1.30013351684393,8.45239411271498));
#10258=CARTESIAN_POINT('Ctrl Pts',(-0.775438634400828,1.19585993463693,
8.52383058034396));
#10259=CARTESIAN_POINT('Ctrl Pts',(-1.42526438647839,-0.00273635298372128,
8.59526704797295));
#10260=CARTESIAN_POINT('Ctrl Pts',(-0.770841092187244,-1.19882862394374,
8.66670351560194));
#10261=CARTESIAN_POINT('Ctrl Pts',(0.588973264228967,-1.29788156355453,
8.73813998323092));
#10262=CARTESIAN_POINT('Ctrl Pts',(1.40982248161906,-0.209252549118829,
8.8095764508599));
#10263=CARTESIAN_POINT('Ctrl Pts',(0.9405534271676,1.07086194704758,8.8810129184889));
#10264=CARTESIAN_POINT('Ctrl Pts',(-0.389409209527357,1.3710384846993,8.95244938611788));
#10265=CARTESIAN_POINT('Ctrl Pts',(-1.36302631833878,0.416587703259592,
9.02388585374686));
#10266=CARTESIAN_POINT('Ctrl Pts',(-1.08934798306681,-0.919079447479666,
9.09532232137586));
#10267=CARTESIAN_POINT('Ctrl Pts',(0.18118474747219,-1.41370369818951,9.16675878900483));
#10268=CARTESIAN_POINT('Ctrl Pts',(1.28591663688371,-0.614658004077832,
9.23819525663384));
#10269=CARTESIAN_POINT('Ctrl Pts',(1.21391558939135,0.746856747190462,9.3096317242628));
#10270=CARTESIAN_POINT('Ctrl Pts',(0.0310692384898846,1.42492833553513,
9.3810681918918));
#10271=CARTESIAN_POINT('Ctrl Pts',(-1.18020834598218,0.79905839527863,9.45250465952078));
#10272=CARTESIAN_POINT('Ctrl Pts',(-1.31148587967982,-0.558024055388032,
9.52394112714977));
#10273=CARTESIAN_POINT('Ctrl Pts',(-0.242632248853787,-1.40446276234275,
9.59537759477875));
#10274=CARTESIAN_POINT('Ctrl Pts',(1.04825238350997,-0.965687837480066,
9.66681406240775));
#10275=CARTESIAN_POINT('Ctrl Pts',(1.37988890407273,0.356780985211116,9.73825053003673));
#10276=CARTESIAN_POINT('Ctrl Pts',(0.448799151316876,1.35276213015019,9.80968699766571));
#10277=CARTESIAN_POINT('Ctrl Pts',(-0.892983431954728,1.11084051476601,
9.88112346529471));
#10278=CARTESIAN_POINT('Ctrl Pts',(-1.4176033886994,-0.1476031549095,9.95255993292368));
#10279=CARTESIAN_POINT('Ctrl Pts',(-0.644984822275333,-1.2709762539189,
10.0239964005527));
#10280=CARTESIAN_POINT('Ctrl Pts',(0.717854651480476,-1.23128825152322,
10.0954328681816));
#10281=CARTESIAN_POINT('Ctrl Pts',(1.42379056859995,-0.0648573492911811,
10.1668693358106));
#10282=CARTESIAN_POINT('Ctrl Pts',(0.826826119343514,1.16092404030695,10.2383058034396));
#10283=CARTESIAN_POINT('Ctrl Pts',(-0.52676088211957,1.32435230662384,10.3097422710686));
#10284=CARTESIAN_POINT('Ctrl Pts',(-1.39831284174293,0.275875434948616,
10.3811787386976));
#10285=CARTESIAN_POINT('Ctrl Pts',(-0.990278917041669,-1.02505303543477,
10.4526152063266));
#10286=CARTESIAN_POINT('Ctrl Pts',(0.323952023065199,-1.38796294826023,
10.5240516739556));
#10287=CARTESIAN_POINT('Ctrl Pts',(1.34173682927549,-0.480758088810804,
10.5954881415845));
#10288=CARTESIAN_POINT('Ctrl Pts',(1.13170804759125,0.866384991795483,10.6669246092136));
#10289=CARTESIAN_POINT('Ctrl Pts',(-0.113938515496843,1.42070548449622,
10.7383610768425));
#10290=CARTESIAN_POINT('Ctrl Pts',(-1.25532077394697,0.674948748786479,
10.8097975444715));
#10291=CARTESIAN_POINT('Ctrl Pts',(-1.24796814654722,-0.688448664894318,
10.8812340121005));
#10292=CARTESIAN_POINT('Ctrl Pts',(-0.0986089690122734,-1.42185172582151,
10.9526704797295));
#10293=CARTESIAN_POINT('Ctrl Pts',(1.14098655696286,-0.854128641260379,
11.0241069473585));
#10294=CARTESIAN_POINT('Ctrl Pts',(1.33647360527143,0.495201334210694,11.0955434149874));
#10295=CARTESIAN_POINT('Ctrl Pts',(0.308963403589684,1.3913761799864,11.1669798826165));
#10296=CARTESIAN_POINT('Ctrl Pts',(-1.00127695561065,1.01431283002549,11.2384163502454));
#10297=CARTESIAN_POINT('Ctrl Pts',(-1.39525607451376,-0.290940793845924,
11.3098528178744));
#10298=CARTESIAN_POINT('Ctrl Pts',(-0.512446534492311,-1.32995661894592,
11.3812892855034));
#10299=CARTESIAN_POINT('Ctrl Pts',(0.839299092242109,-1.15193884071718,
11.4527257531324));
#10300=CARTESIAN_POINT('Ctrl Pts',(1.42300824022918,0.0802097701725087,
11.5241622207614));
#10301=CARTESIAN_POINT('Ctrl Pts',(0.704532924827314,1.23895900530467,11.5955986883904));
#10302=CARTESIAN_POINT('Ctrl Pts',(-0.658655332298857,1.26394588975381,
11.6670351560193));
#10303=CARTESIAN_POINT('Ctrl Pts',(-1.41911289806255,0.132305107776622,
11.7384716236483));
#10304=CARTESIAN_POINT('Ctrl Pts',(-0.880950599647323,-1.12040711349593,
11.8099080912773));
#10305=CARTESIAN_POINT('Ctrl Pts',(0.463363168199412,-1.34784295574353,
11.8813445589063));
#10306=CARTESIAN_POINT('Ctrl Pts',(1.38365667988883,-0.341877538294444,
11.9527810265353));
#10307=CARTESIAN_POINT('Ctrl Pts',(1.03777605408671,0.976937521316225,12.0242174941643));
#10308=CARTESIAN_POINT('Ctrl Pts',(-0.257765870859507,1.40176417945791,
12.0956539617933));
#10309=CARTESIAN_POINT('Ctrl Pts',(-1.31742812713204,0.543846659300777,
12.1670904294223));
#10310=CARTESIAN_POINT('Ctrl Pts',(-1.17152151157104,-0.81174097279709,
12.2385268970512));
#10311=CARTESIAN_POINT('Ctrl Pts',(0.0464358959432362,-1.42451036028497,
12.3099633646802));
#10312=CARTESIAN_POINT('Ctrl Pts',(1.22190015371223,-0.73372070527503,12.3813998323092));
#10313=CARTESIAN_POINT('Ctrl Pts',(1.27921249148929,0.628491416495915,12.4528362999382));
#10314=CARTESIAN_POINT('Ctrl Pts',(0.165926806923111,1.4155756262862,12.5242727675672));
#10315=CARTESIAN_POINT('Ctrl Pts',(-1.09919728864215,0.90727690350466,12.5957092351962));
#10316=CARTESIAN_POINT('Ctrl Pts',(-1.35845396123415,-0.431264297384461,
12.6671457028252));
#10317=CARTESIAN_POINT('Ctrl Pts',(-0.374599320385431,-1.37515868471898,
12.7385821704541));
#10318=CARTESIAN_POINT('Ctrl Pts',(0.952048426793721,-1.06065538797051,
12.8100186380831));
#10319=CARTESIAN_POINT('Ctrl Pts',(1.40748360139845,0.224445919512249,12.8814551057121));
#10320=CARTESIAN_POINT('Ctrl Pts',(0.574940796395317,1.30415840281446,12.9528915733411));
#10321=CARTESIAN_POINT('Ctrl Pts',(-0.783726138650702,1.19044504223712,
13.0243280409701));
#10322=CARTESIAN_POINT('Ctrl Pts',(-1.42521099951677,-0.0126358952067517,
13.0957645085991));
#10323=CARTESIAN_POINT('Ctrl Pts',(-0.762495668033389,-1.2041538170938,
13.167200976228));
#10324=CARTESIAN_POINT('Ctrl Pts',(0.59797388879062,-1.29375936221381,13.238637443857));
#10325=CARTESIAN_POINT('Ctrl Pts',(1.41124190068893,-0.199455149673194,
13.310073911486));
#10326=CARTESIAN_POINT('Ctrl Pts',(0.933092740705916,1.07736901581268,13.381510379115));
#10327=CARTESIAN_POINT('Ctrl Pts',(-0.398922781746336,1.36830065160952,
13.452946846744));
#10328=CARTESIAN_POINT('Ctrl Pts',(-1.3658869757549,0.40711033940983,13.524383314373));
#10329=CARTESIAN_POINT('Ctrl Pts',(-1.08293795893985,-0.926623675543886,
13.595819782002));
#10330=CARTESIAN_POINT('Ctrl Pts',(0.190999686808569,-1.41241112238268,
13.667256249631));
#10331=CARTESIAN_POINT('Ctrl Pts',(1.29015491201794,-0.605711451094707,
13.7386927172599));
#10332=CARTESIAN_POINT('Ctrl Pts',(1.20869878565558,0.755270351957489,13.8101291848889));
#10333=CARTESIAN_POINT('Ctrl Pts',(0.021171214939343,1.42510976371971,13.8815656525179));
#10334=CARTESIAN_POINT('Ctrl Pts',(-1.18572998017744,0.790841623272116,
13.9530021201469));
#10335=CARTESIAN_POINT('Ctrl Pts',(-1.30757831733406,-0.567119919443043,
14.0244385877759));
#10336=CARTESIAN_POINT('Ctrl Pts',(-0.232871271773837,-1.40611415958083,
14.0958750554049));
#10337=CARTESIAN_POINT('Ctrl Pts',(1.05493457637988,-0.958383586331413,
14.1673115230338));
#10338=CARTESIAN_POINT('Ctrl Pts',(1.37737748676704,0.366356817786398,14.2387479906628));
#10339=CARTESIAN_POINT('Ctrl Pts',(0.439392303497574,1.35584676959395,14.3101844582918));
#10340=CARTESIAN_POINT('Ctrl Pts',(-0.900677572447349,1.10461123001787,
14.3816209259208));
#10341=CARTESIAN_POINT('Ctrl Pts',(-1.41654397000982,-0.157445990803368,
14.4530573935498));
#10342=CARTESIAN_POINT('Ctrl Pts',(-0.636141310720628,-1.27542553361061,
14.5244938611788));
#10343=CARTESIAN_POINT('Ctrl Pts',(0.726389622967646,-1.22627247161313,
14.5959303288078));
#10344=CARTESIAN_POINT('Ctrl Pts',(1.4242067098527,-0.0549664133975973,
14.6673667964368));
#10345=CARTESIAN_POINT('Ctrl Pts',(0.818742622536149,1.16663900887716,14.7388032640657));
#10346=CARTESIAN_POINT('Ctrl Pts',(-0.535946868007287,1.32066158180832,
14.8102397316947));
#10347=CARTESIAN_POINT('Ctrl Pts',(-1.40019528801367,0.266156372111541,
14.8816761993237));
#10348=CARTESIAN_POINT('Ctrl Pts',(-0.983135210840767,-1.03190659276717,
14.9531126669527));
#10349=CARTESIAN_POINT('Ctrl Pts',(0.333584728288567,-1.38567935975243,
15.0245491345817));
#10350=CARTESIAN_POINT('Ctrl Pts',(1.34504371521763,-0.471427049653299,
15.0959856022107));
#10351=CARTESIAN_POINT('Ctrl Pts',(1.12566300704188,0.874224715715986,15.1674220698397));
#10352=CARTESIAN_POINT('Ctrl Pts',(-0.123803710014274,1.41987981899102,
15.2388585374687));
#10353=CARTESIAN_POINT('Ctrl Pts',(-1.2599785548712,0.666213254338243,15.3102950050976));
#10354=CARTESIAN_POINT('Ctrl Pts',(-1.2431562125212,-0.697100201019339,
15.3817314727266));
#10355=CARTESIAN_POINT('Ctrl Pts',(-0.0887306857723439,-1.42250234600637,
15.4531679403556));
#10356=CARTESIAN_POINT('Ctrl Pts',(1.14689164446093,-0.846182967718548,
15.5246044079846));
#10357=CARTESIAN_POINT('Ctrl Pts',(1.33300179452083,0.504472273564678,15.5960408756136));
#10358=CARTESIAN_POINT('Ctrl Pts',(0.29929172329021,1.39348861615775,15.6674773432426));
#10359=CARTESIAN_POINT('Ctrl Pts',(-1.00829802134739,1.00733368807868,15.7389138108716));
#10360=CARTESIAN_POINT('Ctrl Pts',(-1.39320159963299,-0.300624952010562,
15.8103502785005));
#10361=CARTESIAN_POINT('Ctrl Pts',(-0.503196553975199,-1.33348389081336,
15.8817867461295));
#10362=CARTESIAN_POINT('Ctrl Pts',(0.847279988679543,-1.14608144552402,
15.9532232137585));
#10363=CARTESIAN_POINT('Ctrl Pts',(1.42241679245748,0.0900917727998523,
16.0246596813875));
#10364=CARTESIAN_POINT('Ctrl Pts',(0.69591036238928,1.24382266682614,16.0960961490165));
#10365=CARTESIAN_POINT('Ctrl Pts',(-0.66741856539597,1.25934050897922,16.1675326166454));
#10366=CARTESIAN_POINT('Ctrl Pts',(-1.41999763111718,0.122445035068205,
16.2389690842745));
#10367=CARTESIAN_POINT('Ctrl Pts',(-0.873147219893076,-1.12649899750699,
16.3104055519034));
#10368=CARTESIAN_POINT('Ctrl Pts',(0.472713844855345,-1.3445920124236,16.3818420195324));
#10369=CARTESIAN_POINT('Ctrl Pts',(1.38599791742813,-0.332258682168179,
16.4532784871614));
#10370=CARTESIAN_POINT('Ctrl Pts',(1.03096540311056,0.984122145152894,16.5247149547904));
#10371=CARTESIAN_POINT('Ctrl Pts',(-0.26749603330929,1.3999399741257,16.5961514224194));
#10372=CARTESIAN_POINT('Ctrl Pts',(-1.32117380035459,0.53468294179623,16.6675878900484));
#10373=CARTESIAN_POINT('Ctrl Pts',(-1.16585505731561,-0.819858551411696,
16.7390243576774));
#10374=CARTESIAN_POINT('Ctrl Pts',(0.0563291467099495,-1.42415346301661,
16.8104608253063));
#10375=CARTESIAN_POINT('Ctrl Pts',(1.22696695935984,-0.725215926211314,
16.8818972929353));
#10376=CARTESIAN_POINT('Ctrl Pts',(1.27481625511919,0.637361416054622,16.9533337605643));
#10377=CARTESIAN_POINT('Ctrl Pts',(0.156090492378165,1.41669397442793,17.0247702281933));
#10378=CARTESIAN_POINT('Ctrl Pts',(-1.10547254165289,0.899620208000438,
17.0962066958223));
#10379=CARTESIAN_POINT('Ctrl Pts',(-1.35542571444265,-0.440689450314947,
17.1676431634513));
#10380=CARTESIAN_POINT('Ctrl Pts',(-0.365038700347202,-1.37772740636168,
17.2390796310803));
#10381=CARTESIAN_POINT('Ctrl Pts',(0.959392566402212,-1.05401705988253,
17.3105160987092));
#10382=CARTESIAN_POINT('Ctrl Pts',(1.40589069197842,0.234216611707393,17.3819525663382));
#10383=CARTESIAN_POINT('Ctrl Pts',(0.565868497740768,1.30812036994149,17.4533890339672));
#10384=CARTESIAN_POINT('Ctrl Pts',(-0.791975832200463,1.18497271707058,
17.5248255015962));
#10385=CARTESIAN_POINT('Ctrl Pts',(-1.42508885355499,-0.0225348278137164,
17.5962619692252));
#10386=CARTESIAN_POINT('Ctrl Pts',(-0.754113457438943,-1.20942091610024,
17.6676984368542));
#10387=CARTESIAN_POINT('Ctrl Pts',(0.60694566422977,-1.28957474372909,17.7391349044832));
#10388=CARTESIAN_POINT('Ctrl Pts',(1.41259323469482,-0.189648127556479,
17.8105713721121));
#10389=CARTESIAN_POINT('Ctrl Pts',(0.925587037384319,1.0838241071398,17.8820078397411));
#10390=CARTESIAN_POINT('Ctrl Pts',(-0.408417108020943,1.36549680514715,
17.9534443073701));
#10391=CARTESIAN_POINT('Ctrl Pts',(-1.36868173624572,0.397613334608725,
18.0248807749991));
#10392=CARTESIAN_POINT('Ctrl Pts',(-1.07647568870243,-0.93412319884686,
18.0963172426281));
#10393=CARTESIAN_POINT('Ctrl Pts',(0.200805411405868,-1.41105040510301,
18.1677537102571));
#10394=CARTESIAN_POINT('Ctrl Pts',(1.29433094390408,-0.59673567569204,18.2391901778861));
#10395=CARTESIAN_POINT('Ctrl Pts',(1.20342366850515,0.763647518867754,18.3106266455151));
#10396=CARTESIAN_POINT('Ctrl Pts',(0.0112721699880598,1.42522243778823,
18.382063113144));
#10397=CARTESIAN_POINT('Ctrl Pts',(-1.19119440908314,0.782586697280457,
18.453499580773));
#10398=CARTESIAN_POINT('Ctrl Pts',(-1.30360767115176,-0.57618842291871,
18.524936048402));
#10399=CARTESIAN_POINT('Ctrl Pts',(-0.223099059869136,-1.40769771914171,
18.596372516031));
#10400=CARTESIAN_POINT('Ctrl Pts',(1.06156587415655,-0.951033098171407,
18.66780898366));
#10401=CARTESIAN_POINT('Ctrl Pts',(1.37479961817878,0.375914975555285,18.739245451289));
#10402=CARTESIAN_POINT('Ctrl Pts',(0.42996425729048,1.35886599649999,18.8106819189179));
#10403=CARTESIAN_POINT('Ctrl Pts',(-0.908328259942929,1.09832865353696,
18.8821183865469));
#10404=CARTESIAN_POINT('Ctrl Pts',(-1.41541621045908,-0.167281230749069,
18.9535548541759));
#10405=CARTESIAN_POINT('Ctrl Pts',(-0.627267108664269,-1.27981328066997,
19.0249913218049));
#10406=CARTESIAN_POINT('Ctrl Pts',(0.73488954994269,-1.22119753044964,19.0964277894339));
#10407=CARTESIAN_POINT('Ctrl Pts',(1.42455414055703,-0.0450728256611021,
19.1678642570629));
#10408=CARTESIAN_POINT('Ctrl Pts',(0.810619625665858,1.17229769319768,19.2393007246919));
#10409=CARTESIAN_POINT('Ctrl Pts',(-0.545106997252904,1.31690714195694,
19.3107371923209));
#10410=CARTESIAN_POINT('Ctrl Pts',(-1.40201018216192,0.256424468617121,
19.3821736599498));
#10411=CARTESIAN_POINT('Ctrl Pts',(-0.975944073491642,-1.0387103659865,
19.4536101275788));
#10412=CARTESIAN_POINT('Ctrl Pts',(0.34320133978803,-1.38332891943997,19.5250465952078));
#10413=CARTESIAN_POINT('Ctrl Pts',(1.34828570981313,-0.46207326659847,19.5964830628368));
#10414=CARTESIAN_POINT('Ctrl Pts',(1.11956365912122,0.882022262851896,19.6679195304658));
#10415=CARTESIAN_POINT('Ctrl Pts',(-0.133662931648183,1.4189856516873,19.7393559980948));
#10416=CARTESIAN_POINT('Ctrl Pts',(-1.26457554839923,0.657445618573901,
19.8107924657237));
#10417=CARTESIAN_POINT('Ctrl Pts',(-1.23828430268935,-0.705718105694065,
19.8822289333528));
#10418=CARTESIAN_POINT('Ctrl Pts',(-0.0788481217394774,-1.42308433786948,
19.9536654009817));
#10419=CARTESIAN_POINT('Ctrl Pts',(1.15274140041663,-0.838196470260264,
20.0251018686107));
#10420=CARTESIAN_POINT('Ctrl Pts',(1.32946567338347,0.513718874761571,20.0965383362397));
#10421=CARTESIAN_POINT('Ctrl Pts',(0.289605603725533,1.39553382376854,20.1679748038687));
#10422=CARTESIAN_POINT('Ctrl Pts',(-1.01527044196148,1.00030594753335,20.2394112714977));
#10423=CARTESIAN_POINT('Ctrl Pts',(-1.39107991003871,-0.310294606588569,
20.3108477391267));
#10424=CARTESIAN_POINT('Ctrl Pts',(-0.493922296847915,-1.33694682903537,
20.3822842067557));
#10425=CARTESIAN_POINT('Ctrl Pts',(0.855220008274912,-1.14016875787645,
20.4537206743846));
#10426=CARTESIAN_POINT('Ctrl Pts',(1.42175672049156,0.0999694289688429,
20.5251571420136));
#10427=CARTESIAN_POINT('Ctrl Pts',(0.687254225904498,1.2486263203888,20.5965936096426));
#10428=CARTESIAN_POINT('Ctrl Pts',(-0.676149599026994,1.25467437159085,
20.6680300772716));
#10429=CARTESIAN_POINT('Ctrl Pts',(-1.4208138566895,0.112579055025233,20.7394665449006));
#10430=CARTESIAN_POINT('Ctrl Pts',(-0.865301715337759,-1.1325365338146,
20.8109030125296));
#10431=CARTESIAN_POINT('Ctrl Pts',(0.482041715532832,-1.34127619954931,
20.8823394801585));
#10432=CARTESIAN_POINT('Ctrl Pts',(1.38827228779404,-0.322623796292781,
20.9537759477876));
#10433=CARTESIAN_POINT('Ctrl Pts',(1.02410501342883,0.991259290226935,21.0252124154165));
#10434=CARTESIAN_POINT('Ctrl Pts',(-0.277213290470099,1.39804822898854,
21.0966488830455));
#10435=CARTESIAN_POINT('Ctrl Pts',(-1.32485573382942,0.525493428627396,
21.1680853506745));
#10436=CARTESIAN_POINT('Ctrl Pts',(-1.16013235663203,-0.827936576125659,
21.2395218183035));
#10437=CARTESIAN_POINT('Ctrl Pts',(0.0662196798890144,-1.4237278577687,
21.3109582859325));
#10438=CARTESIAN_POINT('Ctrl Pts',(1.23197457024864,-0.716676159260188,
21.3823947535614));
#10439=CARTESIAN_POINT('Ctrl Pts',(1.27035851551124,0.646200666247989,21.4538312211904));
#10440=CARTESIAN_POINT('Ctrl Pts',(0.146246647280765,1.41774397447155,21.5252676888194));
#10441=CARTESIAN_POINT('Ctrl Pts',(-1.11169446137706,0.89192011051149,21.5967041564484));
#10442=CARTESIAN_POINT('Ctrl Pts',(-1.35233207542716,-0.450093342277057,
21.6681406240774));
#10443=CARTESIAN_POINT('Ctrl Pts',(-0.355460469094851,-1.38022965984003,
21.7395770917064));
#10444=CARTESIAN_POINT('Ctrl Pts',(0.966690420321376,-1.04732788096667,
21.8110135593354));
#10445=CARTESIAN_POINT('Ctrl Pts',(1.40422995566233,0.243976004172217,21.8824500269644));
#10446=CARTESIAN_POINT('Ctrl Pts',(0.5567688988814,1.31201922708078,21.9538864945933));
#10447=CARTESIAN_POINT('Ctrl Pts',(-0.800187317045451,1.17944322314848,
22.0253229622223));
#10448=CARTESIAN_POINT('Ctrl Pts',(-1.42489795448594,-0.0324326732327776,
22.0967594298513));
#10449=CARTESIAN_POINT('Ctrl Pts',(-0.745694864801838,-1.21462966685299,
22.1681958974803));
#10450=CARTESIAN_POINT('Ctrl Pts',(0.615888157705076,-1.28532790998639,
22.2396323651093));
#10451=CARTESIAN_POINT('Ctrl Pts',(1.41387641844191,-0.17983195590628,22.3110688327383));
#10452=CARTESIAN_POINT('Ctrl Pts',(0.918036679313862,1.09022690960437,22.3825053003672));
#10453=CARTESIAN_POINT('Ctrl Pts',(-0.417891730299527,1.36262708058333,
22.4539417679963));
#10454=CARTESIAN_POINT('Ctrl Pts',(-1.37141046497851,0.38809714703687,22.5253782356252));
#10455=CARTESIAN_POINT('Ctrl Pts',(-1.06996148412557,-0.94157765557508,
22.5968147032542));
#10456=CARTESIAN_POINT('Ctrl Pts',(0.210601448189394,-1.40962161199925,
22.6682511708832));
#10457=CARTESIAN_POINT('Ctrl Pts',(1.2984445310697,-0.58773111090188,22.7396876385122));
#10458=CARTESIAN_POINT('Ctrl Pts',(1.19809049243823,0.771987843762255,22.8111241061412));
#10459=CARTESIAN_POINT('Ctrl Pts',(0.00137258121094829,1.42526635231301,
22.8825605737702));
#10460=CARTESIAN_POINT('Ctrl Pts',(-1.19660136906444,0.774294015545154,
22.9539970413991));
#10461=CARTESIAN_POINT('Ctrl Pts',(-1.29957413270468,-0.58522912827725,
23.0254335090281));
#10462=CARTESIAN_POINT('Ctrl Pts',(-0.213316084581349,-1.4092133646833,
23.0968699766571));
#10463=CARTESIAN_POINT('Ctrl Pts',(1.06814595688281,-0.943636727515793,
23.1683064442861));
#10464=CARTESIAN_POINT('Ctrl Pts',(1.37215542273663,0.385454997183437,23.2397429119151));
#10465=CARTESIAN_POINT('Ctrl Pts',(0.420515467436006,1.3618196655915,23.3111793795441));
#10466=CARTESIAN_POINT('Ctrl Pts',(-0.915935125119944,1.09199308769417,
23.3826158471731));
#10467=CARTESIAN_POINT('Ctrl Pts',(-1.41422016486487,-0.177108398861255,
23.454052314802));
#10468=CARTESIAN_POINT('Ctrl Pts',(-0.618362643464053,-1.28413928604084,
23.525488782431));
#10469=CARTESIAN_POINT('Ctrl Pts',(0.743354020855612,-1.21606366788311,
23.59692525006));
#10470=CARTESIAN_POINT('Ctrl Pts',(1.42483284674518,-0.0351770728609042,
23.668361717689));
#10471=CARTESIAN_POINT('Ctrl Pts',(0.802457515324454,1.17789983822291,23.739798185318));
#10472=CARTESIAN_POINT('Ctrl Pts',(-0.554240817872,1.31308913413599,23.811234652947));
#10473=CARTESIAN_POINT('Ctrl Pts',(-1.40375745570573,0.246680258606688,
23.882671120576));
#10474=CARTESIAN_POINT('Ctrl Pts',(-0.968705815737118,-1.04546414945339,
23.9541075882049));
#10475=CARTESIAN_POINT('Ctrl Pts',(0.352801324950702,-1.38091150811677,
24.025544055834));
#10476=CARTESIAN_POINT('Ctrl Pts',(1.35146278691255,-0.452697632196244,
24.0969805234629));
#10477=CARTESIAN_POINT('Ctrl Pts',(1.11341005097035,0.88977809417712,24.1684169910919));
#10478=CARTESIAN_POINT('Ctrl Pts',(-0.143515235921102,1.41802143750896,
24.2398534587209));
#10479=CARTESIAN_POINT('Ctrl Pts',(-1.26911242216763,0.648649277544673,
24.3112899263499));
#10480=CARTESIAN_POINT('Ctrl Pts',(-1.23335096475069,-0.714307679329219,
24.3827263939789));
#10481=CARTESIAN_POINT('Ctrl Pts',(-0.0689649548180748,-1.42358682896256,
24.4541628616079));
#10482=CARTESIAN_POINT('Ctrl Pts',(1.15854161557733,-0.830190107474498,
24.5255993292368));
#10483=CARTESIAN_POINT('Ctrl Pts',(1.3258538911671,0.52297972239646,24.5970357968658));
#10484=CARTESIAN_POINT('Ctrl Pts',(0.27992737008631,1.39743765426757,24.6684722644948));
#10485=CARTESIAN_POINT('Ctrl Pts',(-1.02223535214355,0.99337045859025,24.7399087321238));
#10486=CARTESIAN_POINT('Ctrl Pts',(-1.38881240054565,-0.32021610036928,
24.8113451997528));
#10487=CARTESIAN_POINT('Ctrl Pts',(-0.484773793668583,-1.3398370627342,
24.8827816673818));
#10488=CARTESIAN_POINT('Ctrl Pts',(0.863404781306666,-1.1351823181438,24.9542181350107));
#10489=CARTESIAN_POINT('Ctrl Pts',(1.42046613129957,0.111847406163635,25.0256546026398));
#10490=CARTESIAN_POINT('Ctrl Pts',(0.926719989789488,0.869586625682251,
25.0732789143924));
#10491=CARTESIAN_POINT('Ctrl Pts',(0.574132955095525,1.06047459036873,25.0970910702687));
#10492=CARTESIAN_POINT('Ctrl Pts',(-0.29148519626094,1.08330347001129,-0.097091070268722));
#10493=CARTESIAN_POINT('Ctrl Pts',(-0.651662386392532,0.986390350224894,
-0.0732789143923933));
#10494=CARTESIAN_POINT('Ctrl Pts',(-1.26154269009397,0.406811318918791,
-0.0256546026397359));
#10495=CARTESIAN_POINT('Ctrl Pts',(-1.02564163657067,-0.841662780895826,
0.04578186498925));
#10496=CARTESIAN_POINT('Ctrl Pts',(0.150511105527145,-1.31691900342983,
0.117218332618236));
#10497=CARTESIAN_POINT('Ctrl Pts',(1.18806815629932,-0.588587453806738,
0.188654800247222));
#10498=CARTESIAN_POINT('Ctrl Pts',(1.13888472859624,0.679145817203788,0.260091267876208));
#10499=CARTESIAN_POINT('Ctrl Pts',(0.0472783297590902,1.32498255136783,
0.331527735505195));
#10500=CARTESIAN_POINT('Ctrl Pts',(-1.08746679291927,0.758556119147334,
0.40296420313418));
#10501=CARTESIAN_POINT('Ctrl Pts',(-1.22714504126713,-0.502134752074081,
0.474400670763167));
#10502=CARTESIAN_POINT('Ctrl Pts',(-0.243836992311906,-1.3032650172684,
0.545837138392151));
#10503=CARTESIAN_POINT('Ctrl Pts',(0.962586156772398,-0.911818994210572,
0.617273606021139));
#10504=CARTESIAN_POINT('Ctrl Pts',(1.28816340766691,0.31404282174422,0.688710073650124));
#10505=CARTESIAN_POINT('Ctrl Pts',(0.434946618703896,1.25251744367175,0.76014654127911));
#10506=CARTESIAN_POINT('Ctrl Pts',(-0.816283961255157,1.04482717706926,
0.831583008908097));
#10507=CARTESIAN_POINT('Ctrl Pts',(-1.32054045784003,-0.118979292167534,
0.903019476537082));
#10508=CARTESIAN_POINT('Ctrl Pts',(-0.616379264623473,-1.17390737563553,
0.974455944166069));
#10509=CARTESIAN_POINT('Ctrl Pts',(0.651825705058868,-1.15460206725272,
1.04589241179505));
#10510=CARTESIAN_POINT('Ctrl Pts',(1.32354993296561,-0.0787284649507587,
1.11732887942404));
#10511=CARTESIAN_POINT('Ctrl Pts',(0.784103159785823,1.06918879064803,1.18876534705303));
#10512=CARTESIAN_POINT('Ctrl Pts',(-0.47287063921107,1.23869928155341,1.26020181468201));
#10513=CARTESIAN_POINT('Ctrl Pts',(-1.29712399505096,0.274685040058409,
1.331638282311));
#10514=CARTESIAN_POINT('Ctrl Pts',(-0.934388626238484,-0.94069145050997,
1.40307474993998));
#10515=CARTESIAN_POINT('Ctrl Pts',(0.283398952000114,-1.29524806941441,
1.47451121756897));
#10516=CARTESIAN_POINT('Ctrl Pts',(1.24185022039254,-0.464532617789067,
1.54594768519796));
#10517=CARTESIAN_POINT('Ctrl Pts',(1.06389340591307,0.791273240691239,1.61738415282694));
#10518=CARTESIAN_POINT('Ctrl Pts',(-0.0876245046701525,1.32299072910912,
1.68882062045593));
#10519=CARTESIAN_POINT('Ctrl Pts',(-1.15895787068062,0.644049048051936,
1.76025708808491));
#10520=CARTESIAN_POINT('Ctrl Pts',(-1.16973734055308,-0.624257219569724,
1.8316935557139));
#10521=CARTESIAN_POINT('Ctrl Pts',(-0.110098700540897,-1.32131025825615,
1.90313002334288));
#10522=CARTESIAN_POINT('Ctrl Pts',(1.05029045754026,-0.809241915061116,
1.97456649097187));
#10523=CARTESIAN_POINT('Ctrl Pts',(1.24956647708758,0.443357803146206,2.04600295860086));
#10524=CARTESIAN_POINT('Ctrl Pts',(0.305373325904541,1.29024402891417,2.11743942622984));
#10525=CARTESIAN_POINT('Ctrl Pts',(-0.918264728901934,0.956437352864156,
2.18887589385883));
#10526=CARTESIAN_POINT('Ctrl Pts',(-1.3016054267008,-0.252598169988354,
2.26031236148782));
#10527=CARTESIAN_POINT('Ctrl Pts',(-0.493856490448072,-1.23048294955586,
2.3317488291168));
#10528=CARTESIAN_POINT('Ctrl Pts',(0.76581691878213,-1.08236175524112,2.40318529674579));
#10529=CARTESIAN_POINT('Ctrl Pts',(1.32469685033057,0.0562207882023354,
2.47462176437478));
#10530=CARTESIAN_POINT('Ctrl Pts',(0.671356354454015,1.14335609835124,2.54605823200376));
#10531=CARTESIAN_POINT('Ctrl Pts',(-0.59633744553769,1.18421458078836,2.61749469963275));
#10532=CARTESIAN_POINT('Ctrl Pts',(-1.31832719789058,0.141406936195544,
2.68893116726173));
#10533=CARTESIAN_POINT('Ctrl Pts',(-0.833925345315333,-1.03080116450412,
2.76036763489072));
#10534=CARTESIAN_POINT('Ctrl Pts',(0.413595509382514,-1.25973063665249,
2.83180410251971));
#10535=CARTESIAN_POINT('Ctrl Pts',(1.28263812957722,-0.335889789747985,
2.90324057014869));
#10536=CARTESIAN_POINT('Ctrl Pts',(0.977947950995804,0.895321354288732,
2.97467703777768));
#10537=CARTESIAN_POINT('Ctrl Pts',(-0.221655265885859,1.30723045611987,
3.04611350540666));
#10538=CARTESIAN_POINT('Ctrl Pts',(-1.21842336536973,0.5229025004945,3.11754997303565));
#10539=CARTESIAN_POINT('Ctrl Pts',(-1.10022112851951,-0.739929720082629,
3.18898644066464));
#10540=CARTESIAN_POINT('Ctrl Pts',(0.0247854397094283,-1.32565764972737,
3.26042290829362));
#10541=CARTESIAN_POINT('Ctrl Pts',(1.12711103280734,-0.698285931425136,
3.33185937592261));
#10542=CARTESIAN_POINT('Ctrl Pts',(1.19802553920656,0.568082150495091,3.40329584355159));
#10543=CARTESIAN_POINT('Ctrl Pts',(0.172635611243075,1.31460239921925,3.47473231118058));
#10544=CARTESIAN_POINT('Ctrl Pts',(-1.01073190562894,0.858139579116345,
3.54616877880956));
#10545=CARTESIAN_POINT('Ctrl Pts',(-1.26918602639194,-0.383600511878854,
3.61760524643856));
#10546=CARTESIAN_POINT('Ctrl Pts',(-0.366217269904606,-1.27431057184891,
3.68904171406753));
#10547=CARTESIAN_POINT('Ctrl Pts',(0.87187423964401,-0.998908320391552,
3.76047818169653));
#10548=CARTESIAN_POINT('Ctrl Pts',(1.31211999061106,0.190587650547239,3.8319146493255));
#10549=CARTESIAN_POINT('Ctrl Pts',(0.551654306765497,1.20567825232496,3.9033511169545));
#10550=CARTESIAN_POINT('Ctrl Pts',(-0.713626210278734,1.1174614777725,3.97478758458348));
#10551=CARTESIAN_POINT('Ctrl Pts',(-1.32587258639457,0.00666385396464352,
4.04622405221248));
#10552=CARTESIAN_POINT('Ctrl Pts',(-0.724822627586694,-1.1102318140103,
4.11766051984144));
#10553=CARTESIAN_POINT('Ctrl Pts',(0.539507231978557,-1.21116244531653,
4.18909698747045));
#10554=CARTESIAN_POINT('Ctrl Pts',(1.31013795790049,-0.203767155279313,
4.26053345509942));
#10555=CARTESIAN_POINT('Ctrl Pts',(0.881870992689348,0.990093972588153,
4.33196992272842));
#10556=CARTESIAN_POINT('Ctrl Pts',(-0.353389686914119,1.27792732637073,
4.40340639035739));
#10557=CARTESIAN_POINT('Ctrl Pts',(-1.26526604110614,0.396338703038042,
4.47484285798639));
#10558=CARTESIAN_POINT('Ctrl Pts',(-1.01930666799649,-0.847936577156684,
4.54627932561537));
#10559=CARTESIAN_POINT('Ctrl Pts',(0.159412803733539,-1.31627127914731,
4.61771579324436));
#10560=CARTESIAN_POINT('Ctrl Pts',(1.19225478128008,-0.58009573245895,4.68915226087334));
#10561=CARTESIAN_POINT('Ctrl Pts',(1.13407310295935,0.686921188671919,4.76058872850233));
#10562=CARTESIAN_POINT('Ctrl Pts',(0.0381093983145213,1.32534153940122,
4.83202519613131));
#10563=CARTESIAN_POINT('Ctrl Pts',(-1.09272793881628,0.750951512437789,
4.9034616637603));
#10564=CARTESIAN_POINT('Ctrl Pts',(-1.22361790782195,-0.510628767266138,
4.97489813138928));
#10565=CARTESIAN_POINT('Ctrl Pts',(-0.234784052576537,-1.30493638578976,
5.04633459901827));
#10566=CARTESIAN_POINT('Ctrl Pts',(0.968898977026019,-0.905106233886512,
5.11777106664725));
#10567=CARTESIAN_POINT('Ctrl Pts',(1.28594961841871,0.322980032186291,5.18920753427625));
#10568=CARTESIAN_POINT('Ctrl Pts',(0.426237141745358,1.25550962612759,5.26064400190522));
#10569=CARTESIAN_POINT('Ctrl Pts',(-0.823521835017639,1.03913151696572,
5.33208046953423));
#10570=CARTESIAN_POINT('Ctrl Pts',(-1.31968198606421,-0.128148265536149,
5.40351693716319));
#10571=CARTESIAN_POINT('Ctrl Pts',(-0.608210775404609,-1.17816050476326,
5.4749534047922));
#10572=CARTESIAN_POINT('Ctrl Pts',(0.659829680468952,-1.15004665778155,
5.54638987242116));
#10573=CARTESIAN_POINT('Ctrl Pts',(1.32406480753348,-0.0695335009446245,
5.61782634005017));
#10574=CARTESIAN_POINT('Ctrl Pts',(0.776657884926915,1.07460925553577,5.68926280767914));
#10575=CARTESIAN_POINT('Ctrl Pts',(-0.481463004422004,1.23538491883106,
5.76069927530814));
#10576=CARTESIAN_POINT('Ctrl Pts',(-1.29900060947883,0.265668851911412,
5.83213574293711));
#10577=CARTESIAN_POINT('Ctrl Pts',(-0.927832229724448,-0.947158844010258,
5.90357221056611));
#10578=CARTESIAN_POINT('Ctrl Pts',(0.292388657262143,-1.29324838890552,
5.97500867819509));
#10579=CARTESIAN_POINT('Ctrl Pts',(1.24504681622364,-0.455895764088322,
6.04644514582407));
#10580=CARTESIAN_POINT('Ctrl Pts',(1.05837171312534,0.798643749839953,6.11788161345307));
#10581=CARTESIAN_POINT('Ctrl Pts',(-0.0968116265100696,1.32235019237521,
6.18931808108204));
#10582=CARTESIAN_POINT('Ctrl Pts',(-1.16340335272199,0.63598361706692,6.26075454871104));
#10583=CARTESIAN_POINT('Ctrl Pts',(-1.16537315494197,-0.632366928327906,
6.33219101634002));
#10584=CARTESIAN_POINT('Ctrl Pts',(-0.100918481523252,-1.32204310912668,
6.40362748396901));
#10585=CARTESIAN_POINT('Ctrl Pts',(1.05588595839241,-0.801927281723245,
6.47506395159799));
#10586=CARTESIAN_POINT('Ctrl Pts',(1.24645685779978,0.452026353154546,6.54650041922698));
#10587=CARTESIAN_POINT('Ctrl Pts',(0.296404176383713,1.2923339686492,6.61793688685597));
#10588=CARTESIAN_POINT('Ctrl Pts',(-0.924885805322544,0.950036193739564,
6.68937335448495));
#10589=CARTESIAN_POINT('Ctrl Pts',(-1.29981953128006,-0.261632773950775,
6.76080982211393));
#10590=CARTESIAN_POINT('Ctrl Pts',(-0.485297883058028,-1.2338834981479,
6.83224628974293));
#10591=CARTESIAN_POINT('Ctrl Pts',(0.773316318930187,-1.07701643124817,
6.9036827573719));
#10592=CARTESIAN_POINT('Ctrl Pts',(1.32427439685139,0.0654205177768186,
6.9751192250009));
#10593=CARTESIAN_POINT('Ctrl Pts',(0.663398631445088,1.14799162806141,7.04655569262988));
#10594=CARTESIAN_POINT('Ctrl Pts',(-0.604548383782035,1.18004397120142,
7.11799216025887));
#10595=CARTESIAN_POINT('Ctrl Pts',(-1.31927758166113,0.132246681730194,
7.18942862788786));
#10596=CARTESIAN_POINT('Ctrl Pts',(-0.826745485354219,-1.03656858178738,
7.26086509551684));
#10597=CARTESIAN_POINT('Ctrl Pts',(0.422335375583753,-1.25682749525654,
7.33230156314583));
#10598=CARTESIAN_POINT('Ctrl Pts',(1.28494021419306,-0.326972733193141,
7.40373803077481));
#10599=CARTESIAN_POINT('Ctrl Pts',(0.971705633182158,0.902092392576477,
7.4751744984038));
#10600=CARTESIAN_POINT('Ctrl Pts',(-0.230729686619629,1.305659348381,7.54661096603277));
#10601=CARTESIAN_POINT('Ctrl Pts',(-1.22202595278509,0.514426955963599,
7.61804743366178));
#10602=CARTESIAN_POINT('Ctrl Pts',(-1.09505518114443,-0.74755379241299,
7.68948390129075));
#10603=CARTESIAN_POINT('Ctrl Pts',(0.0339926011045356,-1.325453516866,7.76092036891975));
#10604=CARTESIAN_POINT('Ctrl Pts',(1.13193400197276,-0.690440393864837,
7.83235683654872));
#10605=CARTESIAN_POINT('Ctrl Pts',(1.19405085223037,0.576389698546223,7.90379330417773));
#10606=CARTESIAN_POINT('Ctrl Pts',(0.163500475191913,1.31576978112218,7.97522977180668));
#10607=CARTESIAN_POINT('Ctrl Pts',(-1.01666799437237,0.851098532204794,
8.0466662394357));
#10608=CARTESIAN_POINT('Ctrl Pts',(-1.26649099630727,-0.392406776922751,
8.11810270706466));
#10609=CARTESIAN_POINT('Ctrl Pts',(-0.35735732336889,-1.27682350610291,
8.18953917469367));
#10610=CARTESIAN_POINT('Ctrl Pts',(0.878791430166834,-0.992828356045306,
8.26097564232264));
#10611=CARTESIAN_POINT('Ctrl Pts',(1.31076455451696,0.199696782458429,8.33241210995164));
#10612=CARTESIAN_POINT('Ctrl Pts',(0.543266593739705,1.20948085161723,8.40384857758061));
#10613=CARTESIAN_POINT('Ctrl Pts',(-0.721370665213457,1.11247781356384,
8.4752850452096));
#10614=CARTESIAN_POINT('Ctrl Pts',(-1.32588688900367,-0.00254555897082863,
8.54672151283859));
#10615=CARTESIAN_POINT('Ctrl Pts',(-0.717093689656876,-1.1152395090547,
8.61815798046758));
#10616=CARTESIAN_POINT('Ctrl Pts',(0.547906715710754,-1.2073859172532,8.68959444809656));
#10617=CARTESIAN_POINT('Ctrl Pts',(1.31152168112472,-0.194662277398775,
8.76103091572554));
#10618=CARTESIAN_POINT('Ctrl Pts',(0.874972720373866,0.99619539293446,8.83246738335454));
#10619=CARTESIAN_POINT('Ctrl Pts',(-0.362257396078866,1.27544192391832,
8.90390385098352));
#10620=CARTESIAN_POINT('Ctrl Pts',(-1.26798841113099,0.387540851446385,
8.97534031861251));
#10621=CARTESIAN_POINT('Ctrl Pts',(-1.0133924779245,-0.854996028054127,
9.04677678624149));
#10622=CARTESIAN_POINT('Ctrl Pts',(0.168551521696539,-1.31513227731513,
9.11821325387048));
#10623=CARTESIAN_POINT('Ctrl Pts',(1.19625525296998,-0.571800570167631,
9.18964972149947));
#10624=CARTESIAN_POINT('Ctrl Pts',(1.12927452590604,0.694781668901805,9.26108618912844));
#10625=CARTESIAN_POINT('Ctrl Pts',(0.0289029153860021,1.32557426943362,
9.33252265675744));
#10626=CARTESIAN_POINT('Ctrl Pts',(-1.09791754223013,0.743343522717222,
9.40395912438642));
#10627=CARTESIAN_POINT('Ctrl Pts',(-1.22004166348212,-0.519115460827426,
9.47539559201541));
#10628=CARTESIAN_POINT('Ctrl Pts',(-0.225714555598761,-1.30653567180278,
9.5468320596444));
#10629=CARTESIAN_POINT('Ctrl Pts',(0.975162296096417,-0.8983546173835,9.61826852727337));
#10630=CARTESIAN_POINT('Ctrl Pts',(1.28367524197548,0.331904196179395,9.68970499490237));
#10631=CARTESIAN_POINT('Ctrl Pts',(0.417506335085881,1.25843990021988,9.76114146253134));
#10632=CARTESIAN_POINT('Ctrl Pts',(-0.8307195743884,1.0333864287043,9.83257793016035));
#10633=CARTESIAN_POINT('Ctrl Pts',(-1.31876005933739,-0.137311427779123,
9.90401439778932));
#10634=CARTESIAN_POINT('Ctrl Pts',(-0.600012831004806,-1.18235659804134,
9.97545086541831));
#10635=CARTESIAN_POINT('Ctrl Pts',(0.667801763404753,-1.14543586773586,
10.0468873330473));
#10636=CARTESIAN_POINT('Ctrl Pts',(1.32451583404689,-0.0603351279219052,
10.1183238006763));
#10637=CARTESIAN_POINT('Ctrl Pts',(0.769175123944606,1.07997784746128,10.1897602683053));
#10638=CARTESIAN_POINT('Ctrl Pts',(-0.490032132892935,1.23201097033861,
10.2611967359342));
#10639=CARTESIAN_POINT('Ctrl Pts',(-1.30081455846474,0.256639838662032,
10.3326332035632));
#10640=CARTESIAN_POINT('Ctrl Pts',(-0.921231067736505,-0.953580537835872,
10.4040696711922));
#10641=CARTESIAN_POINT('Ctrl Pts',(0.301364255027553,-1.29118631811756,
10.4755061388212));
#10642=CARTESIAN_POINT('Ctrl Pts',(1.24818334570566,-0.447236914627258,
10.5469426064502));
#10643=CARTESIAN_POINT('Ctrl Pts',(1.05279895906803,0.805975727976699,10.6183790740792));
#10644=CARTESIAN_POINT('Ctrl Pts',(-0.105994077508017,1.32164585946293,
10.6898155417082));
#10645=CARTESIAN_POINT('Ctrl Pts',(-1.1677927067151,0.627887503017316,10.7612520093372));
#10646=CARTESIAN_POINT('Ctrl Pts',(-1.16095274610038,-0.640446128588717,
10.8326884769661));
#10647=CARTESIAN_POINT('Ctrl Pts',(-0.0917333937421891,-1.32271217835734,
10.9041249445951));
#10648=CARTESIAN_POINT('Ctrl Pts',(1.06143051826646,-0.794573959549945,
10.9755614122241));
#10649=CARTESIAN_POINT('Ctrl Pts',(1.24328710345961,0.46067309523491,11.0469978798531));
#10650=CARTESIAN_POINT('Ctrl Pts',(0.28742072691067,1.29436156001499,11.1184343474821));
#10651=CARTESIAN_POINT('Ctrl Pts',(-0.931462260827215,0.943589200318098,
11.1898708151111));
#10652=CARTESIAN_POINT('Ctrl Pts',(-1.29797092634263,-0.27065475549401,
11.2613072827401));
#10653=CARTESIAN_POINT('Ctrl Pts',(-0.476715862575876,-1.23722451829521,
11.332743750369));
#10654=CARTESIAN_POINT('Ctrl Pts',(0.780778410597974,-1.07161914682708,
11.404180217998));
#10655=CARTESIAN_POINT('Ctrl Pts',(1.3237880540367,0.0746170911521191,11.475616685627));
#10656=CARTESIAN_POINT('Ctrl Pts',(0.655408902911016,1.1525717731609,11.547053153256));
#10657=CARTESIAN_POINT('Ctrl Pts',(-0.612730155718833,1.17581643064514,
11.618489620885));
#10658=CARTESIAN_POINT('Ctrl Pts',(-1.32016431716661,0.123080047051958,
11.689926088514));
#10659=CARTESIAN_POINT('Ctrl Pts',(-0.819525739233797,-1.04228599004092,
11.761362556143));
#10660=CARTESIAN_POINT('Ctrl Pts',(0.431054866305057,-1.25386371848659,
11.8327990237719));
#10661=CARTESIAN_POINT('Ctrl Pts',(1.2871803071428,-0.318039901908632,11.9042354914009));
#10662=CARTESIAN_POINT('Ctrl Pts',(0.965416435637843,0.908819909609496,
11.9756719590299));
#10663=CARTESIAN_POINT('Ctrl Pts',(-0.239792975848986,1.30402524938583,
12.0471084266589));
#10664=CARTESIAN_POINT('Ctrl Pts',(-1.22556958381947,0.505926593014101,
12.1185448942879));
#10665=CARTESIAN_POINT('Ctrl Pts',(-1.08983640306609,-0.75514179917037,
12.1899813619169));
#10666=CARTESIAN_POINT('Ctrl Pts',(0.0431981225338838,-1.32518543778289,
12.2614178295459));
#10667=CARTESIAN_POINT('Ctrl Pts',(1.13670236122411,-0.682561546155239,
12.3328542971749));
#10668=CARTESIAN_POINT('Ctrl Pts',(1.19001855852593,0.58466943879953,12.4042907648038));
#10669=CARTESIAN_POINT('Ctrl Pts',(0.15435745109522,1.31687368399314,12.4757272324328));
#10670=CARTESIAN_POINT('Ctrl Pts',(-1.02255503418566,0.844016424226366,
12.5471637000618));
#10671=CARTESIAN_POINT('Ctrl Pts',(-1.26373486463507,-0.401194110385573,
12.6186001676908));
#10672=CARTESIAN_POINT('Ctrl Pts',(-0.348480136205423,-1.27927484027966,
12.6900366353198));
#10673=CARTESIAN_POINT('Ctrl Pts',(0.885666223584898,-0.986700492907122,
12.7614731029488));
#10674=CARTESIAN_POINT('Ctrl Pts',(1.30934588086697,0.20879628004104,12.8329095705778));
#10675=CARTESIAN_POINT('Ctrl Pts',(0.534852670933159,1.21322509976424,12.9043460382067));
#10676=CARTESIAN_POINT('Ctrl Pts',(-0.729080317774564,1.10744047810076,
12.9757825058357));
#10677=CARTESIAN_POINT('Ctrl Pts',(-1.32583722448309,-0.0117548490963497,
13.0472189734647));
#10678=CARTESIAN_POINT('Ctrl Pts',(-0.709330155695216,-1.12019339960727,
13.1186554410937));
#10679=CARTESIAN_POINT('Ctrl Pts',(0.556279765800519,-1.20355113911425,
13.1900919087227));
#10680=CARTESIAN_POINT('Ctrl Pts',(1.31284213026566,-0.185548008078264,
13.2615283763517));
#10681=CARTESIAN_POINT('Ctrl Pts',(0.868032235186444,1.00224875204688,13.3329648439807));
#10682=CARTESIAN_POINT('Ctrl Pts',(-0.37110762821292,1.2728949880428,13.4044013116096));
#10683=CARTESIAN_POINT('Ctrl Pts',(-1.27064960732586,0.378724303029172,
13.4758377792386));
#10684=CARTESIAN_POINT('Ctrl Pts',(-1.00742939694895,-0.862014229850861,
13.5472742468676));
#10685=CARTESIAN_POINT('Ctrl Pts',(0.17768210792737,-1.31392982720721,13.6187107144966));
#10686=CARTESIAN_POINT('Ctrl Pts',(1.20019801158078,-0.563477821479992,
13.6901471821256));
#10687=CARTESIAN_POINT('Ctrl Pts',(1.12442146724452,0.702608629538506,13.7615836497546));
#10688=CARTESIAN_POINT('Ctrl Pts',(0.019695038042529,1.32574304741861,13.8330201173835));
#10689=CARTESIAN_POINT('Ctrl Pts',(-1.1030541768467,0.735699670547248,13.9044565850125));
#10690=CARTESIAN_POINT('Ctrl Pts',(-1.21640655849293,-0.527577109774186,
13.9758930526415));
#10691=CARTESIAN_POINT('Ctrl Pts',(-0.216634169070513,-1.30807192428147,
14.0473295202705));
#10692=CARTESIAN_POINT('Ctrl Pts',(0.981378568670165,-0.891559659953941,
14.1187659878995));
#10693=CARTESIAN_POINT('Ctrl Pts',(1.28133893489447,0.340812347525429,14.1902024555285));
#10694=CARTESIAN_POINT('Ctrl Pts',(0.408755385922489,1.26130946114808,14.2616389231575));
#10695=CARTESIAN_POINT('Ctrl Pts',(-0.837877235870791,1.02759148493543,
14.3330753907865));
#10696=CARTESIAN_POINT('Ctrl Pts',(-1.31777450931326,-0.146467965461608,
14.4045118584154));
#10697=CARTESIAN_POINT('Ctrl Pts',(-0.591785939114165,-1.18649564877797,
14.4759483260444));
#10698=CARTESIAN_POINT('Ctrl Pts',(0.675741628387149,-1.14076981638145,
14.5473847936734));
#10699=CARTESIAN_POINT('Ctrl Pts',(1.32490295957689,-0.0511338440438437,
14.6188212613024));
#10700=CARTESIAN_POINT('Ctrl Pts',(0.761655254272797,1.08529433608627,14.6902577289314));
#10701=CARTESIAN_POINT('Ctrl Pts',(-0.498577619868296,1.22857758374014,
14.7616941965604));
#10702=CARTESIAN_POINT('Ctrl Pts',(-1.30256574993021,0.247598443878486,
14.8331306641894));
#10703=CARTESIAN_POINT('Ctrl Pts',(-0.91458546115254,-0.959956226372165,
14.9045671318183));
#10704=CARTESIAN_POINT('Ctrl Pts',(0.310325313538849,-1.28906195432155,
14.9760035994473));
#10705=CARTESIAN_POINT('Ctrl Pts',(1.25125965684885,-0.438556488316821,
15.0474400670763));
#10706=CARTESIAN_POINT('Ctrl Pts',(1.04717541294988,0.813268821986636,15.1188765347053));
#10707=CARTESIAN_POINT('Ctrl Pts',(-0.11517141484432,1.32087776402855,15.1903130023343));
#10708=CARTESIAN_POINT('Ctrl Pts',(-1.17212572079857,0.619761096669298,
15.2617494699633));
#10709=CARTESIAN_POINT('Ctrl Pts',(-1.15647632734161,-0.648494430662865,
15.3331859375922));
#10710=CARTESIAN_POINT('Ctrl Pts',(-0.0825438803031788,-1.32331743362157,
15.4046224052213));
#10711=CARTESIAN_POINT('Ctrl Pts',(1.06692386965193,-0.787182303325761,
15.4760588728502));
#10712=CARTESIAN_POINT('Ctrl Pts',(1.24005736699878,0.469297612240183,15.5474953404792));
#10713=CARTESIAN_POINT('Ctrl Pts',(0.278423410886104,1.29632670518386,15.6189318081082));
#10714=CARTESIAN_POINT('Ctrl Pts',(-0.937993778134098,0.937096683637291,
15.6903682757372));
#10715=CARTESIAN_POINT('Ctrl Pts',(-1.2960597010752,-0.27966367935638,15.7618047433662));
#10716=CARTESIAN_POINT('Ctrl Pts',(-0.468110843038776,-1.24050584881,15.8332412109952));
#10717=CARTESIAN_POINT('Ctrl Pts',(0.788202833778177,-1.06617016236918,
15.9046776786241));
#10718=CARTESIAN_POINT('Ctrl Pts',(1.32323784535019,0.0838100646418084,
15.9761141462532));
#10719=CARTESIAN_POINT('Ctrl Pts',(0.647387554314456,1.15709631268146,16.0475506138821));
#10720=CARTESIAN_POINT('Ctrl Pts',(-0.620882366620175,1.17153216307638,
16.1189870815111));
#10721=CARTESIAN_POINT('Ctrl Pts',(-1.32098736162667,0.113907474403164,
16.1904235491401));
#10722=CARTESIAN_POINT('Ctrl Pts',(-0.812266455269199,-1.04795311342956,
16.2618600167691));
#10723=CARTESIAN_POINT('Ctrl Pts',(0.439753560876418,-1.25083944932945,
16.3332964843981));
#10724=CARTESIAN_POINT('Ctrl Pts',(1.28935830035364,-0.309091726857027,
16.4047329520271));
#10725=CARTESIAN_POINT('Ctrl Pts',(0.959080661783873,0.915503580820141,
16.476169419656));
#10726=CARTESIAN_POINT('Ctrl Pts',(-0.248844696317439,1.30232823797112,
16.547605887285));
#10727=CARTESIAN_POINT('Ctrl Pts',(-1.22905408751113,0.497401821744238,
16.619042354914));
#10728=CARTESIAN_POINT('Ctrl Pts',(-1.08456504606335,-0.762693374272978,
16.690478822543));
#10729=CARTESIAN_POINT('Ctrl Pts',(0.0524015598790202,-1.32485342541148,
16.761915290172));
#10730=CARTESIAN_POINT('Ctrl Pts',(1.1414158805129,-0.674649768409696,16.833351757801));
#10731=CARTESIAN_POINT('Ctrl Pts',(1.1859288526304,0.592920971800658,16.90478822543));
#10732=CARTESIAN_POINT('Ctrl Pts',(0.145206980056311,1.31791405457458,16.9762246930589));
#10733=CARTESIAN_POINT('Ctrl Pts',(-1.02839274104977,0.836893596855912,
17.0476611606879));
#10734=CARTESIAN_POINT('Ctrl Pts',(-1.26091776434434,-0.409962088324223,
17.1190976283169));
#10735=CARTESIAN_POINT('Ctrl Pts',(-0.339586136692284,-1.28166445611505,
17.1905340959459));
#10736=CARTESIAN_POINT('Ctrl Pts',(0.892498288225182,-0.980525026614515,
17.2619705635749));
#10737=CARTESIAN_POINT('Ctrl Pts',(1.30786403810473,0.217885704291683,17.3334070312039));
#10738=CARTESIAN_POINT('Ctrl Pts',(0.526412944273805,1.21691081612552,17.4048434988329));
#10739=CARTESIAN_POINT('Ctrl Pts',(-0.736754796011517,1.10234971440842,
17.4762799664618));
#10740=CARTESIAN_POINT('Ctrl Pts',(-1.32572359522889,-0.0209635721116902,
17.5477164340908));
#10741=CARTESIAN_POINT('Ctrl Pts',(-0.701532400251749,-1.12509324666861,
17.6191529017198));
#10742=CARTESIAN_POINT('Ctrl Pts',(0.564625978291837,-1.19965829590775,
17.6905893693488));
#10743=CARTESIAN_POINT('Ctrl Pts',(1.31409924161853,-0.176424787033745,
17.7620258369778));
#10744=CARTESIAN_POINT('Ctrl Pts',(0.861049871969299,1.00825375788238,17.8334623046068));
#10745=CARTESIAN_POINT('Ctrl Pts',(-0.379939956338743,1.27028664162055,
17.9048987722358));
#10746=CARTESIAN_POINT('Ctrl Pts',(-1.2732495013019,0.369889483138875,17.9763352398647));
#10747=CARTESIAN_POINT('Ctrl Pts',(-1.00141771275739,-0.868990843955251,
18.0477717074937));
#10748=CARTESIAN_POINT('Ctrl Pts',(0.186804121922866,-1.31266398683552,
18.1192081751227));
#10749=CARTESIAN_POINT('Ctrl Pts',(1.20408286689494,-0.555127887925247,
18.1906446427517));
#10750=CARTESIAN_POINT('Ctrl Pts',(1.11951416110955,0.710401692971992,18.2620811103807));
#10751=CARTESIAN_POINT('Ctrl Pts',(0.0104862105161541,1.32584786521354,
18.3335175780097));
#10752=CARTESIAN_POINT('Ctrl Pts',(-1.1081375948502,0.728020324703856,18.4049540456387));
#10753=CARTESIAN_POINT('Ctrl Pts',(-1.21271276822922,-0.536013305876006,
18.4763905132676));
#10754=CARTESIAN_POINT('Ctrl Pts',(-0.207543331073064,-1.30954506910964,
18.5478269808966));
#10755=CARTESIAN_POINT('Ctrl Pts',(0.987547494844548,-0.88472168941908,
18.6192634485256));
#10756=CARTESIAN_POINT('Ctrl Pts',(1.27894080989032,0.349704056452579,18.6906999161546));
#10757=CARTESIAN_POINT('Ctrl Pts',(0.399984716442847,1.26411817047079,18.7621363837836));
#10758=CARTESIAN_POINT('Ctrl Pts',(-0.844994474144959,1.02174696523492,
18.8335728514126));
#10759=CARTESIAN_POINT('Ctrl Pts',(-1.3167253835395,-0.155617436828412,
18.9050093190416));
#10760=CARTESIAN_POINT('Ctrl Pts',(-0.583530496637301,-1.19057745728555,
18.9764457866706));
#10761=CARTESIAN_POINT('Ctrl Pts',(0.683648892359096,-1.13604872883097,
19.0478822542995));
#10762=CARTESIAN_POINT('Ctrl Pts',(1.32522616544667,-0.0419300932243639,
19.1193187219285));
#10763=CARTESIAN_POINT('Ctrl Pts',(0.754098638705948,1.09055846491792,19.1907551895575));
#10764=CARTESIAN_POINT('Ctrl Pts',(-0.507099053072945,1.22508492467862,
19.2621916571865));
#10765=CARTESIAN_POINT('Ctrl Pts',(-1.30425409938938,0.23854510376088,19.3336281248155));
#10766=CARTESIAN_POINT('Ctrl Pts',(-0.907895730588384,-0.966285602025445,
19.4050645924445));
#10767=CARTESIAN_POINT('Ctrl Pts',(0.319271400471734,-1.28687540000697,
19.4765010600735));
#10768=CARTESIAN_POINT('Ctrl Pts',(1.25427560123725,-0.429854903942271,
19.5479375277024));
#10769=CARTESIAN_POINT('Ctrl Pts',(1.04150134607766,0.820522680016048,19.6193739953314));
#10770=CARTESIAN_POINT('Ctrl Pts',(-0.124343195760337,1.32004594312863,
19.6908104629604));
#10771=CARTESIAN_POINT('Ctrl Pts',(-1.17640218592705,0.611604790079598,
19.7622469305894));
#10772=CARTESIAN_POINT('Ctrl Pts',(-1.15194411462953,-0.656511446261732,
19.8336833982184));
#10773=CARTESIAN_POINT('Ctrl Pts',(-0.0733503845523354,-1.32385884571895,
19.9051198658474));
#10774=CARTESIAN_POINT('Ctrl Pts',(1.07236574752323,-0.779752669659573,
19.9765563334763));
#10775=CARTESIAN_POINT('Ctrl Pts',(1.23676780423525,0.47789948808239,20.0479928011053));
#10776=CARTESIAN_POINT('Ctrl Pts',(0.269412662383605,1.2982293093478,20.1194292687343));
#10777=CARTESIAN_POINT('Ctrl Pts',(-0.94448004213154,0.93055895692723,20.1908657363633));
#10778=CARTESIAN_POINT('Ctrl Pts',(-1.29408594768441,-0.288659110904243,
20.2623022039923));
#10779=CARTESIAN_POINT('Ctrl Pts',(-0.459483239594129,-1.24372733138513,
20.3337386716213));
#10780=CARTESIAN_POINT('Ctrl Pts',(0.795589230281036,-1.06066974075964,
20.4051751392503));
#10781=CARTESIAN_POINT('Ctrl Pts',(1.32262379733656,0.0929989947328148,
20.4766116068793));
#10782=CARTESIAN_POINT('Ctrl Pts',(0.639334972643656,1.16156502833764,20.5480480745082));
#10783=CARTESIAN_POINT('Ctrl Pts',(-0.629004623184396,1.16719137518873,
20.6194845421372));
#10784=CARTESIAN_POINT('Ctrl Pts',(-1.3217466753337,0.104729406312603,20.6909210097662));
#10785=CARTESIAN_POINT('Ctrl Pts',(-0.804967983683014,-1.05356967854413,
20.7623574773952));
#10786=CARTESIAN_POINT('Ctrl Pts',(0.448431039631191,-1.24775483369033,
20.8337939450242));
#10787=CARTESIAN_POINT('Ctrl Pts',(1.29147408874876,-0.300128639741097,
20.9052304126532));
#10788=CARTESIAN_POINT('Ctrl Pts',(0.95269861728829,0.922143083756134,20.9766668802822));
#10789=CARTESIAN_POINT('Ctrl Pts',(-0.257884411326685,1.30056839600883,
21.0481033479111));
#10790=CARTESIAN_POINT('Ctrl Pts',(-1.23247929575093,0.488853053429756,
21.1195398155401));
#10791=CARTESIAN_POINT('Ctrl Pts',(-1.07924136445169,-0.770208153396698,
21.1909762831691));
#10792=CARTESIAN_POINT('Ctrl Pts',(0.061602469122099,-1.32445749576963,
21.2624127507981));
#10793=CARTESIAN_POINT('Ctrl Pts',(1.14607433243641,-0.666705442330221,
21.3338492184271));
#10794=CARTESIAN_POINT('Ctrl Pts',(1.18178193185076,0.601143899456183,21.4052856860561));
#10795=CARTESIAN_POINT('Ctrl Pts',(0.136049503537672,1.31889084267404,21.476722153685));
#10796=CARTESIAN_POINT('Ctrl Pts',(-1.03418083332582,0.829730393732685,
21.5481586213141));
#10797=CARTESIAN_POINT('Ctrl Pts',(-1.25803983134548,-0.418710287729511,
21.619595088943));
#10798=CARTESIAN_POINT('Ctrl Pts',(-0.33067575391852,-1.28399223832261,
21.691031556572));
#10799=CARTESIAN_POINT('Ctrl Pts',(0.899287294476289,-0.97430225510147,
21.762468024201));
#10800=CARTESIAN_POINT('Ctrl Pts',(1.30631909772139,0.226964616693137,21.83390449183));
#10801=CARTESIAN_POINT('Ctrl Pts',(0.517947820934378,1.22053782288449,21.905340959459));
#10802=CARTESIAN_POINT('Ctrl Pts',(-0.744393729670779,1.09720576808962,
21.976777427088));
#10803=CARTESIAN_POINT('Ctrl Pts',(-1.32554600672309,-0.0301712837440153,
22.048213894717));
#10804=CARTESIAN_POINT('Ctrl Pts',(-0.693700799527491,-1.12993881384666,
22.1196503623459));
#10805=CARTESIAN_POINT('Ctrl Pts',(0.57294495052351,-1.19570757544308,22.1910868299749));
#10806=CARTESIAN_POINT('Ctrl Pts',(1.31529295453424,-0.167293054412988,
22.2625232976039));
#10807=CARTESIAN_POINT('Ctrl Pts',(0.854025967585046,1.0142101207307,22.3339597652329));
#10808=CARTESIAN_POINT('Ctrl Pts',(-0.388753954342633,1.26761701049083,
22.4053962328619));
#10809=CARTESIAN_POINT('Ctrl Pts',(-1.27578796762772,0.361036818009145,
22.4768327004909));
#10810=CARTESIAN_POINT('Ctrl Pts',(-0.995357715382384,-0.875925533781474,
22.5482691681199));
#10811=CARTESIAN_POINT('Ctrl Pts',(0.195917123593784,-1.31133481727136,
22.6197056357488));
#10812=CARTESIAN_POINT('Ctrl Pts',(1.20790963148782,-0.546751172342001,
22.6911421033778));
#10813=CARTESIAN_POINT('Ctrl Pts',(1.11455284425427,0.718160483223514,22.7625785710068));
#10814=CARTESIAN_POINT('Ctrl Pts',(0.00127687708256357,1.32588871776917,
22.8340150386358));
#10815=CARTESIAN_POINT('Ctrl Pts',(-1.11316755098787,0.720305855660899,
22.9054515062648));
#10816=CARTESIAN_POINT('Ctrl Pts',(-1.20896047090529,-0.544423642102713,
22.9768879738938));
#10817=CARTESIAN_POINT('Ctrl Pts',(-0.198442480176499,-1.31095503526823,
23.0483244415227));
#10818=CARTESIAN_POINT('Ctrl Pts',(0.993668776971629,-0.877841035575814,
23.1197609091518));
#10819=CARTESIAN_POINT('Ctrl Pts',(1.27648098271581,0.35857889379334,23.1911973767807));
#10820=CARTESIAN_POINT('Ctrl Pts',(0.391194749680292,1.26686589304075,23.2626338444097));
#10821=CARTESIAN_POINT('Ctrl Pts',(-0.852070945640571,1.01585315089068,
23.3340703120387));
#10822=CARTESIAN_POINT('Ctrl Pts',(-1.3156127330116,-0.164759399175608,
23.4055067796677));
#10823=CARTESIAN_POINT('Ctrl Pts',(-0.575246901134206,-1.1946018290845,
23.4769432472967));
#10824=CARTESIAN_POINT('Ctrl Pts',(0.691523172466192,-1.13127282821108,
23.5483797149257));
#10825=CARTESIAN_POINT('Ctrl Pts',(1.3254854386624,-0.0327243283016709,
23.6198161825546));
#10826=CARTESIAN_POINT('Ctrl Pts',(0.746505636880506,1.09576999669386,23.6912526501836));
#10827=CARTESIAN_POINT('Ctrl Pts',(-0.515596012037376,1.22153312996605,
23.7626891178126));
#10828=CARTESIAN_POINT('Ctrl Pts',(-1.30587954313527,0.229480315207189,
23.8341255854416));
#10829=CARTESIAN_POINT('Ctrl Pts',(-0.901162165120107,-0.972568473494683,
23.9055620530706));
#10830=CARTESIAN_POINT('Ctrl Pts',(0.328202020350103,-1.28462654427946,
23.9769985206996));
#10831=CARTESIAN_POINT('Ctrl Pts',(1.25723115454473,-0.421132991819904,
24.0484349883286));
#10832=CARTESIAN_POINT('Ctrl Pts',(1.0357768023055,0.827737730897132,24.1198714559576));
#10833=CARTESIAN_POINT('Ctrl Pts',(-0.133508541632912,1.31914895941854,
24.1913079235865));
#10834=CARTESIAN_POINT('Ctrl Pts',(-1.18062272318572,0.603421779718499,
24.2627443912155));
#10835=CARTESIAN_POINT('Ctrl Pts',(-1.14735475692584,-0.664502106221405,
24.3341808588445));
#10836=CARTESIAN_POINT('Ctrl Pts',(-0.0641563279497564,-1.32432630028982,
24.4056173264735));
#10837=CARTESIAN_POINT('Ctrl Pts',(1.07776153886408,-0.772304555788936,
24.4770537941025));
#10838=CARTESIAN_POINT('Ctrl Pts',(1.23340785591124,0.486514617020326,24.5484902617315));
#10839=CARTESIAN_POINT('Ctrl Pts',(0.260409249955215,1.30000039401216,24.6199267293604));
#10840=CARTESIAN_POINT('Ctrl Pts',(-0.950959319366763,0.924107049515717,
24.6913631969895));
#10841=CARTESIAN_POINT('Ctrl Pts',(-1.29197654178326,-0.297888822000638,
24.7627996646184));
#10842=CARTESIAN_POINT('Ctrl Pts',(-0.450972621820638,-1.24641604163692,
24.8342361322474));
#10843=CARTESIAN_POINT('Ctrl Pts',(0.803203314625826,-1.05603098381949,
24.9056725998764));
#10844=CARTESIAN_POINT('Ctrl Pts',(1.32142319532547,0.104048772149462,24.9771090675054));
#10845=CARTESIAN_POINT('Ctrl Pts',(0.862103828522293,0.808954125833354,
25.024733379258));
#10846=CARTESIAN_POINT('Ctrl Pts',(0.534101156899728,0.986532301537132,
25.0485455351344));
#10847=CARTESIAN_POINT('Ctrl Pts',(-0.269637880629734,1.00210801604892,
-0.145636605403083));
#10848=CARTESIAN_POINT('Ctrl Pts',(-0.602819172318095,0.912458700887729,
-0.121824449526754));
#10849=CARTESIAN_POINT('Ctrl Pts',(-1.16698790073839,0.376320112501538,
-0.0742001377740968));
#10850=CARTESIAN_POINT('Ctrl Pts',(-0.948768035968996,-0.778578711223868,
-0.00276367014511109));
#10851=CARTESIAN_POINT('Ctrl Pts',(0.139230039899685,-1.21821366436723,
0.0686727974838753));
#10852=CARTESIAN_POINT('Ctrl Pts',(1.09902040932962,-0.54447181416248,0.140109265112861));
#10853=CARTESIAN_POINT('Ctrl Pts',(1.05352336392876,0.628242672830098,0.211545732741847));
#10854=CARTESIAN_POINT('Ctrl Pts',(0.043734737816815,1.2256728355507,0.282982200370833));
#10855=CARTESIAN_POINT('Ctrl Pts',(-1.00595929076093,0.701701036379568,
0.354418667999819));
#10856=CARTESIAN_POINT('Ctrl Pts',(-1.13516841471546,-0.464498890772435,
0.425855135628805));
#10857=CARTESIAN_POINT('Ctrl Pts',(-0.225560991328196,-1.20558306789804,
0.497291603257791));
#10858=CARTESIAN_POINT('Ctrl Pts',(0.890438672581093,-0.84347659596674,
0.568728070886777));
#10859=CARTESIAN_POINT('Ctrl Pts',(1.19161334984966,0.290504773375485,0.640164538515764));
#10860=CARTESIAN_POINT('Ctrl Pts',(0.402346623289231,1.1586391120223,0.711601006144749));
#10861=CARTESIAN_POINT('Ctrl Pts',(-0.755102077663831,0.966515587285956,
0.783037473773736));
#10862=CARTESIAN_POINT('Ctrl Pts',(-1.22156368455518,-0.110061590058112,
0.854473941402721));
#10863=CARTESIAN_POINT('Ctrl Pts',(-0.57018058106939,-1.08592100347565,
0.925910409031708));
#10864=CARTESIAN_POINT('Ctrl Pts',(0.602970249970146,-1.0680626610829,0.997346876660693));
#10865=CARTESIAN_POINT('Ctrl Pts',(1.22434759435602,-0.0728276314092857,
1.06878334428968));
#10866=CARTESIAN_POINT('Ctrl Pts',(0.725333282484985,0.989051256123898,
1.14021981191867));
#10867=CARTESIAN_POINT('Ctrl Pts',(-0.437428173384005,1.14585664486589,
1.21165627954765));
#10868=CARTESIAN_POINT('Ctrl Pts',(-1.19990232583343,0.254096924962663,
1.28309274717664));
#10869=CARTESIAN_POINT('Ctrl Pts',(-0.864354595346,-0.870185012123061,1.35452921480562));
#10870=CARTESIAN_POINT('Ctrl Pts',(0.262157714251777,-1.19816700404232,
1.42596568243461));
#10871=CARTESIAN_POINT('Ctrl Pts',(1.1487714154322,-0.429715100975134,1.4974021500636));
#10872=CARTESIAN_POINT('Ctrl Pts',(0.984152769561391,0.731965953523103,
1.56883861769258));
#10873=CARTESIAN_POINT('Ctrl Pts',(-0.081056897686629,1.22383030378813,
1.64027508532157));
#10874=CARTESIAN_POINT('Ctrl Pts',(-1.07209198956959,0.595776466750168,
1.71171155295055));
#10875=CARTESIAN_POINT('Ctrl Pts',(-1.08206351967817,-0.57746806977431,
1.78314802057954));
#10876=CARTESIAN_POINT('Ctrl Pts',(-0.101846614012464,-1.22227578710918,
1.85458448820853));
#10877=CARTESIAN_POINT('Ctrl Pts',(0.971569385510983,-0.748587844915769,
1.92602095583751));
#10878=CARTESIAN_POINT('Ctrl Pts',(1.15590932544731,0.410127375024492,1.9974574234665));
#10879=CARTESIAN_POINT('Ctrl Pts',(0.282485071125333,1.1935380249642,2.06889389109548));
#10880=CARTESIAN_POINT('Ctrl Pts',(-0.849439211782483,0.88475073207676,
2.14033035872447));
#10881=CARTESIAN_POINT('Ctrl Pts',(-1.20404786649124,-0.233665503704129,
2.21176682635346));
#10882=CARTESIAN_POINT('Ctrl Pts',(-0.456841099060306,-1.1382561410503,
2.28320329398244));
#10883=CARTESIAN_POINT('Ctrl Pts',(0.708417626622632,-1.00123688441671,
2.35463976161143));
#10884=CARTESIAN_POINT('Ctrl Pts',(1.22540854829643,0.0520069436550055,
2.42607622924041));
#10885=CARTESIAN_POINT('Ctrl Pts',(0.62103704367968,1.05765959684801,2.4975126968694));
#10886=CARTESIAN_POINT('Ctrl Pts',(-0.551640930714667,1.09545566591572,
2.56894916449839));
#10887=CARTESIAN_POINT('Ctrl Pts',(-1.21951631223677,0.130808243681705,
2.64038563212737));
#10888=CARTESIAN_POINT('Ctrl Pts',(-0.771421209717118,-0.953540848430383,
2.71182209975636));
#10889=CARTESIAN_POINT('Ctrl Pts',(0.382595816248732,-1.16531166381173,
2.78325856738534));
#10890=CARTESIAN_POINT('Ctrl Pts',(1.18650220083383,-0.310714273639256,
2.85469503501433));
#10891=CARTESIAN_POINT('Ctrl Pts',(0.904649073967517,0.828215482466022,
2.92613150264332));
#10892=CARTESIAN_POINT('Ctrl Pts',(-0.205041823360316,1.20925129030313,
2.9975679702723));
#10893=CARTESIAN_POINT('Ctrl Pts',(-1.12710044339245,0.48371006081251,3.06900443790129));
#10894=CARTESIAN_POINT('Ctrl Pts',(-1.01775766702224,-0.684470717886569,
3.14044090553027));
#10895=CARTESIAN_POINT('Ctrl Pts',(0.022927728472851,-1.22629733412977,
3.21187737315926));
#10896=CARTESIAN_POINT('Ctrl Pts',(1.0426321268422,-0.645948202647246,3.28331384078825));
#10897=CARTESIAN_POINT('Ctrl Pts',(1.10823146930169,0.525503418519935,3.35475030841724));
#10898=CARTESIAN_POINT('Ctrl Pts',(0.159696275947853,1.21607069361739,3.42618677604622));
#10899=CARTESIAN_POINT('Ctrl Pts',(-0.934975814945562,0.793820545144544,
3.4976232436752));
#10900=CARTESIAN_POINT('Ctrl Pts',(-1.17405835586532,-0.354848995277624,
3.56905971130419));
#10901=CARTESIAN_POINT('Ctrl Pts',(-0.338768657117966,-1.17879880784687,
3.64049617893317));
#10902=CARTESIAN_POINT('Ctrl Pts',(0.806525769297791,-0.924038427710296,
3.71193264656216));
#10903=CARTESIAN_POINT('Ctrl Pts',(1.21377434579405,0.176302779101529,3.78336911419115));
#10904=CARTESIAN_POINT('Ctrl Pts',(0.510306869867089,1.11531059844025,3.85480558182013));
#10905=CARTESIAN_POINT('Ctrl Pts',(-0.660138701277752,1.0337058225153,3.92624204944912));
#10906=CARTESIAN_POINT('Ctrl Pts',(-1.22649616092494,0.00616438667521138,
3.99767851707811));
#10907=CARTESIAN_POINT('Ctrl Pts',(-0.670495927896087,-1.02701803445776,
4.06911498470709));
#10908=CARTESIAN_POINT('Ctrl Pts',(0.499070239179096,-1.12038374175656,
4.14055145233609));
#10909=CARTESIAN_POINT('Ctrl Pts',(1.21194086983619,-0.188494457338677,
4.21198791996506));
#10910=CARTESIAN_POINT('Ctrl Pts',(0.815773248548541,0.915884730399662,
4.28342438759406));
#10911=CARTESIAN_POINT('Ctrl Pts',(-0.326902523483994,1.18214448041113,
4.35486085522303));
#10912=CARTESIAN_POINT('Ctrl Pts',(-1.17043218020315,0.366632437151444,
4.42629732285203));
#10913=CARTESIAN_POINT('Ctrl Pts',(-0.942907884159875,-0.784382275689511,
4.497733790481));
#10914=CARTESIAN_POINT('Ctrl Pts',(0.147464540550718,-1.21761448813115,
4.56917025811));
#10915=CARTESIAN_POINT('Ctrl Pts',(1.10289323958407,-0.536616561901003,
4.64060672573898));
#10916=CARTESIAN_POINT('Ctrl Pts',(1.04907237788982,0.635435266864611,4.71204319336797));
#10917=CARTESIAN_POINT('Ctrl Pts',(0.0352530335173623,1.22600491681499,
4.78347966099695));
#10918=CARTESIAN_POINT('Ctrl Pts',(-1.01082610474515,0.694666407991962,
4.85491612862594));
#10919=CARTESIAN_POINT('Ctrl Pts',(-1.13190564597435,-0.472356264950618,
4.92635259625492));
#10920=CARTESIAN_POINT('Ctrl Pts',(-0.217186584960303,-1.20712916448075,
4.99778906388392));
#10921=CARTESIAN_POINT('Ctrl Pts',(0.896278336124276,-0.837266968547671,
5.06922553151289));
#10922=CARTESIAN_POINT('Ctrl Pts',(1.18956548790434,0.298772124559195,5.14066199914189));
#10923=CARTESIAN_POINT('Ctrl Pts',(0.394289936573684,1.16140702526867,5.21209846677086));
#10924=CARTESIAN_POINT('Ctrl Pts',(-0.761797460368047,0.961246826680587,
5.28353493439987));
#10925=CARTESIAN_POINT('Ctrl Pts',(-1.22076955671205,-0.11854333313933,
5.35497140202883));
#10926=CARTESIAN_POINT('Ctrl Pts',(-0.562624334134126,-1.08985535327714,
5.42640786965784));
#10927=CARTESIAN_POINT('Ctrl Pts',(0.610374313688893,-1.06384868736842,
5.4978443372868));
#10928=CARTESIAN_POINT('Ctrl Pts',(1.22482387819153,-0.0643218457334283,
5.56928080491581));
#10929=CARTESIAN_POINT('Ctrl Pts',(0.718446043752405,0.994065447867103,
5.64071727254478));
#10930=CARTESIAN_POINT('Ctrl Pts',(-0.445376526078385,1.14279069931683,
5.71215374017378));
#10931=CARTESIAN_POINT('Ctrl Pts',(-1.20163828478977,0.245756515588531,
5.78359020780276));
#10932=CARTESIAN_POINT('Ctrl Pts',(-0.858289612001082,-0.876167663382836,
5.85502667543174));
#10933=CARTESIAN_POINT('Ctrl Pts',(0.270473625678611,-1.1963172030189,5.92646314306073));
#10934=CARTESIAN_POINT('Ctrl Pts',(1.15172842092059,-0.421725594279593,
5.99789961068971));
#10935=CARTESIAN_POINT('Ctrl Pts',(0.979044937123001,0.738784030363761,
6.0693360783187));
#10936=CARTESIAN_POINT('Ctrl Pts',(-0.0895554289800838,1.22323777638156,
6.14077254594768));
#10937=CARTESIAN_POINT('Ctrl Pts',(-1.07620427510377,0.588315553657284,
6.21220901357668));
#10938=CARTESIAN_POINT('Ctrl Pts',(-1.0780264372673,-0.584969941945285,
6.28364548120566));
#10939=CARTESIAN_POINT('Ctrl Pts',(-0.0933544681629075,-1.22295370954943,
6.35508194883465));
#10940=CARTESIAN_POINT('Ctrl Pts',(0.976745493972715,-0.741821455898052,
6.42651841646363));
#10941=CARTESIAN_POINT('Ctrl Pts',(1.15303277746105,0.418146202334985,6.49795488409262));
#10942=CARTESIAN_POINT('Ctrl Pts',(0.274188174751626,1.19547132012988,6.56939135172161));
#10943=CARTESIAN_POINT('Ctrl Pts',(-0.855564027163992,0.878829350812569,
6.64082781935059));
#10944=CARTESIAN_POINT('Ctrl Pts',(-1.20239582699677,-0.242022948596718,
6.71226428697958));
#10945=CARTESIAN_POINT('Ctrl Pts',(-0.448923973980214,-1.14140181269022,
6.78370075460856));
#10946=CARTESIAN_POINT('Ctrl Pts',(0.715354933861064,-0.996292201629291,
6.85513722223755));
#10947=CARTESIAN_POINT('Ctrl Pts',(1.22501775843042,0.0605171377116869,
6.92657368986653));
#10948=CARTESIAN_POINT('Ctrl Pts',(0.613675765665257,1.06194768565211,6.99801015749553));
#10949=CARTESIAN_POINT('Ctrl Pts',(-0.559236445048113,1.09159765067384,
7.06944662512451));
#10950=CARTESIAN_POINT('Ctrl Pts',(-1.22039546311291,0.12233456600699,7.14088309275349));
#10951=CARTESIAN_POINT('Ctrl Pts',(-0.764779492580307,-0.958875987891716,
7.21231956038248));
#10952=CARTESIAN_POINT('Ctrl Pts',(0.390680614481093,-1.16262611784502,
7.28375602801146));
#10953=CARTESIAN_POINT('Ctrl Pts',(1.18863174025748,-0.302465565774341,
7.35519249564046));
#10954=CARTESIAN_POINT('Ctrl Pts',(0.898874628585457,0.834479019815396,
7.42662896326944));
#10955=CARTESIAN_POINT('Ctrl Pts',(-0.21343610068892,1.20779793978522,7.49806543089842));
#10956=CARTESIAN_POINT('Ctrl Pts',(-1.13043301069921,0.475869772887735,
7.56950189852741));
#10957=CARTESIAN_POINT('Ctrl Pts',(-1.01297891626738,-0.691523352913308,
7.64093836615639));
#10958=CARTESIAN_POINT('Ctrl Pts',(0.0314447973224463,-1.22610850137663,
7.71237483378538));
#10959=CARTESIAN_POINT('Ctrl Pts',(1.04709360619275,-0.638690701589572,
7.78381130141437));
#10960=CARTESIAN_POINT('Ctrl Pts',(1.10455469193469,0.533188301589372,7.85524776904335));
#10961=CARTESIAN_POINT('Ctrl Pts',(0.151245834019083,1.21715057824354,7.92668423667234));
#10962=CARTESIAN_POINT('Ctrl Pts',(-0.940466983651695,0.787307236781035,
7.99812070430133));
#10963=CARTESIAN_POINT('Ctrl Pts',(-1.17156532291,-0.362995215645448,8.06955717193031));
#10964=CARTESIAN_POINT('Ctrl Pts',(-0.330572778778248,-1.18112339336647,
8.1409936395593));
#10965=CARTESIAN_POINT('Ctrl Pts',(0.812924504521436,-0.918414167124661,
8.21243010718828));
#10966=CARTESIAN_POINT('Ctrl Pts',(1.21252050196105,0.184729165945239,8.28386657481727));
#10967=CARTESIAN_POINT('Ctrl Pts',(0.502547830325402,1.11882818639054,8.35530304244626));
#10968=CARTESIAN_POINT('Ctrl Pts',(-0.667302696026088,1.02909569249075,
8.42673951007524));
#10969=CARTESIAN_POINT('Ctrl Pts',(-1.22650939152894,-0.00235476495793403,
8.49817597770422));
#10970=CARTESIAN_POINT('Ctrl Pts',(-0.663346287126512,-1.03165039416567,
8.56961244533321));
#10971=CARTESIAN_POINT('Ctrl Pts',(0.506840167192545,-1.11689027095187,
8.64104891296221));
#10972=CARTESIAN_POINT('Ctrl Pts',(1.21322088063038,-0.180072005678722,
8.71248538059118));
#10973=CARTESIAN_POINT('Ctrl Pts',(0.809392013580134,0.921528838821338,
8.78392184822018));
#10974=CARTESIAN_POINT('Ctrl Pts',(-0.335105582630376,1.17984536313733,
8.85535831584914));
#10975=CARTESIAN_POINT('Ctrl Pts',(-1.17295050392321,0.358493999633178,
8.92679478347815));
#10976=CARTESIAN_POINT('Ctrl Pts',(-0.937436972782187,-0.790912608628587,
8.99823125110713));
#10977=CARTESIAN_POINT('Ctrl Pts',(0.155918295920889,-1.21656085644074,
9.06966771873612));
#10978=CARTESIAN_POINT('Ctrl Pts',(1.10659386905624,-0.528943136257429,
9.14110418636511));
#10979=CARTESIAN_POINT('Ctrl Pts',(1.04463346242073,0.642706590613146,9.21254065399409));
#10980=CARTESIAN_POINT('Ctrl Pts',(0.0267365922821188,1.22622020333211,
9.28397712162308));
#10981=CARTESIAN_POINT('Ctrl Pts',(-1.01562673847807,0.687628650155814,
9.35541358925205));
#10982=CARTESIAN_POINT('Ctrl Pts',(-1.12859744728442,-0.480206866266822,
9.42685005688105));
#10983=CARTESIAN_POINT('Ctrl Pts',(-0.208796862343737,-1.20860858126282,
9.49828652451003));
#10984=CARTESIAN_POINT('Ctrl Pts',(0.902072208682862,-0.831021397286936,
9.56972299213902));
#10985=CARTESIAN_POINT('Ctrl Pts',(1.18746157987822,0.307027407147675,9.641159459768));
#10986=CARTESIAN_POINT('Ctrl Pts',(0.386213518854885,1.16411767028957,9.71259592739699));
#10987=CARTESIAN_POINT('Ctrl Pts',(-0.768455716822073,0.955932342642599,
9.78403239502598));
#10988=CARTESIAN_POINT('Ctrl Pts',(-1.21991672997537,-0.127019700648745,
9.85546886265496));
#10989=CARTESIAN_POINT('Ctrl Pts',(-0.555040839734277,-1.09373694216378,
9.92690533028395));
#10990=CARTESIAN_POINT('Ctrl Pts',(0.617748875329028,-1.05958348394849,
9.99834179791292));
#10991=CARTESIAN_POINT('Ctrl Pts',(1.22524109949383,-0.0558129065526282,
10.0697782655419));
#10992=CARTESIAN_POINT('Ctrl Pts',(0.711524128545697,0.999031654615605,
10.1412147331709));
#10993=CARTESIAN_POINT('Ctrl Pts',(-0.453303383666299,1.13966963405339,
10.2126512007999));
#10994=CARTESIAN_POINT('Ctrl Pts',(-1.20331627518656,0.237404242375448,
10.2840876684289));
#10995=CARTESIAN_POINT('Ctrl Pts',(-0.85218321843134,-0.882108040236972,
10.3555241360579));
#10996=CARTESIAN_POINT('Ctrl Pts',(0.278776486989907,-1.19440968797489,
10.4269606036869));
#10997=CARTESIAN_POINT('Ctrl Pts',(1.15462986213584,-0.413715740443712,
10.4983970713158));
#10998=CARTESIAN_POINT('Ctrl Pts',(0.973889870544804,0.745566464157913,
10.5698335389448));
#10999=CARTESIAN_POINT('Ctrl Pts',(-0.0980496395191898,1.22258623442965,
10.6412700065738));
#11000=CARTESIAN_POINT('Ctrl Pts',(-1.08026463948322,0.580826257248153,
10.7127064742028));
#11001=CARTESIAN_POINT('Ctrl Pts',(-1.07393734565355,-0.592443592283114,
10.7841429418318));
#11002=CARTESIAN_POINT('Ctrl Pts',(-0.0848578184721054,-1.22357263089318,
10.8555794094608));
#11003=CARTESIAN_POINT('Ctrl Pts',(0.981874479570069,-0.735019277839508,
10.9270158770897));
#11004=CARTESIAN_POINT('Ctrl Pts',(1.15010060164779,0.426144856259124,10.9984523447187));
#11005=CARTESIAN_POINT('Ctrl Pts',(0.265878050231658,1.19734694004358,11.0698888123477));
#11006=CARTESIAN_POINT('Ctrl Pts',(-0.861647566043776,0.872865570610701,
11.1413252799767));
#11007=CARTESIAN_POINT('Ctrl Pts',(-1.20068577817151,-0.250368717142097,
11.2127617476057));
#11008=CARTESIAN_POINT('Ctrl Pts',(-0.440985190659439,-1.1444924176445,
11.2841982152347));
#11009=CARTESIAN_POINT('Ctrl Pts',(0.722257728953837,-0.991299452936977,
11.3556346828637));
#11010=CARTESIAN_POINT('Ctrl Pts',(1.22456786784424,0.0690244121317291,
11.4270711504927));
#11011=CARTESIAN_POINT('Ctrl Pts',(0.606284880994716,1.06618454101714,11.4985076181216));
#11012=CARTESIAN_POINT('Ctrl Pts',(-0.566804979138806,1.08768697153646,
11.5699440857506));
#11013=CARTESIAN_POINT('Ctrl Pts',(-1.22121573627067,0.113854986327294,
11.6413805533796));
#11014=CARTESIAN_POINT('Ctrl Pts',(-0.75810087882027,-0.964164866585917,
11.7128170210086));
#11015=CARTESIAN_POINT('Ctrl Pts',(0.398746564410703,-1.15988448122965,
11.7842534886376));
#11016=CARTESIAN_POINT('Ctrl Pts',(1.19070393439677,-0.294202265522819,
11.8556899562666));
#11017=CARTESIAN_POINT('Ctrl Pts',(0.89305681718898,0.840702297902767,11.9271264238956));
#11018=CARTESIAN_POINT('Ctrl Pts',(-0.221820080838466,1.20628631931375,
11.9985628915245));
#11019=CARTESIAN_POINT('Ctrl Pts',(-1.1337110405069,0.468006526727425,12.0699993591535));
#11020=CARTESIAN_POINT('Ctrl Pts',(-1.00815129456113,-0.69854262554365,
12.1414358267825));
#11021=CARTESIAN_POINT('Ctrl Pts',(0.0399603491245328,-1.22586051528082,
12.2128722944115));
#11022=CARTESIAN_POINT('Ctrl Pts',(1.05150456873598,-0.631402387035446,
12.2843087620405));
#11023=CARTESIAN_POINT('Ctrl Pts',(1.10082462556258,0.540847461103145,12.3557452296695));
#11024=CARTESIAN_POINT('Ctrl Pts',(0.142788095267329,1.21817174170009,12.4271816972985));
#11025=CARTESIAN_POINT('Ctrl Pts',(-0.945912779729163,0.780755944948071,
12.4986181649274));
#11026=CARTESIAN_POINT('Ctrl Pts',(-1.16901576803599,-0.371123923386684,
12.5700546325564));
#11027=CARTESIAN_POINT('Ctrl Pts',(-0.322360952025414,-1.18339099584033,
12.6414911001854));
#11028=CARTESIAN_POINT('Ctrl Pts',(0.819284020376075,-0.912745597843738,
12.7129275678144));
#11029=CARTESIAN_POINT('Ctrl Pts',(1.21120816033549,0.193146640569833,12.7843640354434));
#11030=CARTESIAN_POINT('Ctrl Pts',(0.494764545471001,1.12229179671401,12.8558005030724));
#11031=CARTESIAN_POINT('Ctrl Pts',(-0.674434496898429,1.0244359139644,12.9272369707013));
#11032=CARTESIAN_POINT('Ctrl Pts',(-1.2264634494494,-0.0108738029859495,
12.9986734383304));
#11033=CARTESIAN_POINT('Ctrl Pts',(-0.656164643357044,-1.03623298212073,
13.0701099059593));
#11034=CARTESIAN_POINT('Ctrl Pts',(0.514585642810419,-1.11334291601469,
13.1415463735884));
#11035=CARTESIAN_POINT('Ctrl Pts',(1.21444235984239,-0.171640866483332,
13.2129828412173));
#11036=CARTESIAN_POINT('Ctrl Pts',(0.802971729666973,0.927128488281067,
13.2844193088463));
#11037=CARTESIAN_POINT('Ctrl Pts',(-0.343292474679505,1.17748932447608,
13.3558557764753));
#11038=CARTESIAN_POINT('Ctrl Pts',(-1.17541223889681,0.350338266648512,
13.4272922441043));
#11039=CARTESIAN_POINT('Ctrl Pts',(-0.931920834958048,-0.797404784157834,
13.4987287117332));
#11040=CARTESIAN_POINT('Ctrl Pts',(0.164364529046169,-1.21544853203175,
13.5701651793622));
#11041=CARTESIAN_POINT('Ctrl Pts',(1.11024111114362,-0.521244191865275,
13.6416016469912));
#11042=CARTESIAN_POINT('Ctrl Pts',(1.04014414883346,0.649946907119522,13.7130381146202));
#11043=CARTESIAN_POINT('Ctrl Pts',(0.0182188611457149,1.22637633111752,
13.7844745822492));
#11044=CARTESIAN_POINT('Ctrl Pts',(-1.02037837351597,0.68055771782238,13.8559110498782));
#11045=CARTESIAN_POINT('Ctrl Pts',(-1.12523479965179,-0.488034300105329,
13.9273475175072));
#11046=CARTESIAN_POINT('Ctrl Pts',(-0.200397066367189,-1.21002968898211,
13.9987839851362));
#11047=CARTESIAN_POINT('Ctrl Pts',(0.907822560960449,-0.82473573357647,
14.0702204527651));
#11048=CARTESIAN_POINT('Ctrl Pts',(1.1853003830219,0.315267877264462,14.1416569203941));
#11049=CARTESIAN_POINT('Ctrl Pts',(0.378118468347404,1.1667721527022,14.2130933880231));
#11050=CARTESIAN_POINT('Ctrl Pts',(-0.775076899294233,0.950571739852984,
14.2845298556521));
#11051=CARTESIAN_POINT('Ctrl Pts',(-1.2190050486167,-0.13548994011985,14.3559663232811));
#11052=CARTESIAN_POINT('Ctrl Pts',(-0.547430567507704,-1.09756576394533,
14.4274027909101));
#11053=CARTESIAN_POINT('Ctrl Pts',(0.625093633806654,-1.05526716114977,
14.498839258539));
#11054=CARTESIAN_POINT('Ctrl Pts',(1.22559920930107,-0.0473012746900892,
14.570275726168));
#11055=CARTESIAN_POINT('Ctrl Pts',(0.704567886009445,1.00394966329537,14.641712193797));
#11056=CARTESIAN_POINT('Ctrl Pts',(-0.461208371729304,1.13649358567196,
14.713148661426));
#11057=CARTESIAN_POINT('Ctrl Pts',(-1.20493621184674,0.229040515645431,
14.784585129055));
#11058=CARTESIAN_POINT('Ctrl Pts',(-0.846035711464314,-0.888005859977163,
14.856021596684));
#11059=CARTESIAN_POINT('Ctrl Pts',(0.287065898789132,-1.19244454889068,
14.927458064313));
#11060=CARTESIAN_POINT('Ctrl Pts',(1.15747559848007,-0.405685926980341,
14.998894531942));
#11061=CARTESIAN_POINT('Ctrl Pts',(0.968687818857889,0.752312928257284,
15.0703309995709));
#11062=CARTESIAN_POINT('Ctrl Pts',(-0.106539119674366,1.22187570906607,
15.1417674671999));
#11063=CARTESIAN_POINT('Ctrl Pts',(-1.08427288672594,0.573308939000354,
15.2132039348289));
#11064=CARTESIAN_POINT('Ctrl Pts',(-1.06979644216202,-0.599888660306393,
15.2846404024579));
#11065=CARTESIAN_POINT('Ctrl Pts',(-0.0763570748340133,-1.22413252123677,
15.3560768700869));
#11066=CARTESIAN_POINT('Ctrl Pts',(0.986956094842924,-0.728181638932974,
15.4275133377159));
#11067=CARTESIAN_POINT('Ctrl Pts',(1.14711293947674,0.434122950915689,15.4989498053449));
#11068=CARTESIAN_POINT('Ctrl Pts',(0.257555098481998,1.19916479420997,15.5703862729738));
#11069=CARTESIAN_POINT('Ctrl Pts',(-0.867689534920809,0.866859679195898,
15.6418227406028));
#11070=CARTESIAN_POINT('Ctrl Pts',(-1.19891780251742,-0.258702406702198,
15.7132592082318));
#11071=CARTESIAN_POINT('Ctrl Pts',(-0.433025132102353,-1.14752780680664,
15.7846956758608));
#11072=CARTESIAN_POINT('Ctrl Pts',(0.729125678876811,-0.986258879214337,
15.8561321434898));
#11073=CARTESIAN_POINT('Ctrl Pts',(1.2240588982429,0.0775283564837644,15.9275686111188));
#11074=CARTESIAN_POINT('Ctrl Pts',(0.598864746239631,1.07036995853679,15.9990050787478));
#11075=CARTESIAN_POINT('Ctrl Pts',(-0.574346167844379,1.08372381717354,
16.0704415463767));
#11076=CARTESIAN_POINT('Ctrl Pts',(-1.22197709213615,0.105369913738122,
16.1418780140057));
#11077=CARTESIAN_POINT('Ctrl Pts',(-0.751385690645323,-0.969407229352122,
16.2133144816347));
#11078=CARTESIAN_POINT('Ctrl Pts',(0.406793276897491,-1.1570868862353,16.2847509492637));
#11079=CARTESIAN_POINT('Ctrl Pts',(1.19271868327915,-0.285924771545873,
16.3561874168927));
#11080=CARTESIAN_POINT('Ctrl Pts',(0.88719592045718,0.846885016487388,16.4276238845217));
#11081=CARTESIAN_POINT('Ctrl Pts',(-0.230193359325588,1.20471650181655,
16.4990603521507));
#11082=CARTESIAN_POINT('Ctrl Pts',(-1.13693437466766,0.460120701692244,
16.5704968197796));
#11083=CARTESIAN_POINT('Ctrl Pts',(-1.00327503481109,-0.705528197134259,
16.6419332874086));
#11084=CARTESIAN_POINT('Ctrl Pts',(0.0484739730480951,-1.22555338780636,
16.7133697550376));
#11085=CARTESIAN_POINT('Ctrl Pts',(1.05586480166596,-0.624083610608079,
16.7848062226666));
#11086=CARTESIAN_POINT('Ctrl Pts',(1.09704145014161,0.548480527546695,16.8562426902956));
#11087=CARTESIAN_POINT('Ctrl Pts',(0.134323467734455,1.21913413472124,16.9276791579246));
#11088=CARTESIAN_POINT('Ctrl Pts',(-0.951312940446652,0.774166985711386,
16.9991156255536));
#11089=CARTESIAN_POINT('Ctrl Pts',(-1.16640981424603,-0.379234726333498,
17.0705520931826));
#11090=CARTESIAN_POINT('Ctrl Pts',(-0.314133573037365,-1.18560150586842,
17.1419885608115));
#11091=CARTESIAN_POINT('Ctrl Pts',(0.825604010048149,-0.907032993346499,
17.2134250284405));
#11092=CARTESIAN_POINT('Ctrl Pts',(1.20983738423104,0.201554796875972,17.2848614960695));
#11093=CARTESIAN_POINT('Ctrl Pts',(0.48695739080684,1.12570126230954,17.3562979636985));
#11094=CARTESIAN_POINT('Ctrl Pts',(-0.681533759822568,1.01972671174625,
17.4277344313275));
#11095=CARTESIAN_POINT('Ctrl Pts',(-1.22635833690279,-0.0193923164096626,
17.4991708989565));
#11096=CARTESIAN_POINT('Ctrl Pts',(-0.648951343064554,-1.04076557723698,
17.5706073665855));
#11097=CARTESIAN_POINT('Ctrl Pts',(0.522306292353903,-1.1097418480864,17.6420438342144));
#11098=CARTESIAN_POINT('Ctrl Pts',(1.21560524854223,-0.163201446511011,
17.7134803018434));
#11099=CARTESIAN_POINT('Ctrl Pts',(0.796512706554276,0.932683408624967,
17.7849167694724));
#11100=CARTESIAN_POINT('Ctrl Pts',(-0.351462804656541,1.17507647809394,
17.8563532371014));
#11101=CARTESIAN_POINT('Ctrl Pts',(-1.17781726635809,0.342165631669025,
17.9277897047304));
#11102=CARTESIAN_POINT('Ctrl Pts',(-0.92635973681234,-0.803858489063641,
17.9992261723594));
#11103=CARTESIAN_POINT('Ctrl Pts',(0.172802832439864,-1.21427756856802,
18.0706626399884));
#11104=CARTESIAN_POINT('Ctrl Pts',(1.11383478988581,-0.513520100158453,
18.1420991076173));
#11105=CARTESIAN_POINT('Ctrl Pts',(1.03560465371395,0.657155867076231,18.2135355752463));
#11106=CARTESIAN_POINT('Ctrl Pts',(0.00970025104424926,1.22647329263885,
18.2849720428753));
#11107=CARTESIAN_POINT('Ctrl Pts',(-1.02508078061726,0.673453952127256,
18.3564085105043));
#11108=CARTESIAN_POINT('Ctrl Pts',(-1.12181786530667,-0.495838188833301,
18.4278449781333));
#11109=CARTESIAN_POINT('Ctrl Pts',(-0.191987602276992,-1.21139241907758,
18.4992814457623));
#11110=CARTESIAN_POINT('Ctrl Pts',(0.913529115532547,-0.81841028066675,
18.5707179133912));
#11111=CARTESIAN_POINT('Ctrl Pts',(1.18308200160185,0.32349313734987,18.6421543810203));
#11112=CARTESIAN_POINT('Ctrl Pts',(0.370005175595214,1.1693703444416,18.7135908486492));
#11113=CARTESIAN_POINT('Ctrl Pts',(-0.78166068834699,0.945165276932884,
18.7850273162782));
#11114=CARTESIAN_POINT('Ctrl Pts',(-1.21803455661992,-0.143953642907756,
18.8564637839072));
#11115=CARTESIAN_POINT('Ctrl Pts',(-0.539793884610334,-1.10134163390112,
18.9279002515362));
#11116=CARTESIAN_POINT('Ctrl Pts',(0.632408234775503,-1.05089992721231,
18.9993367191652));
#11117=CARTESIAN_POINT('Ctrl Pts',(1.22589819033631,-0.0387873607876245,
19.0707731867942));
#11118=CARTESIAN_POINT('Ctrl Pts',(0.697577651746039,1.00881923663815,19.1422096544231));
#11119=CARTESIAN_POINT('Ctrl Pts',(-0.469091108892987,1.1332627074003,19.2136461220521));
#11120=CARTESIAN_POINT('Ctrl Pts',(-1.20649801661684,0.220665738904637,
19.2850825896811));
#11121=CARTESIAN_POINT('Ctrl Pts',(-0.839847387685125,-0.893860838064392,
19.3565190573101));
#11122=CARTESIAN_POINT('Ctrl Pts',(0.295341461155438,-1.19042188057398,
19.4279555249391));
#11123=CARTESIAN_POINT('Ctrl Pts',(1.16026549266138,-0.397636541286071,
19.4993919925681));
#11124=CARTESIAN_POINT('Ctrl Pts',(0.963439033034103,0.759023097180199,
19.5708284601971));
#11125=CARTESIAN_POINT('Ctrl Pts',(-0.115023459872492,1.22110623456997,
19.642264927826));
#11126=CARTESIAN_POINT('Ctrl Pts',(-1.08822882345488,0.565763961585294,
19.713701395455));
#11127=CARTESIAN_POINT('Ctrl Pts',(-1.06560392656972,-0.607304786829396,
19.785137863084));
#11128=CARTESIAN_POINT('Ctrl Pts',(-0.0678526473651928,-1.22463335356842,
19.856574330713));
#11129=CARTESIAN_POINT('Ctrl Pts',(0.991990094629832,-0.721308869058881,
19.928010798342));
#11130=CARTESIAN_POINT('Ctrl Pts',(1.14406993508703,0.442080101403209,19.999447265971));
#11131=CARTESIAN_POINT('Ctrl Pts',(0.249219721041675,1.20092479492707,20.0708837336));
#11132=CARTESIAN_POINT('Ctrl Pts',(-0.873689642301596,0.860811966321111,
20.142320201229));
#11133=CARTESIAN_POINT('Ctrl Pts',(-1.19709198533011,-0.267023615219919,
20.2137566688579));
#11134=CARTESIAN_POINT('Ctrl Pts',(-0.425044182340343,-1.15050783373488,
20.2851931364869));
#11135=CARTESIAN_POINT('Ctrl Pts',(0.73595845228716,-0.98117072364283,20.3566296041159));
#11136=CARTESIAN_POINT('Ctrl Pts',(1.22349087418156,0.0860285604967863,
20.4280660717449));
#11137=CARTESIAN_POINT('Ctrl Pts',(0.591415719382816,1.07450373628648,20.4995025393739));
#11138=CARTESIAN_POINT('Ctrl Pts',(-0.581859647341799,1.0797083787866,20.5709390070029));
#11139=CARTESIAN_POINT('Ctrl Pts',(-1.22267949397791,0.0968797575999749,
20.6423754746319));
#11140=CARTESIAN_POINT('Ctrl Pts',(-0.744634252028272,-0.974602823273668,
20.7138119422608));
#11141=CARTESIAN_POINT('Ctrl Pts',(0.414820363729552,-1.15423346783135,
20.7852484098898));
#11142=CARTESIAN_POINT('Ctrl Pts',(1.19467588970349,-0.277633483189414,
20.8566848775188));
#11143=CARTESIAN_POINT('Ctrl Pts',(0.881292221147755,0.853026877285331,
20.9281213451478));
#11144=CARTESIAN_POINT('Ctrl Pts',(-0.238555532183273,1.20308856302912,
20.9995578127768));
#11145=CARTESIAN_POINT('Ctrl Pts',(-1.14010285767243,0.452212678232117,
21.0709942804058));
#11146=CARTESIAN_POINT('Ctrl Pts',(-0.998350372271346,-0.712479730667738,
21.1424307480347));
#11147=CARTESIAN_POINT('Ctrl Pts',(0.0569852583551857,-1.22518713377055,
21.2138672156637));
#11148=CARTESIAN_POINT('Ctrl Pts',(1.06017409462417,-0.616734725400258,
21.2853036832927));
#11149=CARTESIAN_POINT('Ctrl Pts',(1.09320534819027,0.556087132664379,21.3567401509217));
#11150=CARTESIAN_POINT('Ctrl Pts',(0.12585235979458,1.22003771087653,21.4281766185507));
#11151=CARTESIAN_POINT('Ctrl Pts',(-0.956667205274586,0.767540676953881,
21.4996130861797));
#11152=CARTESIAN_POINT('Ctrl Pts',(-1.1637475872638,-0.387327233181964,
21.5710495538087));
#11153=CARTESIAN_POINT('Ctrl Pts',(-0.305891038742187,-1.18775481680519,
21.6424860214377));
#11154=CARTESIAN_POINT('Ctrl Pts',(0.8318841686312,-0.901276629236266,21.7139224890666));
#11155=CARTESIAN_POINT('Ctrl Pts',(1.20840823978045,0.209953229214058,21.7853589566956));
#11156=CARTESIAN_POINT('Ctrl Pts',(0.479126742987358,1.1290564186882,21.8567954243246));
#11157=CARTESIAN_POINT('Ctrl Pts',(-0.688600142296108,1.01496831303075,
21.9282318919536));
#11158=CARTESIAN_POINT('Ctrl Pts',(-1.22619405896023,-0.0279098942552536,
21.9996683595826));
#11159=CARTESIAN_POINT('Ctrl Pts',(-0.641706734253145,-1.04524796084032,
22.0711048272116));
#11160=CARTESIAN_POINT('Ctrl Pts',(0.530001743341945,-1.10608724089977,
22.1425412948405));
#11161=CARTESIAN_POINT('Ctrl Pts',(1.21670949062657,-0.154754152919696,
22.2139777624696));
#11162=CARTESIAN_POINT('Ctrl Pts',(0.790015255856231,0.938193331857037,
22.2854142300985));
#11163=CARTESIAN_POINT('Ctrl Pts',(-0.359616178385738,1.17260694039833,
22.3568506977275));
#11164=CARTESIAN_POINT('Ctrl Pts',(-1.18016547027693,0.333976488981422,
22.4282871653565));
#11165=CARTESIAN_POINT('Ctrl Pts',(-0.920753946639192,-0.810273411987871,
22.4997236329855));
#11166=CARTESIAN_POINT('Ctrl Pts',(0.18123279899817,-1.21304802254347,22.5711601006145));
#11167=CARTESIAN_POINT('Ctrl Pts',(1.11737473190595,-0.505771233782124,
22.6425965682435));
#11168=CARTESIAN_POINT('Ctrl Pts',(1.0310151960703,0.664333122684774,22.7140330358724));
#11169=CARTESIAN_POINT('Ctrl Pts',(0.00118117295417962,1.22651108322534,
22.7854695035015));
#11170=CARTESIAN_POINT('Ctrl Pts',(-1.0297337329113,0.666317695776644,22.8569059711304));
#11171=CARTESIAN_POINT('Ctrl Pts',(-1.11834680910589,-0.503618155928174,
22.9283424387594));
#11172=CARTESIAN_POINT('Ctrl Pts',(-0.183568875771649,-1.21269670585316,
22.9997789063884));
#11173=CARTESIAN_POINT('Ctrl Pts',(0.919191597060443,-0.812045343635835,
23.0712153740174));
#11174=CARTESIAN_POINT('Ctrl Pts',(1.18080654269499,0.331702790403244,23.1426518416464));
#11175=CARTESIAN_POINT('Ctrl Pts',(0.361874031924578,1.17191212049001,23.2140883092753));
#11176=CARTESIAN_POINT('Ctrl Pts',(-0.788206766161196,0.939713214087178,
23.2855247769044));
#11177=CARTESIAN_POINT('Ctrl Pts',(-1.21700530115833,-0.152410399489961,
23.3569612445333));
#11178=CARTESIAN_POINT('Ctrl Pts',(-0.532131158804358,-1.10506437212816,
23.4283977121623));
#11179=CARTESIAN_POINT('Ctrl Pts',(0.639692324076771,-1.04648198853904,
23.4998341797913));
#11180=CARTESIAN_POINT('Ctrl Pts',(1.22613803057963,-0.0302715837424389,
23.5712706474203));
#11181=CARTESIAN_POINT('Ctrl Pts',(0.690553758436558,1.01364015516481,23.6427071150493));
#11182=CARTESIAN_POINT('Ctrl Pts',(-0.476951206202752,1.12997712579611,
23.7141435826782));
#11183=CARTESIAN_POINT('Ctrl Pts',(-1.20800163056481,0.21228037180769,23.7855800503073));
#11184=CARTESIAN_POINT('Ctrl Pts',(-0.833618514503099,-0.899672797535974,
23.8570165179362));
#11185=CARTESIAN_POINT('Ctrl Pts',(0.303602715749506,-1.18834158044214,
23.9284529855652));
#11186=CARTESIAN_POINT('Ctrl Pts',(1.1629995221769,-0.389568351443565,23.9998894531942));
#11187=CARTESIAN_POINT('Ctrl Pts',(0.958143553640646,0.765697367617144,
24.0713259208232));
#11188=CARTESIAN_POINT('Ctrl Pts',(-0.123501847344723,1.22027648132811,
24.1427623884522));
#11189=CARTESIAN_POINT('Ctrl Pts',(-1.09213302420382,0.558194281892324,
24.2141988560811));
#11190=CARTESIAN_POINT('Ctrl Pts',(-1.06135854910099,-0.614696533113591,
24.2856353237101));
#11191=CARTESIAN_POINT('Ctrl Pts',(-0.0593477010814371,-1.22506577161708,
24.3570717913391));
#11192=CARTESIAN_POINT('Ctrl Pts',(0.996981462150819,-0.714419004103373,
24.4285082589681));
#11193=CARTESIAN_POINT('Ctrl Pts',(1.14096182065537,0.450049511644192,24.4999447265971));
#11194=CARTESIAN_POINT('Ctrl Pts',(0.240891129824118,1.20256313375676,24.5713811942261));
#11195=CARTESIAN_POINT('Ctrl Pts',(-0.879683286589979,0.854843640441183,
24.6428176618551));
#11196=CARTESIAN_POINT('Ctrl Pts',(-1.19514068302087,-0.275561543631997,
24.714254129484));
#11197=CARTESIAN_POINT('Ctrl Pts',(-0.417171449972695,-1.15299502053963,
24.7856905971131));
#11198=CARTESIAN_POINT('Ctrl Pts',(0.743001847944987,-0.976879649495175,
24.857127064742));
#11199=CARTESIAN_POINT('Ctrl Pts',(1.22238025935136,0.0962501381352875,
24.928563532371));
#11200=CARTESIAN_POINT('Ctrl Pts',(0.797487667255096,0.748321625984457,
24.9761878441237));
#11201=CARTESIAN_POINT('Ctrl Pts',(0.49406935870393,0.912590012705534,25.));
#11202=CARTESIAN_POINT('Ctrl Pts',(-1.03606664983228,0.000147971714966495,
24.2480384757729));
#11203=CARTESIAN_POINT('Ctrl Pts',(-1.03583298986596,-0.182132315281352,
24.2605707584187));
#11204=CARTESIAN_POINT('Ctrl Pts',(-0.99007790868769,-0.364521995715267,
24.2731030410644));
#11205=CARTESIAN_POINT('Ctrl Pts',(-0.899485820281533,-0.520942937029854,
24.2856353237101));
#11206=CARTESIAN_POINT('Ctrl Pts',(-0.727354933094478,-0.818152945948073,
24.3094474795865));
#11207=CARTESIAN_POINT('Ctrl Pts',(-0.393351317087995,-1.02160935878256,
24.3332596354628));
#11208=CARTESIAN_POINT('Ctrl Pts',(-0.0502946485460445,-1.03822977061421,
24.3570717913391));
#11209=CARTESIAN_POINT('Ctrl Pts',(0.292762019995945,-1.05485018244586,
24.3808839472155));
#11210=CARTESIAN_POINT('Ctrl Pts',(0.644871741073386,-0.884634593274629,
24.4046961030918));
#11211=CARTESIAN_POINT('Ctrl Pts',(0.844923328029535,-0.605448712731063,
24.4285082589681));
#11212=CARTESIAN_POINT('Ctrl Pts',(1.04497491498566,-0.32626283218753,24.4523204148444));
#11213=CARTESIAN_POINT('Ctrl Pts',(1.09296836782052,0.0618933397283496,
24.4761325707208));
#11214=CARTESIAN_POINT('Ctrl Pts',(0.966953312432738,0.381390362705025,
24.4999447265971));
#11215=CARTESIAN_POINT('Ctrl Pts',(0.840938257044945,0.700887385681737,
24.5237568824734));
#11216=CARTESIAN_POINT('Ctrl Pts',(0.540914693434506,0.951725259719263,
24.5475690383498));
#11217=CARTESIAN_POINT('Ctrl Pts',(0.204140508893587,1.01919094785208,24.5713811942261));
#11218=CARTESIAN_POINT('Ctrl Pts',(-0.132633675647294,1.08665663598489,
24.5951933501024));
#11219=CARTESIAN_POINT('Ctrl Pts',(-0.506158481118624,0.97075013821303,
24.6190055059787));
#11220=CARTESIAN_POINT('Ctrl Pts',(-0.745497116592777,0.724396025314916,
24.6428176618551));
#11221=CARTESIAN_POINT('Ctrl Pts',(-0.930507303847779,0.533962832328646,
24.6612245998277));
#11222=CARTESIAN_POINT('Ctrl Pts',(-1.03533613054823,0.265582208082228,
24.6796315378003));
#11223=CARTESIAN_POINT('Ctrl Pts',(-1.03778853464134,-0.00101739074013528,
24.6980384757729));
#11224=CARTESIAN_POINT('Origin',(0.,0.,0.));
#11225=CARTESIAN_POINT('Origin',(2.00000002980232,1.15470055558563,0.));
#11226=UNCERTAINTY_MEASURE_WITH_UNIT(LENGTH_MEASURE(0.01),#11230,
'DISTANCE_ACCURACY_VALUE',
'Maximum model space distance between geometric entities at asserted c
onnectivities');
#11227=UNCERTAINTY_MEASURE_WITH_UNIT(LENGTH_MEASURE(0.01),#11230,
'DISTANCE_ACCURACY_VALUE',
'Maximum model space distance between geometric entities at asserted c
onnectivities');
#11228=(
GEOMETRIC_REPRESENTATION_CONTEXT(3)
GLOBAL_UNCERTAINTY_ASSIGNED_CONTEXT((#11226))
GLOBAL_UNIT_ASSIGNED_CONTEXT((#11230,#11232,#11233))
REPRESENTATION_CONTEXT('','3D')
);
#11229=(
GEOMETRIC_REPRESENTATION_CONTEXT(3)
GLOBAL_UNCERTAINTY_ASSIGNED_CONTEXT((#11227))
GLOBAL_UNIT_ASSIGNED_CONTEXT((#11230,#11232,#11233))
REPRESENTATION_CONTEXT('','3D')
);
#11230=(
LENGTH_UNIT()
NAMED_UNIT(*)
SI_UNIT(.MILLI.,.METRE.)
);
#11231=(
LENGTH_UNIT()
NAMED_UNIT(*)
SI_UNIT($,.METRE.)
);
#11232=(
NAMED_UNIT(*)
PLANE_ANGLE_UNIT()
SI_UNIT($,.RADIAN.)
);
#11233=(
NAMED_UNIT(*)
SI_UNIT($,.STERADIAN.)
SOLID_ANGLE_UNIT()
);
#11234=SHAPE_DEFINITION_REPRESENTATION(#11235,#11236);
#11235=PRODUCT_DEFINITION_SHAPE('',$,#11238);
#11236=SHAPE_REPRESENTATION('',(#2941),#11228);
#11237=PRODUCT_DEFINITION_CONTEXT('part definition',#11242,'design');
#11238=PRODUCT_DEFINITION('M2.5 X 25mm Female to Female Standoff',
'M2.5 X 25mm Female to Female Standoff v3',#11239,#11237);
#11239=PRODUCT_DEFINITION_FORMATION('',$,#11244);
#11240=PRODUCT_RELATED_PRODUCT_CATEGORY(
'M2.5 X 25mm Female to Female Standoff v3',
'M2.5 X 25mm Female to Female Standoff v3',(#11244));
#11241=APPLICATION_PROTOCOL_DEFINITION('international standard',
'automotive_design',2009,#11242);
#11242=APPLICATION_CONTEXT(
'Core Data for Automotive Mechanical Design Process');
#11243=PRODUCT_CONTEXT('part definition',#11242,'mechanical');
#11244=PRODUCT('M2.5 X 25mm Female to Female Standoff',
'M2.5 X 25mm Female to Female Standoff v3',$,(#11243));
#11245=PRESENTATION_STYLE_ASSIGNMENT((#11246));
#11246=SURFACE_STYLE_USAGE(.BOTH.,#11247);
#11247=SURFACE_SIDE_STYLE('',(#11248));
#11248=SURFACE_STYLE_FILL_AREA(#11249);
#11249=FILL_AREA_STYLE('Steel - Satin',(#11250));
#11250=FILL_AREA_STYLE_COLOUR('Steel - Satin',#11251);
#11251=COLOUR_RGB('Steel - Satin',0.627450980392157,0.627450980392157,0.627450980392157);
ENDSEC;
END-ISO-10303-21;
