ISO-10303-21;
HEADER;
/* Generated by software containing ST-Developer
 * from STEP Tools, Inc. (www.steptools.com) 
 */

FILE_DESCRIPTION(
/* description */ (''),
/* implementation_level */ '2;1');

FILE_NAME(
/* name */ 'M2.5 X 4mm Male to Female Standoff v5.step',
/* time_stamp */ '2026-03-05T21:10:50+05:30',
/* author */ (''),
/* organization */ (''),
/* preprocessor_version */ 'ST-DEVELOPER v20.1',
/* originating_system */ 'Autodesk Translation Framework v14.24.0.0',
/* authorisation */ '');

FILE_SCHEMA (('AUTOMOTIVE_DESIGN { 1 0 10303 214 3 1 1 }'));
ENDSEC;

DATA;
#10=MECHANICAL_DESIGN_GEOMETRIC_PRESENTATION_REPRESENTATION('',(#13),#5682);
#11=SHAPE_REPRESENTATION_RELATIONSHIP('SRR','None',#5689,#12);
#12=ADVANCED_BREP_SHAPE_REPRESENTATION('',(#14),#5681);
#13=STYLED_ITEM('',(#5698),#14);
#14=MANIFOLD_SOLID_BREP('Body1',#1678);
#15=B_SPLINE_SURFACE_WITH_KNOTS('',3,3,((#4008,#4009,#4010,#4011,#4012,
#4013,#4014,#4015,#4016,#4017,#4018,#4019,#4020,#4021,#4022,#4023,#4024,
#4025,#4026,#4027,#4028,#4029,#4030,#4031,#4032,#4033,#4034,#4035,#4036,
#4037,#4038,#4039,#4040,#4041,#4042,#4043,#4044,#4045,#4046,#4047,#4048,
#4049,#4050,#4051,#4052,#4053,#4054,#4055,#4056,#4057,#4058,#4059,#4060,
#4061,#4062,#4063,#4064,#4065,#4066,#4067,#4068,#4069,#4070,#4071,#4072,
#4073,#4074,#4075,#4076,#4077,#4078,#4079,#4080,#4081,#4082,#4083,#4084,
#4085,#4086,#4087,#4088,#4089,#4090,#4091,#4092,#4093,#4094,#4095,#4096),
(#4097,#4098,#4099,#4100,#4101,#4102,#4103,#4104,#4105,#4106,#4107,#4108,
#4109,#4110,#4111,#4112,#4113,#4114,#4115,#4116,#4117,#4118,#4119,#4120,
#4121,#4122,#4123,#4124,#4125,#4126,#4127,#4128,#4129,#4130,#4131,#4132,
#4133,#4134,#4135,#4136,#4137,#4138,#4139,#4140,#4141,#4142,#4143,#4144,
#4145,#4146,#4147,#4148,#4149,#4150,#4151,#4152,#4153,#4154,#4155,#4156,
#4157,#4158,#4159,#4160,#4161,#4162,#4163,#4164,#4165,#4166,#4167,#4168,
#4169,#4170,#4171,#4172,#4173,#4174,#4175,#4176,#4177,#4178,#4179,#4180,
#4181,#4182,#4183,#4184,#4185),(#4186,#4187,#4188,#4189,#4190,#4191,#4192,
#4193,#4194,#4195,#4196,#4197,#4198,#4199,#4200,#4201,#4202,#4203,#4204,
#4205,#4206,#4207,#4208,#4209,#4210,#4211,#4212,#4213,#4214,#4215,#4216,
#4217,#4218,#4219,#4220,#4221,#4222,#4223,#4224,#4225,#4226,#4227,#4228,
#4229,#4230,#4231,#4232,#4233,#4234,#4235,#4236,#4237,#4238,#4239,#4240,
#4241,#4242,#4243,#4244,#4245,#4246,#4247,#4248,#4249,#4250,#4251,#4252,
#4253,#4254,#4255,#4256,#4257,#4258,#4259,#4260,#4261,#4262,#4263,#4264,
#4265,#4266,#4267,#4268,#4269,#4270,#4271,#4272,#4273,#4274),(#4275,#4276,
#4277,#4278,#4279,#4280,#4281,#4282,#4283,#4284,#4285,#4286,#4287,#4288,
#4289,#4290,#4291,#4292,#4293,#4294,#4295,#4296,#4297,#4298,#4299,#4300,
#4301,#4302,#4303,#4304,#4305,#4306,#4307,#4308,#4309,#4310,#4311,#4312,
#4313,#4314,#4315,#4316,#4317,#4318,#4319,#4320,#4321,#4322,#4323,#4324,
#4325,#4326,#4327,#4328,#4329,#4330,#4331,#4332,#4333,#4334,#4335,#4336,
#4337,#4338,#4339,#4340,#4341,#4342,#4343,#4344,#4345,#4346,#4347,#4348,
#4349,#4350,#4351,#4352,#4353,#4354,#4355,#4356,#4357,#4358,#4359,#4360,
#4361,#4362,#4363)),.UNSPECIFIED.,.F.,.F.,.F.,(4,4),(4,1,1,1,1,1,1,1,1,
1,1,1,1,1,1,1,1,1,1,1,1,1,1,1,1,1,1,1,1,1,1,1,1,1,1,1,1,1,1,1,1,1,1,1,1,
1,1,1,1,1,1,1,1,1,1,1,1,1,1,1,1,1,1,1,1,1,1,1,1,1,1,1,1,1,1,1,1,1,1,1,1,
1,1,1,1,1,4),(0.,0.0296469363228873),(8.30626835282486,9.30447243077349,
10.3026765087221,11.3008805866707,12.2990846646194,13.297288742568,14.2954928205166,
15.2936968984652,16.2919009764139,17.2901050543625,18.2883091323111,19.2865132102597,
20.2847172882084,21.282921366157,22.2811254441056,23.2793295220542,24.2775336000029,
25.2757376779515,26.2739417559001,27.2721458338487,28.2703499117974,29.268553989746,
30.2667580676946,31.2649621456432,32.2631662235919,33.2613703015405,34.2595743794891,
35.2577784574377,36.2559825353864,37.254186613335,38.2523906912836,39.2505947692322,
40.2487988471809,41.2470029251295,42.2452070030781,43.2434110810267,44.2416151589754,
45.239819236924,46.2380233148726,47.2362273928212,48.2344314707699,49.2326355487185,
50.2308396266671,51.2290437046157,52.2272477825644,53.225451860513,54.2236559384616,
55.2218600164102,56.2200640943589,57.2182681723075,58.2164722502561,59.2146763282047,
60.2128804061534,61.211084484102,62.2092885620506,63.2074926399992,64.2056967179479,
65.2039007958965,66.2021048738451,67.2003089517937,68.1985130297424,69.196717107691,
70.1949211856396,71.1931252635882,72.1913293415369,73.1895334194855,74.1877374974341,
75.1859415753827,76.1841456533314,77.18234973128,78.1805538092286,79.1787578871772,
80.1769619651259,81.1751660430745,82.1733701210231,83.1715741989717,84.1697782769204,
85.167982354869,86.1661864328176,87.1643905107662,88.1625945887149,89.1607986666635,
90.1590027446121,91.1572068225607,92.1554109005094,93.153614978458,94.1518190564066),
 .UNSPECIFIED.);
#16=B_SPLINE_SURFACE_WITH_KNOTS('',3,3,((#4551,#4552,#4553,#4554,#4555,
#4556,#4557,#4558,#4559,#4560,#4561,#4562,#4563,#4564,#4565,#4566,#4567,
#4568,#4569,#4570,#4571,#4572,#4573,#4574,#4575,#4576,#4577,#4578,#4579,
#4580,#4581,#4582,#4583,#4584,#4585,#4586,#4587,#4588,#4589,#4590,#4591,
#4592,#4593,#4594,#4595,#4596,#4597,#4598,#4599,#4600,#4601,#4602,#4603,
#4604,#4605,#4606,#4607,#4608,#4609,#4610,#4611,#4612,#4613,#4614,#4615,
#4616,#4617,#4618,#4619,#4620,#4621,#4622,#4623,#4624,#4625,#4626,#4627,
#4628,#4629,#4630,#4631,#4632,#4633,#4634,#4635,#4636,#4637,#4638,#4639),
(#4640,#4641,#4642,#4643,#4644,#4645,#4646,#4647,#4648,#4649,#4650,#4651,
#4652,#4653,#4654,#4655,#4656,#4657,#4658,#4659,#4660,#4661,#4662,#4663,
#4664,#4665,#4666,#4667,#4668,#4669,#4670,#4671,#4672,#4673,#4674,#4675,
#4676,#4677,#4678,#4679,#4680,#4681,#4682,#4683,#4684,#4685,#4686,#4687,
#4688,#4689,#4690,#4691,#4692,#4693,#4694,#4695,#4696,#4697,#4698,#4699,
#4700,#4701,#4702,#4703,#4704,#4705,#4706,#4707,#4708,#4709,#4710,#4711,
#4712,#4713,#4714,#4715,#4716,#4717,#4718,#4719,#4720,#4721,#4722,#4723,
#4724,#4725,#4726,#4727,#4728),(#4729,#4730,#4731,#4732,#4733,#4734,#4735,
#4736,#4737,#4738,#4739,#4740,#4741,#4742,#4743,#4744,#4745,#4746,#4747,
#4748,#4749,#4750,#4751,#4752,#4753,#4754,#4755,#4756,#4757,#4758,#4759,
#4760,#4761,#4762,#4763,#4764,#4765,#4766,#4767,#4768,#4769,#4770,#4771,
#4772,#4773,#4774,#4775,#4776,#4777,#4778,#4779,#4780,#4781,#4782,#4783,
#4784,#4785,#4786,#4787,#4788,#4789,#4790,#4791,#4792,#4793,#4794,#4795,
#4796,#4797,#4798,#4799,#4800,#4801,#4802,#4803,#4804,#4805,#4806,#4807,
#4808,#4809,#4810,#4811,#4812,#4813,#4814,#4815,#4816,#4817),(#4818,#4819,
#4820,#4821,#4822,#4823,#4824,#4825,#4826,#4827,#4828,#4829,#4830,#4831,
#4832,#4833,#4834,#4835,#4836,#4837,#4838,#4839,#4840,#4841,#4842,#4843,
#4844,#4845,#4846,#4847,#4848,#4849,#4850,#4851,#4852,#4853,#4854,#4855,
#4856,#4857,#4858,#4859,#4860,#4861,#4862,#4863,#4864,#4865,#4866,#4867,
#4868,#4869,#4870,#4871,#4872,#4873,#4874,#4875,#4876,#4877,#4878,#4879,
#4880,#4881,#4882,#4883,#4884,#4885,#4886,#4887,#4888,#4889,#4890,#4891,
#4892,#4893,#4894,#4895,#4896,#4897,#4898,#4899,#4900,#4901,#4902,#4903,
#4904,#4905,#4906)),.UNSPECIFIED.,.F.,.F.,.F.,(4,4),(4,1,1,1,1,1,1,1,1,
1,1,1,1,1,1,1,1,1,1,1,1,1,1,1,1,1,1,1,1,1,1,1,1,1,1,1,1,1,1,1,1,1,1,1,1,
1,1,1,1,1,1,1,1,1,1,1,1,1,1,1,1,1,1,1,1,1,1,1,1,1,1,1,1,1,1,1,1,1,1,1,1,
1,1,1,1,1,4),(0.,0.0296469363228873),(11.6151336144496,12.6133376923982,
13.6115417703468,14.6097458482954,15.6079499262441,16.6061540041927,17.6043580821413,
18.6025621600899,19.6007662380386,20.5989703159872,21.5971743939358,22.5953784718844,
23.5935825498331,24.5917866277817,25.5899907057303,26.5881947836789,27.5863988616276,
28.5846029395762,29.5828070175248,30.5810110954734,31.5792151734221,32.5774192513707,
33.5756233293193,34.5738274072679,35.5720314852166,36.5702355631652,37.5684396411138,
38.5666437190624,39.5648477970111,40.5630518749597,41.5612559529083,42.559460030857,
43.5576641088056,44.5558681867542,45.5540722647028,46.5522763426515,47.5504804206001,
48.5486844985487,49.5468885764973,50.545092654446,51.5432967323946,52.5415008103432,
53.5397048882918,54.5379089662405,55.5361130441891,56.5343171221377,57.5325212000863,
58.530725278035,59.5289293559836,60.5271334339322,61.5253375118808,62.5235415898295,
63.5217456677781,64.5199497457267,65.5181538236753,66.516357901624,67.5145619795726,
68.5127660575212,69.5109701354698,70.5091742134185,71.5073782913671,72.5055823693157,
73.5037864472643,74.501990525213,75.5001946031616,76.4983986811102,77.4966027590588,
78.4948068370075,79.4930109149561,80.4912149929047,81.4894190708533,82.487623148802,
83.4858272267506,84.4840313046992,85.4822353826478,86.4804394605965,87.4786435385451,
88.4768476164937,89.4750516944423,90.473255772391,91.4714598503396,92.4696639282882,
93.4678680062368,94.4660720841855,95.4642761621341,96.4624802400827,97.4606843180313),
 .UNSPECIFIED.);
#17=B_SPLINE_SURFACE_WITH_KNOTS('',3,3,((#5094,#5095,#5096,#5097,#5098,
#5099,#5100,#5101,#5102,#5103,#5104,#5105,#5106,#5107,#5108,#5109,#5110,
#5111,#5112,#5113,#5114,#5115,#5116,#5117,#5118,#5119,#5120,#5121,#5122,
#5123,#5124,#5125,#5126,#5127,#5128,#5129,#5130,#5131,#5132,#5133,#5134,
#5135,#5136,#5137,#5138,#5139,#5140),(#5141,#5142,#5143,#5144,#5145,#5146,
#5147,#5148,#5149,#5150,#5151,#5152,#5153,#5154,#5155,#5156,#5157,#5158,
#5159,#5160,#5161,#5162,#5163,#5164,#5165,#5166,#5167,#5168,#5169,#5170,
#5171,#5172,#5173,#5174,#5175,#5176,#5177,#5178,#5179,#5180,#5181,#5182,
#5183,#5184,#5185,#5186,#5187),(#5188,#5189,#5190,#5191,#5192,#5193,#5194,
#5195,#5196,#5197,#5198,#5199,#5200,#5201,#5202,#5203,#5204,#5205,#5206,
#5207,#5208,#5209,#5210,#5211,#5212,#5213,#5214,#5215,#5216,#5217,#5218,
#5219,#5220,#5221,#5222,#5223,#5224,#5225,#5226,#5227,#5228,#5229,#5230,
#5231,#5232,#5233,#5234),(#5235,#5236,#5237,#5238,#5239,#5240,#5241,#5242,
#5243,#5244,#5245,#5246,#5247,#5248,#5249,#5250,#5251,#5252,#5253,#5254,
#5255,#5256,#5257,#5258,#5259,#5260,#5261,#5262,#5263,#5264,#5265,#5266,
#5267,#5268,#5269,#5270,#5271,#5272,#5273,#5274,#5275,#5276,#5277,#5278,
#5279,#5280,#5281)),.UNSPECIFIED.,.F.,.F.,.F.,(4,4),(4,1,1,1,1,1,1,1,1,
1,1,1,1,1,1,1,1,1,1,1,1,1,1,1,1,1,1,1,1,1,1,1,1,1,1,1,1,1,1,1,1,1,1,1,4),
(0.,0.0291273210806166),(11.8408508686655,12.8390638838571,13.8372768990488,
14.8354899142405,15.8337029294321,16.8319159446238,17.8301289598155,18.8283419750071,
19.8265549901988,20.8247680053904,21.8229810205821,22.8211940357738,23.8194070509654,
24.8176200661571,25.8158330813488,26.8140460965404,27.8122591117321,28.8104721269238,
29.8086851421154,30.8068981573071,31.8051111724987,32.8033241876904,33.8015372028821,
34.7997502180737,35.7979632332654,36.7961762484571,37.7943892636487,38.7926022788404,
39.7908152940321,40.7890283092237,41.7872413244154,42.785454339607,43.7836673547987,
44.7818803699904,45.780093385182,46.7783064003737,47.7765194155654,48.774732430757,
49.7729454459487,50.7711584611403,51.769371476332,52.7675844915237,53.7657975067153,
54.764010521907,55.7622235370987),.UNSPECIFIED.);
#18=B_SPLINE_SURFACE_WITH_KNOTS('',3,3,((#5386,#5387,#5388,#5389,#5390,
#5391,#5392,#5393,#5394,#5395,#5396,#5397,#5398,#5399,#5400,#5401,#5402,
#5403,#5404,#5405,#5406,#5407,#5408,#5409,#5410,#5411,#5412,#5413,#5414,
#5415,#5416,#5417,#5418,#5419,#5420,#5421,#5422,#5423,#5424,#5425,#5426,
#5427,#5428,#5429,#5430,#5431,#5432),(#5433,#5434,#5435,#5436,#5437,#5438,
#5439,#5440,#5441,#5442,#5443,#5444,#5445,#5446,#5447,#5448,#5449,#5450,
#5451,#5452,#5453,#5454,#5455,#5456,#5457,#5458,#5459,#5460,#5461,#5462,
#5463,#5464,#5465,#5466,#5467,#5468,#5469,#5470,#5471,#5472,#5473,#5474,
#5475,#5476,#5477,#5478,#5479),(#5480,#5481,#5482,#5483,#5484,#5485,#5486,
#5487,#5488,#5489,#5490,#5491,#5492,#5493,#5494,#5495,#5496,#5497,#5498,
#5499,#5500,#5501,#5502,#5503,#5504,#5505,#5506,#5507,#5508,#5509,#5510,
#5511,#5512,#5513,#5514,#5515,#5516,#5517,#5518,#5519,#5520,#5521,#5522,
#5523,#5524,#5525,#5526),(#5527,#5528,#5529,#5530,#5531,#5532,#5533,#5534,
#5535,#5536,#5537,#5538,#5539,#5540,#5541,#5542,#5543,#5544,#5545,#5546,
#5547,#5548,#5549,#5550,#5551,#5552,#5553,#5554,#5555,#5556,#5557,#5558,
#5559,#5560,#5561,#5562,#5563,#5564,#5565,#5566,#5567,#5568,#5569,#5570,
#5571,#5572,#5573)),.UNSPECIFIED.,.F.,.F.,.F.,(4,4),(4,1,1,1,1,1,1,1,1,
1,1,1,1,1,1,1,1,1,1,1,1,1,1,1,1,1,1,1,1,1,1,1,1,1,1,1,1,1,1,1,1,1,1,1,4),
(0.,0.0291273210806166),(14.4000123930734,15.3982254082651,16.3964384234567,
17.3946514386484,18.3928644538401,19.3910774690317,20.3892904842234,21.387503499415,
22.3857165146067,23.3839295297984,24.38214254499,25.3803555601817,26.3785685753734,
27.376781590565,28.3749946057567,29.3732076209483,30.37142063614,31.3696336513317,
32.3678466665233,33.366059681715,34.3642726969067,35.3624857120983,36.36069872729,
37.3589117424817,38.3571247576733,39.355337772865,40.3535507880566,41.3517638032483,
42.34997681844,43.3481898336316,44.3464028488233,45.344615864015,46.3428288792066,
47.3410418943983,48.3392549095899,49.3374679247816,50.3356809399733,51.3338939551649,
52.3321069703566,53.3303199855483,54.3285330007399,55.3267460159316,56.3249590311232,
57.3231720463149,58.3213850615066),.UNSPECIFIED.);
#19=FACE_BOUND('',#211,.T.);
#20=FACE_BOUND('',#258,.T.);
#21=PLANE('',#1743);
#22=PLANE('',#1744);
#23=PLANE('',#1750);
#24=PLANE('',#1751);
#25=PLANE('',#1756);
#26=PLANE('',#1760);
#27=PLANE('',#1761);
#28=PLANE('',#1766);
#29=PLANE('',#1772);
#30=PLANE('',#1778);
#31=PLANE('',#1779);
#32=PLANE('',#1784);
#33=PLANE('',#1785);
#34=PLANE('',#1790);
#35=PLANE('',#1795);
#36=PLANE('',#1799);
#37=PLANE('',#1810);
#38=PLANE('',#1811);
#39=PLANE('',#1812);
#40=PLANE('',#1818);
#41=PLANE('',#1820);
#42=PLANE('',#1821);
#43=ELLIPSE('',#1741,0.223606797749979,0.1);
#44=ELLIPSE('',#1742,0.223606797749979,0.1);
#45=ELLIPSE('',#1745,0.223606797749979,0.1);
#46=ELLIPSE('',#1746,0.223606797749979,0.1);
#47=ELLIPSE('',#1748,0.223606797749979,0.1);
#48=ELLIPSE('',#1749,0.223606797749979,0.1);
#49=ELLIPSE('',#1752,0.223606797749979,0.1);
#50=ELLIPSE('',#1753,0.223606797749979,0.1);
#51=ELLIPSE('',#1755,0.223606797749979,0.1);
#52=ELLIPSE('',#1758,0.22360679774998,0.1);
#53=ELLIPSE('',#1759,0.223606797749979,0.1);
#54=ELLIPSE('',#1762,0.223606797749979,0.1);
#55=ELLIPSE('',#1763,0.223606797749979,0.1);
#56=ELLIPSE('',#1765,0.223606797749979,0.1);
#57=ELLIPSE('',#1768,0.223606797749979,0.1);
#58=ELLIPSE('',#1770,0.223606781756383,0.1);
#59=ELLIPSE('',#1771,0.223606781756382,0.1);
#60=ELLIPSE('',#1773,0.223606781756383,0.1);
#61=ELLIPSE('',#1774,0.223606861724399,0.1);
#62=ELLIPSE('',#1776,0.223606781756383,0.1);
#63=ELLIPSE('',#1777,0.223606781756382,0.1);
#64=ELLIPSE('',#1780,0.223606861724399,0.1);
#65=ELLIPSE('',#1782,0.223606781756383,0.1);
#66=ELLIPSE('',#1783,0.223606781756382,0.1);
#67=ELLIPSE('',#1786,0.223606861724399,0.1);
#68=ELLIPSE('',#1788,0.223606781756383,0.1);
#69=ELLIPSE('',#1789,0.223606781756382,0.1);
#70=ELLIPSE('',#1791,0.223606861724399,0.1);
#71=ELLIPSE('',#1793,0.223606781756383,0.1);
#72=ELLIPSE('',#1794,0.223606781756382,0.1);
#73=ELLIPSE('',#1796,0.223606861724399,0.1);
#74=ELLIPSE('',#1798,0.223606781756382,0.1);
#75=ELLIPSE('',#1800,0.223606861724399,0.1);
#76=ELLIPSE('',#1802,0.223606797749979,0.1);
#77=ELLIPSE('',#1805,0.223606797749979,0.1);
#78=ELLIPSE('',#1808,0.223606797749979,0.1);
#79=FACE_OUTER_BOUND('',#168,.T.);
#80=FACE_OUTER_BOUND('',#169,.T.);
#81=FACE_OUTER_BOUND('',#170,.T.);
#82=FACE_OUTER_BOUND('',#171,.T.);
#83=FACE_OUTER_BOUND('',#172,.T.);
#84=FACE_OUTER_BOUND('',#173,.T.);
#85=FACE_OUTER_BOUND('',#174,.T.);
#86=FACE_OUTER_BOUND('',#175,.T.);
#87=FACE_OUTER_BOUND('',#176,.T.);
#88=FACE_OUTER_BOUND('',#177,.T.);
#89=FACE_OUTER_BOUND('',#178,.T.);
#90=FACE_OUTER_BOUND('',#179,.T.);
#91=FACE_OUTER_BOUND('',#180,.T.);
#92=FACE_OUTER_BOUND('',#181,.T.);
#93=FACE_OUTER_BOUND('',#182,.T.);
#94=FACE_OUTER_BOUND('',#183,.T.);
#95=FACE_OUTER_BOUND('',#184,.T.);
#96=FACE_OUTER_BOUND('',#185,.T.);
#97=FACE_OUTER_BOUND('',#186,.T.);
#98=FACE_OUTER_BOUND('',#187,.T.);
#99=FACE_OUTER_BOUND('',#188,.T.);
#100=FACE_OUTER_BOUND('',#189,.T.);
#101=FACE_OUTER_BOUND('',#190,.T.);
#102=FACE_OUTER_BOUND('',#191,.T.);
#103=FACE_OUTER_BOUND('',#192,.T.);
#104=FACE_OUTER_BOUND('',#193,.T.);
#105=FACE_OUTER_BOUND('',#194,.T.);
#106=FACE_OUTER_BOUND('',#195,.T.);
#107=FACE_OUTER_BOUND('',#196,.T.);
#108=FACE_OUTER_BOUND('',#197,.T.);
#109=FACE_OUTER_BOUND('',#198,.T.);
#110=FACE_OUTER_BOUND('',#199,.T.);
#111=FACE_OUTER_BOUND('',#200,.T.);
#112=FACE_OUTER_BOUND('',#201,.T.);
#113=FACE_OUTER_BOUND('',#202,.T.);
#114=FACE_OUTER_BOUND('',#203,.T.);
#115=FACE_OUTER_BOUND('',#204,.T.);
#116=FACE_OUTER_BOUND('',#205,.T.);
#117=FACE_OUTER_BOUND('',#206,.T.);
#118=FACE_OUTER_BOUND('',#207,.T.);
#119=FACE_OUTER_BOUND('',#208,.T.);
#120=FACE_OUTER_BOUND('',#209,.T.);
#121=FACE_OUTER_BOUND('',#210,.T.);
#122=FACE_OUTER_BOUND('',#212,.T.);
#123=FACE_OUTER_BOUND('',#213,.T.);
#124=FACE_OUTER_BOUND('',#214,.T.);
#125=FACE_OUTER_BOUND('',#215,.T.);
#126=FACE_OUTER_BOUND('',#216,.T.);
#127=FACE_OUTER_BOUND('',#217,.T.);
#128=FACE_OUTER_BOUND('',#218,.T.);
#129=FACE_OUTER_BOUND('',#219,.T.);
#130=FACE_OUTER_BOUND('',#220,.T.);
#131=FACE_OUTER_BOUND('',#221,.T.);
#132=FACE_OUTER_BOUND('',#222,.T.);
#133=FACE_OUTER_BOUND('',#223,.T.);
#134=FACE_OUTER_BOUND('',#224,.T.);
#135=FACE_OUTER_BOUND('',#225,.T.);
#136=FACE_OUTER_BOUND('',#226,.T.);
#137=FACE_OUTER_BOUND('',#227,.T.);
#138=FACE_OUTER_BOUND('',#228,.T.);
#139=FACE_OUTER_BOUND('',#229,.T.);
#140=FACE_OUTER_BOUND('',#230,.T.);
#141=FACE_OUTER_BOUND('',#231,.T.);
#142=FACE_OUTER_BOUND('',#232,.T.);
#143=FACE_OUTER_BOUND('',#233,.T.);
#144=FACE_OUTER_BOUND('',#234,.T.);
#145=FACE_OUTER_BOUND('',#235,.T.);
#146=FACE_OUTER_BOUND('',#236,.T.);
#147=FACE_OUTER_BOUND('',#237,.T.);
#148=FACE_OUTER_BOUND('',#238,.T.);
#149=FACE_OUTER_BOUND('',#239,.T.);
#150=FACE_OUTER_BOUND('',#240,.T.);
#151=FACE_OUTER_BOUND('',#241,.T.);
#152=FACE_OUTER_BOUND('',#242,.T.);
#153=FACE_OUTER_BOUND('',#243,.T.);
#154=FACE_OUTER_BOUND('',#244,.T.);
#155=FACE_OUTER_BOUND('',#245,.T.);
#156=FACE_OUTER_BOUND('',#246,.T.);
#157=FACE_OUTER_BOUND('',#247,.T.);
#158=FACE_OUTER_BOUND('',#248,.T.);
#159=FACE_OUTER_BOUND('',#249,.T.);
#160=FACE_OUTER_BOUND('',#250,.T.);
#161=FACE_OUTER_BOUND('',#251,.T.);
#162=FACE_OUTER_BOUND('',#252,.T.);
#163=FACE_OUTER_BOUND('',#253,.T.);
#164=FACE_OUTER_BOUND('',#254,.T.);
#165=FACE_OUTER_BOUND('',#255,.T.);
#166=FACE_OUTER_BOUND('',#256,.T.);
#167=FACE_OUTER_BOUND('',#257,.T.);
#168=EDGE_LOOP('',(#1016,#1017,#1018));
#169=EDGE_LOOP('',(#1019,#1020,#1021,#1022,#1023));
#170=EDGE_LOOP('',(#1024,#1025,#1026,#1027));
#171=EDGE_LOOP('',(#1028,#1029,#1030,#1031));
#172=EDGE_LOOP('',(#1032,#1033,#1034,#1035));
#173=EDGE_LOOP('',(#1036,#1037,#1038,#1039));
#174=EDGE_LOOP('',(#1040,#1041,#1042,#1043));
#175=EDGE_LOOP('',(#1044,#1045,#1046,#1047));
#176=EDGE_LOOP('',(#1048,#1049,#1050,#1051));
#177=EDGE_LOOP('',(#1052,#1053,#1054,#1055));
#178=EDGE_LOOP('',(#1056,#1057,#1058,#1059));
#179=EDGE_LOOP('',(#1060,#1061,#1062,#1063));
#180=EDGE_LOOP('',(#1064,#1065,#1066,#1067));
#181=EDGE_LOOP('',(#1068,#1069,#1070,#1071));
#182=EDGE_LOOP('',(#1072,#1073,#1074,#1075));
#183=EDGE_LOOP('',(#1076,#1077,#1078,#1079));
#184=EDGE_LOOP('',(#1080,#1081,#1082,#1083));
#185=EDGE_LOOP('',(#1084,#1085,#1086,#1087));
#186=EDGE_LOOP('',(#1088,#1089,#1090,#1091));
#187=EDGE_LOOP('',(#1092,#1093,#1094,#1095));
#188=EDGE_LOOP('',(#1096,#1097,#1098,#1099));
#189=EDGE_LOOP('',(#1100,#1101,#1102,#1103));
#190=EDGE_LOOP('',(#1104,#1105,#1106,#1107));
#191=EDGE_LOOP('',(#1108,#1109,#1110,#1111));
#192=EDGE_LOOP('',(#1112,#1113,#1114,#1115));
#193=EDGE_LOOP('',(#1116,#1117,#1118,#1119));
#194=EDGE_LOOP('',(#1120,#1121,#1122,#1123));
#195=EDGE_LOOP('',(#1124,#1125,#1126,#1127));
#196=EDGE_LOOP('',(#1128,#1129,#1130,#1131));
#197=EDGE_LOOP('',(#1132,#1133,#1134,#1135));
#198=EDGE_LOOP('',(#1136,#1137,#1138,#1139));
#199=EDGE_LOOP('',(#1140,#1141,#1142,#1143));
#200=EDGE_LOOP('',(#1144,#1145,#1146,#1147));
#201=EDGE_LOOP('',(#1148,#1149,#1150,#1151));
#202=EDGE_LOOP('',(#1152,#1153,#1154,#1155));
#203=EDGE_LOOP('',(#1156,#1157,#1158,#1159));
#204=EDGE_LOOP('',(#1160,#1161,#1162,#1163));
#205=EDGE_LOOP('',(#1164,#1165,#1166,#1167));
#206=EDGE_LOOP('',(#1168,#1169,#1170,#1171));
#207=EDGE_LOOP('',(#1172,#1173,#1174,#1175));
#208=EDGE_LOOP('',(#1176,#1177,#1178,#1179));
#209=EDGE_LOOP('',(#1180,#1181,#1182,#1183));
#210=EDGE_LOOP('',(#1184,#1185,#1186,#1187,#1188,#1189,#1190,#1191,#1192,
#1193,#1194,#1195));
#211=EDGE_LOOP('',(#1196,#1197,#1198,#1199));
#212=EDGE_LOOP('',(#1200,#1201,#1202,#1203,#1204,#1205));
#213=EDGE_LOOP('',(#1206,#1207,#1208,#1209));
#214=EDGE_LOOP('',(#1210,#1211,#1212,#1213,#1214,#1215,#1216,#1217));
#215=EDGE_LOOP('',(#1218,#1219,#1220,#1221,#1222,#1223));
#216=EDGE_LOOP('',(#1224,#1225,#1226,#1227));
#217=EDGE_LOOP('',(#1228,#1229,#1230,#1231,#1232,#1233,#1234,#1235));
#218=EDGE_LOOP('',(#1236,#1237,#1238,#1239));
#219=EDGE_LOOP('',(#1240,#1241,#1242,#1243,#1244,#1245,#1246,#1247));
#220=EDGE_LOOP('',(#1248,#1249,#1250,#1251,#1252,#1253));
#221=EDGE_LOOP('',(#1254,#1255,#1256,#1257));
#222=EDGE_LOOP('',(#1258,#1259,#1260,#1261,#1262,#1263,#1264,#1265));
#223=EDGE_LOOP('',(#1266,#1267,#1268,#1269));
#224=EDGE_LOOP('',(#1270,#1271,#1272,#1273));
#225=EDGE_LOOP('',(#1274,#1275,#1276,#1277,#1278,#1279));
#226=EDGE_LOOP('',(#1280,#1281,#1282,#1283));
#227=EDGE_LOOP('',(#1284,#1285,#1286,#1287,#1288,#1289,#1290,#1291));
#228=EDGE_LOOP('',(#1292,#1293,#1294,#1295,#1296,#1297));
#229=EDGE_LOOP('',(#1298,#1299,#1300,#1301));
#230=EDGE_LOOP('',(#1302,#1303,#1304,#1305,#1306,#1307,#1308,#1309));
#231=EDGE_LOOP('',(#1310,#1311,#1312,#1313,#1314,#1315));
#232=EDGE_LOOP('',(#1316,#1317,#1318,#1319));
#233=EDGE_LOOP('',(#1320,#1321,#1322,#1323,#1324,#1325));
#234=EDGE_LOOP('',(#1326,#1327,#1328,#1329));
#235=EDGE_LOOP('',(#1330,#1331,#1332,#1333,#1334,#1335));
#236=EDGE_LOOP('',(#1336,#1337,#1338,#1339));
#237=EDGE_LOOP('',(#1340,#1341,#1342,#1343,#1344,#1345));
#238=EDGE_LOOP('',(#1346,#1347,#1348,#1349));
#239=EDGE_LOOP('',(#1350,#1351,#1352,#1353));
#240=EDGE_LOOP('',(#1354,#1355,#1356,#1357));
#241=EDGE_LOOP('',(#1358,#1359,#1360,#1361));
#242=EDGE_LOOP('',(#1362,#1363,#1364,#1365));
#243=EDGE_LOOP('',(#1366,#1367,#1368,#1369));
#244=EDGE_LOOP('',(#1370,#1371,#1372,#1373,#1374,#1375));
#245=EDGE_LOOP('',(#1376,#1377,#1378,#1379,#1380,#1381));
#246=EDGE_LOOP('',(#1382,#1383,#1384,#1385,#1386,#1387));
#247=EDGE_LOOP('',(#1388,#1389,#1390,#1391,#1392,#1393,#1394,#1395,#1396,
#1397,#1398,#1399,#1400,#1401,#1402,#1403,#1404,#1405,#1406,#1407,#1408,
#1409,#1410,#1411,#1412,#1413,#1414,#1415,#1416,#1417,#1418));
#248=EDGE_LOOP('',(#1419,#1420,#1421,#1422));
#249=EDGE_LOOP('',(#1423,#1424,#1425,#1426,#1427,#1428,#1429,#1430,#1431,
#1432,#1433,#1434,#1435,#1436,#1437,#1438,#1439,#1440,#1441,#1442,#1443,
#1444,#1445,#1446,#1447,#1448,#1449,#1450,#1451,#1452,#1453));
#250=EDGE_LOOP('',(#1454,#1455,#1456,#1457));
#251=EDGE_LOOP('',(#1458,#1459,#1460,#1461));
#252=EDGE_LOOP('',(#1462,#1463,#1464,#1465,#1466,#1467,#1468,#1469,#1470,
#1471,#1472,#1473,#1474,#1475,#1476,#1477,#1478,#1479));
#253=EDGE_LOOP('',(#1480,#1481,#1482,#1483,#1484,#1485,#1486,#1487,#1488,
#1489,#1490,#1491,#1492,#1493,#1494,#1495,#1496));
#254=EDGE_LOOP('',(#1497,#1498,#1499,#1500));
#255=EDGE_LOOP('',(#1501,#1502,#1503,#1504));
#256=EDGE_LOOP('',(#1505,#1506,#1507,#1508,#1509));
#257=EDGE_LOOP('',(#1510,#1511,#1512,#1513,#1514,#1515,#1516,#1517,#1518,
#1519,#1520,#1521));
#258=EDGE_LOOP('',(#1522,#1523,#1524,#1525));
#259=B_SPLINE_CURVE_WITH_KNOTS('',3,(#2204,#2205,#2206,#2207),
 .UNSPECIFIED.,.F.,.F.,(4,4),(-41.8879020478639,-41.566224242361),
 .UNSPECIFIED.);
#260=B_SPLINE_CURVE_WITH_KNOTS('',3,(#2213,#2214,#2215,#2216,#2217,#2218,
#2219,#2220,#2221,#2222,#2223,#2224,#2225,#2226,#2227,#2228),
 .UNSPECIFIED.,.F.,.F.,(4,3,3,3,3,4),(39.0070627179531,39.9285206076665,
40.9267336228582,41.9249466380498,42.9231596532415,43.9213726684332),
 .UNSPECIFIED.);
#261=B_SPLINE_CURVE_WITH_KNOTS('',3,(#2230,#2231,#2232,#2233,#2234,#2235,
#2236,#2237,#2238,#2239,#2240,#2241,#2242,#2243,#2244,#2245,#2246,#2247,
#2248,#2249,#2250,#2251),.UNSPECIFIED.,.F.,.F.,(4,3,3,3,3,3,3,4),(-41.566224242361,
-40.9267336228582,-39.9285206076665,-38.9303075924749,-37.9320945772832,
-36.9338815620915,-35.9356685468999,-35.2830389351814),.UNSPECIFIED.);
#262=B_SPLINE_CURVE_WITH_KNOTS('',3,(#2256,#2257,#2258,#2259,#2260,#2261,
#2262,#2263,#2264,#2265,#2266,#2267,#2268,#2269,#2270,#2271,#2272,#2273,
#2274,#2275,#2276,#2277,#2278,#2279,#2280),.UNSPECIFIED.,.F.,.F.,(4,3,3,
3,3,3,3,3,4),(32.7238774107735,32.9410295013249,33.9392425165165,34.9374555317082,
35.9356685468999,36.9338815620915,37.9320945772832,38.9303075924749,39.0070627179531),
 .UNSPECIFIED.);
#263=B_SPLINE_CURVE_WITH_KNOTS('',3,(#2281,#2282,#2283,#2284,#2285,#2286,
#2287,#2288,#2289,#2290,#2291,#2292,#2293,#2294,#2295,#2296,#2297,#2298,
#2299,#2300,#2301,#2302),.UNSPECIFIED.,.F.,.F.,(4,3,3,3,3,3,3,4),(-35.2830389351814,
-34.9374555317082,-33.9392425165165,-32.9410295013249,-31.9428164861332,
-30.9446034709416,-29.9463904557499,-28.9998536280018),.UNSPECIFIED.);
#264=B_SPLINE_CURVE_WITH_KNOTS('',3,(#2307,#2308,#2309,#2310,#2311,#2312,
#2313,#2314,#2315,#2316,#2317,#2318,#2319,#2320,#2321,#2322,#2323,#2324,
#2325,#2326,#2327,#2328),.UNSPECIFIED.,.F.,.F.,(4,3,3,3,3,3,3,4),(26.4406921035939,
26.9517514101749,27.9499644253666,28.9481774405582,29.9463904557499,30.9446034709416,
31.9428164861332,32.7238774107735),.UNSPECIFIED.);
#265=B_SPLINE_CURVE_WITH_KNOTS('',3,(#2329,#2330,#2331,#2332,#2333,#2334,
#2335,#2336,#2337,#2338,#2339,#2340,#2341,#2342,#2343,#2344,#2345,#2346,
#2347,#2348,#2349,#2350,#2351,#2352,#2353),.UNSPECIFIED.,.F.,.F.,(4,3,3,
3,3,3,3,3,4),(-28.9998536280018,-28.9481774405582,-27.9499644253666,-26.9517514101749,
-25.9535383949832,-24.9553253797916,-23.9571123645999,-22.9588993494083,
-22.7166683208222),.UNSPECIFIED.);
#266=B_SPLINE_CURVE_WITH_KNOTS('',3,(#2358,#2359,#2360,#2361,#2362,#2363,
#2364,#2365,#2366,#2367,#2368,#2369,#2370,#2371,#2372,#2373,#2374,#2375,
#2376,#2377,#2378,#2379),.UNSPECIFIED.,.F.,.F.,(4,3,3,3,3,3,3,4),(20.1575067964143,
20.9624733190249,21.9606863342166,22.9588993494083,23.9571123645999,24.9553253797916,
25.9535383949832,26.4406921035939),.UNSPECIFIED.);
#267=B_SPLINE_CURVE_WITH_KNOTS('',3,(#2380,#2381,#2382,#2383,#2384,#2385,
#2386,#2387,#2388,#2389,#2390,#2391,#2392,#2393,#2394,#2395,#2396,#2397,
#2398,#2399,#2400,#2401),.UNSPECIFIED.,.F.,.F.,(4,3,3,3,3,3,3,4),(-22.7166683208222,
-21.9606863342166,-20.9624733190249,-19.9642603038333,-18.9660472886416,
-17.9678342734499,-16.9696212582583,-16.4334830136427),.UNSPECIFIED.);
#268=B_SPLINE_CURVE_WITH_KNOTS('',3,(#2406,#2407,#2408,#2409,#2410,#2411,
#2412,#2413,#2414,#2415,#2416,#2417,#2418,#2419,#2420,#2421,#2422,#2423,
#2424,#2425,#2426,#2427,#2428,#2429,#2430),.UNSPECIFIED.,.F.,.F.,(4,3,3,
3,3,3,3,3,4),(13.8743214892347,13.9749822126833,14.973195227875,15.9714082430666,
16.9696212582583,17.9678342734499,18.9660472886416,19.9642603038333,20.1575067964143),
 .UNSPECIFIED.);
#269=B_SPLINE_CURVE_WITH_KNOTS('',3,(#2431,#2432,#2433,#2434,#2435,#2436,
#2437,#2438,#2439,#2440,#2441,#2442,#2443,#2444,#2445,#2446,#2447,#2448,
#2449,#2450,#2451,#2452),.UNSPECIFIED.,.F.,.F.,(4,3,3,3,3,3,3,4),(-16.4334830136427,
-15.9714082430666,-14.9731952278749,-13.9749822126833,-12.9767691974916,
-11.9785561823,-10.9803431671083,-10.1502977064631),.UNSPECIFIED.);
#270=B_SPLINE_CURVE_WITH_KNOTS('',3,(#2458,#2459,#2460,#2461,#2462,#2463,
#2464,#2465,#2466,#2467,#2468,#2469,#2470),.UNSPECIFIED.,.F.,.F.,(4,3,3,
3,4),(-3.86711239928348,-2.99463904557499,-1.99642603038333,-0.998213015191663,
0.),.UNSPECIFIED.);
#271=B_SPLINE_CURVE_WITH_KNOTS('',3,(#2473,#2474,#2475,#2476,#2477,#2478,
#2479,#2480,#2481,#2482,#2483,#2484,#2485,#2486,#2487,#2488,#2489,#2490,
#2491),.UNSPECIFIED.,.F.,.F.,(4,3,3,3,3,3,4),(2.03347062056925,2.99463904557499,
3.99285206076665,4.99106507595832,5.98927809114998,6.98749110634165,7.59113618205515),
 .UNSPECIFIED.);
#272=B_SPLINE_CURVE_WITH_KNOTS('',3,(#2497,#2498,#2499,#2500,#2501,#2502),
 .UNSPECIFIED.,.F.,.F.,(4,1,1,4),(53.4070751110265,53.7657975067153,54.764010521907,
55.7622235370987),.UNSPECIFIED.);
#273=B_SPLINE_CURVE_WITH_KNOTS('',3,(#2505,#2506,#2507,#2508,#2509,#2510),
 .UNSPECIFIED.,.F.,.F.,(4,1,1,4),(53.4070751110265,54.3285330007399,55.3267460159316,
56.2879144409373),.UNSPECIFIED.);
#274=B_SPLINE_CURVE_WITH_KNOTS('',3,(#2515,#2516,#2517,#2518,#2519,#2520,
#2521,#2522,#2523,#2524),.UNSPECIFIED.,.F.,.F.,(4,1,1,1,1,1,1,4),(47.1238898038469,
47.7765194155654,48.774732430757,49.7729454459487,50.7711584611403,51.769371476332,
52.7675844915237,53.4070751110265),.UNSPECIFIED.);
#275=B_SPLINE_CURVE_WITH_KNOTS('',3,(#2525,#2526,#2527,#2528,#2529,#2530,
#2531,#2532,#2533,#2534,#2535),.UNSPECIFIED.,.F.,.F.,(4,1,1,1,1,1,1,1,4),
(47.1238898038469,47.3410418943983,48.3392549095899,49.3374679247816,50.3356809399733,
51.3338939551649,52.3321069703566,53.3303199855483,53.4070751110265),
 .UNSPECIFIED.);
#276=B_SPLINE_CURVE_WITH_KNOTS('',3,(#2540,#2541,#2542,#2543,#2544,#2545,
#2546,#2547,#2548,#2549),.UNSPECIFIED.,.F.,.F.,(4,1,1,1,1,1,1,4),(40.8407044966673,
41.7872413244154,42.785454339607,43.7836673547987,44.7818803699904,45.780093385182,
46.7783064003737,47.1238898038469),.UNSPECIFIED.);
#277=B_SPLINE_CURVE_WITH_KNOTS('',3,(#2550,#2551,#2552,#2553,#2554,#2555,
#2556,#2557,#2558,#2559),.UNSPECIFIED.,.F.,.F.,(4,1,1,1,1,1,1,4),(40.8407044966673,
41.3517638032483,42.34997681844,43.3481898336316,44.3464028488233,45.344615864015,
46.3428288792066,47.1238898038469),.UNSPECIFIED.);
#278=B_SPLINE_CURVE_WITH_KNOTS('',3,(#2564,#2565,#2566,#2567,#2568,#2569,
#2570,#2571,#2572,#2573,#2574),.UNSPECIFIED.,.F.,.F.,(4,1,1,1,1,1,1,1,4),
(34.5575191894877,34.7997502180737,35.7979632332654,36.7961762484571,37.7943892636487,
38.7926022788404,39.7908152940321,40.7890283092237,40.8407044966673),
 .UNSPECIFIED.);
#279=B_SPLINE_CURVE_WITH_KNOTS('',3,(#2575,#2576,#2577,#2578,#2579,#2580,
#2581,#2582,#2583,#2584),.UNSPECIFIED.,.F.,.F.,(4,1,1,1,1,1,1,4),(34.5575191894877,
35.3624857120983,36.36069872729,37.3589117424817,38.3571247576733,39.355337772865,
40.3535507880566,40.8407044966673),.UNSPECIFIED.);
#280=B_SPLINE_CURVE_WITH_KNOTS('',3,(#2589,#2590,#2591,#2592,#2593,#2594,
#2595,#2596,#2597,#2598),.UNSPECIFIED.,.F.,.F.,(4,1,1,1,1,1,1,4),(28.2743338823081,
28.8104721269238,29.8086851421154,30.8068981573071,31.8051111724987,32.8033241876904,
33.8015372028821,34.5575191894877),.UNSPECIFIED.);
#281=B_SPLINE_CURVE_WITH_KNOTS('',3,(#2599,#2600,#2601,#2602,#2603,#2604,
#2605,#2606,#2607,#2608,#2609),.UNSPECIFIED.,.F.,.F.,(4,1,1,1,1,1,1,1,4),
(28.2743338823081,28.3749946057567,29.3732076209483,30.37142063614,31.3696336513317,
32.3678466665233,33.366059681715,34.3642726969067,34.5575191894877),
 .UNSPECIFIED.);
#282=B_SPLINE_CURVE_WITH_KNOTS('',3,(#2614,#2615,#2616,#2617,#2618,#2619,
#2620,#2621,#2622,#2623),.UNSPECIFIED.,.F.,.F.,(4,1,1,1,1,1,1,4),(21.9911485751285,
22.8211940357738,23.8194070509654,24.8176200661571,25.8158330813488,26.8140460965404,
27.8122591117321,28.2743338823081),.UNSPECIFIED.);
#283=B_SPLINE_CURVE_WITH_KNOTS('',3,(#2624,#2625,#2626,#2627,#2628,#2629,
#2630,#2631,#2632,#2633),.UNSPECIFIED.,.F.,.F.,(4,1,1,1,1,1,1,4),(21.9911485751285,
22.3857165146067,23.3839295297984,24.38214254499,25.3803555601817,26.3785685753734,
27.376781590565,28.2743338823081),.UNSPECIFIED.);
#284=B_SPLINE_CURVE_WITH_KNOTS('',3,(#2639,#2640,#2641,#2642,#2643),
 .UNSPECIFIED.,.F.,.F.,(4,1,4),(14.4000123930734,15.3982254082651,15.7079632679489),
 .UNSPECIFIED.);
#285=B_SPLINE_CURVE_WITH_KNOTS('',3,(#2646,#2647,#2648,#2649,#2650),
 .UNSPECIFIED.,.F.,.F.,(4,1,4),(13.8743214892347,14.8354899142405,15.7079632679489),
 .UNSPECIFIED.);
#286=B_SPLINE_CURVE_WITH_KNOTS('',3,(#2656,#2657,#2658,#2659,#2660,#2661,
#2662,#2663,#2664,#2665),.UNSPECIFIED.,.F.,.F.,(4,3,3,4),(-4.09282965349932,
-3.9928163117945,-2.99461223384588,-2.06974660785396),.UNSPECIFIED.);
#287=B_SPLINE_CURVE_WITH_KNOTS('',3,(#2668,#2669,#2670,#2671,#2672,#2673,
#2674),.UNSPECIFIED.,.F.,.F.,(4,3,4),(0.,0.998204077948618,1.11850960794437),
 .UNSPECIFIED.);
#288=B_SPLINE_CURVE_WITH_KNOTS('',3,(#2679,#2680,#2681,#2682,#2683,#2684,
#2685,#2686,#2687,#2688,#2689,#2690,#2691,#2692,#2693,#2694,#2695,#2696,
#2697,#2698,#2699,#2700),.UNSPECIFIED.,.F.,.F.,(4,3,3,3,3,3,3,4),(-10.3760149606789,
-9.98204077948625,-8.98383670153763,-7.98563262358901,-6.98742854564038,
-5.98922446769175,-4.99102038974313,-4.09282965349932),.UNSPECIFIED.);
#289=B_SPLINE_CURVE_WITH_KNOTS('',3,(#2701,#2702,#2703,#2704,#2705,#2706,
#2707,#2708,#2709,#2710,#2711,#2712,#2713,#2714,#2715,#2716,#2717,#2718,
#2719,#2720,#2721,#2722),.UNSPECIFIED.,.F.,.F.,(4,3,3,3,3,3,3,4),(1.11850960794437,
1.99640815589725,2.99461223384587,3.9928163117945,4.99102038974313,5.98922446769175,
6.98742854564038,7.40169491512395),.UNSPECIFIED.);
#290=B_SPLINE_CURVE_WITH_KNOTS('',3,(#2727,#2728,#2729,#2730,#2731,#2732,
#2733,#2734,#2735,#2736,#2737,#2738,#2739,#2740,#2741,#2742,#2743,#2744,
#2745,#2746,#2747,#2748),.UNSPECIFIED.,.F.,.F.,(4,3,3,3,3,3,3,4),(-16.6592002678585,
-15.971265247178,-14.9730611692294,-13.9748570912808,-12.9766530133321,
-11.9784489353835,-10.9802448574349,-10.3760149606789),.UNSPECIFIED.);
#291=B_SPLINE_CURVE_WITH_KNOTS('',3,(#2749,#2750,#2751,#2752,#2753,#2754,
#2755,#2756,#2757,#2758,#2759,#2760,#2761,#2762,#2763,#2764,#2765,#2766,
#2767,#2768,#2769,#2770),.UNSPECIFIED.,.F.,.F.,(4,3,3,3,3,3,3,4),(7.40169491512395,
7.98563262358901,8.98383670153763,9.98204077948625,10.9802448574349,11.9784489353835,
12.9766530133321,13.6848802223035),.UNSPECIFIED.);
#292=B_SPLINE_CURVE_WITH_KNOTS('',3,(#2775,#2776,#2777,#2778,#2779,#2780,
#2781,#2782,#2783,#2784,#2785,#2786,#2787,#2788,#2789,#2790,#2791,#2792,
#2793,#2794,#2795,#2796),.UNSPECIFIED.,.F.,.F.,(4,3,3,3,3,3,3,4),(-22.9423855750381,
-21.9604897148698,-20.9622856369211,-19.9640815589725,-18.9658774810239,
-17.9676734030753,-16.9694693251266,-16.6592002678585),.UNSPECIFIED.);
#293=B_SPLINE_CURVE_WITH_KNOTS('',3,(#2797,#2798,#2799,#2800,#2801,#2802,
#2803,#2804,#2805,#2806,#2807,#2808,#2809,#2810,#2811,#2812,#2813,#2814,
#2815,#2816,#2817,#2818,#2819,#2820,#2821),.UNSPECIFIED.,.F.,.F.,(4,3,3,
3,3,3,3,3,4),(13.6848802223035,13.9748570912807,14.9730611692294,15.971265247178,
16.9694693251266,17.9676734030752,18.9658774810239,19.9640815589725,19.9680655294831),
 .UNSPECIFIED.);
#294=B_SPLINE_CURVE_WITH_KNOTS('',3,(#2826,#2827,#2828,#2829,#2830,#2831,
#2832,#2833,#2834,#2835,#2836,#2837,#2838,#2839,#2840,#2841,#2842,#2843,
#2844,#2845,#2846,#2847,#2848,#2849,#2850),.UNSPECIFIED.,.F.,.F.,(4,3,3,
3,3,3,3,3,4),(-29.2255708822177,-28.9479182605101,-27.9497141825615,-26.9515101046129,
-25.9533060266643,-24.9551019487156,-23.956897870767,-22.9586937928184,
-22.9423855750381),.UNSPECIFIED.);
#295=B_SPLINE_CURVE_WITH_KNOTS('',3,(#2851,#2852,#2853,#2854,#2855,#2856,
#2857,#2858,#2859,#2860,#2861,#2862,#2863,#2864,#2865,#2866,#2867,#2868,
#2869,#2870,#2871,#2872),.UNSPECIFIED.,.F.,.F.,(4,3,3,3,3,3,3,4),(19.9680655294831,
20.9622856369211,21.9604897148698,22.9586937928184,23.956897870767,24.9551019487156,
25.9533060266643,26.2512508366627),.UNSPECIFIED.);
#296=B_SPLINE_CURVE_WITH_KNOTS('',3,(#2877,#2878,#2879,#2880,#2881,#2882,
#2883,#2884,#2885,#2886,#2887,#2888,#2889,#2890,#2891,#2892,#2893,#2894,
#2895,#2896,#2897,#2898),.UNSPECIFIED.,.F.,.F.,(4,3,3,3,3,3,3,4),(-35.5087561893973,
-34.9371427282019,-33.9389386502533,-32.9407345723046,-31.942530494356,
-30.9443264164074,-29.9461223384588,-29.2255708822177),.UNSPECIFIED.);
#297=B_SPLINE_CURVE_WITH_KNOTS('',3,(#2899,#2900,#2901,#2902,#2903,#2904,
#2905,#2906,#2907,#2908,#2909,#2910,#2911,#2912,#2913,#2914,#2915,#2916,
#2917,#2918,#2919,#2920),.UNSPECIFIED.,.F.,.F.,(4,3,3,3,3,3,3,4),(26.2512508366627,
26.9515101046129,27.9497141825615,28.9479182605101,29.9461223384587,30.9443264164074,
31.942530494356,32.5344361438423),.UNSPECIFIED.);
#298=B_SPLINE_CURVE_WITH_KNOTS('',3,(#2925,#2926,#2927,#2928,#2929,#2930,
#2931,#2932,#2933,#2934,#2935,#2936,#2937,#2938,#2939,#2940,#2941,#2942,
#2943,#2944,#2945,#2946),.UNSPECIFIED.,.F.,.F.,(4,3,3,3,3,3,3,4),(-41.7919414965769,
-40.9263671958936,-39.928163117945,-38.9299590399964,-37.9317549620478,
-36.9335508840991,-35.9353468061505,-35.5087561893973),.UNSPECIFIED.);
#299=B_SPLINE_CURVE_WITH_KNOTS('',3,(#2947,#2948,#2949,#2950,#2951,#2952,
#2953,#2954,#2955,#2956,#2957,#2958,#2959,#2960,#2961,#2962,#2963,#2964,
#2965,#2966,#2967,#2968),.UNSPECIFIED.,.F.,.F.,(4,3,3,3,3,3,3,4),(32.5344361438423,
32.9407345723046,33.9389386502532,34.9371427282019,35.9353468061505,36.9335508840991,
37.9317549620477,38.8176214510219),.UNSPECIFIED.);
#300=B_SPLINE_CURVE_WITH_KNOTS('',3,(#2973,#2974,#2975,#2976,#2977,#2978,
#2979,#2980,#2981,#2982,#2983,#2984,#2985,#2986,#2987,#2988,#2989,#2990,
#2991,#2992,#2993,#2994,#2995,#2996,#2997),.UNSPECIFIED.,.F.,.F.,(4,3,3,
3,3,3,3,3,4),(-48.0751268037565,-47.913795741534,-46.9155916635854,-45.9173875856368,
-44.9191835076881,-43.9209794297395,-42.9227753517909,-41.9245712738423,
-41.7919414965769),.UNSPECIFIED.);
#301=B_SPLINE_CURVE_WITH_KNOTS('',3,(#2998,#2999,#3000,#3001,#3002,#3003,
#3004,#3005,#3006,#3007,#3008,#3009,#3010,#3011,#3012,#3013,#3014,#3015,
#3016,#3017,#3018,#3019,#3020,#3021,#3022),.UNSPECIFIED.,.F.,.F.,(4,3,3,
3,3,3,3,3,4),(38.8176214510219,38.9299590399964,39.928163117945,40.9263671958936,
41.9245712738422,42.9227753517909,43.9209794297395,44.9191835076881,45.1008067582015),
 .UNSPECIFIED.);
#302=B_SPLINE_CURVE_WITH_KNOTS('',3,(#3027,#3028,#3029,#3030,#3031,#3032,
#3033,#3034,#3035,#3036,#3037,#3038,#3039,#3040,#3041,#3042,#3043,#3044,
#3045,#3046,#3047,#3048),.UNSPECIFIED.,.F.,.F.,(4,3,3,3,3,3,3,4),(-54.358312110936,
-53.9030202092258,-52.9048161312771,-51.9066120533285,-50.9084079753799,
-49.9102038974313,-48.9119998194826,-48.0751268037565),.UNSPECIFIED.);
#303=B_SPLINE_CURVE_WITH_KNOTS('',3,(#3049,#3050,#3051,#3052,#3053,#3054,
#3055,#3056,#3057,#3058,#3059,#3060,#3061,#3062,#3063,#3064,#3065,#3066,
#3067,#3068,#3069,#3070),.UNSPECIFIED.,.F.,.F.,(4,3,3,3,3,3,3,4),(45.1008067582015,
45.9173875856367,46.9155916635854,47.913795741534,48.9119998194826,49.9102038974313,
50.9084079753799,51.3839920653811),.UNSPECIFIED.);
#304=B_SPLINE_CURVE_WITH_KNOTS('',3,(#3075,#3076,#3077,#3078,#3079,#3080,
#3081,#3082,#3083,#3084,#3085,#3086,#3087,#3088,#3089,#3090,#3091,#3092,
#3093,#3094,#3095,#3096),.UNSPECIFIED.,.F.,.F.,(4,3,3,3,3,3,3,4),(-60.6414974181156,
-59.8922446769175,-58.8940405989689,-57.8958365210203,-56.8976324430716,
-55.899428365123,-54.9012242871744,-54.358312110936),.UNSPECIFIED.);
#305=B_SPLINE_CURVE_WITH_KNOTS('',3,(#3097,#3098,#3099,#3100,#3101,#3102,
#3103,#3104,#3105,#3106,#3107,#3108,#3109,#3110,#3111,#3112,#3113,#3114,
#3115,#3116,#3117,#3118),.UNSPECIFIED.,.F.,.F.,(4,3,3,3,3,3,3,4),(51.3839920653811,
51.9066120533285,52.9048161312771,53.9030202092258,54.9012242871744,55.899428365123,
56.8976324430716,57.6671773725607),.UNSPECIFIED.);
#306=B_SPLINE_CURVE_WITH_KNOTS('',3,(#3123,#3124,#3125,#3126,#3127,#3128,
#3129,#3130,#3131,#3132,#3133,#3134,#3135,#3136,#3137,#3138,#3139,#3140,
#3141,#3142,#3143,#3144,#3145,#3146,#3147),.UNSPECIFIED.,.F.,.F.,(4,3,3,
3,3,3,3,3,4),(-66.9246827252952,-66.8796732225579,-65.8814691446093,-64.8832650666607,
-63.885060988712,-62.8868569107634,-61.8886528328148,-60.8904487548661,
-60.6414974181156),.UNSPECIFIED.);
#307=B_SPLINE_CURVE_WITH_KNOTS('',3,(#3148,#3149,#3150,#3151,#3152,#3153,
#3154,#3155,#3156,#3157,#3158,#3159,#3160,#3161,#3162,#3163,#3164,#3165,
#3166,#3167,#3168,#3169,#3170,#3171,#3172),.UNSPECIFIED.,.F.,.F.,(4,3,3,
3,3,3,3,3,4),(57.6671773725607,57.8958365210203,58.8940405989689,59.8922446769175,
60.8904487548661,61.8886528328148,62.8868569107634,63.885060988712,63.9503626797403),
 .UNSPECIFIED.);
#308=B_SPLINE_CURVE_WITH_KNOTS('',3,(#3177,#3178,#3179,#3180,#3181,#3182,
#3183,#3184,#3185,#3186,#3187,#3188,#3189,#3190,#3191,#3192,#3193,#3194,
#3195,#3196,#3197,#3198),.UNSPECIFIED.,.F.,.F.,(4,3,3,3,3,3,3,4),(-73.2078680324748,
-72.8688976902496,-71.870693612301,-70.8724895343524,-69.8742854564038,
-68.8760813784551,-67.8778773005065,-66.9246827252952),.UNSPECIFIED.);
#309=B_SPLINE_CURVE_WITH_KNOTS('',3,(#3199,#3200,#3201,#3202,#3203,#3204,
#3205,#3206,#3207,#3208,#3209,#3210,#3211,#3212,#3213,#3214,#3215,#3216,
#3217,#3218,#3219,#3220),.UNSPECIFIED.,.F.,.F.,(4,3,3,3,3,3,3,4),(63.9503626797403,
64.8832650666606,65.8814691446093,66.8796732225579,67.8778773005065,68.8760813784551,
69.8742854564038,70.2335479869199),.UNSPECIFIED.);
#310=B_SPLINE_CURVE_WITH_KNOTS('',3,(#3225,#3226,#3227,#3228,#3229,#3230,
#3231,#3232,#3233,#3234,#3235,#3236,#3237,#3238,#3239,#3240,#3241,#3242,
#3243,#3244,#3245,#3246),.UNSPECIFIED.,.F.,.F.,(4,3,3,3,3,3,3,4),(-79.4910533396544,
-78.8581221579414,-77.8599180799928,-76.8617140020442,-75.8635099240955,
-74.8653058461469,-73.8671017681983,-73.2078680324748),.UNSPECIFIED.);
#311=B_SPLINE_CURVE_WITH_KNOTS('',3,(#3247,#3248,#3249,#3250,#3251,#3252,
#3253,#3254,#3255,#3256,#3257,#3258,#3259,#3260,#3261,#3262,#3263,#3264,
#3265,#3266,#3267,#3268),.UNSPECIFIED.,.F.,.F.,(4,3,3,3,3,3,3,4),(70.2335479869199,
70.8724895343524,71.870693612301,72.8688976902496,73.8671017681982,74.8653058461469,
75.8635099240955,76.5167332940995),.UNSPECIFIED.);
#312=B_SPLINE_CURVE_WITH_KNOTS('',3,(#3273,#3274,#3275,#3276,#3277,#3278,
#3279,#3280,#3281,#3282,#3283,#3284,#3285,#3286,#3287,#3288,#3289,#3290,
#3291,#3292,#3293,#3294),.UNSPECIFIED.,.F.,.F.,(4,3,3,3,3,3,3,4),(-85.774238646834,
-84.8473466256332,-83.8491425476845,-82.8509384697359,-81.8527343917873,
-80.8545303138387,-79.85632623589,-79.4910533396544),.UNSPECIFIED.);
#313=B_SPLINE_CURVE_WITH_KNOTS('',3,(#3295,#3296,#3297,#3298,#3299,#3300,
#3301,#3302,#3303,#3304,#3305,#3306,#3307,#3308,#3309,#3310,#3311,#3312,
#3313,#3314,#3315,#3316),.UNSPECIFIED.,.F.,.F.,(4,3,3,3,3,3,3,4),(76.5167332940995,
76.8617140020441,77.8599180799927,78.8581221579414,79.85632623589,80.8545303138386,
81.8527343917873,82.7999186012791),.UNSPECIFIED.);
#314=B_SPLINE_CURVE_WITH_KNOTS('',3,(#3322,#3323,#3324,#3325,#3326,#3327,
#3328,#3329),.UNSPECIFIED.,.F.,.F.,(4,1,1,1,1,4),(91.106186954104,91.4714598503396,
92.4696639282882,93.4678680062368,94.4660720841855,95.3909377101774),
 .UNSPECIFIED.);
#315=B_SPLINE_CURVE_WITH_KNOTS('',3,(#3332,#3333,#3334,#3335,#3336,#3337,
#3338),.UNSPECIFIED.,.F.,.F.,(4,1,1,1,4),(91.106186954104,91.1572068225607,
92.1554109005094,93.153614978458,94.1518190564066),.UNSPECIFIED.);
#316=B_SPLINE_CURVE_WITH_KNOTS('',3,(#3343,#3344,#3345,#3346,#3347,#3348,
#3349,#3350,#3351,#3352),.UNSPECIFIED.,.F.,.F.,(4,1,1,1,1,1,1,4),(84.8230016469244,
85.4822353826478,86.4804394605965,87.4786435385451,88.4768476164937,89.4750516944423,
90.473255772391,91.106186954104),.UNSPECIFIED.);
#317=B_SPLINE_CURVE_WITH_KNOTS('',3,(#3353,#3354,#3355,#3356,#3357,#3358,
#3359,#3360,#3361,#3362),.UNSPECIFIED.,.F.,.F.,(4,1,1,1,1,1,1,4),(84.8230016469244,
85.167982354869,86.1661864328176,87.1643905107662,88.1625945887149,89.1607986666635,
90.1590027446121,91.106186954104),.UNSPECIFIED.);
#318=B_SPLINE_CURVE_WITH_KNOTS('',3,(#3367,#3368,#3369,#3370,#3371,#3372,
#3373,#3374,#3375,#3376),.UNSPECIFIED.,.F.,.F.,(4,1,1,1,1,1,1,4),(78.5398163397448,
79.4930109149561,80.4912149929047,81.4894190708533,82.487623148802,83.4858272267506,
84.4840313046992,84.8230016469244),.UNSPECIFIED.);
#319=B_SPLINE_CURVE_WITH_KNOTS('',3,(#3377,#3378,#3379,#3380,#3381,#3382,
#3383,#3384,#3385,#3386),.UNSPECIFIED.,.F.,.F.,(4,1,1,1,1,1,1,4),(78.5398163397448,
79.1787578871772,80.1769619651259,81.1751660430745,82.1733701210231,83.1715741989717,
84.1697782769204,84.8230016469244),.UNSPECIFIED.);
#320=B_SPLINE_CURVE_WITH_KNOTS('',3,(#3391,#3392,#3393,#3394,#3395,#3396,
#3397,#3398,#3399,#3400,#3401),.UNSPECIFIED.,.F.,.F.,(4,1,1,1,1,1,1,1,4),
(72.2566310325652,72.5055823693157,73.5037864472643,74.501990525213,75.5001946031616,
76.4983986811102,77.4966027590588,78.4948068370075,78.5398163397448),
 .UNSPECIFIED.);
#321=B_SPLINE_CURVE_WITH_KNOTS('',3,(#3402,#3403,#3404,#3405,#3406,#3407,
#3408,#3409,#3410,#3411),.UNSPECIFIED.,.F.,.F.,(4,1,1,1,1,1,1,4),(72.2566310325652,
73.1895334194855,74.1877374974341,75.1859415753827,76.1841456533314,77.18234973128,
78.1805538092286,78.5398163397448),.UNSPECIFIED.);
#322=B_SPLINE_CURVE_WITH_KNOTS('',3,(#3416,#3417,#3418,#3419,#3420,#3421,
#3422,#3423,#3424,#3425),.UNSPECIFIED.,.F.,.F.,(4,1,1,1,1,1,1,4),(65.9734457253856,
66.516357901624,67.5145619795726,68.5127660575212,69.5109701354698,70.5091742134185,
71.5073782913671,72.2566310325652),.UNSPECIFIED.);
#323=B_SPLINE_CURVE_WITH_KNOTS('',3,(#3426,#3427,#3428,#3429,#3430,#3431,
#3432,#3433,#3434,#3435,#3436),.UNSPECIFIED.,.F.,.F.,(4,1,1,1,1,1,1,1,4),
(65.9734457253856,66.2021048738451,67.2003089517937,68.1985130297424,69.196717107691,
70.1949211856396,71.1931252635882,72.1913293415369,72.2566310325652),
 .UNSPECIFIED.);
#324=B_SPLINE_CURVE_WITH_KNOTS('',3,(#3441,#3442,#3443,#3444,#3445,#3446,
#3447,#3448,#3449,#3450),.UNSPECIFIED.,.F.,.F.,(4,1,1,1,1,1,1,4),(59.690260418206,
60.5271334339322,61.5253375118808,62.5235415898295,63.5217456677781,64.5199497457267,
65.5181538236753,65.9734457253856),.UNSPECIFIED.);
#325=B_SPLINE_CURVE_WITH_KNOTS('',3,(#3451,#3452,#3453,#3454,#3455,#3456,
#3457,#3458,#3459,#3460),.UNSPECIFIED.,.F.,.F.,(4,1,1,1,1,1,1,4),(59.6902604182061,
60.2128804061534,61.211084484102,62.2092885620506,63.2074926399992,64.2056967179479,
65.2039007958965,65.9734457253856),.UNSPECIFIED.);
#326=B_SPLINE_CURVE_WITH_KNOTS('',3,(#3465,#3466,#3467,#3468,#3469,#3470,
#3471,#3472,#3473,#3474,#3475),.UNSPECIFIED.,.F.,.F.,(4,1,1,1,1,1,1,1,4),
(53.4070751110264,53.5397048882918,54.5379089662405,55.5361130441891,56.5343171221377,
57.5325212000863,58.530725278035,59.5289293559836,59.690260418206),
 .UNSPECIFIED.);
#327=B_SPLINE_CURVE_WITH_KNOTS('',3,(#3476,#3477,#3478,#3479,#3480,#3481,
#3482,#3483,#3484,#3485),.UNSPECIFIED.,.F.,.F.,(4,1,1,1,1,1,1,4),(53.4070751110264,
54.2236559384616,55.2218600164102,56.2200640943589,57.2182681723075,58.2164722502561,
59.2146763282047,59.6902604182061),.UNSPECIFIED.);
#328=B_SPLINE_CURVE_WITH_KNOTS('',3,(#3490,#3491,#3492,#3493,#3494,#3495,
#3496,#3497,#3498,#3499),.UNSPECIFIED.,.F.,.F.,(4,1,1,1,1,1,1,4),(47.1238898038469,
47.5504804206001,48.5486844985487,49.5468885764973,50.545092654446,51.5432967323946,
52.5415008103432,53.4070751110264),.UNSPECIFIED.);
#329=B_SPLINE_CURVE_WITH_KNOTS('',3,(#3500,#3501,#3502,#3503,#3504,#3505,
#3506,#3507,#3508,#3509,#3510),.UNSPECIFIED.,.F.,.F.,(4,1,1,1,1,1,1,1,4),
(47.1238898038469,47.2362273928212,48.2344314707699,49.2326355487185,50.2308396266671,
51.2290437046157,52.2272477825644,53.225451860513,53.4070751110264),
 .UNSPECIFIED.);
#330=B_SPLINE_CURVE_WITH_KNOTS('',3,(#3515,#3516,#3517,#3518,#3519,#3520,
#3521,#3522,#3523,#3524),.UNSPECIFIED.,.F.,.F.,(4,1,1,1,1,1,1,4),(40.8407044966673,
41.5612559529083,42.559460030857,43.5576641088056,44.5558681867542,45.5540722647028,
46.5522763426515,47.1238898038469),.UNSPECIFIED.);
#331=B_SPLINE_CURVE_WITH_KNOTS('',3,(#3525,#3526,#3527,#3528,#3529,#3530,
#3531,#3532,#3533,#3534),.UNSPECIFIED.,.F.,.F.,(4,1,1,1,1,1,1,4),(40.8407044966673,
41.2470029251295,42.2452070030781,43.2434110810267,44.2416151589754,45.239819236924,
46.2380233148726,47.1238898038469),.UNSPECIFIED.);
#332=B_SPLINE_CURVE_WITH_KNOTS('',3,(#3539,#3540,#3541,#3542,#3543,#3544,
#3545,#3546,#3547,#3548,#3549),.UNSPECIFIED.,.F.,.F.,(4,1,1,1,1,1,1,1,4),
(34.5575191894877,34.5738274072679,35.5720314852166,36.5702355631652,37.5684396411138,
38.5666437190624,39.5648477970111,40.5630518749597,40.8407044966673),
 .UNSPECIFIED.);
#333=B_SPLINE_CURVE_WITH_KNOTS('',3,(#3550,#3551,#3552,#3553,#3554,#3555,
#3556,#3557,#3558,#3559),.UNSPECIFIED.,.F.,.F.,(4,1,1,1,1,1,1,4),(34.5575191894877,
35.2577784574377,36.2559825353864,37.254186613335,38.2523906912836,39.2505947692322,
40.2487988471809,40.8407044966673),.UNSPECIFIED.);
#334=B_SPLINE_CURVE_WITH_KNOTS('',3,(#3564,#3565,#3566,#3567,#3568,#3569,
#3570,#3571,#3572,#3573),.UNSPECIFIED.,.F.,.F.,(4,1,1,1,1,1,1,4),(28.2743338823081,
28.5846029395762,29.5828070175248,30.5810110954734,31.5792151734221,32.5774192513707,
33.5756233293193,34.5575191894877),.UNSPECIFIED.);
#335=B_SPLINE_CURVE_WITH_KNOTS('',3,(#3574,#3575,#3576,#3577,#3578,#3579,
#3580,#3581,#3582,#3583),.UNSPECIFIED.,.F.,.F.,(4,1,1,1,1,1,1,4),(28.2743338823081,
29.268553989746,30.2667580676946,31.2649621456432,32.2631662235919,33.2613703015405,
34.2595743794891,34.5575191894877),.UNSPECIFIED.);
#336=B_SPLINE_CURVE_WITH_KNOTS('',3,(#3588,#3589,#3590,#3591,#3592,#3593,
#3594,#3595,#3596,#3597),.UNSPECIFIED.,.F.,.F.,(4,1,1,1,1,1,1,4),(21.9911485751285,
22.5953784718844,23.5935825498331,24.5917866277817,25.5899907057303,26.5881947836789,
27.5863988616276,28.2743338823081),.UNSPECIFIED.);
#337=B_SPLINE_CURVE_WITH_KNOTS('',3,(#3598,#3599,#3600,#3601,#3602,#3603,
#3604,#3605,#3606,#3607,#3608),.UNSPECIFIED.,.F.,.F.,(4,1,1,1,1,1,1,1,4),
(21.9911485751285,22.2811254441056,23.2793295220542,24.2775336000029,25.2757376779515,
26.2739417559001,27.2721458338487,28.2703499117974,28.2743338823081),
 .UNSPECIFIED.);
#338=B_SPLINE_CURVE_WITH_KNOTS('',3,(#3613,#3614,#3615,#3616,#3617,#3618,
#3619,#3620,#3621,#3622),.UNSPECIFIED.,.F.,.F.,(4,1,1,1,1,1,1,4),(15.7079632679489,
16.6061540041927,17.6043580821413,18.6025621600899,19.6007662380386,20.5989703159872,
21.5971743939358,21.9911485751285),.UNSPECIFIED.);
#339=B_SPLINE_CURVE_WITH_KNOTS('',3,(#3623,#3624,#3625,#3626,#3627,#3628,
#3629,#3630,#3631,#3632),.UNSPECIFIED.,.F.,.F.,(4,1,1,1,1,1,1,4),(15.7079632679489,
16.2919009764139,17.2901050543625,18.2883091323111,19.2865132102597,20.2847172882084,
21.282921366157,21.9911485751285),.UNSPECIFIED.);
#340=B_SPLINE_CURVE_WITH_KNOTS('',3,(#3664,#3665,#3666,#3667,#3668,#3669,
#3670,#3671,#3672,#3673,#3674,#3675,#3676,#3677,#3678,#3679,#3680,#3681,
#3682,#3683,#3684,#3685,#3686,#3687,#3688,#3689,#3690,#3691,#3692,#3693,
#3694,#3695,#3696,#3697,#3698,#3699,#3700,#3701,#3702,#3703,#3704,#3705,
#3706,#3707,#3708,#3709,#3710,#3711,#3712,#3713,#3714,#3715,#3716,#3717,
#3718,#3719,#3720,#3721,#3722,#3723,#3724,#3725,#3726,#3727,#3728,#3729,
#3730,#3731,#3732,#3733,#3734,#3735,#3736,#3737,#3738,#3739,#3740,#3741,
#3742),.UNSPECIFIED.,.F.,.F.,(4,3,3,3,3,3,3,3,3,3,3,3,3,3,3,3,3,3,3,3,3,
3,3,3,3,3,4),(0.,0.0157332611840875,0.0316485009665481,0.0431606277767461,
0.0480979866661949,0.051134511539945,0.0665911496784503,0.0816946857620107,
0.0922073931835411,0.0959447938973843,0.0986805877337294,0.113293793535388,
0.123745515448132,0.137687487445672,0.141383235105606,0.144136526612687,
0.158673707040088,0.173170566044035,0.180934406717086,0.184987971948528,
0.188050541512113,0.201946951682872,0.211337771827626,0.21536661766053,
0.228679471609482,0.235281291428447,0.239178774929425),.UNSPECIFIED.);
#341=B_SPLINE_CURVE_WITH_KNOTS('',3,(#3743,#3744,#3745,#3746,#3747,#3748,
#3749,#3750,#3751,#3752,#3753,#3754,#3755,#3756,#3757,#3758,#3759,#3760,
#3761,#3762,#3763,#3764,#3765,#3766,#3767,#3768,#3769,#3770,#3771,#3772,
#3773,#3774,#3775,#3776,#3777,#3778,#3779,#3780,#3781,#3782,#3783,#3784,
#3785,#3786,#3787,#3788,#3789,#3790,#3791,#3792,#3793,#3794,#3795,#3796,
#3797,#3798,#3799,#3800,#3801,#3802,#3803,#3804,#3805,#3806,#3807,#3808,
#3809,#3810,#3811,#3812,#3813,#3814,#3815,#3816,#3817,#3818,#3819,#3820,
#3821),.UNSPECIFIED.,.F.,.F.,(4,3,3,3,3,3,3,3,3,3,3,3,3,3,3,3,3,3,3,3,3,
3,3,3,3,3,4),(0.,0.0130373645592967,0.0266706024182428,0.0371724142671782,
0.0405852498193627,0.0429493085982758,0.057024089030615,0.0713800542197418,
0.0812063149672378,0.0841096329545098,0.0867360573587277,0.101536337631852,
0.110685097209726,0.125098850316938,0.128386000980973,0.130849163234075,
0.145616970786825,0.160757192812576,0.169825291098763,0.174696072017979,
0.177718773939275,0.193387034054027,0.204089797619461,0.208959322413643,
0.224841727853321,0.233301979102068,0.238077416065712),.UNSPECIFIED.);
#342=B_SPLINE_CURVE_WITH_KNOTS('',3,(#4365,#4366,#4367,#4368,#4369,#4370,
#4371,#4372,#4373,#4374,#4375,#4376,#4377,#4378,#4379,#4380,#4381,#4382,
#4383,#4384,#4385,#4386,#4387,#4388,#4389,#4390,#4391,#4392,#4393,#4394,
#4395,#4396,#4397,#4398,#4399,#4400,#4401,#4402,#4403,#4404,#4405,#4406,
#4407,#4408,#4409,#4410,#4411,#4412,#4413,#4414,#4415,#4416,#4417,#4418,
#4419,#4420,#4421,#4422,#4423,#4424,#4425,#4426,#4427,#4428,#4429,#4430,
#4431,#4432,#4433,#4434,#4435,#4436,#4437,#4438,#4439,#4440,#4441,#4442,
#4443),.UNSPECIFIED.,.F.,.F.,(4,3,3,3,3,3,3,3,3,3,3,3,3,3,3,3,3,3,3,3,3,
3,3,3,3,3,4),(0.,0.00893918803118136,0.0240831777863014,0.0366160929084939,
0.0427024189628696,0.0460848277003936,0.0489769935591699,0.0637176206903515,
0.0788748402087241,0.0857483938363826,0.0895319144670034,0.0927558957412875,
0.106814314427006,0.120419747014141,0.124346498763842,0.131282258800271,
0.135381249814885,0.149133239280049,0.162899593106323,0.170977624647698,
0.173931517994413,0.177103955472185,0.189708927963469,0.200172610294577,
0.203368444357904,0.215955168377753,0.227523845437321),.UNSPECIFIED.);
#343=B_SPLINE_CURVE_WITH_KNOTS('',3,(#4444,#4445,#4446,#4447,#4448,#4449,
#4450),.UNSPECIFIED.,.F.,.F.,(4,3,4),(82.7999186012791,82.8509384697359,
83.7758040957278),.UNSPECIFIED.);
#344=B_SPLINE_CURVE_WITH_KNOTS('',3,(#4452,#4453,#4454,#4455,#4456,#4457,
#4458,#4459,#4460,#4461,#4462,#4463,#4464,#4465,#4466,#4467,#4468,#4469,
#4470,#4471,#4472,#4473,#4474,#4475,#4476,#4477,#4478,#4479,#4480,#4481,
#4482,#4483,#4484,#4485,#4486,#4487,#4488,#4489,#4490,#4491,#4492,#4493,
#4494,#4495,#4496,#4497,#4498,#4499,#4500,#4501,#4502,#4503,#4504,#4505,
#4506,#4507,#4508,#4509,#4510,#4511,#4512,#4513,#4514,#4515,#4516,#4517,
#4518,#4519,#4520,#4521,#4522,#4523,#4524,#4525,#4526,#4527,#4528,#4529,
#4530),.UNSPECIFIED.,.F.,.F.,(4,3,3,3,3,3,3,3,3,3,3,3,3,3,3,3,3,3,3,3,3,
3,3,3,3,3,4),(-0.227523845437318,-0.220366394894264,-0.207354862790104,
-0.201595051769973,-0.198355703756664,-0.185240515772799,-0.176095181314786,
-0.172259096428145,-0.158262856836354,-0.144455435533639,-0.137410111165474,
-0.134234800677008,-0.131614090544135,-0.117356106693199,-0.116274138060982,
-0.102529090521062,-0.0956186683175839,-0.0920689731910637,-0.088873759103566,
-0.0745595306576498,-0.059921395765503,-0.0524312212948151,-0.0472013552703035,
-0.0444383269408402,-0.0293002433420732,-0.0142723215079494,0.),
 .UNSPECIFIED.);
#345=B_SPLINE_CURVE_WITH_KNOTS('',3,(#4531,#4532,#4533,#4534,#4535,#4536,
#4537,#4538,#4539),.UNSPECIFIED.,.F.,.F.,(4,1,1,1,1,1,4),(10.3760149606788,
11.3008805866707,12.2990846646194,13.297288742568,14.2954928205166,15.2936968984652,
15.7079632679489),.UNSPECIFIED.);
#346=B_SPLINE_CURVE_WITH_KNOTS('',3,(#4543,#4544,#4545,#4546,#4547,#4548,
#4549,#4550),.UNSPECIFIED.,.F.,.F.,(4,1,1,1,1,4),(11.6151336144496,12.6133376923982,
13.6115417703468,14.6097458482954,15.6079499262441,15.7079632679489),
 .UNSPECIFIED.);
#347=B_SPLINE_CURVE_WITH_KNOTS('',3,(#4908,#4909,#4910,#4911,#4912,#4913,
#4914,#4915,#4916,#4917,#4918,#4919,#4920,#4921,#4922,#4923,#4924,#4925,
#4926,#4927,#4928,#4929,#4930,#4931,#4932,#4933,#4934,#4935,#4936,#4937,
#4938,#4939,#4940,#4941,#4942,#4943,#4944,#4945,#4946,#4947,#4948,#4949,
#4950,#4951,#4952,#4953,#4954,#4955,#4956,#4957,#4958,#4959,#4960,#4961,
#4962,#4963,#4964,#4965,#4966,#4967,#4968,#4969,#4970,#4971,#4972,#4973,
#4974,#4975,#4976,#4977,#4978,#4979,#4980,#4981,#4982,#4983),
 .UNSPECIFIED.,.F.,.F.,(4,3,3,3,3,3,3,3,3,3,3,3,3,3,3,3,3,3,3,3,3,3,3,3,
3,4),(0.,0.00712946371466562,0.0200891782518607,0.0314289284719064,0.0376603881430295,
0.0401763238824098,0.0533652297598203,0.0668644142343967,0.0735444300292724,
0.077639513348791,0.0803728449786946,0.0943501289374414,0.108266178443191,
0.110807180012226,0.119281670740091,0.122220807937269,0.136191466457379,
0.150504100484681,0.159988565625298,0.162986142550334,0.165870552089735,
0.180997869469705,0.193658152995509,0.196651557650692,0.211792155777539,
0.226379821609616),.UNSPECIFIED.);
#348=B_SPLINE_CURVE_WITH_KNOTS('',3,(#4984,#4985,#4986,#4987,#4988,#4989,
#4990,#4991,#4992,#4993,#4994,#4995,#4996,#4997,#4998,#4999,#5000,#5001,
#5002,#5003,#5004,#5005,#5006,#5007,#5008,#5009,#5010,#5011,#5012,#5013,
#5014,#5015,#5016,#5017,#5018,#5019,#5020,#5021,#5022,#5023,#5024,#5025,
#5026,#5027,#5028,#5029,#5030,#5031,#5032,#5033,#5034,#5035,#5036,#5037,
#5038,#5039,#5040,#5041,#5042,#5043,#5044,#5045,#5046,#5047,#5048,#5049,
#5050,#5051,#5052,#5053,#5054,#5055,#5056,#5057,#5058,#5059,#5060,#5061,
#5062,#5063,#5064,#5065),.UNSPECIFIED.,.F.,.F.,(4,3,3,3,3,3,3,3,3,3,3,3,
3,3,3,3,3,3,3,3,3,3,3,3,3,3,3,4),(-0.226379821609597,-0.217486619498765,
-0.203147740653555,-0.195482073560641,-0.19208286964089,-0.177185204193348,
-0.167884002261316,-0.163700313719612,-0.161119964368796,-0.146533870460869,
-0.132469235828795,-0.125045824055869,-0.120048591950718,-0.117628017148538,
-0.103990247137045,-0.10277558873709,-0.0899037715071495,-0.0835229296870652,
-0.0792882660794498,-0.0760337484039192,-0.0624887693095838,-0.0490346676711445,
-0.0428446571177897,-0.0393311994635858,-0.0362033414467121,-0.0232904973684943,
-0.0108397517583851,0.),.UNSPECIFIED.);
#349=B_SPLINE_CURVE_WITH_KNOTS('',3,(#5066,#5067,#5068,#5069),
 .UNSPECIFIED.,.F.,.F.,(4,4),(-85.8455507035818,-85.774238646834),
 .UNSPECIFIED.);
#350=B_SPLINE_CURVE_WITH_KNOTS('',3,(#5073,#5074,#5075,#5076,#5077,#5078,
#5079,#5080,#5081,#5082,#5083),.UNSPECIFIED.,.F.,.F.,(4,1,1,1,1,1,1,1,4),
(15.7079632679489,15.8337029294321,16.8319159446238,17.8301289598155,18.8283419750071,
19.8265549901988,20.8247680053904,21.8229810205821,21.9911485751285),
 .UNSPECIFIED.);
#351=B_SPLINE_CURVE_WITH_KNOTS('',3,(#5084,#5085,#5086,#5087,#5088,#5089,
#5090,#5091,#5092,#5093),.UNSPECIFIED.,.F.,.F.,(4,1,1,1,1,1,1,4),(15.7079632679489,
16.3964384234567,17.3946514386484,18.3928644538401,19.3910774690317,20.3892904842234,
21.387503499415,21.9911485751285),.UNSPECIFIED.);
#352=B_SPLINE_CURVE_WITH_KNOTS('',3,(#5282,#5283,#5284,#5285,#5286,#5287,
#5288,#5289,#5290,#5291,#5292,#5293,#5294,#5295,#5296,#5297,#5298,#5299,
#5300,#5301,#5302,#5303,#5304,#5305,#5306,#5307,#5308,#5309,#5310,#5311,
#5312,#5313,#5314,#5315,#5316,#5317,#5318,#5319,#5320,#5321,#5322,#5323,
#5324,#5325,#5326,#5327,#5328,#5329,#5330,#5331,#5332,#5333,#5334,#5335,
#5336,#5337,#5338,#5339,#5340,#5341,#5342,#5343,#5344,#5345,#5346,#5347,
#5348,#5349,#5350,#5351,#5352,#5353,#5354,#5355,#5356,#5357,#5358,#5359,
#5360),.UNSPECIFIED.,.F.,.F.,(4,3,3,3,3,3,3,3,3,3,3,3,3,3,3,3,3,3,3,3,3,
3,3,3,3,3,4),(-0.238077416065689,-0.222198015043139,-0.208001146914148,
-0.20410549143039,-0.188455136372006,-0.179276934943669,-0.175622872147171,
-0.172670407823506,-0.157540692339279,-0.142705298066429,-0.134936511276368,
-0.13001123618534,-0.127123693062381,-0.115029524945306,-0.100217304542526,
-0.0881755304682901,-0.0849804191867808,-0.0822875533744072,-0.0679253859383802,
-0.0536876605609236,-0.0463808862731913,-0.0424284380682643,-0.0392400038773628,
-0.0255517951015856,-0.0123537198964224,-0.00388311194863787,0.),
 .UNSPECIFIED.);
#353=B_SPLINE_CURVE_WITH_KNOTS('',3,(#5361,#5362,#5363,#5364,#5365,#5366,
#5367,#5368,#5369,#5370,#5371,#5372,#5373,#5374,#5375,#5376,#5377,#5378,
#5379,#5380,#5381,#5382,#5383,#5384,#5385),.UNSPECIFIED.,.F.,.F.,(4,3,3,
3,3,3,3,3,4),(-10.1502977064631,-9.98213015191664,-8.98391713672497,-7.98570412153331,
-6.98749110634164,-5.98927809114998,-4.99106507595832,-3.99285206076665,
-3.86711239928348),.UNSPECIFIED.);
#354=B_SPLINE_CURVE_WITH_KNOTS('',3,(#5574,#5575,#5576,#5577,#5578,#5579,
#5580,#5581,#5582,#5583,#5584,#5585,#5586,#5587,#5588,#5589,#5590,#5591,
#5592,#5593,#5594,#5595,#5596,#5597,#5598,#5599,#5600,#5601,#5602,#5603,
#5604,#5605,#5606,#5607,#5608,#5609,#5610,#5611,#5612,#5613,#5614,#5615,
#5616,#5617,#5618,#5619,#5620,#5621,#5622,#5623,#5624,#5625,#5626,#5627,
#5628,#5629,#5630,#5631,#5632,#5633,#5634,#5635,#5636,#5637,#5638,#5639,
#5640,#5641,#5642,#5643,#5644,#5645,#5646,#5647,#5648,#5649,#5650,#5651,
#5652),.UNSPECIFIED.,.F.,.F.,(4,3,3,3,3,3,3,3,3,3,3,3,3,3,3,3,3,3,3,3,3,
3,3,3,3,3,4),(-0.239178774929418,-0.225990163999319,-0.217385289622733,
-0.213697359732541,-0.210731181965998,-0.196771223953636,-0.187221680333407,
-0.184030851993138,-0.169529724472913,-0.154984189314087,-0.147800481671185,
-0.143996933175708,-0.140374717559274,-0.128110094634676,-0.11374547347338,
-0.100126888206287,-0.0969579207592358,-0.0939683686501148,-0.0788826985446044,
-0.0634653121545426,-0.0554609909769359,-0.051022401461422,-0.0472877539781045,
-0.0313950082343058,-0.0156418001336778,-0.00479679133663864,0.),
 .UNSPECIFIED.);
#355=B_SPLINE_CURVE_WITH_KNOTS('',3,(#5653,#5654,#5655,#5656,#5657,#5658,
#5659,#5660,#5661,#5662,#5663,#5664,#5665,#5666,#5667,#5668,#5669,#5670,
#5671,#5672,#5673,#5674),.UNSPECIFIED.,.F.,.F.,(4,3,3,3,3,3,3,4),(7.59113618205515,
7.98570412153331,8.98391713672497,9.98213015191664,10.9803431671083,11.9785561823,
12.9767691974916,13.8743214892347),.UNSPECIFIED.);
#356=CIRCLE('',#1693,1.03775);
#357=CIRCLE('',#1695,1.03775);
#358=CIRCLE('',#1701,1.03775);
#359=CIRCLE('',#1703,1.29);
#360=CIRCLE('',#1710,1.29);
#361=CIRCLE('',#1712,1.215);
#362=CIRCLE('',#1727,0.95825);
#363=CIRCLE('',#1814,0.95825);
#364=CIRCLE('',#1816,1.215);
#365=LINE('',#2201,#478);
#366=LINE('',#2211,#479);
#367=LINE('',#2255,#480);
#368=LINE('',#2306,#481);
#369=LINE('',#2357,#482);
#370=LINE('',#2405,#483);
#371=LINE('',#2456,#484);
#372=LINE('',#2495,#485);
#373=LINE('',#2514,#486);
#374=LINE('',#2539,#487);
#375=LINE('',#2563,#488);
#376=LINE('',#2588,#489);
#377=LINE('',#2613,#490);
#378=LINE('',#2637,#491);
#379=LINE('',#2654,#492);
#380=LINE('',#2678,#493);
#381=LINE('',#2726,#494);
#382=LINE('',#2774,#495);
#383=LINE('',#2825,#496);
#384=LINE('',#2876,#497);
#385=LINE('',#2924,#498);
#386=LINE('',#2972,#499);
#387=LINE('',#3026,#500);
#388=LINE('',#3074,#501);
#389=LINE('',#3122,#502);
#390=LINE('',#3176,#503);
#391=LINE('',#3224,#504);
#392=LINE('',#3272,#505);
#393=LINE('',#3320,#506);
#394=LINE('',#3342,#507);
#395=LINE('',#3366,#508);
#396=LINE('',#3390,#509);
#397=LINE('',#3415,#510);
#398=LINE('',#3440,#511);
#399=LINE('',#3464,#512);
#400=LINE('',#3489,#513);
#401=LINE('',#3514,#514);
#402=LINE('',#3538,#515);
#403=LINE('',#3563,#516);
#404=LINE('',#3587,#517);
#405=LINE('',#3612,#518);
#406=LINE('',#3638,#519);
#407=LINE('',#3641,#520);
#408=LINE('',#3644,#521);
#409=LINE('',#3646,#522);
#410=LINE('',#3648,#523);
#411=LINE('',#3650,#524);
#412=LINE('',#3652,#525);
#413=LINE('',#3654,#526);
#414=LINE('',#3656,#527);
#415=LINE('',#3658,#528);
#416=LINE('',#3660,#529);
#417=LINE('',#3662,#530);
#418=LINE('',#3663,#531);
#419=LINE('',#3824,#532);
#420=LINE('',#3828,#533);
#421=LINE('',#3834,#534);
#422=LINE('',#3838,#535);
#423=LINE('',#3840,#536);
#424=LINE('',#3842,#537);
#425=LINE('',#3844,#538);
#426=LINE('',#3846,#539);
#427=LINE('',#3848,#540);
#428=LINE('',#3849,#541);
#429=LINE('',#3854,#542);
#430=LINE('',#3859,#543);
#431=LINE('',#3862,#544);
#432=LINE('',#3864,#545);
#433=LINE('',#3866,#546);
#434=LINE('',#3868,#547);
#435=LINE('',#3870,#548);
#436=LINE('',#3871,#549);
#437=LINE('',#3876,#550);
#438=LINE('',#3880,#551);
#439=LINE('',#3882,#552);
#440=LINE('',#3884,#553);
#441=LINE('',#3886,#554);
#442=LINE('',#3888,#555);
#443=LINE('',#3890,#556);
#444=LINE('',#3891,#557);
#445=LINE('',#3896,#558);
#446=LINE('',#3901,#559);
#447=LINE('',#3904,#560);
#448=LINE('',#3906,#561);
#449=LINE('',#3908,#562);
#450=LINE('',#3910,#563);
#451=LINE('',#3912,#564);
#452=LINE('',#3913,#565);
#453=LINE('',#3916,#566);
#454=LINE('',#3922,#567);
#455=LINE('',#3926,#568);
#456=LINE('',#3934,#569);
#457=LINE('',#3937,#570);
#458=LINE('',#3940,#571);
#459=LINE('',#3941,#572);
#460=LINE('',#3943,#573);
#461=LINE('',#3945,#574);
#462=LINE('',#3946,#575);
#463=LINE('',#3949,#576);
#464=LINE('',#3955,#577);
#465=LINE('',#3958,#578);
#466=LINE('',#3961,#579);
#467=LINE('',#3963,#580);
#468=LINE('',#3964,#581);
#469=LINE('',#3966,#582);
#470=LINE('',#3967,#583);
#471=LINE('',#3970,#584);
#472=LINE('',#3975,#585);
#473=LINE('',#3979,#586);
#474=LINE('',#3984,#587);
#475=LINE('',#3988,#588);
#476=LINE('',#3991,#589);
#477=LINE('',#3995,#590);
#478=VECTOR('',#1826,1.25);
#479=VECTOR('',#1831,1.25);
#480=VECTOR('',#1836,1.25);
#481=VECTOR('',#1839,1.25);
#482=VECTOR('',#1842,1.25);
#483=VECTOR('',#1845,1.25);
#484=VECTOR('',#1848,1.25);
#485=VECTOR('',#1853,1.29);
#486=VECTOR('',#1858,1.29);
#487=VECTOR('',#1861,1.29);
#488=VECTOR('',#1864,1.29);
#489=VECTOR('',#1867,1.29);
#490=VECTOR('',#1870,1.29);
#491=VECTOR('',#1873,1.29);
#492=VECTOR('',#1878,1.25);
#493=VECTOR('',#1883,1.25);
#494=VECTOR('',#1886,1.25);
#495=VECTOR('',#1889,1.25);
#496=VECTOR('',#1892,1.25);
#497=VECTOR('',#1895,1.25);
#498=VECTOR('',#1898,1.25);
#499=VECTOR('',#1901,1.25);
#500=VECTOR('',#1904,1.25);
#501=VECTOR('',#1907,1.25);
#502=VECTOR('',#1910,1.25);
#503=VECTOR('',#1913,1.25);
#504=VECTOR('',#1916,1.25);
#505=VECTOR('',#1919,1.25);
#506=VECTOR('',#1922,0.95825);
#507=VECTOR('',#1927,0.95825);
#508=VECTOR('',#1930,0.95825);
#509=VECTOR('',#1933,0.95825);
#510=VECTOR('',#1936,0.95825);
#511=VECTOR('',#1939,0.95825);
#512=VECTOR('',#1942,0.95825);
#513=VECTOR('',#1945,0.95825);
#514=VECTOR('',#1948,0.95825);
#515=VECTOR('',#1951,0.95825);
#516=VECTOR('',#1954,0.95825);
#517=VECTOR('',#1957,0.95825);
#518=VECTOR('',#1960,0.95825);
#519=VECTOR('',#1965,10.);
#520=VECTOR('',#1968,10.);
#521=VECTOR('',#1971,10.);
#522=VECTOR('',#1972,10.);
#523=VECTOR('',#1973,10.);
#524=VECTOR('',#1974,10.);
#525=VECTOR('',#1975,10.);
#526=VECTOR('',#1976,10.);
#527=VECTOR('',#1977,10.);
#528=VECTOR('',#1978,10.);
#529=VECTOR('',#1979,10.);
#530=VECTOR('',#1980,10.);
#531=VECTOR('',#1981,10.);
#532=VECTOR('',#1984,10.);
#533=VECTOR('',#1987,10.);
#534=VECTOR('',#1994,10.);
#535=VECTOR('',#1999,10.);
#536=VECTOR('',#2000,10.);
#537=VECTOR('',#2001,10.);
#538=VECTOR('',#2002,10.);
#539=VECTOR('',#2003,10.);
#540=VECTOR('',#2004,10.);
#541=VECTOR('',#2005,10.);
#542=VECTOR('',#2010,10.);
#543=VECTOR('',#2017,10.);
#544=VECTOR('',#2020,10.);
#545=VECTOR('',#2021,10.);
#546=VECTOR('',#2022,10.);
#547=VECTOR('',#2023,10.);
#548=VECTOR('',#2024,10.);
#549=VECTOR('',#2025,10.);
#550=VECTOR('',#2030,10.);
#551=VECTOR('',#2035,10.);
#552=VECTOR('',#2036,10.);
#553=VECTOR('',#2037,10.);
#554=VECTOR('',#2038,10.);
#555=VECTOR('',#2039,10.);
#556=VECTOR('',#2040,10.);
#557=VECTOR('',#2041,10.);
#558=VECTOR('',#2046,10.);
#559=VECTOR('',#2053,10.);
#560=VECTOR('',#2056,10.);
#561=VECTOR('',#2057,10.);
#562=VECTOR('',#2058,10.);
#563=VECTOR('',#2059,10.);
#564=VECTOR('',#2060,10.);
#565=VECTOR('',#2061,10.);
#566=VECTOR('',#2064,10.);
#567=VECTOR('',#2071,10.);
#568=VECTOR('',#2076,10.);
#569=VECTOR('',#2085,10.);
#570=VECTOR('',#2088,10.);
#571=VECTOR('',#2091,10.);
#572=VECTOR('',#2092,10.);
#573=VECTOR('',#2093,10.);
#574=VECTOR('',#2094,10.);
#575=VECTOR('',#2095,10.);
#576=VECTOR('',#2100,10.);
#577=VECTOR('',#2105,10.);
#578=VECTOR('',#2108,10.);
#579=VECTOR('',#2111,10.);
#580=VECTOR('',#2112,10.);
#581=VECTOR('',#2113,10.);
#582=VECTOR('',#2114,10.);
#583=VECTOR('',#2115,10.);
#584=VECTOR('',#2120,10.);
#585=VECTOR('',#2125,10.);
#586=VECTOR('',#2132,10.);
#587=VECTOR('',#2137,10.);
#588=VECTOR('',#2144,10.);
#589=VECTOR('',#2147,10.);
#590=VECTOR('',#2154,10.);
#591=VERTEX_POINT('',#2199);
#592=VERTEX_POINT('',#2200);
#593=VERTEX_POINT('',#2202);
#594=VERTEX_POINT('',#2209);
#595=VERTEX_POINT('',#2210);
#596=VERTEX_POINT('',#2212);
#597=VERTEX_POINT('',#2253);
#598=VERTEX_POINT('',#2254);
#599=VERTEX_POINT('',#2304);
#600=VERTEX_POINT('',#2305);
#601=VERTEX_POINT('',#2355);
#602=VERTEX_POINT('',#2356);
#603=VERTEX_POINT('',#2403);
#604=VERTEX_POINT('',#2404);
#605=VERTEX_POINT('',#2454);
#606=VERTEX_POINT('',#2455);
#607=VERTEX_POINT('',#2457);
#608=VERTEX_POINT('',#2471);
#609=VERTEX_POINT('',#2493);
#610=VERTEX_POINT('',#2494);
#611=VERTEX_POINT('',#2496);
#612=VERTEX_POINT('',#2503);
#613=VERTEX_POINT('',#2512);
#614=VERTEX_POINT('',#2513);
#615=VERTEX_POINT('',#2537);
#616=VERTEX_POINT('',#2538);
#617=VERTEX_POINT('',#2561);
#618=VERTEX_POINT('',#2562);
#619=VERTEX_POINT('',#2586);
#620=VERTEX_POINT('',#2587);
#621=VERTEX_POINT('',#2611);
#622=VERTEX_POINT('',#2612);
#623=VERTEX_POINT('',#2635);
#624=VERTEX_POINT('',#2636);
#625=VERTEX_POINT('',#2638);
#626=VERTEX_POINT('',#2644);
#627=VERTEX_POINT('',#2652);
#628=VERTEX_POINT('',#2653);
#629=VERTEX_POINT('',#2655);
#630=VERTEX_POINT('',#2666);
#631=VERTEX_POINT('',#2676);
#632=VERTEX_POINT('',#2677);
#633=VERTEX_POINT('',#2724);
#634=VERTEX_POINT('',#2725);
#635=VERTEX_POINT('',#2772);
#636=VERTEX_POINT('',#2773);
#637=VERTEX_POINT('',#2823);
#638=VERTEX_POINT('',#2824);
#639=VERTEX_POINT('',#2874);
#640=VERTEX_POINT('',#2875);
#641=VERTEX_POINT('',#2922);
#642=VERTEX_POINT('',#2923);
#643=VERTEX_POINT('',#2970);
#644=VERTEX_POINT('',#2971);
#645=VERTEX_POINT('',#3024);
#646=VERTEX_POINT('',#3025);
#647=VERTEX_POINT('',#3072);
#648=VERTEX_POINT('',#3073);
#649=VERTEX_POINT('',#3120);
#650=VERTEX_POINT('',#3121);
#651=VERTEX_POINT('',#3174);
#652=VERTEX_POINT('',#3175);
#653=VERTEX_POINT('',#3222);
#654=VERTEX_POINT('',#3223);
#655=VERTEX_POINT('',#3270);
#656=VERTEX_POINT('',#3271);
#657=VERTEX_POINT('',#3318);
#658=VERTEX_POINT('',#3319);
#659=VERTEX_POINT('',#3321);
#660=VERTEX_POINT('',#3330);
#661=VERTEX_POINT('',#3340);
#662=VERTEX_POINT('',#3341);
#663=VERTEX_POINT('',#3364);
#664=VERTEX_POINT('',#3365);
#665=VERTEX_POINT('',#3388);
#666=VERTEX_POINT('',#3389);
#667=VERTEX_POINT('',#3413);
#668=VERTEX_POINT('',#3414);
#669=VERTEX_POINT('',#3438);
#670=VERTEX_POINT('',#3439);
#671=VERTEX_POINT('',#3462);
#672=VERTEX_POINT('',#3463);
#673=VERTEX_POINT('',#3487);
#674=VERTEX_POINT('',#3488);
#675=VERTEX_POINT('',#3512);
#676=VERTEX_POINT('',#3513);
#677=VERTEX_POINT('',#3536);
#678=VERTEX_POINT('',#3537);
#679=VERTEX_POINT('',#3561);
#680=VERTEX_POINT('',#3562);
#681=VERTEX_POINT('',#3585);
#682=VERTEX_POINT('',#3586);
#683=VERTEX_POINT('',#3610);
#684=VERTEX_POINT('',#3611);
#685=VERTEX_POINT('',#3634);
#686=VERTEX_POINT('',#3635);
#687=VERTEX_POINT('',#3637);
#688=VERTEX_POINT('',#3639);
#689=VERTEX_POINT('',#3643);
#690=VERTEX_POINT('',#3645);
#691=VERTEX_POINT('',#3647);
#692=VERTEX_POINT('',#3649);
#693=VERTEX_POINT('',#3651);
#694=VERTEX_POINT('',#3653);
#695=VERTEX_POINT('',#3655);
#696=VERTEX_POINT('',#3657);
#697=VERTEX_POINT('',#3659);
#698=VERTEX_POINT('',#3661);
#699=VERTEX_POINT('',#3823);
#700=VERTEX_POINT('',#3825);
#701=VERTEX_POINT('',#3827);
#702=VERTEX_POINT('',#3831);
#703=VERTEX_POINT('',#3833);
#704=VERTEX_POINT('',#3837);
#705=VERTEX_POINT('',#3839);
#706=VERTEX_POINT('',#3841);
#707=VERTEX_POINT('',#3843);
#708=VERTEX_POINT('',#3845);
#709=VERTEX_POINT('',#3847);
#710=VERTEX_POINT('',#3851);
#711=VERTEX_POINT('',#3853);
#712=VERTEX_POINT('',#3857);
#713=VERTEX_POINT('',#3861);
#714=VERTEX_POINT('',#3863);
#715=VERTEX_POINT('',#3865);
#716=VERTEX_POINT('',#3867);
#717=VERTEX_POINT('',#3869);
#718=VERTEX_POINT('',#3873);
#719=VERTEX_POINT('',#3875);
#720=VERTEX_POINT('',#3879);
#721=VERTEX_POINT('',#3881);
#722=VERTEX_POINT('',#3883);
#723=VERTEX_POINT('',#3885);
#724=VERTEX_POINT('',#3887);
#725=VERTEX_POINT('',#3889);
#726=VERTEX_POINT('',#3893);
#727=VERTEX_POINT('',#3895);
#728=VERTEX_POINT('',#3899);
#729=VERTEX_POINT('',#3903);
#730=VERTEX_POINT('',#3905);
#731=VERTEX_POINT('',#3907);
#732=VERTEX_POINT('',#3909);
#733=VERTEX_POINT('',#3911);
#734=VERTEX_POINT('',#3915);
#735=VERTEX_POINT('',#3919);
#736=VERTEX_POINT('',#3921);
#737=VERTEX_POINT('',#3925);
#738=VERTEX_POINT('',#3930);
#739=VERTEX_POINT('',#3931);
#740=VERTEX_POINT('',#3933);
#741=VERTEX_POINT('',#3935);
#742=VERTEX_POINT('',#3939);
#743=VERTEX_POINT('',#3942);
#744=VERTEX_POINT('',#3944);
#745=VERTEX_POINT('',#3951);
#746=VERTEX_POINT('',#3952);
#747=VERTEX_POINT('',#3954);
#748=VERTEX_POINT('',#3956);
#749=VERTEX_POINT('',#3960);
#750=VERTEX_POINT('',#3962);
#751=VERTEX_POINT('',#3965);
#752=VERTEX_POINT('',#3972);
#753=VERTEX_POINT('',#3974);
#754=VERTEX_POINT('',#3981);
#755=VERTEX_POINT('',#3983);
#756=VERTEX_POINT('',#3990);
#757=VERTEX_POINT('',#4364);
#758=VERTEX_POINT('',#4451);
#759=VERTEX_POINT('',#4541);
#760=VERTEX_POINT('',#4907);
#761=EDGE_CURVE('',#591,#592,#365,.T.);
#762=EDGE_CURVE('',#592,#593,#356,.F.);
#763=EDGE_CURVE('',#593,#591,#259,.T.);
#764=EDGE_CURVE('',#594,#595,#366,.T.);
#765=EDGE_CURVE('',#595,#596,#260,.T.);
#766=EDGE_CURVE('',#596,#592,#357,.F.);
#767=EDGE_CURVE('',#591,#594,#261,.T.);
#768=EDGE_CURVE('',#597,#598,#367,.T.);
#769=EDGE_CURVE('',#598,#595,#262,.T.);
#770=EDGE_CURVE('',#594,#597,#263,.T.);
#771=EDGE_CURVE('',#599,#600,#368,.T.);
#772=EDGE_CURVE('',#600,#598,#264,.T.);
#773=EDGE_CURVE('',#597,#599,#265,.T.);
#774=EDGE_CURVE('',#601,#602,#369,.T.);
#775=EDGE_CURVE('',#602,#600,#266,.T.);
#776=EDGE_CURVE('',#599,#601,#267,.T.);
#777=EDGE_CURVE('',#603,#604,#370,.T.);
#778=EDGE_CURVE('',#604,#602,#268,.T.);
#779=EDGE_CURVE('',#601,#603,#269,.T.);
#780=EDGE_CURVE('',#605,#606,#371,.T.);
#781=EDGE_CURVE('',#605,#607,#270,.T.);
#782=EDGE_CURVE('',#608,#607,#358,.F.);
#783=EDGE_CURVE('',#608,#606,#271,.T.);
#784=EDGE_CURVE('',#609,#610,#372,.T.);
#785=EDGE_CURVE('',#610,#611,#272,.T.);
#786=EDGE_CURVE('',#612,#611,#359,.T.);
#787=EDGE_CURVE('',#609,#612,#273,.T.);
#788=EDGE_CURVE('',#613,#614,#373,.T.);
#789=EDGE_CURVE('',#614,#610,#274,.T.);
#790=EDGE_CURVE('',#613,#609,#275,.T.);
#791=EDGE_CURVE('',#615,#616,#374,.T.);
#792=EDGE_CURVE('',#616,#614,#276,.T.);
#793=EDGE_CURVE('',#615,#613,#277,.T.);
#794=EDGE_CURVE('',#617,#618,#375,.T.);
#795=EDGE_CURVE('',#618,#616,#278,.T.);
#796=EDGE_CURVE('',#617,#615,#279,.T.);
#797=EDGE_CURVE('',#619,#620,#376,.T.);
#798=EDGE_CURVE('',#620,#618,#280,.T.);
#799=EDGE_CURVE('',#619,#617,#281,.T.);
#800=EDGE_CURVE('',#621,#622,#377,.T.);
#801=EDGE_CURVE('',#622,#620,#282,.T.);
#802=EDGE_CURVE('',#621,#619,#283,.T.);
#803=EDGE_CURVE('',#623,#624,#378,.T.);
#804=EDGE_CURVE('',#625,#623,#284,.T.);
#805=EDGE_CURVE('',#626,#625,#360,.T.);
#806=EDGE_CURVE('',#626,#624,#285,.T.);
#807=EDGE_CURVE('',#627,#628,#379,.T.);
#808=EDGE_CURVE('',#627,#629,#286,.T.);
#809=EDGE_CURVE('',#630,#629,#361,.T.);
#810=EDGE_CURVE('',#630,#628,#287,.T.);
#811=EDGE_CURVE('',#631,#632,#380,.T.);
#812=EDGE_CURVE('',#631,#627,#288,.T.);
#813=EDGE_CURVE('',#628,#632,#289,.T.);
#814=EDGE_CURVE('',#633,#634,#381,.T.);
#815=EDGE_CURVE('',#633,#631,#290,.T.);
#816=EDGE_CURVE('',#632,#634,#291,.T.);
#817=EDGE_CURVE('',#635,#636,#382,.T.);
#818=EDGE_CURVE('',#635,#633,#292,.T.);
#819=EDGE_CURVE('',#634,#636,#293,.T.);
#820=EDGE_CURVE('',#637,#638,#383,.T.);
#821=EDGE_CURVE('',#637,#635,#294,.T.);
#822=EDGE_CURVE('',#636,#638,#295,.T.);
#823=EDGE_CURVE('',#639,#640,#384,.T.);
#824=EDGE_CURVE('',#639,#637,#296,.T.);
#825=EDGE_CURVE('',#638,#640,#297,.T.);
#826=EDGE_CURVE('',#641,#642,#385,.T.);
#827=EDGE_CURVE('',#641,#639,#298,.T.);
#828=EDGE_CURVE('',#640,#642,#299,.T.);
#829=EDGE_CURVE('',#643,#644,#386,.T.);
#830=EDGE_CURVE('',#643,#641,#300,.T.);
#831=EDGE_CURVE('',#642,#644,#301,.T.);
#832=EDGE_CURVE('',#645,#646,#387,.T.);
#833=EDGE_CURVE('',#645,#643,#302,.T.);
#834=EDGE_CURVE('',#644,#646,#303,.T.);
#835=EDGE_CURVE('',#647,#648,#388,.T.);
#836=EDGE_CURVE('',#647,#645,#304,.T.);
#837=EDGE_CURVE('',#646,#648,#305,.T.);
#838=EDGE_CURVE('',#649,#650,#389,.T.);
#839=EDGE_CURVE('',#649,#647,#306,.T.);
#840=EDGE_CURVE('',#648,#650,#307,.T.);
#841=EDGE_CURVE('',#651,#652,#390,.T.);
#842=EDGE_CURVE('',#651,#649,#308,.T.);
#843=EDGE_CURVE('',#650,#652,#309,.T.);
#844=EDGE_CURVE('',#653,#654,#391,.T.);
#845=EDGE_CURVE('',#653,#651,#310,.T.);
#846=EDGE_CURVE('',#652,#654,#311,.T.);
#847=EDGE_CURVE('',#655,#656,#392,.T.);
#848=EDGE_CURVE('',#655,#653,#312,.T.);
#849=EDGE_CURVE('',#654,#656,#313,.T.);
#850=EDGE_CURVE('',#657,#658,#393,.T.);
#851=EDGE_CURVE('',#657,#659,#314,.T.);
#852=EDGE_CURVE('',#660,#659,#362,.T.);
#853=EDGE_CURVE('',#658,#660,#315,.T.);
#854=EDGE_CURVE('',#661,#662,#394,.T.);
#855=EDGE_CURVE('',#661,#657,#316,.T.);
#856=EDGE_CURVE('',#662,#658,#317,.T.);
#857=EDGE_CURVE('',#663,#664,#395,.T.);
#858=EDGE_CURVE('',#663,#661,#318,.T.);
#859=EDGE_CURVE('',#664,#662,#319,.T.);
#860=EDGE_CURVE('',#665,#666,#396,.T.);
#861=EDGE_CURVE('',#665,#663,#320,.T.);
#862=EDGE_CURVE('',#666,#664,#321,.T.);
#863=EDGE_CURVE('',#667,#668,#397,.T.);
#864=EDGE_CURVE('',#667,#665,#322,.T.);
#865=EDGE_CURVE('',#668,#666,#323,.T.);
#866=EDGE_CURVE('',#669,#670,#398,.T.);
#867=EDGE_CURVE('',#669,#667,#324,.T.);
#868=EDGE_CURVE('',#670,#668,#325,.T.);
#869=EDGE_CURVE('',#671,#672,#399,.T.);
#870=EDGE_CURVE('',#671,#669,#326,.T.);
#871=EDGE_CURVE('',#672,#670,#327,.T.);
#872=EDGE_CURVE('',#673,#674,#400,.T.);
#873=EDGE_CURVE('',#673,#671,#328,.T.);
#874=EDGE_CURVE('',#674,#672,#329,.T.);
#875=EDGE_CURVE('',#675,#676,#401,.T.);
#876=EDGE_CURVE('',#675,#673,#330,.T.);
#877=EDGE_CURVE('',#676,#674,#331,.T.);
#878=EDGE_CURVE('',#677,#678,#402,.T.);
#879=EDGE_CURVE('',#677,#675,#332,.T.);
#880=EDGE_CURVE('',#678,#676,#333,.T.);
#881=EDGE_CURVE('',#679,#680,#403,.T.);
#882=EDGE_CURVE('',#679,#677,#334,.T.);
#883=EDGE_CURVE('',#680,#678,#335,.T.);
#884=EDGE_CURVE('',#681,#682,#404,.T.);
#885=EDGE_CURVE('',#681,#679,#336,.T.);
#886=EDGE_CURVE('',#682,#680,#337,.T.);
#887=EDGE_CURVE('',#683,#684,#405,.T.);
#888=EDGE_CURVE('',#683,#681,#338,.T.);
#889=EDGE_CURVE('',#684,#682,#339,.T.);
#890=EDGE_CURVE('',#685,#686,#43,.T.);
#891=EDGE_CURVE('',#686,#687,#406,.T.);
#892=EDGE_CURVE('',#687,#688,#44,.T.);
#893=EDGE_CURVE('',#688,#685,#407,.T.);
#894=EDGE_CURVE('',#689,#688,#408,.T.);
#895=EDGE_CURVE('',#690,#689,#409,.T.);
#896=EDGE_CURVE('',#690,#691,#410,.T.);
#897=EDGE_CURVE('',#692,#691,#411,.T.);
#898=EDGE_CURVE('',#693,#692,#412,.T.);
#899=EDGE_CURVE('',#694,#693,#413,.T.);
#900=EDGE_CURVE('',#695,#694,#414,.T.);
#901=EDGE_CURVE('',#696,#695,#415,.T.);
#902=EDGE_CURVE('',#697,#696,#416,.T.);
#903=EDGE_CURVE('',#698,#697,#417,.T.);
#904=EDGE_CURVE('',#685,#698,#418,.T.);
#905=EDGE_CURVE('',#625,#608,#340,.T.);
#906=EDGE_CURVE('',#607,#626,#341,.T.);
#907=EDGE_CURVE('',#687,#699,#419,.T.);
#908=EDGE_CURVE('',#700,#699,#45,.T.);
#909=EDGE_CURVE('',#700,#701,#420,.T.);
#910=EDGE_CURVE('',#689,#701,#46,.T.);
#911=EDGE_CURVE('',#697,#702,#47,.T.);
#912=EDGE_CURVE('',#702,#703,#421,.T.);
#913=EDGE_CURVE('',#703,#698,#48,.T.);
#914=EDGE_CURVE('',#704,#702,#422,.T.);
#915=EDGE_CURVE('',#705,#704,#423,.T.);
#916=EDGE_CURVE('',#706,#705,#424,.T.);
#917=EDGE_CURVE('',#707,#706,#425,.T.);
#918=EDGE_CURVE('',#708,#707,#426,.T.);
#919=EDGE_CURVE('',#709,#708,#427,.T.);
#920=EDGE_CURVE('',#703,#709,#428,.T.);
#921=EDGE_CURVE('',#710,#696,#49,.T.);
#922=EDGE_CURVE('',#710,#711,#429,.T.);
#923=EDGE_CURVE('',#704,#711,#50,.T.);
#924=EDGE_CURVE('',#695,#712,#51,.T.);
#925=EDGE_CURVE('',#712,#710,#430,.T.);
#926=EDGE_CURVE('',#713,#712,#431,.T.);
#927=EDGE_CURVE('',#714,#713,#432,.T.);
#928=EDGE_CURVE('',#715,#714,#433,.T.);
#929=EDGE_CURVE('',#716,#715,#434,.T.);
#930=EDGE_CURVE('',#717,#716,#435,.T.);
#931=EDGE_CURVE('',#711,#717,#436,.T.);
#932=EDGE_CURVE('',#693,#718,#52,.T.);
#933=EDGE_CURVE('',#718,#719,#437,.T.);
#934=EDGE_CURVE('',#719,#694,#53,.T.);
#935=EDGE_CURVE('',#720,#718,#438,.T.);
#936=EDGE_CURVE('',#721,#720,#439,.T.);
#937=EDGE_CURVE('',#722,#721,#440,.T.);
#938=EDGE_CURVE('',#723,#722,#441,.T.);
#939=EDGE_CURVE('',#724,#723,#442,.T.);
#940=EDGE_CURVE('',#725,#724,#443,.T.);
#941=EDGE_CURVE('',#719,#725,#444,.T.);
#942=EDGE_CURVE('',#726,#692,#54,.T.);
#943=EDGE_CURVE('',#726,#727,#445,.T.);
#944=EDGE_CURVE('',#720,#727,#55,.T.);
#945=EDGE_CURVE('',#691,#728,#56,.T.);
#946=EDGE_CURVE('',#728,#726,#446,.T.);
#947=EDGE_CURVE('',#728,#729,#447,.F.);
#948=EDGE_CURVE('',#730,#729,#448,.T.);
#949=EDGE_CURVE('',#730,#731,#449,.T.);
#950=EDGE_CURVE('',#732,#731,#450,.T.);
#951=EDGE_CURVE('',#733,#732,#451,.T.);
#952=EDGE_CURVE('',#727,#733,#452,.T.);
#953=EDGE_CURVE('',#701,#734,#453,.T.);
#954=EDGE_CURVE('',#734,#690,#57,.T.);
#955=EDGE_CURVE('',#731,#735,#58,.T.);
#956=EDGE_CURVE('',#735,#736,#454,.T.);
#957=EDGE_CURVE('',#736,#732,#59,.T.);
#958=EDGE_CURVE('',#736,#737,#455,.T.);
#959=EDGE_CURVE('',#722,#737,#60,.T.);
#960=EDGE_CURVE('',#733,#721,#61,.T.);
#961=EDGE_CURVE('',#738,#739,#62,.T.);
#962=EDGE_CURVE('',#739,#740,#456,.T.);
#963=EDGE_CURVE('',#740,#741,#63,.T.);
#964=EDGE_CURVE('',#741,#738,#457,.T.);
#965=EDGE_CURVE('',#742,#700,#458,.T.);
#966=EDGE_CURVE('',#738,#742,#459,.T.);
#967=EDGE_CURVE('',#741,#743,#460,.T.);
#968=EDGE_CURVE('',#744,#743,#461,.T.);
#969=EDGE_CURVE('',#744,#734,#462,.F.);
#970=EDGE_CURVE('',#743,#730,#64,.T.);
#971=EDGE_CURVE('',#735,#740,#463,.T.);
#972=EDGE_CURVE('',#745,#746,#65,.T.);
#973=EDGE_CURVE('',#746,#747,#464,.T.);
#974=EDGE_CURVE('',#747,#748,#66,.T.);
#975=EDGE_CURVE('',#748,#745,#465,.T.);
#976=EDGE_CURVE('',#749,#686,#466,.T.);
#977=EDGE_CURVE('',#750,#749,#467,.T.);
#978=EDGE_CURVE('',#745,#750,#468,.T.);
#979=EDGE_CURVE('',#751,#748,#469,.T.);
#980=EDGE_CURVE('',#699,#751,#470,.T.);
#981=EDGE_CURVE('',#751,#742,#67,.T.);
#982=EDGE_CURVE('',#747,#739,#471,.T.);
#983=EDGE_CURVE('',#706,#752,#68,.T.);
#984=EDGE_CURVE('',#752,#753,#472,.T.);
#985=EDGE_CURVE('',#753,#707,#69,.T.);
#986=EDGE_CURVE('',#708,#750,#70,.T.);
#987=EDGE_CURVE('',#753,#746,#473,.T.);
#988=EDGE_CURVE('',#715,#754,#71,.T.);
#989=EDGE_CURVE('',#754,#755,#474,.T.);
#990=EDGE_CURVE('',#755,#716,#72,.T.);
#991=EDGE_CURVE('',#717,#705,#73,.T.);
#992=EDGE_CURVE('',#755,#752,#475,.T.);
#993=EDGE_CURVE('',#737,#756,#476,.T.);
#994=EDGE_CURVE('',#756,#723,#74,.T.);
#995=EDGE_CURVE('',#724,#714,#75,.T.);
#996=EDGE_CURVE('',#756,#754,#477,.T.);
#997=EDGE_CURVE('',#713,#725,#76,.T.);
#998=EDGE_CURVE('',#749,#709,#77,.T.);
#999=EDGE_CURVE('',#729,#744,#78,.T.);
#1000=EDGE_CURVE('',#757,#660,#342,.T.);
#1001=EDGE_CURVE('',#656,#757,#343,.T.);
#1002=EDGE_CURVE('',#758,#630,#344,.T.);
#1003=EDGE_CURVE('',#758,#684,#345,.T.);
#1004=EDGE_CURVE('',#759,#758,#363,.T.);
#1005=EDGE_CURVE('',#759,#683,#346,.T.);
#1006=EDGE_CURVE('',#659,#760,#347,.T.);
#1007=EDGE_CURVE('',#629,#759,#348,.T.);
#1008=EDGE_CURVE('',#760,#655,#349,.T.);
#1009=EDGE_CURVE('',#760,#757,#364,.F.);
#1010=EDGE_CURVE('',#624,#622,#350,.T.);
#1011=EDGE_CURVE('',#623,#621,#351,.T.);
#1012=EDGE_CURVE('',#611,#593,#352,.T.);
#1013=EDGE_CURVE('',#603,#605,#353,.T.);
#1014=EDGE_CURVE('',#596,#612,#354,.T.);
#1015=EDGE_CURVE('',#606,#604,#355,.T.);
#1016=ORIENTED_EDGE('',*,*,#761,.T.);
#1017=ORIENTED_EDGE('',*,*,#762,.T.);
#1018=ORIENTED_EDGE('',*,*,#763,.T.);
#1019=ORIENTED_EDGE('',*,*,#764,.T.);
#1020=ORIENTED_EDGE('',*,*,#765,.T.);
#1021=ORIENTED_EDGE('',*,*,#766,.T.);
#1022=ORIENTED_EDGE('',*,*,#761,.F.);
#1023=ORIENTED_EDGE('',*,*,#767,.T.);
#1024=ORIENTED_EDGE('',*,*,#768,.T.);
#1025=ORIENTED_EDGE('',*,*,#769,.T.);
#1026=ORIENTED_EDGE('',*,*,#764,.F.);
#1027=ORIENTED_EDGE('',*,*,#770,.T.);
#1028=ORIENTED_EDGE('',*,*,#771,.T.);
#1029=ORIENTED_EDGE('',*,*,#772,.T.);
#1030=ORIENTED_EDGE('',*,*,#768,.F.);
#1031=ORIENTED_EDGE('',*,*,#773,.T.);
#1032=ORIENTED_EDGE('',*,*,#774,.T.);
#1033=ORIENTED_EDGE('',*,*,#775,.T.);
#1034=ORIENTED_EDGE('',*,*,#771,.F.);
#1035=ORIENTED_EDGE('',*,*,#776,.T.);
#1036=ORIENTED_EDGE('',*,*,#777,.T.);
#1037=ORIENTED_EDGE('',*,*,#778,.T.);
#1038=ORIENTED_EDGE('',*,*,#774,.F.);
#1039=ORIENTED_EDGE('',*,*,#779,.T.);
#1040=ORIENTED_EDGE('',*,*,#780,.F.);
#1041=ORIENTED_EDGE('',*,*,#781,.T.);
#1042=ORIENTED_EDGE('',*,*,#782,.F.);
#1043=ORIENTED_EDGE('',*,*,#783,.T.);
#1044=ORIENTED_EDGE('',*,*,#784,.T.);
#1045=ORIENTED_EDGE('',*,*,#785,.T.);
#1046=ORIENTED_EDGE('',*,*,#786,.F.);
#1047=ORIENTED_EDGE('',*,*,#787,.F.);
#1048=ORIENTED_EDGE('',*,*,#788,.T.);
#1049=ORIENTED_EDGE('',*,*,#789,.T.);
#1050=ORIENTED_EDGE('',*,*,#784,.F.);
#1051=ORIENTED_EDGE('',*,*,#790,.F.);
#1052=ORIENTED_EDGE('',*,*,#791,.T.);
#1053=ORIENTED_EDGE('',*,*,#792,.T.);
#1054=ORIENTED_EDGE('',*,*,#788,.F.);
#1055=ORIENTED_EDGE('',*,*,#793,.F.);
#1056=ORIENTED_EDGE('',*,*,#794,.T.);
#1057=ORIENTED_EDGE('',*,*,#795,.T.);
#1058=ORIENTED_EDGE('',*,*,#791,.F.);
#1059=ORIENTED_EDGE('',*,*,#796,.F.);
#1060=ORIENTED_EDGE('',*,*,#797,.T.);
#1061=ORIENTED_EDGE('',*,*,#798,.T.);
#1062=ORIENTED_EDGE('',*,*,#794,.F.);
#1063=ORIENTED_EDGE('',*,*,#799,.F.);
#1064=ORIENTED_EDGE('',*,*,#800,.T.);
#1065=ORIENTED_EDGE('',*,*,#801,.T.);
#1066=ORIENTED_EDGE('',*,*,#797,.F.);
#1067=ORIENTED_EDGE('',*,*,#802,.F.);
#1068=ORIENTED_EDGE('',*,*,#803,.F.);
#1069=ORIENTED_EDGE('',*,*,#804,.F.);
#1070=ORIENTED_EDGE('',*,*,#805,.F.);
#1071=ORIENTED_EDGE('',*,*,#806,.T.);
#1072=ORIENTED_EDGE('',*,*,#807,.F.);
#1073=ORIENTED_EDGE('',*,*,#808,.T.);
#1074=ORIENTED_EDGE('',*,*,#809,.F.);
#1075=ORIENTED_EDGE('',*,*,#810,.T.);
#1076=ORIENTED_EDGE('',*,*,#811,.F.);
#1077=ORIENTED_EDGE('',*,*,#812,.T.);
#1078=ORIENTED_EDGE('',*,*,#807,.T.);
#1079=ORIENTED_EDGE('',*,*,#813,.T.);
#1080=ORIENTED_EDGE('',*,*,#814,.F.);
#1081=ORIENTED_EDGE('',*,*,#815,.T.);
#1082=ORIENTED_EDGE('',*,*,#811,.T.);
#1083=ORIENTED_EDGE('',*,*,#816,.T.);
#1084=ORIENTED_EDGE('',*,*,#817,.F.);
#1085=ORIENTED_EDGE('',*,*,#818,.T.);
#1086=ORIENTED_EDGE('',*,*,#814,.T.);
#1087=ORIENTED_EDGE('',*,*,#819,.T.);
#1088=ORIENTED_EDGE('',*,*,#820,.F.);
#1089=ORIENTED_EDGE('',*,*,#821,.T.);
#1090=ORIENTED_EDGE('',*,*,#817,.T.);
#1091=ORIENTED_EDGE('',*,*,#822,.T.);
#1092=ORIENTED_EDGE('',*,*,#823,.F.);
#1093=ORIENTED_EDGE('',*,*,#824,.T.);
#1094=ORIENTED_EDGE('',*,*,#820,.T.);
#1095=ORIENTED_EDGE('',*,*,#825,.T.);
#1096=ORIENTED_EDGE('',*,*,#826,.F.);
#1097=ORIENTED_EDGE('',*,*,#827,.T.);
#1098=ORIENTED_EDGE('',*,*,#823,.T.);
#1099=ORIENTED_EDGE('',*,*,#828,.T.);
#1100=ORIENTED_EDGE('',*,*,#829,.F.);
#1101=ORIENTED_EDGE('',*,*,#830,.T.);
#1102=ORIENTED_EDGE('',*,*,#826,.T.);
#1103=ORIENTED_EDGE('',*,*,#831,.T.);
#1104=ORIENTED_EDGE('',*,*,#832,.F.);
#1105=ORIENTED_EDGE('',*,*,#833,.T.);
#1106=ORIENTED_EDGE('',*,*,#829,.T.);
#1107=ORIENTED_EDGE('',*,*,#834,.T.);
#1108=ORIENTED_EDGE('',*,*,#835,.F.);
#1109=ORIENTED_EDGE('',*,*,#836,.T.);
#1110=ORIENTED_EDGE('',*,*,#832,.T.);
#1111=ORIENTED_EDGE('',*,*,#837,.T.);
#1112=ORIENTED_EDGE('',*,*,#838,.F.);
#1113=ORIENTED_EDGE('',*,*,#839,.T.);
#1114=ORIENTED_EDGE('',*,*,#835,.T.);
#1115=ORIENTED_EDGE('',*,*,#840,.T.);
#1116=ORIENTED_EDGE('',*,*,#841,.F.);
#1117=ORIENTED_EDGE('',*,*,#842,.T.);
#1118=ORIENTED_EDGE('',*,*,#838,.T.);
#1119=ORIENTED_EDGE('',*,*,#843,.T.);
#1120=ORIENTED_EDGE('',*,*,#844,.F.);
#1121=ORIENTED_EDGE('',*,*,#845,.T.);
#1122=ORIENTED_EDGE('',*,*,#841,.T.);
#1123=ORIENTED_EDGE('',*,*,#846,.T.);
#1124=ORIENTED_EDGE('',*,*,#847,.F.);
#1125=ORIENTED_EDGE('',*,*,#848,.T.);
#1126=ORIENTED_EDGE('',*,*,#844,.T.);
#1127=ORIENTED_EDGE('',*,*,#849,.T.);
#1128=ORIENTED_EDGE('',*,*,#850,.F.);
#1129=ORIENTED_EDGE('',*,*,#851,.T.);
#1130=ORIENTED_EDGE('',*,*,#852,.F.);
#1131=ORIENTED_EDGE('',*,*,#853,.F.);
#1132=ORIENTED_EDGE('',*,*,#854,.F.);
#1133=ORIENTED_EDGE('',*,*,#855,.T.);
#1134=ORIENTED_EDGE('',*,*,#850,.T.);
#1135=ORIENTED_EDGE('',*,*,#856,.F.);
#1136=ORIENTED_EDGE('',*,*,#857,.F.);
#1137=ORIENTED_EDGE('',*,*,#858,.T.);
#1138=ORIENTED_EDGE('',*,*,#854,.T.);
#1139=ORIENTED_EDGE('',*,*,#859,.F.);
#1140=ORIENTED_EDGE('',*,*,#860,.F.);
#1141=ORIENTED_EDGE('',*,*,#861,.T.);
#1142=ORIENTED_EDGE('',*,*,#857,.T.);
#1143=ORIENTED_EDGE('',*,*,#862,.F.);
#1144=ORIENTED_EDGE('',*,*,#863,.F.);
#1145=ORIENTED_EDGE('',*,*,#864,.T.);
#1146=ORIENTED_EDGE('',*,*,#860,.T.);
#1147=ORIENTED_EDGE('',*,*,#865,.F.);
#1148=ORIENTED_EDGE('',*,*,#866,.F.);
#1149=ORIENTED_EDGE('',*,*,#867,.T.);
#1150=ORIENTED_EDGE('',*,*,#863,.T.);
#1151=ORIENTED_EDGE('',*,*,#868,.F.);
#1152=ORIENTED_EDGE('',*,*,#869,.F.);
#1153=ORIENTED_EDGE('',*,*,#870,.T.);
#1154=ORIENTED_EDGE('',*,*,#866,.T.);
#1155=ORIENTED_EDGE('',*,*,#871,.F.);
#1156=ORIENTED_EDGE('',*,*,#872,.F.);
#1157=ORIENTED_EDGE('',*,*,#873,.T.);
#1158=ORIENTED_EDGE('',*,*,#869,.T.);
#1159=ORIENTED_EDGE('',*,*,#874,.F.);
#1160=ORIENTED_EDGE('',*,*,#875,.F.);
#1161=ORIENTED_EDGE('',*,*,#876,.T.);
#1162=ORIENTED_EDGE('',*,*,#872,.T.);
#1163=ORIENTED_EDGE('',*,*,#877,.F.);
#1164=ORIENTED_EDGE('',*,*,#878,.F.);
#1165=ORIENTED_EDGE('',*,*,#879,.T.);
#1166=ORIENTED_EDGE('',*,*,#875,.T.);
#1167=ORIENTED_EDGE('',*,*,#880,.F.);
#1168=ORIENTED_EDGE('',*,*,#881,.F.);
#1169=ORIENTED_EDGE('',*,*,#882,.T.);
#1170=ORIENTED_EDGE('',*,*,#878,.T.);
#1171=ORIENTED_EDGE('',*,*,#883,.F.);
#1172=ORIENTED_EDGE('',*,*,#884,.F.);
#1173=ORIENTED_EDGE('',*,*,#885,.T.);
#1174=ORIENTED_EDGE('',*,*,#881,.T.);
#1175=ORIENTED_EDGE('',*,*,#886,.F.);
#1176=ORIENTED_EDGE('',*,*,#887,.F.);
#1177=ORIENTED_EDGE('',*,*,#888,.T.);
#1178=ORIENTED_EDGE('',*,*,#884,.T.);
#1179=ORIENTED_EDGE('',*,*,#889,.F.);
#1180=ORIENTED_EDGE('',*,*,#890,.T.);
#1181=ORIENTED_EDGE('',*,*,#891,.T.);
#1182=ORIENTED_EDGE('',*,*,#892,.T.);
#1183=ORIENTED_EDGE('',*,*,#893,.T.);
#1184=ORIENTED_EDGE('',*,*,#893,.F.);
#1185=ORIENTED_EDGE('',*,*,#894,.F.);
#1186=ORIENTED_EDGE('',*,*,#895,.F.);
#1187=ORIENTED_EDGE('',*,*,#896,.T.);
#1188=ORIENTED_EDGE('',*,*,#897,.F.);
#1189=ORIENTED_EDGE('',*,*,#898,.F.);
#1190=ORIENTED_EDGE('',*,*,#899,.F.);
#1191=ORIENTED_EDGE('',*,*,#900,.F.);
#1192=ORIENTED_EDGE('',*,*,#901,.F.);
#1193=ORIENTED_EDGE('',*,*,#902,.F.);
#1194=ORIENTED_EDGE('',*,*,#903,.F.);
#1195=ORIENTED_EDGE('',*,*,#904,.F.);
#1196=ORIENTED_EDGE('',*,*,#905,.T.);
#1197=ORIENTED_EDGE('',*,*,#782,.T.);
#1198=ORIENTED_EDGE('',*,*,#906,.T.);
#1199=ORIENTED_EDGE('',*,*,#805,.T.);
#1200=ORIENTED_EDGE('',*,*,#892,.F.);
#1201=ORIENTED_EDGE('',*,*,#907,.T.);
#1202=ORIENTED_EDGE('',*,*,#908,.F.);
#1203=ORIENTED_EDGE('',*,*,#909,.T.);
#1204=ORIENTED_EDGE('',*,*,#910,.F.);
#1205=ORIENTED_EDGE('',*,*,#894,.T.);
#1206=ORIENTED_EDGE('',*,*,#911,.T.);
#1207=ORIENTED_EDGE('',*,*,#912,.T.);
#1208=ORIENTED_EDGE('',*,*,#913,.T.);
#1209=ORIENTED_EDGE('',*,*,#903,.T.);
#1210=ORIENTED_EDGE('',*,*,#912,.F.);
#1211=ORIENTED_EDGE('',*,*,#914,.F.);
#1212=ORIENTED_EDGE('',*,*,#915,.F.);
#1213=ORIENTED_EDGE('',*,*,#916,.F.);
#1214=ORIENTED_EDGE('',*,*,#917,.F.);
#1215=ORIENTED_EDGE('',*,*,#918,.F.);
#1216=ORIENTED_EDGE('',*,*,#919,.F.);
#1217=ORIENTED_EDGE('',*,*,#920,.F.);
#1218=ORIENTED_EDGE('',*,*,#911,.F.);
#1219=ORIENTED_EDGE('',*,*,#902,.T.);
#1220=ORIENTED_EDGE('',*,*,#921,.F.);
#1221=ORIENTED_EDGE('',*,*,#922,.T.);
#1222=ORIENTED_EDGE('',*,*,#923,.F.);
#1223=ORIENTED_EDGE('',*,*,#914,.T.);
#1224=ORIENTED_EDGE('',*,*,#924,.T.);
#1225=ORIENTED_EDGE('',*,*,#925,.T.);
#1226=ORIENTED_EDGE('',*,*,#921,.T.);
#1227=ORIENTED_EDGE('',*,*,#901,.T.);
#1228=ORIENTED_EDGE('',*,*,#925,.F.);
#1229=ORIENTED_EDGE('',*,*,#926,.F.);
#1230=ORIENTED_EDGE('',*,*,#927,.F.);
#1231=ORIENTED_EDGE('',*,*,#928,.F.);
#1232=ORIENTED_EDGE('',*,*,#929,.F.);
#1233=ORIENTED_EDGE('',*,*,#930,.F.);
#1234=ORIENTED_EDGE('',*,*,#931,.F.);
#1235=ORIENTED_EDGE('',*,*,#922,.F.);
#1236=ORIENTED_EDGE('',*,*,#932,.T.);
#1237=ORIENTED_EDGE('',*,*,#933,.T.);
#1238=ORIENTED_EDGE('',*,*,#934,.T.);
#1239=ORIENTED_EDGE('',*,*,#899,.T.);
#1240=ORIENTED_EDGE('',*,*,#933,.F.);
#1241=ORIENTED_EDGE('',*,*,#935,.F.);
#1242=ORIENTED_EDGE('',*,*,#936,.F.);
#1243=ORIENTED_EDGE('',*,*,#937,.F.);
#1244=ORIENTED_EDGE('',*,*,#938,.F.);
#1245=ORIENTED_EDGE('',*,*,#939,.F.);
#1246=ORIENTED_EDGE('',*,*,#940,.F.);
#1247=ORIENTED_EDGE('',*,*,#941,.F.);
#1248=ORIENTED_EDGE('',*,*,#932,.F.);
#1249=ORIENTED_EDGE('',*,*,#898,.T.);
#1250=ORIENTED_EDGE('',*,*,#942,.F.);
#1251=ORIENTED_EDGE('',*,*,#943,.T.);
#1252=ORIENTED_EDGE('',*,*,#944,.F.);
#1253=ORIENTED_EDGE('',*,*,#935,.T.);
#1254=ORIENTED_EDGE('',*,*,#945,.T.);
#1255=ORIENTED_EDGE('',*,*,#946,.T.);
#1256=ORIENTED_EDGE('',*,*,#942,.T.);
#1257=ORIENTED_EDGE('',*,*,#897,.T.);
#1258=ORIENTED_EDGE('',*,*,#946,.F.);
#1259=ORIENTED_EDGE('',*,*,#947,.T.);
#1260=ORIENTED_EDGE('',*,*,#948,.F.);
#1261=ORIENTED_EDGE('',*,*,#949,.T.);
#1262=ORIENTED_EDGE('',*,*,#950,.F.);
#1263=ORIENTED_EDGE('',*,*,#951,.F.);
#1264=ORIENTED_EDGE('',*,*,#952,.F.);
#1265=ORIENTED_EDGE('',*,*,#943,.F.);
#1266=ORIENTED_EDGE('',*,*,#910,.T.);
#1267=ORIENTED_EDGE('',*,*,#953,.T.);
#1268=ORIENTED_EDGE('',*,*,#954,.T.);
#1269=ORIENTED_EDGE('',*,*,#895,.T.);
#1270=ORIENTED_EDGE('',*,*,#955,.T.);
#1271=ORIENTED_EDGE('',*,*,#956,.T.);
#1272=ORIENTED_EDGE('',*,*,#957,.T.);
#1273=ORIENTED_EDGE('',*,*,#950,.T.);
#1274=ORIENTED_EDGE('',*,*,#957,.F.);
#1275=ORIENTED_EDGE('',*,*,#958,.T.);
#1276=ORIENTED_EDGE('',*,*,#959,.F.);
#1277=ORIENTED_EDGE('',*,*,#937,.T.);
#1278=ORIENTED_EDGE('',*,*,#960,.F.);
#1279=ORIENTED_EDGE('',*,*,#951,.T.);
#1280=ORIENTED_EDGE('',*,*,#961,.T.);
#1281=ORIENTED_EDGE('',*,*,#962,.T.);
#1282=ORIENTED_EDGE('',*,*,#963,.T.);
#1283=ORIENTED_EDGE('',*,*,#964,.T.);
#1284=ORIENTED_EDGE('',*,*,#953,.F.);
#1285=ORIENTED_EDGE('',*,*,#909,.F.);
#1286=ORIENTED_EDGE('',*,*,#965,.F.);
#1287=ORIENTED_EDGE('',*,*,#966,.F.);
#1288=ORIENTED_EDGE('',*,*,#964,.F.);
#1289=ORIENTED_EDGE('',*,*,#967,.T.);
#1290=ORIENTED_EDGE('',*,*,#968,.F.);
#1291=ORIENTED_EDGE('',*,*,#969,.T.);
#1292=ORIENTED_EDGE('',*,*,#955,.F.);
#1293=ORIENTED_EDGE('',*,*,#949,.F.);
#1294=ORIENTED_EDGE('',*,*,#970,.F.);
#1295=ORIENTED_EDGE('',*,*,#967,.F.);
#1296=ORIENTED_EDGE('',*,*,#963,.F.);
#1297=ORIENTED_EDGE('',*,*,#971,.F.);
#1298=ORIENTED_EDGE('',*,*,#972,.T.);
#1299=ORIENTED_EDGE('',*,*,#973,.T.);
#1300=ORIENTED_EDGE('',*,*,#974,.T.);
#1301=ORIENTED_EDGE('',*,*,#975,.T.);
#1302=ORIENTED_EDGE('',*,*,#891,.F.);
#1303=ORIENTED_EDGE('',*,*,#976,.F.);
#1304=ORIENTED_EDGE('',*,*,#977,.F.);
#1305=ORIENTED_EDGE('',*,*,#978,.F.);
#1306=ORIENTED_EDGE('',*,*,#975,.F.);
#1307=ORIENTED_EDGE('',*,*,#979,.F.);
#1308=ORIENTED_EDGE('',*,*,#980,.F.);
#1309=ORIENTED_EDGE('',*,*,#907,.F.);
#1310=ORIENTED_EDGE('',*,*,#961,.F.);
#1311=ORIENTED_EDGE('',*,*,#966,.T.);
#1312=ORIENTED_EDGE('',*,*,#981,.F.);
#1313=ORIENTED_EDGE('',*,*,#979,.T.);
#1314=ORIENTED_EDGE('',*,*,#974,.F.);
#1315=ORIENTED_EDGE('',*,*,#982,.T.);
#1316=ORIENTED_EDGE('',*,*,#983,.T.);
#1317=ORIENTED_EDGE('',*,*,#984,.T.);
#1318=ORIENTED_EDGE('',*,*,#985,.T.);
#1319=ORIENTED_EDGE('',*,*,#917,.T.);
#1320=ORIENTED_EDGE('',*,*,#972,.F.);
#1321=ORIENTED_EDGE('',*,*,#978,.T.);
#1322=ORIENTED_EDGE('',*,*,#986,.F.);
#1323=ORIENTED_EDGE('',*,*,#918,.T.);
#1324=ORIENTED_EDGE('',*,*,#985,.F.);
#1325=ORIENTED_EDGE('',*,*,#987,.T.);
#1326=ORIENTED_EDGE('',*,*,#988,.T.);
#1327=ORIENTED_EDGE('',*,*,#989,.T.);
#1328=ORIENTED_EDGE('',*,*,#990,.T.);
#1329=ORIENTED_EDGE('',*,*,#929,.T.);
#1330=ORIENTED_EDGE('',*,*,#983,.F.);
#1331=ORIENTED_EDGE('',*,*,#916,.T.);
#1332=ORIENTED_EDGE('',*,*,#991,.F.);
#1333=ORIENTED_EDGE('',*,*,#930,.T.);
#1334=ORIENTED_EDGE('',*,*,#990,.F.);
#1335=ORIENTED_EDGE('',*,*,#992,.T.);
#1336=ORIENTED_EDGE('',*,*,#959,.T.);
#1337=ORIENTED_EDGE('',*,*,#993,.T.);
#1338=ORIENTED_EDGE('',*,*,#994,.T.);
#1339=ORIENTED_EDGE('',*,*,#938,.T.);
#1340=ORIENTED_EDGE('',*,*,#988,.F.);
#1341=ORIENTED_EDGE('',*,*,#928,.T.);
#1342=ORIENTED_EDGE('',*,*,#995,.F.);
#1343=ORIENTED_EDGE('',*,*,#939,.T.);
#1344=ORIENTED_EDGE('',*,*,#994,.F.);
#1345=ORIENTED_EDGE('',*,*,#996,.T.);
#1346=ORIENTED_EDGE('',*,*,#995,.T.);
#1347=ORIENTED_EDGE('',*,*,#927,.T.);
#1348=ORIENTED_EDGE('',*,*,#997,.T.);
#1349=ORIENTED_EDGE('',*,*,#940,.T.);
#1350=ORIENTED_EDGE('',*,*,#991,.T.);
#1351=ORIENTED_EDGE('',*,*,#915,.T.);
#1352=ORIENTED_EDGE('',*,*,#923,.T.);
#1353=ORIENTED_EDGE('',*,*,#931,.T.);
#1354=ORIENTED_EDGE('',*,*,#986,.T.);
#1355=ORIENTED_EDGE('',*,*,#977,.T.);
#1356=ORIENTED_EDGE('',*,*,#998,.T.);
#1357=ORIENTED_EDGE('',*,*,#919,.T.);
#1358=ORIENTED_EDGE('',*,*,#981,.T.);
#1359=ORIENTED_EDGE('',*,*,#965,.T.);
#1360=ORIENTED_EDGE('',*,*,#908,.T.);
#1361=ORIENTED_EDGE('',*,*,#980,.T.);
#1362=ORIENTED_EDGE('',*,*,#970,.T.);
#1363=ORIENTED_EDGE('',*,*,#948,.T.);
#1364=ORIENTED_EDGE('',*,*,#999,.T.);
#1365=ORIENTED_EDGE('',*,*,#968,.T.);
#1366=ORIENTED_EDGE('',*,*,#960,.T.);
#1367=ORIENTED_EDGE('',*,*,#936,.T.);
#1368=ORIENTED_EDGE('',*,*,#944,.T.);
#1369=ORIENTED_EDGE('',*,*,#952,.T.);
#1370=ORIENTED_EDGE('',*,*,#924,.F.);
#1371=ORIENTED_EDGE('',*,*,#900,.T.);
#1372=ORIENTED_EDGE('',*,*,#934,.F.);
#1373=ORIENTED_EDGE('',*,*,#941,.T.);
#1374=ORIENTED_EDGE('',*,*,#997,.F.);
#1375=ORIENTED_EDGE('',*,*,#926,.T.);
#1376=ORIENTED_EDGE('',*,*,#890,.F.);
#1377=ORIENTED_EDGE('',*,*,#904,.T.);
#1378=ORIENTED_EDGE('',*,*,#913,.F.);
#1379=ORIENTED_EDGE('',*,*,#920,.T.);
#1380=ORIENTED_EDGE('',*,*,#998,.F.);
#1381=ORIENTED_EDGE('',*,*,#976,.T.);
#1382=ORIENTED_EDGE('',*,*,#945,.F.);
#1383=ORIENTED_EDGE('',*,*,#896,.F.);
#1384=ORIENTED_EDGE('',*,*,#954,.F.);
#1385=ORIENTED_EDGE('',*,*,#969,.F.);
#1386=ORIENTED_EDGE('',*,*,#999,.F.);
#1387=ORIENTED_EDGE('',*,*,#947,.F.);
#1388=ORIENTED_EDGE('',*,*,#1000,.F.);
#1389=ORIENTED_EDGE('',*,*,#1001,.F.);
#1390=ORIENTED_EDGE('',*,*,#849,.F.);
#1391=ORIENTED_EDGE('',*,*,#846,.F.);
#1392=ORIENTED_EDGE('',*,*,#843,.F.);
#1393=ORIENTED_EDGE('',*,*,#840,.F.);
#1394=ORIENTED_EDGE('',*,*,#837,.F.);
#1395=ORIENTED_EDGE('',*,*,#834,.F.);
#1396=ORIENTED_EDGE('',*,*,#831,.F.);
#1397=ORIENTED_EDGE('',*,*,#828,.F.);
#1398=ORIENTED_EDGE('',*,*,#825,.F.);
#1399=ORIENTED_EDGE('',*,*,#822,.F.);
#1400=ORIENTED_EDGE('',*,*,#819,.F.);
#1401=ORIENTED_EDGE('',*,*,#816,.F.);
#1402=ORIENTED_EDGE('',*,*,#813,.F.);
#1403=ORIENTED_EDGE('',*,*,#810,.F.);
#1404=ORIENTED_EDGE('',*,*,#1002,.F.);
#1405=ORIENTED_EDGE('',*,*,#1003,.T.);
#1406=ORIENTED_EDGE('',*,*,#889,.T.);
#1407=ORIENTED_EDGE('',*,*,#886,.T.);
#1408=ORIENTED_EDGE('',*,*,#883,.T.);
#1409=ORIENTED_EDGE('',*,*,#880,.T.);
#1410=ORIENTED_EDGE('',*,*,#877,.T.);
#1411=ORIENTED_EDGE('',*,*,#874,.T.);
#1412=ORIENTED_EDGE('',*,*,#871,.T.);
#1413=ORIENTED_EDGE('',*,*,#868,.T.);
#1414=ORIENTED_EDGE('',*,*,#865,.T.);
#1415=ORIENTED_EDGE('',*,*,#862,.T.);
#1416=ORIENTED_EDGE('',*,*,#859,.T.);
#1417=ORIENTED_EDGE('',*,*,#856,.T.);
#1418=ORIENTED_EDGE('',*,*,#853,.T.);
#1419=ORIENTED_EDGE('',*,*,#887,.T.);
#1420=ORIENTED_EDGE('',*,*,#1003,.F.);
#1421=ORIENTED_EDGE('',*,*,#1004,.F.);
#1422=ORIENTED_EDGE('',*,*,#1005,.T.);
#1423=ORIENTED_EDGE('',*,*,#1006,.F.);
#1424=ORIENTED_EDGE('',*,*,#851,.F.);
#1425=ORIENTED_EDGE('',*,*,#855,.F.);
#1426=ORIENTED_EDGE('',*,*,#858,.F.);
#1427=ORIENTED_EDGE('',*,*,#861,.F.);
#1428=ORIENTED_EDGE('',*,*,#864,.F.);
#1429=ORIENTED_EDGE('',*,*,#867,.F.);
#1430=ORIENTED_EDGE('',*,*,#870,.F.);
#1431=ORIENTED_EDGE('',*,*,#873,.F.);
#1432=ORIENTED_EDGE('',*,*,#876,.F.);
#1433=ORIENTED_EDGE('',*,*,#879,.F.);
#1434=ORIENTED_EDGE('',*,*,#882,.F.);
#1435=ORIENTED_EDGE('',*,*,#885,.F.);
#1436=ORIENTED_EDGE('',*,*,#888,.F.);
#1437=ORIENTED_EDGE('',*,*,#1005,.F.);
#1438=ORIENTED_EDGE('',*,*,#1007,.F.);
#1439=ORIENTED_EDGE('',*,*,#808,.F.);
#1440=ORIENTED_EDGE('',*,*,#812,.F.);
#1441=ORIENTED_EDGE('',*,*,#815,.F.);
#1442=ORIENTED_EDGE('',*,*,#818,.F.);
#1443=ORIENTED_EDGE('',*,*,#821,.F.);
#1444=ORIENTED_EDGE('',*,*,#824,.F.);
#1445=ORIENTED_EDGE('',*,*,#827,.F.);
#1446=ORIENTED_EDGE('',*,*,#830,.F.);
#1447=ORIENTED_EDGE('',*,*,#833,.F.);
#1448=ORIENTED_EDGE('',*,*,#836,.F.);
#1449=ORIENTED_EDGE('',*,*,#839,.F.);
#1450=ORIENTED_EDGE('',*,*,#842,.F.);
#1451=ORIENTED_EDGE('',*,*,#845,.F.);
#1452=ORIENTED_EDGE('',*,*,#848,.F.);
#1453=ORIENTED_EDGE('',*,*,#1008,.F.);
#1454=ORIENTED_EDGE('',*,*,#847,.T.);
#1455=ORIENTED_EDGE('',*,*,#1001,.T.);
#1456=ORIENTED_EDGE('',*,*,#1009,.F.);
#1457=ORIENTED_EDGE('',*,*,#1008,.T.);
#1458=ORIENTED_EDGE('',*,*,#803,.T.);
#1459=ORIENTED_EDGE('',*,*,#1010,.T.);
#1460=ORIENTED_EDGE('',*,*,#800,.F.);
#1461=ORIENTED_EDGE('',*,*,#1011,.F.);
#1462=ORIENTED_EDGE('',*,*,#1012,.F.);
#1463=ORIENTED_EDGE('',*,*,#785,.F.);
#1464=ORIENTED_EDGE('',*,*,#789,.F.);
#1465=ORIENTED_EDGE('',*,*,#792,.F.);
#1466=ORIENTED_EDGE('',*,*,#795,.F.);
#1467=ORIENTED_EDGE('',*,*,#798,.F.);
#1468=ORIENTED_EDGE('',*,*,#801,.F.);
#1469=ORIENTED_EDGE('',*,*,#1010,.F.);
#1470=ORIENTED_EDGE('',*,*,#806,.F.);
#1471=ORIENTED_EDGE('',*,*,#906,.F.);
#1472=ORIENTED_EDGE('',*,*,#781,.F.);
#1473=ORIENTED_EDGE('',*,*,#1013,.F.);
#1474=ORIENTED_EDGE('',*,*,#779,.F.);
#1475=ORIENTED_EDGE('',*,*,#776,.F.);
#1476=ORIENTED_EDGE('',*,*,#773,.F.);
#1477=ORIENTED_EDGE('',*,*,#770,.F.);
#1478=ORIENTED_EDGE('',*,*,#767,.F.);
#1479=ORIENTED_EDGE('',*,*,#763,.F.);
#1480=ORIENTED_EDGE('',*,*,#1014,.F.);
#1481=ORIENTED_EDGE('',*,*,#765,.F.);
#1482=ORIENTED_EDGE('',*,*,#769,.F.);
#1483=ORIENTED_EDGE('',*,*,#772,.F.);
#1484=ORIENTED_EDGE('',*,*,#775,.F.);
#1485=ORIENTED_EDGE('',*,*,#778,.F.);
#1486=ORIENTED_EDGE('',*,*,#1015,.F.);
#1487=ORIENTED_EDGE('',*,*,#783,.F.);
#1488=ORIENTED_EDGE('',*,*,#905,.F.);
#1489=ORIENTED_EDGE('',*,*,#804,.T.);
#1490=ORIENTED_EDGE('',*,*,#1011,.T.);
#1491=ORIENTED_EDGE('',*,*,#802,.T.);
#1492=ORIENTED_EDGE('',*,*,#799,.T.);
#1493=ORIENTED_EDGE('',*,*,#796,.T.);
#1494=ORIENTED_EDGE('',*,*,#793,.T.);
#1495=ORIENTED_EDGE('',*,*,#790,.T.);
#1496=ORIENTED_EDGE('',*,*,#787,.T.);
#1497=ORIENTED_EDGE('',*,*,#1006,.T.);
#1498=ORIENTED_EDGE('',*,*,#1009,.T.);
#1499=ORIENTED_EDGE('',*,*,#1000,.T.);
#1500=ORIENTED_EDGE('',*,*,#852,.T.);
#1501=ORIENTED_EDGE('',*,*,#780,.T.);
#1502=ORIENTED_EDGE('',*,*,#1015,.T.);
#1503=ORIENTED_EDGE('',*,*,#777,.F.);
#1504=ORIENTED_EDGE('',*,*,#1013,.T.);
#1505=ORIENTED_EDGE('',*,*,#766,.F.);
#1506=ORIENTED_EDGE('',*,*,#1014,.T.);
#1507=ORIENTED_EDGE('',*,*,#786,.T.);
#1508=ORIENTED_EDGE('',*,*,#1012,.T.);
#1509=ORIENTED_EDGE('',*,*,#762,.F.);
#1510=ORIENTED_EDGE('',*,*,#956,.F.);
#1511=ORIENTED_EDGE('',*,*,#971,.T.);
#1512=ORIENTED_EDGE('',*,*,#962,.F.);
#1513=ORIENTED_EDGE('',*,*,#982,.F.);
#1514=ORIENTED_EDGE('',*,*,#973,.F.);
#1515=ORIENTED_EDGE('',*,*,#987,.F.);
#1516=ORIENTED_EDGE('',*,*,#984,.F.);
#1517=ORIENTED_EDGE('',*,*,#992,.F.);
#1518=ORIENTED_EDGE('',*,*,#989,.F.);
#1519=ORIENTED_EDGE('',*,*,#996,.F.);
#1520=ORIENTED_EDGE('',*,*,#993,.F.);
#1521=ORIENTED_EDGE('',*,*,#958,.F.);
#1522=ORIENTED_EDGE('',*,*,#809,.T.);
#1523=ORIENTED_EDGE('',*,*,#1007,.T.);
#1524=ORIENTED_EDGE('',*,*,#1004,.T.);
#1525=ORIENTED_EDGE('',*,*,#1002,.T.);
#1526=CYLINDRICAL_SURFACE('',#1692,1.03775);
#1527=CYLINDRICAL_SURFACE('',#1694,1.03775);
#1528=CYLINDRICAL_SURFACE('',#1696,1.03775);
#1529=CYLINDRICAL_SURFACE('',#1697,1.03775);
#1530=CYLINDRICAL_SURFACE('',#1698,1.03775);
#1531=CYLINDRICAL_SURFACE('',#1699,1.03775);
#1532=CYLINDRICAL_SURFACE('',#1700,1.03775);
#1533=CYLINDRICAL_SURFACE('',#1702,1.29);
#1534=CYLINDRICAL_SURFACE('',#1704,1.29);
#1535=CYLINDRICAL_SURFACE('',#1705,1.29);
#1536=CYLINDRICAL_SURFACE('',#1706,1.29);
#1537=CYLINDRICAL_SURFACE('',#1707,1.29);
#1538=CYLINDRICAL_SURFACE('',#1708,1.29);
#1539=CYLINDRICAL_SURFACE('',#1709,1.29);
#1540=CYLINDRICAL_SURFACE('',#1711,1.215);
#1541=CYLINDRICAL_SURFACE('',#1713,1.215);
#1542=CYLINDRICAL_SURFACE('',#1714,1.215);
#1543=CYLINDRICAL_SURFACE('',#1715,1.215);
#1544=CYLINDRICAL_SURFACE('',#1716,1.215);
#1545=CYLINDRICAL_SURFACE('',#1717,1.215);
#1546=CYLINDRICAL_SURFACE('',#1718,1.215);
#1547=CYLINDRICAL_SURFACE('',#1719,1.215);
#1548=CYLINDRICAL_SURFACE('',#1720,1.215);
#1549=CYLINDRICAL_SURFACE('',#1721,1.215);
#1550=CYLINDRICAL_SURFACE('',#1722,1.215);
#1551=CYLINDRICAL_SURFACE('',#1723,1.215);
#1552=CYLINDRICAL_SURFACE('',#1724,1.215);
#1553=CYLINDRICAL_SURFACE('',#1725,1.215);
#1554=CYLINDRICAL_SURFACE('',#1726,0.95825);
#1555=CYLINDRICAL_SURFACE('',#1728,0.95825);
#1556=CYLINDRICAL_SURFACE('',#1729,0.95825);
#1557=CYLINDRICAL_SURFACE('',#1730,0.95825);
#1558=CYLINDRICAL_SURFACE('',#1731,0.95825);
#1559=CYLINDRICAL_SURFACE('',#1732,0.95825);
#1560=CYLINDRICAL_SURFACE('',#1733,0.95825);
#1561=CYLINDRICAL_SURFACE('',#1734,0.95825);
#1562=CYLINDRICAL_SURFACE('',#1735,0.95825);
#1563=CYLINDRICAL_SURFACE('',#1736,0.95825);
#1564=CYLINDRICAL_SURFACE('',#1737,0.95825);
#1565=CYLINDRICAL_SURFACE('',#1738,0.95825);
#1566=CYLINDRICAL_SURFACE('',#1739,0.95825);
#1567=CYLINDRICAL_SURFACE('',#1740,0.1);
#1568=CYLINDRICAL_SURFACE('',#1747,0.1);
#1569=CYLINDRICAL_SURFACE('',#1754,0.1);
#1570=CYLINDRICAL_SURFACE('',#1757,0.1);
#1571=CYLINDRICAL_SURFACE('',#1764,0.1);
#1572=CYLINDRICAL_SURFACE('',#1767,0.1);
#1573=CYLINDRICAL_SURFACE('',#1769,0.1);
#1574=CYLINDRICAL_SURFACE('',#1775,0.1);
#1575=CYLINDRICAL_SURFACE('',#1781,0.1);
#1576=CYLINDRICAL_SURFACE('',#1787,0.1);
#1577=CYLINDRICAL_SURFACE('',#1792,0.1);
#1578=CYLINDRICAL_SURFACE('',#1797,0.1);
#1579=CYLINDRICAL_SURFACE('',#1801,0.1);
#1580=CYLINDRICAL_SURFACE('',#1803,0.1);
#1581=CYLINDRICAL_SURFACE('',#1804,0.1);
#1582=CYLINDRICAL_SURFACE('',#1806,0.1);
#1583=CYLINDRICAL_SURFACE('',#1807,0.1);
#1584=CYLINDRICAL_SURFACE('',#1809,0.1);
#1585=CYLINDRICAL_SURFACE('',#1813,0.95825);
#1586=CYLINDRICAL_SURFACE('',#1815,1.215);
#1587=CYLINDRICAL_SURFACE('',#1817,1.29);
#1588=CYLINDRICAL_SURFACE('',#1819,1.03775);
#1589=ADVANCED_FACE('',(#79),#1526,.F.);
#1590=ADVANCED_FACE('',(#80),#1527,.F.);
#1591=ADVANCED_FACE('',(#81),#1528,.F.);
#1592=ADVANCED_FACE('',(#82),#1529,.F.);
#1593=ADVANCED_FACE('',(#83),#1530,.F.);
#1594=ADVANCED_FACE('',(#84),#1531,.F.);
#1595=ADVANCED_FACE('',(#85),#1532,.F.);
#1596=ADVANCED_FACE('',(#86),#1533,.F.);
#1597=ADVANCED_FACE('',(#87),#1534,.F.);
#1598=ADVANCED_FACE('',(#88),#1535,.F.);
#1599=ADVANCED_FACE('',(#89),#1536,.F.);
#1600=ADVANCED_FACE('',(#90),#1537,.F.);
#1601=ADVANCED_FACE('',(#91),#1538,.F.);
#1602=ADVANCED_FACE('',(#92),#1539,.F.);
#1603=ADVANCED_FACE('',(#93),#1540,.T.);
#1604=ADVANCED_FACE('',(#94),#1541,.T.);
#1605=ADVANCED_FACE('',(#95),#1542,.T.);
#1606=ADVANCED_FACE('',(#96),#1543,.T.);
#1607=ADVANCED_FACE('',(#97),#1544,.T.);
#1608=ADVANCED_FACE('',(#98),#1545,.T.);
#1609=ADVANCED_FACE('',(#99),#1546,.T.);
#1610=ADVANCED_FACE('',(#100),#1547,.T.);
#1611=ADVANCED_FACE('',(#101),#1548,.T.);
#1612=ADVANCED_FACE('',(#102),#1549,.T.);
#1613=ADVANCED_FACE('',(#103),#1550,.T.);
#1614=ADVANCED_FACE('',(#104),#1551,.T.);
#1615=ADVANCED_FACE('',(#105),#1552,.T.);
#1616=ADVANCED_FACE('',(#106),#1553,.T.);
#1617=ADVANCED_FACE('',(#107),#1554,.T.);
#1618=ADVANCED_FACE('',(#108),#1555,.T.);
#1619=ADVANCED_FACE('',(#109),#1556,.T.);
#1620=ADVANCED_FACE('',(#110),#1557,.T.);
#1621=ADVANCED_FACE('',(#111),#1558,.T.);
#1622=ADVANCED_FACE('',(#112),#1559,.T.);
#1623=ADVANCED_FACE('',(#113),#1560,.T.);
#1624=ADVANCED_FACE('',(#114),#1561,.T.);
#1625=ADVANCED_FACE('',(#115),#1562,.T.);
#1626=ADVANCED_FACE('',(#116),#1563,.T.);
#1627=ADVANCED_FACE('',(#117),#1564,.T.);
#1628=ADVANCED_FACE('',(#118),#1565,.T.);
#1629=ADVANCED_FACE('',(#119),#1566,.T.);
#1630=ADVANCED_FACE('',(#120),#1567,.T.);
#1631=ADVANCED_FACE('',(#121,#19),#21,.F.);
#1632=ADVANCED_FACE('',(#122),#22,.T.);
#1633=ADVANCED_FACE('',(#123),#1568,.T.);
#1634=ADVANCED_FACE('',(#124),#23,.T.);
#1635=ADVANCED_FACE('',(#125),#24,.T.);
#1636=ADVANCED_FACE('',(#126),#1569,.T.);
#1637=ADVANCED_FACE('',(#127),#25,.T.);
#1638=ADVANCED_FACE('',(#128),#1570,.T.);
#1639=ADVANCED_FACE('',(#129),#26,.T.);
#1640=ADVANCED_FACE('',(#130),#27,.T.);
#1641=ADVANCED_FACE('',(#131),#1571,.T.);
#1642=ADVANCED_FACE('',(#132),#28,.T.);
#1643=ADVANCED_FACE('',(#133),#1572,.T.);
#1644=ADVANCED_FACE('',(#134),#1573,.T.);
#1645=ADVANCED_FACE('',(#135),#29,.F.);
#1646=ADVANCED_FACE('',(#136),#1574,.T.);
#1647=ADVANCED_FACE('',(#137),#30,.T.);
#1648=ADVANCED_FACE('',(#138),#31,.F.);
#1649=ADVANCED_FACE('',(#139),#1575,.T.);
#1650=ADVANCED_FACE('',(#140),#32,.T.);
#1651=ADVANCED_FACE('',(#141),#33,.F.);
#1652=ADVANCED_FACE('',(#142),#1576,.T.);
#1653=ADVANCED_FACE('',(#143),#34,.F.);
#1654=ADVANCED_FACE('',(#144),#1577,.T.);
#1655=ADVANCED_FACE('',(#145),#35,.F.);
#1656=ADVANCED_FACE('',(#146),#1578,.T.);
#1657=ADVANCED_FACE('',(#147),#36,.F.);
#1658=ADVANCED_FACE('',(#148),#1579,.T.);
#1659=ADVANCED_FACE('',(#149),#1580,.T.);
#1660=ADVANCED_FACE('',(#150),#1581,.T.);
#1661=ADVANCED_FACE('',(#151),#1582,.T.);
#1662=ADVANCED_FACE('',(#152),#1583,.T.);
#1663=ADVANCED_FACE('',(#153),#1584,.T.);
#1664=ADVANCED_FACE('',(#154),#37,.T.);
#1665=ADVANCED_FACE('',(#155),#38,.T.);
#1666=ADVANCED_FACE('',(#156),#39,.T.);
#1667=ADVANCED_FACE('',(#157),#15,.F.);
#1668=ADVANCED_FACE('',(#158),#1585,.T.);
#1669=ADVANCED_FACE('',(#159),#16,.F.);
#1670=ADVANCED_FACE('',(#160),#1586,.T.);
#1671=ADVANCED_FACE('',(#161),#1587,.F.);
#1672=ADVANCED_FACE('',(#162),#17,.F.);
#1673=ADVANCED_FACE('',(#163),#18,.F.);
#1674=ADVANCED_FACE('',(#164),#40,.T.);
#1675=ADVANCED_FACE('',(#165),#1588,.F.);
#1676=ADVANCED_FACE('',(#166),#41,.F.);
#1677=ADVANCED_FACE('',(#167,#20),#42,.T.);
#1678=CLOSED_SHELL('',(#1589,#1590,#1591,#1592,#1593,#1594,#1595,#1596,
#1597,#1598,#1599,#1600,#1601,#1602,#1603,#1604,#1605,#1606,#1607,#1608,
#1609,#1610,#1611,#1612,#1613,#1614,#1615,#1616,#1617,#1618,#1619,#1620,
#1621,#1622,#1623,#1624,#1625,#1626,#1627,#1628,#1629,#1630,#1631,#1632,
#1633,#1634,#1635,#1636,#1637,#1638,#1639,#1640,#1641,#1642,#1643,#1644,
#1645,#1646,#1647,#1648,#1649,#1650,#1651,#1652,#1653,#1654,#1655,#1656,
#1657,#1658,#1659,#1660,#1661,#1662,#1663,#1664,#1665,#1666,#1667,#1668,
#1669,#1670,#1671,#1672,#1673,#1674,#1675,#1676,#1677));
#1679=DERIVED_UNIT_ELEMENT(#1681,1.);
#1680=DERIVED_UNIT_ELEMENT(#5684,-3.);
#1681=(
MASS_UNIT()
NAMED_UNIT(*)
SI_UNIT(.KILO.,.GRAM.)
);
#1682=DERIVED_UNIT((#1679,#1680));
#1683=MEASURE_REPRESENTATION_ITEM('density measure',
POSITIVE_RATIO_MEASURE(7850.),#1682);
#1684=PROPERTY_DEFINITION_REPRESENTATION(#1689,#1686);
#1685=PROPERTY_DEFINITION_REPRESENTATION(#1690,#1687);
#1686=REPRESENTATION('material name',(#1688),#5681);
#1687=REPRESENTATION('density',(#1683),#5681);
#1688=DESCRIPTIVE_REPRESENTATION_ITEM('Steel','Steel');
#1689=PROPERTY_DEFINITION('material property','material name',#5691);
#1690=PROPERTY_DEFINITION('material property','density of part',#5691);
#1691=AXIS2_PLACEMENT_3D('',#2197,#1822,#1823);
#1692=AXIS2_PLACEMENT_3D('',#2198,#1824,#1825);
#1693=AXIS2_PLACEMENT_3D('',#2203,#1827,#1828);
#1694=AXIS2_PLACEMENT_3D('',#2208,#1829,#1830);
#1695=AXIS2_PLACEMENT_3D('',#2229,#1832,#1833);
#1696=AXIS2_PLACEMENT_3D('',#2252,#1834,#1835);
#1697=AXIS2_PLACEMENT_3D('',#2303,#1837,#1838);
#1698=AXIS2_PLACEMENT_3D('',#2354,#1840,#1841);
#1699=AXIS2_PLACEMENT_3D('',#2402,#1843,#1844);
#1700=AXIS2_PLACEMENT_3D('',#2453,#1846,#1847);
#1701=AXIS2_PLACEMENT_3D('',#2472,#1849,#1850);
#1702=AXIS2_PLACEMENT_3D('',#2492,#1851,#1852);
#1703=AXIS2_PLACEMENT_3D('',#2504,#1854,#1855);
#1704=AXIS2_PLACEMENT_3D('',#2511,#1856,#1857);
#1705=AXIS2_PLACEMENT_3D('',#2536,#1859,#1860);
#1706=AXIS2_PLACEMENT_3D('',#2560,#1862,#1863);
#1707=AXIS2_PLACEMENT_3D('',#2585,#1865,#1866);
#1708=AXIS2_PLACEMENT_3D('',#2610,#1868,#1869);
#1709=AXIS2_PLACEMENT_3D('',#2634,#1871,#1872);
#1710=AXIS2_PLACEMENT_3D('',#2645,#1874,#1875);
#1711=AXIS2_PLACEMENT_3D('',#2651,#1876,#1877);
#1712=AXIS2_PLACEMENT_3D('',#2667,#1879,#1880);
#1713=AXIS2_PLACEMENT_3D('',#2675,#1881,#1882);
#1714=AXIS2_PLACEMENT_3D('',#2723,#1884,#1885);
#1715=AXIS2_PLACEMENT_3D('',#2771,#1887,#1888);
#1716=AXIS2_PLACEMENT_3D('',#2822,#1890,#1891);
#1717=AXIS2_PLACEMENT_3D('',#2873,#1893,#1894);
#1718=AXIS2_PLACEMENT_3D('',#2921,#1896,#1897);
#1719=AXIS2_PLACEMENT_3D('',#2969,#1899,#1900);
#1720=AXIS2_PLACEMENT_3D('',#3023,#1902,#1903);
#1721=AXIS2_PLACEMENT_3D('',#3071,#1905,#1906);
#1722=AXIS2_PLACEMENT_3D('',#3119,#1908,#1909);
#1723=AXIS2_PLACEMENT_3D('',#3173,#1911,#1912);
#1724=AXIS2_PLACEMENT_3D('',#3221,#1914,#1915);
#1725=AXIS2_PLACEMENT_3D('',#3269,#1917,#1918);
#1726=AXIS2_PLACEMENT_3D('',#3317,#1920,#1921);
#1727=AXIS2_PLACEMENT_3D('',#3331,#1923,#1924);
#1728=AXIS2_PLACEMENT_3D('',#3339,#1925,#1926);
#1729=AXIS2_PLACEMENT_3D('',#3363,#1928,#1929);
#1730=AXIS2_PLACEMENT_3D('',#3387,#1931,#1932);
#1731=AXIS2_PLACEMENT_3D('',#3412,#1934,#1935);
#1732=AXIS2_PLACEMENT_3D('',#3437,#1937,#1938);
#1733=AXIS2_PLACEMENT_3D('',#3461,#1940,#1941);
#1734=AXIS2_PLACEMENT_3D('',#3486,#1943,#1944);
#1735=AXIS2_PLACEMENT_3D('',#3511,#1946,#1947);
#1736=AXIS2_PLACEMENT_3D('',#3535,#1949,#1950);
#1737=AXIS2_PLACEMENT_3D('',#3560,#1952,#1953);
#1738=AXIS2_PLACEMENT_3D('',#3584,#1955,#1956);
#1739=AXIS2_PLACEMENT_3D('',#3609,#1958,#1959);
#1740=AXIS2_PLACEMENT_3D('',#3633,#1961,#1962);
#1741=AXIS2_PLACEMENT_3D('',#3636,#1963,#1964);
#1742=AXIS2_PLACEMENT_3D('',#3640,#1966,#1967);
#1743=AXIS2_PLACEMENT_3D('',#3642,#1969,#1970);
#1744=AXIS2_PLACEMENT_3D('',#3822,#1982,#1983);
#1745=AXIS2_PLACEMENT_3D('',#3826,#1985,#1986);
#1746=AXIS2_PLACEMENT_3D('',#3829,#1988,#1989);
#1747=AXIS2_PLACEMENT_3D('',#3830,#1990,#1991);
#1748=AXIS2_PLACEMENT_3D('',#3832,#1992,#1993);
#1749=AXIS2_PLACEMENT_3D('',#3835,#1995,#1996);
#1750=AXIS2_PLACEMENT_3D('',#3836,#1997,#1998);
#1751=AXIS2_PLACEMENT_3D('',#3850,#2006,#2007);
#1752=AXIS2_PLACEMENT_3D('',#3852,#2008,#2009);
#1753=AXIS2_PLACEMENT_3D('',#3855,#2011,#2012);
#1754=AXIS2_PLACEMENT_3D('',#3856,#2013,#2014);
#1755=AXIS2_PLACEMENT_3D('',#3858,#2015,#2016);
#1756=AXIS2_PLACEMENT_3D('',#3860,#2018,#2019);
#1757=AXIS2_PLACEMENT_3D('',#3872,#2026,#2027);
#1758=AXIS2_PLACEMENT_3D('',#3874,#2028,#2029);
#1759=AXIS2_PLACEMENT_3D('',#3877,#2031,#2032);
#1760=AXIS2_PLACEMENT_3D('',#3878,#2033,#2034);
#1761=AXIS2_PLACEMENT_3D('',#3892,#2042,#2043);
#1762=AXIS2_PLACEMENT_3D('',#3894,#2044,#2045);
#1763=AXIS2_PLACEMENT_3D('',#3897,#2047,#2048);
#1764=AXIS2_PLACEMENT_3D('',#3898,#2049,#2050);
#1765=AXIS2_PLACEMENT_3D('',#3900,#2051,#2052);
#1766=AXIS2_PLACEMENT_3D('',#3902,#2054,#2055);
#1767=AXIS2_PLACEMENT_3D('',#3914,#2062,#2063);
#1768=AXIS2_PLACEMENT_3D('',#3917,#2065,#2066);
#1769=AXIS2_PLACEMENT_3D('',#3918,#2067,#2068);
#1770=AXIS2_PLACEMENT_3D('',#3920,#2069,#2070);
#1771=AXIS2_PLACEMENT_3D('',#3923,#2072,#2073);
#1772=AXIS2_PLACEMENT_3D('',#3924,#2074,#2075);
#1773=AXIS2_PLACEMENT_3D('',#3927,#2077,#2078);
#1774=AXIS2_PLACEMENT_3D('',#3928,#2079,#2080);
#1775=AXIS2_PLACEMENT_3D('',#3929,#2081,#2082);
#1776=AXIS2_PLACEMENT_3D('',#3932,#2083,#2084);
#1777=AXIS2_PLACEMENT_3D('',#3936,#2086,#2087);
#1778=AXIS2_PLACEMENT_3D('',#3938,#2089,#2090);
#1779=AXIS2_PLACEMENT_3D('',#3947,#2096,#2097);
#1780=AXIS2_PLACEMENT_3D('',#3948,#2098,#2099);
#1781=AXIS2_PLACEMENT_3D('',#3950,#2101,#2102);
#1782=AXIS2_PLACEMENT_3D('',#3953,#2103,#2104);
#1783=AXIS2_PLACEMENT_3D('',#3957,#2106,#2107);
#1784=AXIS2_PLACEMENT_3D('',#3959,#2109,#2110);
#1785=AXIS2_PLACEMENT_3D('',#3968,#2116,#2117);
#1786=AXIS2_PLACEMENT_3D('',#3969,#2118,#2119);
#1787=AXIS2_PLACEMENT_3D('',#3971,#2121,#2122);
#1788=AXIS2_PLACEMENT_3D('',#3973,#2123,#2124);
#1789=AXIS2_PLACEMENT_3D('',#3976,#2126,#2127);
#1790=AXIS2_PLACEMENT_3D('',#3977,#2128,#2129);
#1791=AXIS2_PLACEMENT_3D('',#3978,#2130,#2131);
#1792=AXIS2_PLACEMENT_3D('',#3980,#2133,#2134);
#1793=AXIS2_PLACEMENT_3D('',#3982,#2135,#2136);
#1794=AXIS2_PLACEMENT_3D('',#3985,#2138,#2139);
#1795=AXIS2_PLACEMENT_3D('',#3986,#2140,#2141);
#1796=AXIS2_PLACEMENT_3D('',#3987,#2142,#2143);
#1797=AXIS2_PLACEMENT_3D('',#3989,#2145,#2146);
#1798=AXIS2_PLACEMENT_3D('',#3992,#2148,#2149);
#1799=AXIS2_PLACEMENT_3D('',#3993,#2150,#2151);
#1800=AXIS2_PLACEMENT_3D('',#3994,#2152,#2153);
#1801=AXIS2_PLACEMENT_3D('',#3996,#2155,#2156);
#1802=AXIS2_PLACEMENT_3D('',#3997,#2157,#2158);
#1803=AXIS2_PLACEMENT_3D('',#3998,#2159,#2160);
#1804=AXIS2_PLACEMENT_3D('',#3999,#2161,#2162);
#1805=AXIS2_PLACEMENT_3D('',#4000,#2163,#2164);
#1806=AXIS2_PLACEMENT_3D('',#4001,#2165,#2166);
#1807=AXIS2_PLACEMENT_3D('',#4002,#2167,#2168);
#1808=AXIS2_PLACEMENT_3D('',#4003,#2169,#2170);
#1809=AXIS2_PLACEMENT_3D('',#4004,#2171,#2172);
#1810=AXIS2_PLACEMENT_3D('',#4005,#2173,#2174);
#1811=AXIS2_PLACEMENT_3D('',#4006,#2175,#2176);
#1812=AXIS2_PLACEMENT_3D('',#4007,#2177,#2178);
#1813=AXIS2_PLACEMENT_3D('',#4540,#2179,#2180);
#1814=AXIS2_PLACEMENT_3D('',#4542,#2181,#2182);
#1815=AXIS2_PLACEMENT_3D('',#5070,#2183,#2184);
#1816=AXIS2_PLACEMENT_3D('',#5071,#2185,#2186);
#1817=AXIS2_PLACEMENT_3D('',#5072,#2187,#2188);
#1818=AXIS2_PLACEMENT_3D('',#5675,#2189,#2190);
#1819=AXIS2_PLACEMENT_3D('',#5676,#2191,#2192);
#1820=AXIS2_PLACEMENT_3D('',#5677,#2193,#2194);
#1821=AXIS2_PLACEMENT_3D('',#5678,#2195,#2196);
#1822=DIRECTION('axis',(0.,0.,1.));
#1823=DIRECTION('refdir',(1.,0.,0.));
#1824=DIRECTION('center_axis',(0.,0.,1.));
#1825=DIRECTION('ref_axis',(1.,0.,0.));
#1826=DIRECTION('',(0.,0.,1.));
#1827=DIRECTION('center_axis',(0.,0.,-1.));
#1828=DIRECTION('ref_axis',(1.,0.,0.));
#1829=DIRECTION('center_axis',(0.,0.,1.));
#1830=DIRECTION('ref_axis',(1.,0.,0.));
#1831=DIRECTION('',(0.,0.,1.));
#1832=DIRECTION('center_axis',(0.,0.,-1.));
#1833=DIRECTION('ref_axis',(1.,0.,0.));
#1834=DIRECTION('center_axis',(0.,0.,1.));
#1835=DIRECTION('ref_axis',(1.,0.,0.));
#1836=DIRECTION('',(0.,0.,1.));
#1837=DIRECTION('center_axis',(0.,0.,1.));
#1838=DIRECTION('ref_axis',(1.,0.,0.));
#1839=DIRECTION('',(0.,0.,1.));
#1840=DIRECTION('center_axis',(0.,0.,1.));
#1841=DIRECTION('ref_axis',(1.,0.,0.));
#1842=DIRECTION('',(0.,0.,1.));
#1843=DIRECTION('center_axis',(0.,0.,1.));
#1844=DIRECTION('ref_axis',(1.,0.,0.));
#1845=DIRECTION('',(0.,0.,1.));
#1846=DIRECTION('center_axis',(0.,0.,1.));
#1847=DIRECTION('ref_axis',(0.934834025355938,0.355084982837648,0.));
#1848=DIRECTION('',(0.,0.,1.));
#1849=DIRECTION('center_axis',(0.,0.,-1.));
#1850=DIRECTION('ref_axis',(1.,0.,0.));
#1851=DIRECTION('center_axis',(0.,0.,1.));
#1852=DIRECTION('ref_axis',(-0.13015964112353,-0.991493049810534,0.));
#1853=DIRECTION('',(1.22464679914735E-16,7.12613306560982E-31,1.));
#1854=DIRECTION('center_axis',(0.,0.,-1.));
#1855=DIRECTION('ref_axis',(1.,5.69646455794496E-15,0.));
#1856=DIRECTION('center_axis',(0.,0.,1.));
#1857=DIRECTION('ref_axis',(1.,5.69646455794496E-15,0.));
#1858=DIRECTION('',(1.22464679914735E-16,7.12613306560982E-31,1.));
#1859=DIRECTION('center_axis',(0.,0.,1.));
#1860=DIRECTION('ref_axis',(1.,5.69646455794496E-15,0.));
#1861=DIRECTION('',(1.22464679914735E-16,7.12613306560982E-31,1.));
#1862=DIRECTION('center_axis',(0.,0.,1.));
#1863=DIRECTION('ref_axis',(1.,5.69646455794496E-15,0.));
#1864=DIRECTION('',(1.22464679914735E-16,7.12613306560982E-31,1.));
#1865=DIRECTION('center_axis',(0.,0.,1.));
#1866=DIRECTION('ref_axis',(1.,5.69646455794496E-15,0.));
#1867=DIRECTION('',(1.22464679914735E-16,7.12613306560982E-31,1.));
#1868=DIRECTION('center_axis',(0.,0.,1.));
#1869=DIRECTION('ref_axis',(1.,5.69646455794496E-15,0.));
#1870=DIRECTION('',(1.22464679914735E-16,7.12613306560982E-31,1.));
#1871=DIRECTION('center_axis',(0.,0.,1.));
#1872=DIRECTION('ref_axis',(-0.608540943462555,0.793522476133917,0.));
#1873=DIRECTION('',(1.22464679914735E-16,7.12613306560982E-31,1.));
#1874=DIRECTION('center_axis',(0.,0.,1.));
#1875=DIRECTION('ref_axis',(1.,5.69646455794496E-15,0.));
#1876=DIRECTION('center_axis',(0.,0.,1.));
#1877=DIRECTION('ref_axis',(1.,0.,0.));
#1878=DIRECTION('',(0.,0.,-1.));
#1879=DIRECTION('center_axis',(0.,0.,-1.));
#1880=DIRECTION('ref_axis',(1.,0.,0.));
#1881=DIRECTION('center_axis',(0.,0.,1.));
#1882=DIRECTION('ref_axis',(1.,0.,0.));
#1883=DIRECTION('',(0.,0.,-1.));
#1884=DIRECTION('center_axis',(0.,0.,1.));
#1885=DIRECTION('ref_axis',(1.,0.,0.));
#1886=DIRECTION('',(0.,0.,-1.));
#1887=DIRECTION('center_axis',(0.,0.,1.));
#1888=DIRECTION('ref_axis',(1.,0.,0.));
#1889=DIRECTION('',(0.,0.,-1.));
#1890=DIRECTION('center_axis',(0.,0.,1.));
#1891=DIRECTION('ref_axis',(1.,0.,0.));
#1892=DIRECTION('',(0.,0.,-1.));
#1893=DIRECTION('center_axis',(0.,0.,1.));
#1894=DIRECTION('ref_axis',(1.,0.,0.));
#1895=DIRECTION('',(0.,0.,-1.));
#1896=DIRECTION('center_axis',(0.,0.,1.));
#1897=DIRECTION('ref_axis',(1.,0.,0.));
#1898=DIRECTION('',(0.,0.,-1.));
#1899=DIRECTION('center_axis',(0.,0.,1.));
#1900=DIRECTION('ref_axis',(1.,0.,0.));
#1901=DIRECTION('',(0.,0.,-1.));
#1902=DIRECTION('center_axis',(0.,0.,1.));
#1903=DIRECTION('ref_axis',(1.,0.,0.));
#1904=DIRECTION('',(0.,0.,-1.));
#1905=DIRECTION('center_axis',(0.,0.,1.));
#1906=DIRECTION('ref_axis',(1.,0.,0.));
#1907=DIRECTION('',(0.,0.,-1.));
#1908=DIRECTION('center_axis',(0.,0.,1.));
#1909=DIRECTION('ref_axis',(1.,0.,0.));
#1910=DIRECTION('',(0.,0.,-1.));
#1911=DIRECTION('center_axis',(0.,0.,1.));
#1912=DIRECTION('ref_axis',(1.,0.,0.));
#1913=DIRECTION('',(0.,0.,-1.));
#1914=DIRECTION('center_axis',(0.,0.,1.));
#1915=DIRECTION('ref_axis',(1.,0.,0.));
#1916=DIRECTION('',(0.,0.,-1.));
#1917=DIRECTION('center_axis',(0.,0.,1.));
#1918=DIRECTION('ref_axis',(1.,0.,0.));
#1919=DIRECTION('',(0.,0.,-1.));
#1920=DIRECTION('center_axis',(0.,0.,1.));
#1921=DIRECTION('ref_axis',(1.,9.26551579722581E-14,0.));
#1922=DIRECTION('',(0.,0.,1.));
#1923=DIRECTION('center_axis',(0.,0.,1.));
#1924=DIRECTION('ref_axis',(1.,9.26551579722581E-14,0.));
#1925=DIRECTION('center_axis',(0.,0.,1.));
#1926=DIRECTION('ref_axis',(1.,9.26551579722581E-14,0.));
#1927=DIRECTION('',(0.,0.,1.));
#1928=DIRECTION('center_axis',(0.,0.,1.));
#1929=DIRECTION('ref_axis',(1.,9.26551579722581E-14,0.));
#1930=DIRECTION('',(0.,0.,1.));
#1931=DIRECTION('center_axis',(0.,0.,1.));
#1932=DIRECTION('ref_axis',(1.,9.26551579722581E-14,0.));
#1933=DIRECTION('',(0.,0.,1.));
#1934=DIRECTION('center_axis',(0.,0.,1.));
#1935=DIRECTION('ref_axis',(1.,9.26551579722581E-14,0.));
#1936=DIRECTION('',(0.,0.,1.));
#1937=DIRECTION('center_axis',(0.,0.,1.));
#1938=DIRECTION('ref_axis',(1.,9.26551579722581E-14,0.));
#1939=DIRECTION('',(0.,0.,1.));
#1940=DIRECTION('center_axis',(0.,0.,1.));
#1941=DIRECTION('ref_axis',(1.,9.26551579722581E-14,0.));
#1942=DIRECTION('',(0.,0.,1.));
#1943=DIRECTION('center_axis',(0.,0.,1.));
#1944=DIRECTION('ref_axis',(1.,9.26551579722581E-14,0.));
#1945=DIRECTION('',(0.,0.,1.));
#1946=DIRECTION('center_axis',(0.,0.,1.));
#1947=DIRECTION('ref_axis',(1.,9.26551579722581E-14,0.));
#1948=DIRECTION('',(0.,0.,1.));
#1949=DIRECTION('center_axis',(0.,0.,1.));
#1950=DIRECTION('ref_axis',(1.,9.26551579722581E-14,0.));
#1951=DIRECTION('',(0.,0.,1.));
#1952=DIRECTION('center_axis',(0.,0.,1.));
#1953=DIRECTION('ref_axis',(1.,9.26551579722581E-14,0.));
#1954=DIRECTION('',(0.,0.,1.));
#1955=DIRECTION('center_axis',(0.,0.,1.));
#1956=DIRECTION('ref_axis',(1.,9.26551579722581E-14,0.));
#1957=DIRECTION('',(0.,0.,1.));
#1958=DIRECTION('center_axis',(0.,0.,1.));
#1959=DIRECTION('ref_axis',(1.,9.26551579722581E-14,0.));
#1960=DIRECTION('',(0.,0.,1.));
#1961=DIRECTION('center_axis',(1.,-5.33761069531325E-16,0.));
#1962=DIRECTION('ref_axis',(0.,-0.707106781186548,-0.707106781186547));
#1963=DIRECTION('center_axis',(-0.447213595499957,0.774596669241484,0.447213595499958));
#1964=DIRECTION('ref_axis',(-0.894427190999916,-0.387298334620741,-0.223606797749979));
#1965=DIRECTION('',(-1.,5.33761069531325E-16,0.));
#1966=DIRECTION('center_axis',(0.447213595499959,0.774596669241483,0.447213595499958));
#1967=DIRECTION('ref_axis',(0.894427190999916,-0.387298334620742,-0.223606797749979));
#1968=DIRECTION('',(1.,-5.33761069531325E-16,0.));
#1969=DIRECTION('center_axis',(0.,0.,1.));
#1970=DIRECTION('ref_axis',(1.,0.,0.));
#1971=DIRECTION('',(0.866025403784438,-0.500000000000001,0.));
#1972=DIRECTION('',(0.5,-0.866025403784439,0.));
#1973=DIRECTION('',(6.00925839494864E-16,1.,0.));
#1974=DIRECTION('',(-0.5,-0.866025403784438,0.));
#1975=DIRECTION('',(-0.866025403784439,-0.499999999999999,0.));
#1976=DIRECTION('',(-1.,1.06752213906265E-16,0.));
#1977=DIRECTION('',(-0.866025403784438,0.500000000000001,0.));
#1978=DIRECTION('',(-0.5,0.866025403784439,0.));
#1979=DIRECTION('',(7.23390519409599E-16,1.,0.));
#1980=DIRECTION('',(0.5,0.866025403784439,0.));
#1981=DIRECTION('',(0.866025403784439,0.499999999999999,0.));
#1982=DIRECTION('center_axis',(-0.447213595499959,-0.774596669241483,-0.447213595499958));
#1983=DIRECTION('ref_axis',(-0.223606797749979,-0.387298334620742,0.894427190999916));
#1984=DIRECTION('',(-0.707106781186547,3.77426071798984E-16,0.707106781186548));
#1985=DIRECTION('center_axis',(0.447213595499959,0.774596669241483,0.447213595499958));
#1986=DIRECTION('ref_axis',(-0.223606797749979,-0.387298334620741,0.894427190999916));
#1987=DIRECTION('',(-0.353553390593274,0.612372435695795,-0.707106781186547));
#1988=DIRECTION('center_axis',(0.447213595499959,0.774596669241483,0.447213595499958));
#1989=DIRECTION('ref_axis',(-0.782623792124926,0.580947501931113,-0.223606797749979));
#1990=DIRECTION('center_axis',(0.5,0.866025403784439,0.));
#1991=DIRECTION('ref_axis',(0.612372435695794,-0.353553390593274,-0.707106781186548));
#1992=DIRECTION('center_axis',(-0.894427190999916,6.47020150271498E-16,
0.447213595499958));
#1993=DIRECTION('ref_axis',(-0.11180339887499,-0.968245836551854,-0.223606797749979));
#1994=DIRECTION('',(-0.5,-0.866025403784439,0.));
#1995=DIRECTION('center_axis',(-0.447213595499957,0.774596669241484,0.447213595499958));
#1996=DIRECTION('ref_axis',(0.782623792124927,0.580947501931112,-0.223606797749979));
#1997=DIRECTION('center_axis',(0.866025403784439,-0.5,0.));
#1998=DIRECTION('ref_axis',(0.5,0.866025403784439,0.));
#1999=DIRECTION('',(-0.353553390593274,-0.612372435695795,-0.707106781186547));
#2000=DIRECTION('',(0.,0.,-1.));
#2001=DIRECTION('',(0.353553327373007,0.61237232619508,-0.707106907627059));
#2002=DIRECTION('',(0.5,0.866025403784439,0.));
#2003=DIRECTION('',(0.353553327373007,0.612372326195079,0.70710690762706));
#2004=DIRECTION('',(0.,0.,1.));
#2005=DIRECTION('',(-0.353553390593274,-0.612372435695794,0.707106781186548));
#2006=DIRECTION('center_axis',(0.894427190999916,-6.47020150271498E-16,
-0.447213595499958));
#2007=DIRECTION('ref_axis',(0.447213595499958,-5.47678698264203E-17,0.894427190999916));
#2008=DIRECTION('center_axis',(-0.894427190999916,6.47020150271498E-16,
0.447213595499958));
#2009=DIRECTION('ref_axis',(-0.111803398874989,0.968245836551854,-0.223606797749979));
#2010=DIRECTION('',(0.353553390593274,-0.612372435695794,0.707106781186548));
#2011=DIRECTION('center_axis',(-0.894427190999916,6.47020150271498E-16,
0.447213595499958));
#2012=DIRECTION('ref_axis',(0.447213595499958,-4.47903675515548E-17,0.894427190999916));
#2013=DIRECTION('center_axis',(-0.5,0.866025403784439,0.));
#2014=DIRECTION('ref_axis',(0.612372435695794,0.353553390593273,-0.707106781186548));
#2015=DIRECTION('center_axis',(-0.447213595499959,-0.774596669241483,0.447213595499958));
#2016=DIRECTION('ref_axis',(0.782623792124926,-0.580947501931113,-0.223606797749979));
#2017=DIRECTION('',(0.5,-0.866025403784439,0.));
#2018=DIRECTION('center_axis',(0.866025403784439,0.5,0.));
#2019=DIRECTION('ref_axis',(-0.5,0.866025403784439,0.));
#2020=DIRECTION('',(0.353553390593274,-0.612372435695795,-0.707106781186547));
#2021=DIRECTION('',(0.,0.,-1.));
#2022=DIRECTION('',(-0.353553327373007,0.612372326195081,-0.707106907627058));
#2023=DIRECTION('',(-0.5,0.866025403784439,0.));
#2024=DIRECTION('',(-0.353553327373006,0.61237232619508,0.70710690762706));
#2025=DIRECTION('',(0.,0.,1.));
#2026=DIRECTION('center_axis',(-1.,1.06752213906265E-16,0.));
#2027=DIRECTION('ref_axis',(0.,0.707106781186548,-0.707106781186547));
#2028=DIRECTION('center_axis',(0.447213595499957,-0.774596669241484,0.447213595499958));
#2029=DIRECTION('ref_axis',(0.894427190999916,0.387298334620741,-0.223606797749978));
#2030=DIRECTION('',(1.,-1.06752213906265E-16,0.));
#2031=DIRECTION('center_axis',(-0.447213595499959,-0.774596669241483,0.447213595499958));
#2032=DIRECTION('ref_axis',(-0.894427190999916,0.387298334620742,-0.223606797749979));
#2033=DIRECTION('center_axis',(1.06752213906265E-16,1.,0.));
#2034=DIRECTION('ref_axis',(-1.,1.06752213906265E-16,0.));
#2035=DIRECTION('',(0.707106781186548,-7.5485214359797E-17,-0.707106781186547));
#2036=DIRECTION('',(0.,0.,-1.));
#2037=DIRECTION('',(-0.707106654746014,7.548520086199E-17,-0.707106907627058));
#2038=DIRECTION('',(-1.,1.06752213906265E-16,0.));
#2039=DIRECTION('',(-0.707106654746013,7.54852008619898E-17,0.70710690762706));
#2040=DIRECTION('',(0.,0.,1.));
#2041=DIRECTION('',(0.707106781186547,-7.54852143597968E-17,0.707106781186548));
#2042=DIRECTION('center_axis',(-0.447213595499957,0.774596669241484,-0.447213595499958));
#2043=DIRECTION('ref_axis',(-0.223606797749979,0.387298334620742,0.894427190999916));
#2044=DIRECTION('center_axis',(0.447213595499957,-0.774596669241484,0.447213595499958));
#2045=DIRECTION('ref_axis',(-0.782623792124927,-0.580947501931111,-0.223606797749979));
#2046=DIRECTION('',(0.353553390593274,0.612372435695794,0.707106781186548));
#2047=DIRECTION('center_axis',(0.447213595499957,-0.774596669241484,0.447213595499958));
#2048=DIRECTION('ref_axis',(-0.223606797749979,0.387298334620742,0.894427190999916));
#2049=DIRECTION('center_axis',(-0.5,-0.866025403784438,0.));
#2050=DIRECTION('ref_axis',(-0.612372435695794,0.353553390593274,-0.707106781186548));
#2051=DIRECTION('center_axis',(0.894427190999916,-5.37484410618657E-16,
0.447213595499958));
#2052=DIRECTION('ref_axis',(0.11180339887499,0.968245836551854,-0.223606797749979));
#2053=DIRECTION('',(0.5,0.866025403784438,0.));
#2054=DIRECTION('center_axis',(-0.866025403784438,0.5,0.));
#2055=DIRECTION('ref_axis',(-0.5,-0.866025403784438,0.));
#2056=DIRECTION('',(0.353553390593274,0.612372435695794,-0.707106781186547));
#2057=DIRECTION('',(0.,0.,-1.));
#2058=DIRECTION('',(0.353553327373007,0.61237232619508,0.707106907627059));
#2059=DIRECTION('',(-0.5,-0.866025403784438,0.));
#2060=DIRECTION('',(-0.353553327373007,-0.612372326195079,0.70710690762706));
#2061=DIRECTION('',(0.,0.,1.));
#2062=DIRECTION('center_axis',(0.5,-0.866025403784439,0.));
#2063=DIRECTION('ref_axis',(-0.612372435695794,-0.353553390593272,-0.707106781186548));
#2064=DIRECTION('',(-0.5,0.866025403784439,0.));
#2065=DIRECTION('center_axis',(0.894427190999916,-5.37484410618657E-16,
0.447213595499958));
#2066=DIRECTION('ref_axis',(0.111803398874989,-0.968245836551854,-0.223606797749979));
#2067=DIRECTION('center_axis',(-0.5,-0.866025403784438,0.));
#2068=DIRECTION('ref_axis',(-0.612372435695794,0.353553390593274,0.707106781186548));
#2069=DIRECTION('center_axis',(0.894427254974306,-5.7331674566669E-16,-0.447213467551154));
#2070=DIRECTION('ref_axis',(0.111803336899796,0.968245853865433,0.223606753767569));
#2071=DIRECTION('',(0.5,0.866025403784438,0.));
#2072=DIRECTION('center_axis',(0.447213627487152,-0.774596724644931,-0.447213467551154));
#2073=DIRECTION('ref_axis',(-0.782623838106523,-0.580947456915808,0.223606753767569));
#2074=DIRECTION('center_axis',(0.447213627487152,-0.774596724644931,-0.447213467551154));
#2075=DIRECTION('ref_axis',(-0.223606733775577,0.387298223813827,-0.894427254974307));
#2076=DIRECTION('',(0.866025403784439,0.499999999999999,0.));
#2077=DIRECTION('center_axis',(0.447213627487152,-0.774596724644931,-0.447213467551154));
#2078=DIRECTION('ref_axis',(0.894427175006318,0.387298396949622,0.223606753767568));
#2079=DIRECTION('center_axis',(0.447213627487152,-0.774596724644931,-0.447213467551154));
#2080=DIRECTION('ref_axis',(-0.223606733775577,0.387298223813827,-0.894427254974306));
#2081=DIRECTION('center_axis',(0.5,-0.866025403784439,0.));
#2082=DIRECTION('ref_axis',(-0.612372435695794,-0.353553390593272,0.707106781186549));
#2083=DIRECTION('center_axis',(0.447213627487154,0.77459672464493,-0.447213467551154));
#2084=DIRECTION('ref_axis',(-0.782623838106522,0.58094745691581,0.223606753767569));
#2085=DIRECTION('',(-0.5,0.866025403784439,0.));
#2086=DIRECTION('center_axis',(0.894427254974306,-5.7331674566669E-16,-0.447213467551154));
#2087=DIRECTION('ref_axis',(0.111803336899795,-0.968245853865433,0.223606753767569));
#2088=DIRECTION('',(0.5,-0.866025403784439,0.));
#2089=DIRECTION('center_axis',(-0.866025403784439,-0.5,0.));
#2090=DIRECTION('ref_axis',(0.5,-0.866025403784439,0.));
#2091=DIRECTION('',(0.,0.,-1.));
#2092=DIRECTION('',(0.353553327373007,-0.61237232619508,-0.707106907627059));
#2093=DIRECTION('',(-0.353553327373006,0.61237232619508,-0.707106907627059));
#2094=DIRECTION('',(0.,0.,1.));
#2095=DIRECTION('',(-0.353553390593273,0.612372435695794,0.707106781186548));
#2096=DIRECTION('center_axis',(0.894427254974306,-5.7331674566669E-16,-0.447213467551154));
#2097=DIRECTION('ref_axis',(-0.447213467551154,0.,-0.894427254974307));
#2098=DIRECTION('center_axis',(0.894427254974306,-5.7331674566669E-16,-0.447213467551154));
#2099=DIRECTION('ref_axis',(-0.447213467551154,8.95807094738622E-17,-0.894427254974306));
#2100=DIRECTION('',(-6.40987562127855E-16,-1.,0.));
#2101=DIRECTION('center_axis',(1.,-5.33761069531325E-16,0.));
#2102=DIRECTION('ref_axis',(0.,-0.707106781186548,0.707106781186548));
#2103=DIRECTION('center_axis',(-0.447213627487153,0.774596724644931,-0.447213467551154));
#2104=DIRECTION('ref_axis',(-0.894427175006318,-0.387298396949623,0.223606753767569));
#2105=DIRECTION('',(-1.,5.33761069531325E-16,0.));
#2106=DIRECTION('center_axis',(0.447213627487154,0.77459672464493,-0.447213467551154));
#2107=DIRECTION('ref_axis',(0.894427175006317,-0.387298396949624,0.223606753767569));
#2108=DIRECTION('',(1.,-5.33761069531325E-16,0.));
#2109=DIRECTION('center_axis',(-5.33761069531325E-16,-1.,0.));
#2110=DIRECTION('ref_axis',(1.,-5.33761069531325E-16,0.));
#2111=DIRECTION('',(-0.707106781186548,3.77426071798984E-16,-0.707106781186547));
#2112=DIRECTION('',(0.,0.,-1.));
#2113=DIRECTION('',(0.707106654746014,-3.7742600430995E-16,-0.707106907627059));
#2114=DIRECTION('',(0.707106654746013,-3.7742600430995E-16,0.707106907627059));
#2115=DIRECTION('',(0.,0.,1.));
#2116=DIRECTION('center_axis',(0.447213627487154,0.77459672464493,-0.447213467551154));
#2117=DIRECTION('ref_axis',(-0.223606733775577,-0.387298223813827,-0.894427254974307));
#2118=DIRECTION('center_axis',(0.447213627487154,0.77459672464493,-0.447213467551154));
#2119=DIRECTION('ref_axis',(-0.223606733775577,-0.387298223813827,-0.894427254974306));
#2120=DIRECTION('',(-0.866025403784438,0.500000000000001,0.));
#2121=DIRECTION('center_axis',(0.5,0.866025403784439,0.));
#2122=DIRECTION('ref_axis',(0.612372435695794,-0.353553390593274,0.707106781186548));
#2123=DIRECTION('center_axis',(-0.894427254974306,6.82852493154133E-16,
-0.447213467551154));
#2124=DIRECTION('ref_axis',(-0.111803336899796,-0.968245853865433,0.223606753767569));
#2125=DIRECTION('',(-0.5,-0.866025403784439,0.));
#2126=DIRECTION('center_axis',(-0.447213627487153,0.774596724644931,-0.447213467551154));
#2127=DIRECTION('ref_axis',(0.782623838106523,0.580947456915809,0.223606753767569));
#2128=DIRECTION('center_axis',(-0.447213627487153,0.774596724644931,-0.447213467551154));
#2129=DIRECTION('ref_axis',(0.223606733775577,-0.387298223813827,-0.894427254974306));
#2130=DIRECTION('center_axis',(-0.447213627487153,0.774596724644931,-0.447213467551154));
#2131=DIRECTION('ref_axis',(0.223606733775577,-0.387298223813827,-0.894427254974306));
#2132=DIRECTION('',(-0.866025403784439,-0.499999999999999,0.));
#2133=DIRECTION('center_axis',(-0.5,0.866025403784439,0.));
#2134=DIRECTION('ref_axis',(0.612372435695794,0.353553390593273,0.707106781186548));
#2135=DIRECTION('center_axis',(-0.447213627487154,-0.77459672464493,-0.447213467551154));
#2136=DIRECTION('ref_axis',(0.782623838106522,-0.58094745691581,0.223606753767568));
#2137=DIRECTION('',(0.5,-0.866025403784439,0.));
#2138=DIRECTION('center_axis',(-0.894427254974306,6.82852493154133E-16,
-0.447213467551154));
#2139=DIRECTION('ref_axis',(-0.111803336899795,0.968245853865433,0.223606753767569));
#2140=DIRECTION('center_axis',(-0.894427254974306,6.82852493154133E-16,
-0.447213467551154));
#2141=DIRECTION('ref_axis',(0.447213467551154,-5.4767854157211E-17,-0.894427254974307));
#2142=DIRECTION('center_axis',(-0.894427254974306,6.82852493154133E-16,
-0.447213467551154));
#2143=DIRECTION('ref_axis',(0.447213467551154,-4.47903547369311E-17,-0.894427254974306));
#2144=DIRECTION('',(-7.6345224204259E-16,-1.,0.));
#2145=DIRECTION('center_axis',(-1.,1.06752213906265E-16,0.));
#2146=DIRECTION('ref_axis',(0.,0.707106781186548,0.707106781186548));
#2147=DIRECTION('',(1.,-1.06752213906265E-16,0.));
#2148=DIRECTION('center_axis',(-0.447213627487154,-0.77459672464493,-0.447213467551154));
#2149=DIRECTION('ref_axis',(-0.894427175006317,0.387298396949624,0.223606753767569));
#2150=DIRECTION('center_axis',(-0.447213627487154,-0.77459672464493,-0.447213467551154));
#2151=DIRECTION('ref_axis',(0.223606733775577,0.387298223813827,-0.894427254974307));
#2152=DIRECTION('center_axis',(-0.447213627487154,-0.77459672464493,-0.447213467551154));
#2153=DIRECTION('ref_axis',(0.223606733775577,0.387298223813827,-0.894427254974306));
#2154=DIRECTION('',(0.866025403784438,-0.500000000000001,0.));
#2155=DIRECTION('center_axis',(0.,0.,1.));
#2156=DIRECTION('ref_axis',(0.499999999999999,0.866025403784439,0.));
#2157=DIRECTION('center_axis',(-0.447213595499959,-0.774596669241483,0.447213595499958));
#2158=DIRECTION('ref_axis',(0.223606797749979,0.387298334620742,0.894427190999916));
#2159=DIRECTION('center_axis',(0.,0.,1.));
#2160=DIRECTION('ref_axis',(1.,-1.00154306582477E-16,0.));
#2161=DIRECTION('center_axis',(0.,0.,1.));
#2162=DIRECTION('ref_axis',(0.499999999999999,-0.866025403784439,0.));
#2163=DIRECTION('center_axis',(-0.447213595499957,0.774596669241484,0.447213595499958));
#2164=DIRECTION('ref_axis',(0.223606797749979,-0.387298334620742,0.894427190999916));
#2165=DIRECTION('center_axis',(0.,0.,1.));
#2166=DIRECTION('ref_axis',(-0.5,-0.866025403784438,0.));
#2167=DIRECTION('center_axis',(0.,0.,1.));
#2168=DIRECTION('ref_axis',(-1.,2.00308613164955E-16,0.));
#2169=DIRECTION('center_axis',(0.894427190999916,-5.37484410618657E-16,
0.447213595499958));
#2170=DIRECTION('ref_axis',(-0.447213595499958,8.95807351031097E-17,0.894427190999916));
#2171=DIRECTION('center_axis',(0.,0.,1.));
#2172=DIRECTION('ref_axis',(-0.499999999999999,0.866025403784439,0.));
#2173=DIRECTION('center_axis',(0.447213595499959,0.774596669241483,-0.447213595499958));
#2174=DIRECTION('ref_axis',(0.223606797749979,0.387298334620742,0.894427190999916));
#2175=DIRECTION('center_axis',(0.447213595499957,-0.774596669241484,-0.447213595499958));
#2176=DIRECTION('ref_axis',(0.223606797749979,-0.387298334620742,0.894427190999916));
#2177=DIRECTION('center_axis',(-0.894427190999916,5.37484410618657E-16,
-0.447213595499958));
#2178=DIRECTION('ref_axis',(-0.447213595499958,0.,0.894427190999916));
#2179=DIRECTION('center_axis',(0.,0.,1.));
#2180=DIRECTION('ref_axis',(1.,9.26551579722581E-14,0.));
#2181=DIRECTION('center_axis',(0.,0.,-1.));
#2182=DIRECTION('ref_axis',(1.,9.26551579722581E-14,0.));
#2183=DIRECTION('center_axis',(0.,0.,1.));
#2184=DIRECTION('ref_axis',(1.,0.,0.));
#2185=DIRECTION('center_axis',(0.,0.,-1.));
#2186=DIRECTION('ref_axis',(1.,0.,0.));
#2187=DIRECTION('center_axis',(0.,0.,1.));
#2188=DIRECTION('ref_axis',(1.,5.69646455794496E-15,0.));
#2189=DIRECTION('center_axis',(0.,0.,1.));
#2190=DIRECTION('ref_axis',(1.,0.,0.));
#2191=DIRECTION('center_axis',(0.,0.,1.));
#2192=DIRECTION('ref_axis',(1.,0.,0.));
#2193=DIRECTION('center_axis',(0.,0.,1.));
#2194=DIRECTION('ref_axis',(1.,0.,0.));
#2195=DIRECTION('center_axis',(0.,0.,1.));
#2196=DIRECTION('ref_axis',(1.,0.,0.));
#2197=CARTESIAN_POINT('',(0.,0.,0.));
#2198=CARTESIAN_POINT('Origin',(0.,0.,0.));
#2199=CARTESIAN_POINT('',(-1.03681697526158,-0.000712883002512918,2.97696152422707));
#2200=CARTESIAN_POINT('',(-1.03775,-1.27087721581517E-16,3.));
#2201=CARTESIAN_POINT('',(-1.03775,-1.27087721581517E-16,0.));
#2202=CARTESIAN_POINT('',(-0.984519963613927,-0.328093742314041,3.));
#2203=CARTESIAN_POINT('Origin',(0.,0.,3.));
#2204=CARTESIAN_POINT('Ctrl Pts',(-0.986234851666662,-0.328838836125133,
3.));
#2205=CARTESIAN_POINT('Ctrl Pts',(-1.0209929161125,-0.223628932985314,2.99232050807569));
#2206=CARTESIAN_POINT('Ctrl Pts',(-1.03756245447762,-0.11227243634457,2.98464101615138));
#2207=CARTESIAN_POINT('Ctrl Pts',(-1.03681697526158,-0.000712883002512918,
2.97696152422707));
#2208=CARTESIAN_POINT('Origin',(0.,0.,0.));
#2209=CARTESIAN_POINT('',(-1.03667837135966,0.000760876820573783,2.52696152422707));
#2210=CARTESIAN_POINT('',(-1.03921579680347,0.000483410817487369,2.64803847577294));
#2211=CARTESIAN_POINT('',(-1.03775,-1.27087721581517E-16,0.));
#2212=CARTESIAN_POINT('',(-0.208122466140322,1.01666617017961,3.));
#2213=CARTESIAN_POINT('Ctrl Pts',(-1.03921579680347,0.000483410817487369,
2.64803847577294));
#2214=CARTESIAN_POINT('Ctrl Pts',(-1.03739329714714,-0.317039763227577,
2.67003666247277));
#2215=CARTESIAN_POINT('Ctrl Pts',(-0.881139089494105,-0.636119630398516,
2.69203484917261));
#2216=CARTESIAN_POINT('Ctrl Pts',(-0.628465179078216,-0.827944163215731,
2.71403303587245));
#2217=CARTESIAN_POINT('Ctrl Pts',(-0.354744167198928,-1.03574719733024,
2.73786361621641));
#2218=CARTESIAN_POINT('Ctrl Pts',(0.0321285904104381,-1.09421184081516,
2.76169419656037));
#2219=CARTESIAN_POINT('Ctrl Pts',(0.355230284831448,-0.976773536706321,
2.78552477690434));
#2220=CARTESIAN_POINT('Ctrl Pts',(0.67833197925246,-0.859335232597486,2.8093553572483));
#2221=CARTESIAN_POINT('Ctrl Pts',(0.937662610485115,-0.565993980894899,
2.83318593759226));
#2222=CARTESIAN_POINT('Ctrl Pts',(1.0137320050742,-0.230714200947573,2.85701651793622));
#2223=CARTESIAN_POINT('Ctrl Pts',(1.08980139966329,0.104565578999755,2.88084709828019));
#2224=CARTESIAN_POINT('Ctrl Pts',(0.982609557608813,0.481783887191824,2.90467767862415));
#2225=CARTESIAN_POINT('Ctrl Pts',(0.7426993747561,0.727121581191376,2.92850825896812));
#2226=CARTESIAN_POINT('Ctrl Pts',(0.502789191903392,0.972459275190922,2.95233883931208));
#2227=CARTESIAN_POINT('Ctrl Pts',(0.130160668252457,1.08591635499796,2.97616941965604));
#2228=CARTESIAN_POINT('Ctrl Pts',(-0.208122466140321,1.01666617017961,3.));
#2229=CARTESIAN_POINT('Origin',(0.,0.,3.));
#2230=CARTESIAN_POINT('Ctrl Pts',(-1.03681697526158,-0.000712883002512918,
2.97696152422707));
#2231=CARTESIAN_POINT('Ctrl Pts',(-1.03533497383801,0.221065824318096,2.96169481025385));
#2232=CARTESIAN_POINT('Ctrl Pts',(-0.96542256922678,0.443647028770208,2.94642809628064));
#2233=CARTESIAN_POINT('Ctrl Pts',(-0.833942641001247,0.620334244496626,
2.93116138230742));
#2234=CARTESIAN_POINT('Ctrl Pts',(-0.628709019758721,0.896134190543068,
2.90733080196346));
#2235=CARTESIAN_POINT('Ctrl Pts',(-0.273462091465335,1.06011042469839,2.88350022161949));
#2236=CARTESIAN_POINT('Ctrl Pts',(0.0694332016547407,1.03713018419085,2.85966964127553));
#2237=CARTESIAN_POINT('Ctrl Pts',(0.412328494774823,1.01414994368331,2.83583906093157));
#2238=CARTESIAN_POINT('Ctrl Pts',(0.742872152721597,0.804213228512902,2.81200848058761));
#2239=CARTESIAN_POINT('Ctrl Pts',(0.909398052951169,0.503511530762227,2.78817790024364));
#2240=CARTESIAN_POINT('Ctrl Pts',(1.07592395318074,0.20280983301155,2.76434731989968));
#2241=CARTESIAN_POINT('Ctrl Pts',(1.07843209569311,-0.188656847319393,2.74051673955572));
#2242=CARTESIAN_POINT('Ctrl Pts',(0.915884986532483,-0.491520229614605,
2.71668615921175));
#2243=CARTESIAN_POINT('Ctrl Pts',(0.753337877371854,-0.794383611909814,
2.69285557886779));
#2244=CARTESIAN_POINT('Ctrl Pts',(0.425735516538221,-1.00864369616929,2.66902499852383));
#2245=CARTESIAN_POINT('Ctrl Pts',(0.0831248655568865,-1.0361277527686,2.64519441817987));
#2246=CARTESIAN_POINT('Ctrl Pts',(-0.259485785424443,-1.06361180936791,
2.62136383783591));
#2247=CARTESIAN_POINT('Ctrl Pts',(-0.617104726553477,-0.904319838307071,
2.59753325749194));
#2248=CARTESIAN_POINT('Ctrl Pts',(-0.825841886653562,-0.631238528121268,
2.57370267714798));
#2249=CARTESIAN_POINT('Ctrl Pts',(-0.962313811657644,-0.452698530423569,
2.55812229284101));
#2250=CARTESIAN_POINT('Ctrl Pts',(-1.03514595961403,-0.225519081194124,
2.54254190853404));
#2251=CARTESIAN_POINT('Ctrl Pts',(-1.03667837135966,0.000760876820573783,
2.52696152422707));
#2252=CARTESIAN_POINT('Origin',(0.,0.,0.));
#2253=CARTESIAN_POINT('',(-1.03933208481277,0.000325424704383228,2.07696152422707));
#2254=CARTESIAN_POINT('',(-1.03791096552497,-0.000941355121359765,2.19803847577293));
#2255=CARTESIAN_POINT('',(-1.03775,-1.27087721581517E-16,0.));
#2256=CARTESIAN_POINT('Ctrl Pts',(-1.03791096552497,-0.000941355121359765,
2.19803847577293));
#2257=CARTESIAN_POINT('Ctrl Pts',(-1.03860567388772,-0.0760055042035736,
2.20322260006503));
#2258=CARTESIAN_POINT('Ctrl Pts',(-1.0311549837439,-0.150932912669951,2.20840672435713));
#2259=CARTESIAN_POINT('Ctrl Pts',(-1.01504507911502,-0.223949897766008,
2.21359084864923));
#2260=CARTESIAN_POINT('Ctrl Pts',(-0.940990454850452,-0.559597160787367,
2.23742142899319));
#2261=CARTESIAN_POINT('Ctrl Pts',(-0.68395865321268,-0.854875418457003,
2.26125200933716));
#2262=CARTESIAN_POINT('Ctrl Pts',(-0.361724086511792,-0.974487227223254,
2.28508258968112));
#2263=CARTESIAN_POINT('Ctrl Pts',(-0.0394895198109017,-1.09409903598951,
2.30891317002508));
#2264=CARTESIAN_POINT('Ctrl Pts',(0.347947811953105,-1.03804439585237,2.33274375036904));
#2265=CARTESIAN_POINT('Ctrl Pts',(0.623073264492535,-0.832011937107686,
2.35657433071301));
#2266=CARTESIAN_POINT('Ctrl Pts',(0.898198717031965,-0.625979478363004,
2.38040491105697));
#2267=CARTESIAN_POINT('Ctrl Pts',(1.06101229034682,-0.269969201010778,2.40423549140093));
#2268=CARTESIAN_POINT('Ctrl Pts',(1.03690004925815,0.0729057157684579,2.4280660717449));
#2269=CARTESIAN_POINT('Ctrl Pts',(1.01278780816949,0.415780632547691,2.45189665208886));
#2270=CARTESIAN_POINT('Ctrl Pts',(0.801749752677305,0.745520188753933,2.47572723243282));
#2271=CARTESIAN_POINT('Ctrl Pts',(0.50050827428764,0.911022494085461,2.49955781277678));
#2272=CARTESIAN_POINT('Ctrl Pts',(0.199266795897974,1.07652479941699,2.52338839312075));
#2273=CARTESIAN_POINT('Ctrl Pts',(-0.192178105389177,1.0777898538738,2.54721897346471));
#2274=CARTESIAN_POINT('Ctrl Pts',(-0.49451750879602,0.914270183111603,2.57104955380867));
#2275=CARTESIAN_POINT('Ctrl Pts',(-0.79685691220286,0.750750512349406,2.59488013415263));
#2276=CARTESIAN_POINT('Ctrl Pts',(-1.01009081772939,0.4224461163682,2.6187107144966));
#2277=CARTESIAN_POINT('Ctrl Pts',(-1.03642313741805,0.0797232060055439,
2.64254129484056));
#2278=CARTESIAN_POINT('Ctrl Pts',(-1.03844789613295,0.0533703739057728,
2.64437368848469));
#2279=CARTESIAN_POINT('Ctrl Pts',(-1.0393676064427,0.0269322928967936,2.64620608212881));
#2280=CARTESIAN_POINT('Ctrl Pts',(-1.03921579680347,0.000483410817487369,
2.64803847577294));
#2281=CARTESIAN_POINT('Ctrl Pts',(-1.03667837135966,0.000760876820573783,
2.52696152422707));
#2282=CARTESIAN_POINT('Ctrl Pts',(-1.03748982100441,0.120581670459685,2.51871132819007));
#2283=CARTESIAN_POINT('Ctrl Pts',(-1.0183090918245,0.24015025013319,2.51046113215308));
#2284=CARTESIAN_POINT('Ctrl Pts',(-0.977998858359796,0.352111237091004,
2.50221093611609));
#2285=CARTESIAN_POINT('Ctrl Pts',(-0.861563290894807,0.675509042806697,
2.47838035577213));
#2286=CARTESIAN_POINT('Ctrl Pts',(-0.568836776893694,0.935434004927311,
2.45454977542816));
#2287=CARTESIAN_POINT('Ctrl Pts',(-0.233936545633145,1.01278986191846,2.4307191950842));
#2288=CARTESIAN_POINT('Ctrl Pts',(0.100963685627404,1.09014571890961,2.40688861474024));
#2289=CARTESIAN_POINT('Ctrl Pts',(0.478037634147386,0.984932470771295,2.38305803439628));
#2290=CARTESIAN_POINT('Ctrl Pts',(0.72450745319416,0.745358276377857,2.35922745405231));
#2291=CARTESIAN_POINT('Ctrl Pts',(0.97097727224093,0.505784081984422,2.33539687370835));
#2292=CARTESIAN_POINT('Ctrl Pts',(1.08684296181449,0.131848941335866,2.31156629336439));
#2293=CARTESIAN_POINT('Ctrl Pts',(1.0190178263229,-0.205111979812574,2.28773571302042));
#2294=CARTESIAN_POINT('Ctrl Pts',(0.951192690831303,-0.542072900961015,
2.26390513267646));
#2295=CARTESIAN_POINT('Ctrl Pts',(0.699676730274553,-0.842059602609341,
2.2400745523325));
#2296=CARTESIAN_POINT('Ctrl Pts',(0.379712019590727,-0.967619722457405,
2.21624397198854));
#2297=CARTESIAN_POINT('Ctrl Pts',(0.0597473089069007,-1.09317984230547,
2.19241339164458));
#2298=CARTESIAN_POINT('Ctrl Pts',(-0.328666151904005,-1.04431338035327,
2.16858281130061));
#2299=CARTESIAN_POINT('Ctrl Pts',(-0.607558655422475,-0.84341069681629,
2.14475223095665));
#2300=CARTESIAN_POINT('Ctrl Pts',(-0.872013257341692,-0.652908483493962,
2.12215532871345));
#2301=CARTESIAN_POINT('Ctrl Pts',(-1.03799290059592,-0.325704026087288,
2.09955842647026));
#2302=CARTESIAN_POINT('Ctrl Pts',(-1.03933208481277,0.000325424704383228,
2.07696152422707));
#2303=CARTESIAN_POINT('Origin',(0.,0.,0.));
#2304=CARTESIAN_POINT('',(-1.03764682423458,-0.000952204844821974,1.62696152422707));
#2305=CARTESIAN_POINT('',(-1.03604617580151,6.82662314935077E-5,1.74803847577293));
#2306=CARTESIAN_POINT('',(-1.03775,-1.27087721581517E-16,0.));
#2307=CARTESIAN_POINT('Ctrl Pts',(-1.03604617580151,6.82662314935077E-5,
1.74803847577293));
#2308=CARTESIAN_POINT('Ctrl Pts',(-1.03594217252729,-0.177396652308977,
1.76023911800126));
#2309=CARTESIAN_POINT('Ctrl Pts',(-0.992711413818152,-0.354909087324789,
1.77243976022958));
#2310=CARTESIAN_POINT('Ctrl Pts',(-0.906641604426528,-0.508399523493889,
1.7846404024579));
#2311=CARTESIAN_POINT('Ctrl Pts',(-0.738528035524779,-0.808200640738896,
1.80847098280186));
#2312=CARTESIAN_POINT('Ctrl Pts',(-0.406979984294867,-1.0163558675299,1.83230156314583));
#2313=CARTESIAN_POINT('Ctrl Pts',(-0.0639111439078655,-1.0374894962354,
1.85613214348979));
#2314=CARTESIAN_POINT('Ctrl Pts',(0.279157696479133,-1.0586231249409,1.87996272383375));
#2315=CARTESIAN_POINT('Ctrl Pts',(0.633747326023221,-0.892735155560897,
1.90379330417772));
#2316=CARTESIAN_POINT('Ctrl Pts',(0.837386749956341,-0.615834702557301,
1.92762388452168));
#2317=CARTESIAN_POINT('Ctrl Pts',(1.04102617388946,-0.338934249553702,1.95145446486564));
#2318=CARTESIAN_POINT('Ctrl Pts',(1.09371539221162,0.0489786870734876,1.9752850452096));
#2319=CARTESIAN_POINT('Ctrl Pts',(0.971312187765526,0.370164581607519,1.99911562555357));
#2320=CARTESIAN_POINT('Ctrl Pts',(0.848908983319437,0.691350476141548,2.02294620589753));
#2321=CARTESIAN_POINT('Ctrl Pts',(0.551413356105108,0.945809328582418,2.04677678624149));
#2322=CARTESIAN_POINT('Ctrl Pts',(0.215136821489099,1.01694904163256,2.07060736658545));
#2323=CARTESIAN_POINT('Ctrl Pts',(-0.121139713126912,1.0880887546827,2.09443794692942));
#2324=CARTESIAN_POINT('Ctrl Pts',(-0.496197155144603,0.975909328342107,
2.11826852727338));
#2325=CARTESIAN_POINT('Ctrl Pts',(-0.738187152707771,0.731811480985268,
2.14209910761734));
#2326=CARTESIAN_POINT('Ctrl Pts',(-0.927534444692432,0.54081488260629,2.16074556366921));
#2327=CARTESIAN_POINT('Ctrl Pts',(-1.0354122119795,0.269052240338017,2.17939201972107));
#2328=CARTESIAN_POINT('Ctrl Pts',(-1.03791096552497,-0.000941355121359765,
2.19803847577293));
#2329=CARTESIAN_POINT('Ctrl Pts',(-1.03933208481277,0.000325424704383228,
2.07696152422707));
#2330=CARTESIAN_POINT('Ctrl Pts',(-1.0394051975883,0.0181250057849466,2.0757278461263));
#2331=CARTESIAN_POINT('Ctrl Pts',(-1.03898758052528,0.0359210846230488,
2.07449416802553));
#2332=CARTESIAN_POINT('Ctrl Pts',(-1.03806846672947,0.0536912249071812,
2.07326048992476));
#2333=CARTESIAN_POINT('Ctrl Pts',(-1.02031422829196,0.396951557971916,2.0494299095808));
#2334=CARTESIAN_POINT('Ctrl Pts',(-0.815434205190906,0.730533318979638,
2.02559932923683));
#2335=CARTESIAN_POINT('Ctrl Pts',(-0.51730318986283,0.901591059458343,2.00176874889287));
#2336=CARTESIAN_POINT('Ctrl Pts',(-0.219172174534751,1.07264879993705,1.97793816854891));
#2337=CARTESIAN_POINT('Ctrl Pts',(0.172209833020353,1.08118251988674,1.95410758820495));
#2338=CARTESIAN_POINT('Ctrl Pts',(0.477513512511105,0.923282112527077,1.93027700786099));
#2339=CARTESIAN_POINT('Ctrl Pts',(0.782817192001858,0.765381705167419,1.90644642751702));
#2340=CARTESIAN_POINT('Ctrl Pts',(1.00204254342826,0.441047170498417,1.88261584717306));
#2341=CARTESIAN_POINT('Ctrl Pts',(1.03474168742672,0.0988869257570442,1.85878526682909));
#2342=CARTESIAN_POINT('Ctrl Pts',(1.06744083142517,-0.243273318984329,1.83495468648513));
#2343=CARTESIAN_POINT('Ctrl Pts',(0.913613767995683,-0.603259273798074,
1.81112410614117));
#2344=CARTESIAN_POINT('Ctrl Pts',(0.643743240763513,-0.816127223658053,
1.78729352579721));
#2345=CARTESIAN_POINT('Ctrl Pts',(0.373872713531343,-1.02899517351803,1.76346294545325));
#2346=CARTESIAN_POINT('Ctrl Pts',(-0.0120412775035065,-1.09474511842424,
1.73963236510928));
#2347=CARTESIAN_POINT('Ctrl Pts',(-0.337174910643519,-0.983250771986715,
1.71580178476532));
#2348=CARTESIAN_POINT('Ctrl Pts',(-0.662308543783529,-0.871756425549186,
1.69197120442136));
#2349=CARTESIAN_POINT('Ctrl Pts',(-0.926661819028701,-0.583017787767919,
1.66814062407739));
#2350=CARTESIAN_POINT('Ctrl Pts',(-1.00910943134917,-0.249333417815404,
1.64431004373343));
#2351=CARTESIAN_POINT('Ctrl Pts',(-1.02911655370974,-0.168360011411605,
1.63852720389798));
#2352=CARTESIAN_POINT('Ctrl Pts',(-1.03841195365564,-0.0847399243107822,
1.63274436406252));
#2353=CARTESIAN_POINT('Ctrl Pts',(-1.03764682423458,-0.000952204844821974,
1.62696152422707));
#2354=CARTESIAN_POINT('Origin',(0.,0.,0.));
#2355=CARTESIAN_POINT('',(-1.03608092736158,0.000209997412625174,1.17696152422707));
#2356=CARTESIAN_POINT('',(-1.03816124099298,0.000909974317865472,1.29803847577293));
#2357=CARTESIAN_POINT('',(-1.03775,-1.27087721581517E-16,0.));
#2358=CARTESIAN_POINT('Ctrl Pts',(-1.03816124099298,0.000909974317865472,
1.29803847577293));
#2359=CARTESIAN_POINT('Ctrl Pts',(-1.03560926006623,-0.2771743858012,1.31725563593748));
#2360=CARTESIAN_POINT('Ctrl Pts',(-0.920275590647169,-0.557126017723076,
1.33647279610203));
#2361=CARTESIAN_POINT('Ctrl Pts',(-0.720483809667452,-0.749247714798456,
1.35568995626657));
#2362=CARTESIAN_POINT('Ctrl Pts',(-0.472728467674492,-0.987491633190729,
1.37952053661053));
#2363=CARTESIAN_POINT('Ctrl Pts',(-0.0950961447334669,-1.0906734886983,
1.4033511169545));
#2364=CARTESIAN_POINT('Ctrl Pts',(0.239383969394794,-1.01151588087682,1.42718169729846));
#2365=CARTESIAN_POINT('Ctrl Pts',(0.573864083523057,-0.932358273055336,
1.45101227764242));
#2366=CARTESIAN_POINT('Ctrl Pts',(0.865191988838554,-0.670861201904802,
1.47484285798638));
#2367=CARTESIAN_POINT('Ctrl Pts',(0.979882738240507,-0.346841285636414,
1.49867343833035));
#2368=CARTESIAN_POINT('Ctrl Pts',(1.09457348764246,-0.0228213693680286,
1.52250401867431));
#2369=CARTESIAN_POINT('Ctrl Pts',(1.03262708113087,0.363721392018211,1.54633459901827));
#2370=CARTESIAN_POINT('Ctrl Pts',(0.82242703830147,0.635675096327382,1.57016517936224));
#2371=CARTESIAN_POINT('Ctrl Pts',(0.612226995472072,0.907628800636555,1.5939957597062));
#2372=CARTESIAN_POINT('Ctrl Pts',(0.253773316324865,1.06499344786866,1.61782634005016));
#2373=CARTESIAN_POINT('Ctrl Pts',(-0.0886923538575914,1.03566535715944,
1.64165692039412));
#2374=CARTESIAN_POINT('Ctrl Pts',(-0.431158024040045,1.00633726645021,1.66548750073809));
#2375=CARTESIAN_POINT('Ctrl Pts',(-0.757635685257747,0.790316437799671,
1.68931808108205));
#2376=CARTESIAN_POINT('Ctrl Pts',(-0.918534972579806,0.486582519624898,
1.71314866142601));
#2377=CARTESIAN_POINT('Ctrl Pts',(-0.997057976526718,0.338352530215993,
1.72477859954165));
#2378=CARTESIAN_POINT('Ctrl Pts',(-1.03614531416,0.169231985788138,1.73640853765729));
#2379=CARTESIAN_POINT('Ctrl Pts',(-1.03604617580151,6.82662314935077E-5,
1.74803847577293));
#2380=CARTESIAN_POINT('Ctrl Pts',(-1.03764682423458,-0.000952204844821974,
1.62696152422707));
#2381=CARTESIAN_POINT('Ctrl Pts',(-1.035258921813,0.260541985163702,1.60891378371856));
#2382=CARTESIAN_POINT('Ctrl Pts',(-0.934880472581063,0.523668930917353,
1.59086604321005));
#2383=CARTESIAN_POINT('Ctrl Pts',(-0.756306443321078,0.713070519249998,
1.57281830270154));
#2384=CARTESIAN_POINT('Ctrl Pts',(-0.52051389357674,0.963159984239123,1.54898772235758));
#2385=CARTESIAN_POINT('Ctrl Pts',(-0.148386844692291,1.08470881209361,1.52515714201362));
#2386=CARTESIAN_POINT('Ctrl Pts',(0.189567999376838,1.02202395827575,1.50132656166965));
#2387=CARTESIAN_POINT('Ctrl Pts',(0.527522843445967,0.959339104457889,1.47749598132569));
#2388=CARTESIAN_POINT('Ctrl Pts',(0.831305482699777,0.712420568967689,1.45366540098173));
#2389=CARTESIAN_POINT('Ctrl Pts',(0.961724274222677,0.394405148737691,1.42983482063777));
#2390=CARTESIAN_POINT('Ctrl Pts',(1.09214306574558,0.0763897285076953,1.4060042402938));
#2391=CARTESIAN_POINT('Ctrl Pts',(1.04919800953757,-0.312722576462096,1.38217365994984));
#2392=CARTESIAN_POINT('Ctrl Pts',(0.852566308346306,-0.594642493517965,
1.35834307960588));
#2393=CARTESIAN_POINT('Ctrl Pts',(0.655934607155042,-0.876562410573832,
1.33451249926192));
#2394=CARTESIAN_POINT('Ctrl Pts',(0.30561626098052,-1.05128993971578,1.31068191891795));
#2395=CARTESIAN_POINT('Ctrl Pts',(-0.0378746622010133,-1.03876585126174,
1.28685133857399));
#2396=CARTESIAN_POINT('Ctrl Pts',(-0.381365585382549,-1.0262417628077,1.26302075823003));
#2397=CARTESIAN_POINT('Ctrl Pts',(-0.718029085571096,-0.826466056757684,
1.23919017788606));
#2398=CARTESIAN_POINT('Ctrl Pts',(-0.89360767983104,-0.530974884989999,
1.2153595975421));
#2399=CARTESIAN_POINT('Ctrl Pts',(-0.987910597030062,-0.372267158562967,
1.20256023977042));
#2400=CARTESIAN_POINT('Ctrl Pts',(-1.03574465963446,-0.185947980688943,
1.18976088199875));
#2401=CARTESIAN_POINT('Ctrl Pts',(-1.03608092736158,0.000209997412625174,
1.17696152422707));
#2402=CARTESIAN_POINT('Origin',(0.,0.,0.));
#2403=CARTESIAN_POINT('',(-1.0384185038531,0.000855374734797278,0.726961524227067));
#2404=CARTESIAN_POINT('',(-1.03902783181143,-0.000594436498083345,0.848038475772934));
#2405=CARTESIAN_POINT('',(-1.03775,-1.27087721581517E-16,0.));
#2406=CARTESIAN_POINT('Ctrl Pts',(-1.03902783181143,-0.000594436498083345,
0.848038475772934));
#2407=CARTESIAN_POINT('Ctrl Pts',(-1.03926488996457,-0.0352933792757662,
0.85044157352974));
#2408=CARTESIAN_POINT('Ctrl Pts',(-1.03767754955878,-0.0699703709688032,
0.852844671286547));
#2409=CARTESIAN_POINT('Ctrl Pts',(-1.03419444584877,-0.104455884248177,
0.855247769043353));
#2410=CARTESIAN_POINT('Ctrl Pts',(-0.999653868973531,-0.446435228442271,
0.879078349387316));
#2411=CARTESIAN_POINT('Ctrl Pts',(-0.778685578188964,-0.769584752034488,
0.902908929731279));
#2412=CARTESIAN_POINT('Ctrl Pts',(-0.472536281883338,-0.925839301488197,
0.926739510075242));
#2413=CARTESIAN_POINT('Ctrl Pts',(-0.166386985577714,-1.08209385094191,
0.950570090419205));
#2414=CARTESIAN_POINT('Ctrl Pts',(0.224943316248967,-1.07145342625711,0.974400670763168));
#2415=CARTESIAN_POINT('Ctrl Pts',(0.522149181007009,-0.898793258701974,
0.99823125110713));
#2416=CARTESIAN_POINT('Ctrl Pts',(0.819355045765052,-0.726133091146838,
1.02206183145109));
#2417=CARTESIAN_POINT('Ctrl Pts',(1.02243647345445,-0.391453180721364,1.04589241179506));
#2418=CARTESIAN_POINT('Ctrl Pts',(1.03834254959603,-0.0481022251496401,
1.06972299213902));
#2419=CARTESIAN_POINT('Ctrl Pts',(1.0542486257376,0.295248730422082,1.09355357248298));
#2420=CARTESIAN_POINT('Ctrl Pts',(0.88297935033135,0.647270731140053,1.11738415282694));
#2421=CARTESIAN_POINT('Ctrl Pts',(0.603009450392922,0.846669148483352,1.14121473317091));
#2422=CARTESIAN_POINT('Ctrl Pts',(0.323039550454492,1.04606756582665,1.16504531351487));
#2423=CARTESIAN_POINT('Ctrl Pts',(-0.065630974016117,1.09284239979528,1.18887589385883));
#2424=CARTESIAN_POINT('Ctrl Pts',(-0.384915298795335,0.96556163884357,1.21270647420279));
#2425=CARTESIAN_POINT('Ctrl Pts',(-0.70419962357455,0.838280877891862,1.23653705454676));
#2426=CARTESIAN_POINT('Ctrl Pts',(-0.954097748662377,0.536944522019822,
1.26036763489072));
#2427=CARTESIAN_POINT('Ctrl Pts',(-1.02010763068384,0.199623353445313,1.28419821523468));
#2428=CARTESIAN_POINT('Ctrl Pts',(-1.03288664476421,0.134320525583614,1.2888116354141));
#2429=CARTESIAN_POINT('Ctrl Pts',(-1.03877388928254,0.0676690577395913,
1.29342505559352));
#2430=CARTESIAN_POINT('Ctrl Pts',(-1.03816124099298,0.000909974317865472,
1.29803847577293));
#2431=CARTESIAN_POINT('Ctrl Pts',(-1.03608092736158,0.000209997412625174,
1.17696152422707));
#2432=CARTESIAN_POINT('Ctrl Pts',(-1.03637074222634,0.160651648210827,1.16593030165478));
#2433=CARTESIAN_POINT('Ctrl Pts',(-1.00137927289124,0.320973560082208,1.1548990790825));
#2434=CARTESIAN_POINT('Ctrl Pts',(-0.93044780583914,0.463396060995998,1.14386785651021));
#2435=CARTESIAN_POINT('Ctrl Pts',(-0.777215649255956,0.771069197728957,
1.12003727616625));
#2436=CARTESIAN_POINT('Ctrl Pts',(-0.456257647758245,0.995208833709522,
1.09620669582229));
#2437=CARTESIAN_POINT('Ctrl Pts',(-0.114635118742663,1.03311552054984,1.07237611547832));
#2438=CARTESIAN_POINT('Ctrl Pts',(0.226987410272919,1.07102220739016,1.04854553513436));
#2439=CARTESIAN_POINT('Ctrl Pts',(0.589274466806371,0.922695945090225,1.0247149547904));
#2440=CARTESIAN_POINT('Ctrl Pts',(0.806228002549422,0.656098720611522,1.00088437444644));
#2441=CARTESIAN_POINT('Ctrl Pts',(1.02318153829247,0.389501496132821,0.977053794102473));
#2442=CARTESIAN_POINT('Ctrl Pts',(1.09480155324512,0.00463330947534979,
0.95322321375851));
#2443=CARTESIAN_POINT('Ctrl Pts',(0.988272087578898,-0.322160559384078,
0.929392633414548));
#2444=CARTESIAN_POINT('Ctrl Pts',(0.881742621912673,-0.648954428243509,
0.905562053070585));
#2445=CARTESIAN_POINT('Ctrl Pts',(0.597063675627571,-0.917673979304895,
0.881731472726623));
#2446=CARTESIAN_POINT('Ctrl Pts',(0.264673749429814,-1.00519453887755,0.85790089238266));
#2447=CARTESIAN_POINT('Ctrl Pts',(-0.0677161767679426,-1.09271509845019,
0.834070312038697));
#2448=CARTESIAN_POINT('Ctrl Pts',(-0.447817082878354,-0.999036666534109,
0.810239731694734));
#2449=CARTESIAN_POINT('Ctrl Pts',(-0.701468820338697,-0.767079855029119,
0.786409151350771));
#2450=CARTESIAN_POINT('Ctrl Pts',(-0.91238820333563,-0.574200484067911,
0.766593275642869));
#2451=CARTESIAN_POINT('Ctrl Pts',(-1.03587500916873,-0.285709293570309,
0.746777399934968));
#2452=CARTESIAN_POINT('Ctrl Pts',(-1.0384185038531,0.000855374734797277,
0.726961524227067));
#2453=CARTESIAN_POINT('Origin',(0.,0.,0.));
#2454=CARTESIAN_POINT('',(-1.03882273828183,-0.000673899235698605,0.276961524227066));
#2455=CARTESIAN_POINT('',(-1.03634306152727,-0.000556565766272864,0.398038475772933));
#2456=CARTESIAN_POINT('',(-1.03775,-1.27087721581517E-16,0.));
#2457=CARTESIAN_POINT('',(0.776397497473619,-0.688572427865582,0.));
#2458=CARTESIAN_POINT('Ctrl Pts',(-1.03882273828183,-0.000673899235698605,
0.276961524227066));
#2459=CARTESIAN_POINT('Ctrl Pts',(-1.03646754627667,0.300155651113729,0.256132757183266));
#2460=CARTESIAN_POINT('Ctrl Pts',(-0.898389966296358,0.602780196589098,
0.235303990139465));
#2461=CARTESIAN_POINT('Ctrl Pts',(-0.668295499607078,0.796025143183469,
0.214475223095665));
#2462=CARTESIAN_POINT('Ctrl Pts',(-0.405040134389856,1.01712028607877,0.190644642751702));
#2463=CARTESIAN_POINT('Ctrl Pts',(-0.0213339806252645,1.09503672115839,
0.166814062407739));
#2464=CARTESIAN_POINT('Ctrl Pts',(0.307061563307807,0.993274822421921,0.142983482063777));
#2465=CARTESIAN_POINT('Ctrl Pts',(0.635457107240879,0.891512923685448,0.119152901719814));
#2466=CARTESIAN_POINT('Ctrl Pts',(0.908542041342431,0.610072691132874,0.0953223213758511));
#2467=CARTESIAN_POINT('Ctrl Pts',(1.00105563551708,0.279635527156817,0.0714917410318883));
#2468=CARTESIAN_POINT('Ctrl Pts',(1.09356922969173,-0.0508016368192395,
0.0476611606879256));
#2469=CARTESIAN_POINT('Ctrl Pts',(1.00551148393947,-0.430235732218779,0.0238305803439628));
#2470=CARTESIAN_POINT('Ctrl Pts',(0.77639749747362,-0.68857242786558,0.));
#2471=CARTESIAN_POINT('',(-0.77789733190653,-0.68968276355329,3.45596919535773E-17));
#2472=CARTESIAN_POINT('Origin',(0.,0.,0.));
#2473=CARTESIAN_POINT('Ctrl Pts',(-0.77790025077855,-0.689684924410316,
0.));
#2474=CARTESIAN_POINT('Ctrl Pts',(-0.557579948573476,-0.936810121277191,
0.0229462058975273));
#2475=CARTESIAN_POINT('Ctrl Pts',(-0.208540557584588,-1.07074184176549,
0.0458924117950547));
#2476=CARTESIAN_POINT('Ctrl Pts',(0.120253897773819,-1.03238272813013,0.068838617692582));
#2477=CARTESIAN_POINT('Ctrl Pts',(0.461720487939488,-0.992545207997487,
0.0926691980365447));
#2478=CARTESIAN_POINT('Ctrl Pts',(0.781351541684522,-0.766880335675867,
0.116499778380507));
#2479=CARTESIAN_POINT('Ctrl Pts',(0.932897716727696,-0.458434148860074,
0.14033035872447));
#2480=CARTESIAN_POINT('Ctrl Pts',(1.08444389177087,-0.149987962044282,0.164160939068433));
#2481=CARTESIAN_POINT('Ctrl Pts',(1.06790518811218,0.241239539265682,0.187991519412396));
#2482=CARTESIAN_POINT('Ctrl Pts',(0.890752824734578,0.535806041939298,0.211822099756358));
#2483=CARTESIAN_POINT('Ctrl Pts',(0.713600461356973,0.830372544612914,0.235652680100321));
#2484=CARTESIAN_POINT('Ctrl Pts',(0.375834438260453,1.02827804865018,0.259483260444284));
#2485=CARTESIAN_POINT('Ctrl Pts',(0.0322734914917473,1.03893982307912,0.283313840788247));
#2486=CARTESIAN_POINT('Ctrl Pts',(-0.311287455276958,1.04960159750806,0.307144421132209));
#2487=CARTESIAN_POINT('Ctrl Pts',(-0.660643325717846,0.87301964232868,0.330975001476172));
#2488=CARTESIAN_POINT('Ctrl Pts',(-0.855750548458514,0.590052130047031,
0.354805581820135));
#2489=CARTESIAN_POINT('Ctrl Pts',(-0.973736902524362,0.418934399887079,
0.369216546471068));
#2490=CARTESIAN_POINT('Ctrl Pts',(-1.03531557717722,0.208912196406493,0.383627511122001));
#2491=CARTESIAN_POINT('Ctrl Pts',(-1.03634306152727,-0.000556565766272864,
0.398038475772933));
#2492=CARTESIAN_POINT('Origin',(0.,0.,-0.993675081176016));
#2493=CARTESIAN_POINT('',(-1.29182209383423,0.000600915398282966,2.79367508117602));
#2494=CARTESIAN_POINT('',(-1.28884018124543,-0.00088616629559278,2.83132491882398));
#2495=CARTESIAN_POINT('',(-1.29,-7.50641871683901E-15,-0.993675081176016));
#2496=CARTESIAN_POINT('',(0.911213062882391,-0.913121434439304,3.));
#2497=CARTESIAN_POINT('Ctrl Pts',(-1.28884018124543,-0.000886166295592759,
2.83132491882398));
#2498=CARTESIAN_POINT('Ctrl Pts',(-1.28987358468343,-0.155533034358113,
2.83988878519473));
#2499=CARTESIAN_POINT('Ctrl Pts',(-1.19253254828794,-0.739326725906144,
2.87228323190944));
#2500=CARTESIAN_POINT('Ctrl Pts',(-0.32144162677956,-1.49032843399365,2.92850825896811));
#2501=CARTESIAN_POINT('Ctrl Pts',(0.607383162779801,-1.21631634743325,2.97616941965604));
#2502=CARTESIAN_POINT('Ctrl Pts',(0.911213062882398,-0.913121434439297,
3.));
#2503=CARTESIAN_POINT('',(1.24867816929625,-0.332971114312842,3.));
#2504=CARTESIAN_POINT('Origin',(0.,0.,3.));
#2505=CARTESIAN_POINT('Ctrl Pts',(-1.29182209383423,0.000600915398282983,
2.79367508117602));
#2506=CARTESIAN_POINT('Ctrl Pts',(-1.28955659197284,-0.394103873344805,
2.81567326787586));
#2507=CARTESIAN_POINT('Ctrl Pts',(-0.88490618739242,-1.22042272442426,2.86150203491966));
#2508=CARTESIAN_POINT('Ctrl Pts',(0.503002604115966,-1.43016505207361,2.93027700786098));
#2509=CARTESIAN_POINT('Ctrl Pts',(1.14154812258195,-0.730335838414331,2.97705379410248));
#2510=CARTESIAN_POINT('Ctrl Pts',(1.24868261674489,-0.332971889204818,3.));
#2511=CARTESIAN_POINT('Origin',(0.,0.,-0.993675081176016));
#2512=CARTESIAN_POINT('',(-1.29020009205223,-0.00117017403667902,2.34367508117602));
#2513=CARTESIAN_POINT('',(-1.28866788634446,0.000945826160954624,2.38132491882398));
#2514=CARTESIAN_POINT('',(-1.29,-7.50641871683901E-15,-0.993675081176016));
#2515=CARTESIAN_POINT('Ctrl Pts',(-1.28866788634446,0.000945826160954604,
2.38132491882398));
#2516=CARTESIAN_POINT('Ctrl Pts',(-1.2867629852104,-0.28033689688309,2.39690530313095));
#2517=CARTESIAN_POINT('Ctrl Pts',(-1.05775059166949,-0.994676798851878,
2.43631626778189));
#2518=CARTESIAN_POINT('Ctrl Pts',(0.121986770280826,-1.5201598426915,2.49955781277678));
#2519=CARTESIAN_POINT('Ctrl Pts',(1.34368866035661,-0.721136449693028,2.57104955380867));
#2520=CARTESIAN_POINT('Ctrl Pts',(1.33433524043575,0.738729657636062,2.64254129484056));
#2521=CARTESIAN_POINT('Ctrl Pts',(0.101664600826975,1.52163024805713,2.71403303587245));
#2522=CARTESIAN_POINT('Ctrl Pts',(-1.06443526369498,0.983377418252443,2.77696091053359));
#2523=CARTESIAN_POINT('Ctrl Pts',(-1.28699794386994,0.274801169231833,2.81605820485077));
#2524=CARTESIAN_POINT('Ctrl Pts',(-1.28884018124543,-0.000886166295592759,
2.83132491882398));
#2525=CARTESIAN_POINT('Ctrl Pts',(-1.29020009205223,-0.001170174036679,
2.34367508117602));
#2526=CARTESIAN_POINT('Ctrl Pts',(-1.29106366592644,-0.09448046294639,2.34885920546812));
#2527=CARTESIAN_POINT('Ctrl Pts',(-1.23922710040627,-0.615771704864845,
2.37787391010418));
#2528=CARTESIAN_POINT('Ctrl Pts',(-0.530701651198866,-1.42972608258576,
2.4307191950842));
#2529=CARTESIAN_POINT('Ctrl Pts',(0.914138121315417,-1.22068589243329,2.50221093611609));
#2530=CARTESIAN_POINT('Ctrl Pts',(1.52130606034551,0.106955421325431,2.57370267714798));
#2531=CARTESIAN_POINT('Ctrl Pts',(0.734298327505476,1.33662738713431,2.64519441817987));
#2532=CARTESIAN_POINT('Ctrl Pts',(-0.725486560937085,1.34134505588677,2.71668615921175));
#2533=CARTESIAN_POINT('Ctrl Pts',(-1.27599914921197,0.493751412993304,2.76617971354381));
#2534=CARTESIAN_POINT('Ctrl Pts',(-1.29201080444334,0.0334788319314576,
2.79184268753189));
#2535=CARTESIAN_POINT('Ctrl Pts',(-1.29182209383423,0.000600915398282983,
2.79367508117602));
#2536=CARTESIAN_POINT('Origin',(0.,0.,-0.993675081176016));
#2537=CARTESIAN_POINT('',(-1.28788202050971,8.48599745952722E-5,1.89367508117602));
#2538=CARTESIAN_POINT('',(-1.29196664843023,0.000404526975335455,1.93132491882398));
#2539=CARTESIAN_POINT('',(-1.29,-7.50641871683901E-15,-0.993675081176016));
#2540=CARTESIAN_POINT('Ctrl Pts',(-1.29196664843023,0.000404526975335555,
1.93132491882398));
#2541=CARTESIAN_POINT('Ctrl Pts',(-1.29030194340519,-0.404874192871695,
1.95392182106718));
#2542=CARTESIAN_POINT('Ctrl Pts',(-0.866387685316727,-1.24055881108921,
2.00034930365433));
#2543=CARTESIAN_POINT('Ctrl Pts',(0.557096981870357,-1.41964801974695,2.07060736658546));
#2544=CARTESIAN_POINT('Ctrl Pts',(1.49505580370088,-0.300931049976746,2.14209910761734));
#2545=CARTESIAN_POINT('Ctrl Pts',(1.06296693966842,1.09355605607954,2.21359084864923));
#2546=CARTESIAN_POINT('Ctrl Pts',(-0.343225477361048,1.48591960249754,2.28508258968112));
#2547=CARTESIAN_POINT('Ctrl Pts',(-1.19696314077139,0.727847753146609,2.34099394640604));
#2548=CARTESIAN_POINT('Ctrl Pts',(-1.28967657826614,0.149891934370501,2.37307472278699));
#2549=CARTESIAN_POINT('Ctrl Pts',(-1.28866788634446,0.000945826160954604,
2.38132491882398));
#2550=CARTESIAN_POINT('Ctrl Pts',(-1.28788202050971,8.48599745952375E-5,
1.89367508117602));
#2551=CARTESIAN_POINT('Ctrl Pts',(-1.28775273674797,-0.22051715873628,1.90587572340434));
#2552=CARTESIAN_POINT('Ctrl Pts',(-1.12904937288032,-0.872178647142925,
1.94190694597662));
#2553=CARTESIAN_POINT('Ctrl Pts',(-0.0937674716008613,-1.52215785273329,
2.00176874889287));
#2554=CARTESIAN_POINT('Ctrl Pts',(1.22857593127616,-0.903524808646925,2.07326048992476));
#2555=CARTESIAN_POINT('Ctrl Pts',(1.42506571678011,0.543088599926639,2.14475223095665));
#2556=CARTESIAN_POINT('Ctrl Pts',(0.315638516279549,1.49202211854497,2.21624397198854));
#2557=CARTESIAN_POINT('Ctrl Pts',(-0.9816111131716,1.10401563487277,2.28255158872833));
#2558=CARTESIAN_POINT('Ctrl Pts',(-1.2870939565922,0.334451833327907,2.32502862512415));
#2559=CARTESIAN_POINT('Ctrl Pts',(-1.29020009205223,-0.001170174036679,
2.34367508117602));
#2560=CARTESIAN_POINT('Origin',(0.,0.,-0.993675081176016));
#2561=CARTESIAN_POINT('',(-1.29051120296887,0.00113116537708072,1.44367508117602));
#2562=CARTESIAN_POINT('',(-1.2898717448929,-0.00118366104534823,1.48132491882398));
#2563=CARTESIAN_POINT('',(-1.29,-7.50641871683901E-15,-0.993675081176016));
#2564=CARTESIAN_POINT('Ctrl Pts',(-1.2898717448929,-0.00118366104534834,
1.48132491882398));
#2565=CARTESIAN_POINT('Ctrl Pts',(-1.29082285735079,-0.105337993120599,
1.48710775865944));
#2566=CARTESIAN_POINT('Ctrl Pts',(-1.23165137441162,-0.637636182123014,
1.51672117883886));
#2567=CARTESIAN_POINT('Ctrl Pts',(-0.494687830801713,-1.44258119170927,
1.57016517936223));
#2568=CARTESIAN_POINT('Ctrl Pts',(0.944471066143474,-1.19738505893447,1.64165692039413));
#2569=CARTESIAN_POINT('Ctrl Pts',(1.51812631593593,0.1450824381787,1.71314866142601));
#2570=CARTESIAN_POINT('Ctrl Pts',(0.700586340007074,1.35459787944012,1.7846404024579));
#2571=CARTESIAN_POINT('Ctrl Pts',(-0.75896400375418,1.32277374433505,1.85613214348979));
#2572=CARTESIAN_POINT('Ctrl Pts',(-1.28151055095262,0.471973384277585,1.90502698227848));
#2573=CARTESIAN_POINT('Ctrl Pts',(-1.29205753301749,0.0225307226813599,
1.93009124072321));
#2574=CARTESIAN_POINT('Ctrl Pts',(-1.29196664843023,0.000404526975335555,
1.93132491882398));
#2575=CARTESIAN_POINT('Ctrl Pts',(-1.29051120296887,0.00113116537708067,
1.44367508117602));
#2576=CARTESIAN_POINT('Ctrl Pts',(-1.28733890193731,-0.344548260836941,
1.46289224134056));
#2577=CARTESIAN_POINT('Ctrl Pts',(-0.966184241080908,-1.12409314013311,
1.50593998184907));
#2578=CARTESIAN_POINT('Ctrl Pts',(0.351213365345945,-1.4840504880998,1.57281830270154));
#2579=CARTESIAN_POINT('Ctrl Pts',(1.4376397624271,-0.508869890313668,1.64431004373343));
#2580=CARTESIAN_POINT('Ctrl Pts',(1.20662786823307,0.932633830779806,1.71580178476532));
#2581=CARTESIAN_POINT('Ctrl Pts',(-0.130125432947068,1.51948151547095,1.78729352579721));
#2582=CARTESIAN_POINT('Ctrl Pts',(-1.1398555707007,0.851372278663111,1.84658462460077));
#2583=CARTESIAN_POINT('Ctrl Pts',(-1.28800525682139,0.210367874407809,1.88204514306038));
#2584=CARTESIAN_POINT('Ctrl Pts',(-1.28788202050971,8.48599745952375E-5,
1.89367508117602));
#2585=CARTESIAN_POINT('Origin',(0.,0.,-0.993675081176016));
#2586=CARTESIAN_POINT('',(-1.29158843944759,-0.00073892853047805,0.993675081176016));
#2587=CARTESIAN_POINT('',(-1.28792521926903,0.000261042314908504,1.03132491882398));
#2588=CARTESIAN_POINT('',(-1.29,-7.50641871683901E-15,-0.993675081176016));
#2589=CARTESIAN_POINT('Ctrl Pts',(-1.28792521926903,0.000261042314908463,
1.03132491882398));
#2590=CARTESIAN_POINT('Ctrl Pts',(-1.28750721361451,-0.231147092352425,
1.04412427659566));
#2591=CARTESIAN_POINT('Ctrl Pts',(-1.11733751016866,-0.89397766786331,1.0807542147113));
#2592=CARTESIAN_POINT('Ctrl Pts',(-0.0555679979766499,-1.52403038769112,
1.14121473317091));
#2593=CARTESIAN_POINT('Ctrl Pts',(1.25084684152748,-0.872432663981823,1.21270647420279));
#2594=CARTESIAN_POINT('Ctrl Pts',(1.41099848452915,0.578653455250268,1.28419821523468));
#2595=CARTESIAN_POINT('Ctrl Pts',(0.278125621207306,1.49946745895739,1.35568995626657));
#2596=CARTESIAN_POINT('Ctrl Pts',(-0.997366537686026,1.08285013077384,1.421398857463));
#2597=CARTESIAN_POINT('Ctrl Pts',(-1.28690340557819,0.323872956744093,1.46327717831547));
#2598=CARTESIAN_POINT('Ctrl Pts',(-1.2898717448929,-0.00118366104534834,
1.48132491882398));
#2599=CARTESIAN_POINT('Ctrl Pts',(-1.29158843944759,-0.000738928530477989,
0.993675081176016));
#2600=CARTESIAN_POINT('Ctrl Pts',(-1.29188312026432,-0.0438722806704142,
0.996078178932822));
#2601=CARTESIAN_POINT('Ctrl Pts',(-1.27034266952282,-0.514444332326215,
1.02231185703359));
#2602=CARTESIAN_POINT('Ctrl Pts',(-0.693283835944763,-1.35834952113558,
1.07237611547833));
#2603=CARTESIAN_POINT('Ctrl Pts',(0.766073685683055,-1.31866901664975,1.14386785651021));
#2604=CARTESIAN_POINT('Ctrl Pts',(1.52340938807571,-0.070573373819997,1.2153595975421));
#2605=CARTESIAN_POINT('Ctrl Pts',(0.884708259844256,1.24219477147372,1.28685133857399));
#2606=CARTESIAN_POINT('Ctrl Pts',(-0.564730361886652,1.4166285054738,1.35834307960588));
#2607=CARTESIAN_POINT('Ctrl Pts',(-1.24615197861109,0.594945242648154,1.41061766047322));
#2608=CARTESIAN_POINT('Ctrl Pts',(-1.29127277010308,0.0841176434440717,
1.4390616609966));
#2609=CARTESIAN_POINT('Ctrl Pts',(-1.29051120296887,0.00113116537708067,
1.44367508117602));
#2610=CARTESIAN_POINT('Origin',(0.,0.,-0.993675081176016));
#2611=CARTESIAN_POINT('',(-1.28825107142392,-0.000691852410000249,0.543675081176016));
#2612=CARTESIAN_POINT('',(-1.29083099973067,0.00106329405724178,0.581324918823983));
#2613=CARTESIAN_POINT('',(-1.29,-7.50641871683901E-15,-0.993675081176016));
#2614=CARTESIAN_POINT('Ctrl Pts',(-1.29083099973067,0.00106329405724179,
0.581324918823983));
#2615=CARTESIAN_POINT('Ctrl Pts',(-1.287669247726,-0.355157782419358,0.601140794531885));
#2616=CARTESIAN_POINT('Ctrl Pts',(-0.949562964168375,-1.14504528173729,
0.644787250583749));
#2617=CARTESIAN_POINT('Ctrl Pts',(0.38831732194824,-1.47477490163575,0.712264286979577));
#2618=CARTESIAN_POINT('Ctrl Pts',(1.44994827557227,-0.472660073779755,0.783756028011464));
#2619=CARTESIAN_POINT('Ctrl Pts',(1.18286134917694,0.962598786605134,0.855247769043353));
#2620=CARTESIAN_POINT('Ctrl Pts',(-0.168187466804226,1.51574032849936,0.926739510075242));
#2621=CARTESIAN_POINT('Ctrl Pts',(-1.15082263059443,0.829521300196965,0.985431893335452));
#2622=CARTESIAN_POINT('Ctrl Pts',(-1.28828548058008,0.1997018802139,1.0202936962517));
#2623=CARTESIAN_POINT('Ctrl Pts',(-1.28792521926903,0.000261042314908463,
1.03132491882398));
#2624=CARTESIAN_POINT('Ctrl Pts',(-1.28825107142392,-0.000691852410000336,
0.543675081176016));
#2625=CARTESIAN_POINT('Ctrl Pts',(-1.28908592885203,-0.170890602442176,
0.553094696869046));
#2626=CARTESIAN_POINT('Ctrl Pts',(-1.17851587311108,-0.770635713899762,
0.586344892906039));
#2627=CARTESIAN_POINT('Ctrl Pts',(-0.270043571408411,-1.50093271746895,
0.643425669286994));
#2628=CARTESIAN_POINT('Ctrl Pts',(1.11523141818046,-1.04020180624455,0.714917410318883));
#2629=CARTESIAN_POINT('Ctrl Pts',(1.47853083504184,0.373778351736812,0.786409151350771));
#2630=CARTESIAN_POINT('Ctrl Pts',(0.486913982104881,1.44522187364473,0.857900892382659));
#2631=CARTESIAN_POINT('Ctrl Pts',(-0.90257252816528,1.20078633762866,0.926989535657741));
#2632=CARTESIAN_POINT('Ctrl Pts',(-1.28896088588629,0.383864298402865,0.97224759858886));
#2633=CARTESIAN_POINT('Ctrl Pts',(-1.29158843944759,-0.000738928530477989,
0.993675081176016));
#2634=CARTESIAN_POINT('Origin',(0.,0.,-0.993675081176016));
#2635=CARTESIAN_POINT('',(-1.28873819517146,0.00161753922718992,0.0936750811760159));
#2636=CARTESIAN_POINT('',(-1.29133349302198,-0.00083770659025515,0.131324918823983));
#2637=CARTESIAN_POINT('',(-1.29,-7.50641871683901E-15,-0.993675081176016));
#2638=CARTESIAN_POINT('',(-0.335179827523349,1.24569437793602,0.));
#2639=CARTESIAN_POINT('Ctrl Pts',(-0.335179827523349,1.24569437793602,0.));
#2640=CARTESIAN_POINT('Ctrl Pts',(-0.749669274525622,1.13416742251486,0.0238305803439628));
#2641=CARTESIAN_POINT('Ctrl Pts',(-1.20939432221994,0.696935621607342,0.0550556074026348));
#2642=CARTESIAN_POINT('Ctrl Pts',(-1.28976437899365,0.135055670229786,0.0862806344613067));
#2643=CARTESIAN_POINT('Ctrl Pts',(-1.28873819517146,0.0016175392271899,
0.0936750811760159));
#2644=CARTESIAN_POINT('',(0.335977538668873,1.24787264779889,-2.5092912582364E-16));
#2645=CARTESIAN_POINT('Origin',(0.,0.,0.));
#2646=CARTESIAN_POINT('Ctrl Pts',(0.335979089269309,1.24787688194582,-8.34835672813838E-17));
#2647=CARTESIAN_POINT('Ctrl Pts',(-0.0617154647272502,1.35377769141673,
0.0229462058975272));
#2648=CARTESIAN_POINT('Ctrl Pts',(-0.927675651685366,1.16372774642985,0.0667211788388547));
#2649=CARTESIAN_POINT('Ctrl Pts',(-1.28840581517408,0.37311567327075,0.110496151780182));
#2650=CARTESIAN_POINT('Ctrl Pts',(-1.29133349302198,-0.000837706590254908,
0.131324918823983));
#2651=CARTESIAN_POINT('Origin',(0.,0.,4.));
#2652=CARTESIAN_POINT('',(-1.2164874974203,0.000776312086801095,4.14489265014994));
#2653=CARTESIAN_POINT('',(-1.21612474422437,0.00131330414730357,4.08010734985005));
#2654=CARTESIAN_POINT('',(-1.215,-1.48794586096403E-16,4.));
#2655=CARTESIAN_POINT('',(0.530983509300144,1.0928318776698,4.));
#2656=CARTESIAN_POINT('Ctrl Pts',(-1.2164874974203,0.000776312086801095,
4.14489265014994));
#2657=CARTESIAN_POINT('Ctrl Pts',(-1.21676252032821,0.0411375685169936,
4.14250500749382));
#2658=CARTESIAN_POINT('Ctrl Pts',(-1.21492867452468,0.0814718496129969,
4.1401173648377));
#2659=CARTESIAN_POINT('Ctrl Pts',(-1.21090393712411,0.121584222338743,4.13772972218158));
#2660=CARTESIAN_POINT('Ctrl Pts',(-1.17073420359223,0.521934149143609,4.11389935519858));
#2661=CARTESIAN_POINT('Ctrl Pts',(-0.912319776837036,0.900178772219209,
4.09006898821558));
#2662=CARTESIAN_POINT('Ctrl Pts',(-0.553981843555063,1.08347816844918,4.06623862123258));
#2663=CARTESIAN_POINT('Ctrl Pts',(-0.221971141231986,1.25331048488948,4.04415908082172));
#2664=CARTESIAN_POINT('Ctrl Pts',(0.195819604866389,1.25579068695896,4.02207954041086));
#2665=CARTESIAN_POINT('Ctrl Pts',(0.532260924826985,1.09443156545887,4.));
#2666=CARTESIAN_POINT('',(-0.530983509300139,1.0928318776698,4.));
#2667=CARTESIAN_POINT('Origin',(0.,0.,4.));
#2668=CARTESIAN_POINT('Ctrl Pts',(-0.530983509300139,1.0928318776698,4.));
#2669=CARTESIAN_POINT('Ctrl Pts',(-0.894606588234215,0.916155242900849,
4.023830366983));
#2670=CARTESIAN_POINT('Ctrl Pts',(-1.15996567316327,0.545259974290031,4.047660733966));
#2671=CARTESIAN_POINT('Ctrl Pts',(-1.20806609347134,0.146400258344752,4.071491100949));
#2672=CARTESIAN_POINT('Ctrl Pts',(-1.21386325127306,0.0983288964050524,
4.07436318391602));
#2673=CARTESIAN_POINT('Ctrl Pts',(-1.21650460808746,0.0498513355657069,
4.07723526688304));
#2674=CARTESIAN_POINT('Ctrl Pts',(-1.21612474422437,0.00131330414730357,
4.08010734985005));
#2675=CARTESIAN_POINT('Origin',(0.,0.,4.));
#2676=CARTESIAN_POINT('',(-1.21335936205123,0.000660395568998356,4.59489265014994));
#2677=CARTESIAN_POINT('',(-1.21323330474926,0.000553463860013735,4.53010734985005));
#2678=CARTESIAN_POINT('',(-1.215,-1.48794586096403E-16,4.));
#2679=CARTESIAN_POINT('Ctrl Pts',(-1.21335936205123,0.000660395568998356,
4.59489265014994));
#2680=CARTESIAN_POINT('Ctrl Pts',(-1.21414637100047,0.16071831831133,4.58548720939183));
#2681=CARTESIAN_POINT('Ctrl Pts',(-1.18473300493764,0.320498252619794,4.57608176863372));
#2682=CARTESIAN_POINT('Ctrl Pts',(-1.1237644908258,0.46715974716481,4.56667632787561));
#2683=CARTESIAN_POINT('Ctrl Pts',(-0.969289851831254,0.838752884282811,
4.54284596089261));
#2684=CARTESIAN_POINT('Ctrl Pts',(-0.612246028935104,1.1261318186084,4.51901559390961));
#2685=CARTESIAN_POINT('Ctrl Pts',(-0.216224281800724,1.19763287473469,4.49518522692661));
#2686=CARTESIAN_POINT('Ctrl Pts',(0.179797465333656,1.26913393086099,4.47135485994361));
#2687=CARTESIAN_POINT('Ctrl Pts',(0.614797136706266,1.12475710878799,4.4475244929606));
#2688=CARTESIAN_POINT('Ctrl Pts',(0.889460143036092,0.830635544348895,4.4236941259776));
#2689=CARTESIAN_POINT('Ctrl Pts',(1.16412314936592,0.536513979909796,4.3998637589946));
#2690=CARTESIAN_POINT('Ctrl Pts',(1.27844949065296,0.0926476731045922,4.3760333920116));
#2691=CARTESIAN_POINT('Ctrl Pts',(1.18006245632477,-0.297554235626228,4.3522030250286));
#2692=CARTESIAN_POINT('Ctrl Pts',(1.08167542199658,-0.687756144357049,4.3283726580456));
#2693=CARTESIAN_POINT('Ctrl Pts',(0.770575012053142,-1.02429365501349,4.3045422910626));
#2694=CARTESIAN_POINT('Ctrl Pts',(0.389291748184285,-1.15303657698578,4.28071192407959));
#2695=CARTESIAN_POINT('Ctrl Pts',(0.00800848431542885,-1.28177949895808,
4.25688155709659));
#2696=CARTESIAN_POINT('Ctrl Pts',(-0.44345763347885,-1.20272783224623,4.23305119011359));
#2697=CARTESIAN_POINT('Ctrl Pts',(-0.758228172221706,-0.951974383623241,
4.20922082313059));
#2698=CARTESIAN_POINT('Ctrl Pts',(-1.04146081791708,-0.726344745746781,
4.1877780988037));
#2699=CARTESIAN_POINT('Ctrl Pts',(-1.21401759666578,-0.361696394162269,
4.16633537447682));
#2700=CARTESIAN_POINT('Ctrl Pts',(-1.2164874974203,0.000776312086801095,
4.14489265014994));
#2701=CARTESIAN_POINT('Ctrl Pts',(-1.21612474422437,0.00131330414730357,
4.08010734985005));
#2702=CARTESIAN_POINT('Ctrl Pts',(-1.21335278574629,-0.352880449907164,
4.10106563386604));
#2703=CARTESIAN_POINT('Ctrl Pts',(-1.04970161600269,-0.71029424648817,4.12202391788203));
#2704=CARTESIAN_POINT('Ctrl Pts',(-0.777465943162034,-0.936586281386598,
4.14298220189801));
#2705=CARTESIAN_POINT('Ctrl Pts',(-0.467923616857581,-1.19388894189291,
4.16681256888101));
#2706=CARTESIAN_POINT('Ctrl Pts',(-0.0179972085616018,-1.28167009962579,
4.19064293586401));
#2707=CARTESIAN_POINT('Ctrl Pts',(0.365857453936365,-1.16059013292278,4.21447330284701));
#2708=CARTESIAN_POINT('Ctrl Pts',(0.749712116434333,-1.03951016621976,4.23830366983001));
#2709=CARTESIAN_POINT('Ctrl Pts',(1.06749503313429,-0.709569075080867,4.26213403681302));
#2710=CARTESIAN_POINT('Ctrl Pts',(1.17375981083164,-0.321494984074095,4.28596440379602));
#2711=CARTESIAN_POINT('Ctrl Pts',(1.280024588529,0.0665791069326775,4.30979477077902));
#2712=CARTESIAN_POINT('Ctrl Pts',(1.17477122722376,0.512786197807324,4.33362513776203));
#2713=CARTESIAN_POINT('Ctrl Pts',(0.906142941610399,0.81244704787642,4.35745550474503));
#2714=CARTESIAN_POINT('Ctrl Pts',(0.63751465599704,1.11210789794551,4.38128587172803));
#2715=CARTESIAN_POINT('Ctrl Pts',(0.205511446075563,1.26522250720906,4.40511623871103));
#2716=CARTESIAN_POINT('Ctrl Pts',(-0.191884960483361,1.20175776199584,4.42894660569403));
#2717=CARTESIAN_POINT('Ctrl Pts',(-0.589281367042285,1.13829301678263,4.45277697267703));
#2718=CARTESIAN_POINT('Ctrl Pts',(-0.952070970238658,0.858248917092648,
4.47660733966003));
#2719=CARTESIAN_POINT('Ctrl Pts',(-1.11405091390654,0.489874037741366,4.50043770664304));
#2720=CARTESIAN_POINT('Ctrl Pts',(-1.18127448539339,0.336994153508255,4.51032758771204));
#2721=CARTESIAN_POINT('Ctrl Pts',(-1.21391166348723,0.168900643091771,4.52021746878105));
#2722=CARTESIAN_POINT('Ctrl Pts',(-1.21323330474926,0.000553463860013735,
4.53010734985005));
#2723=CARTESIAN_POINT('Origin',(0.,0.,4.));
#2724=CARTESIAN_POINT('',(-1.21409405966668,-0.00101357781853217,5.04489265014994));
#2725=CARTESIAN_POINT('',(-1.2143160817905,-0.00106340545534657,4.98010734985005));
#2726=CARTESIAN_POINT('',(-1.215,-1.48794586096403E-16,4.));
#2727=CARTESIAN_POINT('Ctrl Pts',(-1.21409405966668,-0.00101357781853217,
5.04489265014994));
#2728=CARTESIAN_POINT('Ctrl Pts',(-1.2118956523565,0.278044763274562,5.02846941128984));
#2729=CARTESIAN_POINT('Ctrl Pts',(-1.11629732866202,0.558463576351041,5.01204617242974));
#2730=CARTESIAN_POINT('Ctrl Pts',(-0.940202490504835,0.772724638252919,
4.99562293356964));
#2731=CARTESIAN_POINT('Ctrl Pts',(-0.684686227674762,1.08362066666632,4.97179256658664));
#2732=CARTESIAN_POINT('Ctrl Pts',(-0.259689003854394,1.25522520748093,4.94796219960364));
#2733=CARTESIAN_POINT('Ctrl Pts',(0.140060865020281,1.20891143507929,4.92413183262064));
#2734=CARTESIAN_POINT('Ctrl Pts',(0.539810733894957,1.16259766267766,4.90030146563764));
#2735=CARTESIAN_POINT('Ctrl Pts',(0.914313247823945,0.898365577059774,4.87647109865463));
#2736=CARTESIAN_POINT('Ctrl Pts',(1.09197602425405,0.537282588623679,4.85264073167163));
#2737=CARTESIAN_POINT('Ctrl Pts',(1.26963880068415,0.176199600187582,4.82881036468863));
#2738=CARTESIAN_POINT('Ctrl Pts',(1.25046183961537,-0.281734291066724,4.80497999770563));
#2739=CARTESIAN_POINT('Ctrl Pts',(1.04323191172902,-0.626698829115775,4.78114963072263));
#2740=CARTESIAN_POINT('Ctrl Pts',(0.836001983842663,-0.971663367164823,
4.75731926373963));
#2741=CARTESIAN_POINT('Ctrl Pts',(0.440719089138732,-1.20365855200861,4.73348889675662));
#2742=CARTESIAN_POINT('Ctrl Pts',(0.0384966027132642,-1.21638853325078,
4.70965852977362));
#2743=CARTESIAN_POINT('Ctrl Pts',(-0.363725883712206,-1.22911851449294,
4.68582816279062));
#2744=CARTESIAN_POINT('Ctrl Pts',(-0.772887961859215,-1.02258329213348,
4.66199779580762));
#2745=CARTESIAN_POINT('Ctrl Pts',(-1.00151627338625,-0.691412010998542,
4.63816742882462));
#2746=CARTESIAN_POINT('Ctrl Pts',(-1.13990887678391,-0.490948404979289,
4.62374250259972));
#2747=CARTESIAN_POINT('Ctrl Pts',(-1.21215234301587,-0.244817066534745,
4.60931757637483));
#2748=CARTESIAN_POINT('Ctrl Pts',(-1.21335936205123,0.000660395568998356,
4.59489265014994));
#2749=CARTESIAN_POINT('Ctrl Pts',(-1.21323330474926,0.000553463860013735,
4.53010734985005));
#2750=CARTESIAN_POINT('Ctrl Pts',(-1.2122771101939,-0.236743776052787,4.54404783576405));
#2751=CARTESIAN_POINT('Ctrl Pts',(-1.14512662971604,-0.474545027837662,
4.55798832167804));
#2752=CARTESIAN_POINT('Ctrl Pts',(-1.01534110160033,-0.67095252377885,4.57192880759204));
#2753=CARTESIAN_POINT('Ctrl Pts',(-0.793481061486861,-1.00669854693519,
4.59575917457504));
#2754=CARTESIAN_POINT('Ctrl Pts',(-0.388590697120546,-1.2214849342353,4.61958954155805));
#2755=CARTESIAN_POINT('Ctrl Pts',(0.0138080720954047,-1.21691695957176,
4.64341990854105));
#2756=CARTESIAN_POINT('Ctrl Pts',(0.416206841311357,-1.21234898490823,4.66725027552405));
#2757=CARTESIAN_POINT('Ctrl Pts',(0.816114015376945,-0.988426648281049,
4.69108064250705));
#2758=CARTESIAN_POINT('Ctrl Pts',(1.03030048259815,-0.647739045606517,4.71491100949005));
#2759=CARTESIAN_POINT('Ctrl Pts',(1.24448694981935,-0.307051442931987,4.73874137647305));
#2760=CARTESIAN_POINT('Ctrl Pts',(1.27295271019616,0.150401425789896,4.76257174345606));
#2761=CARTESIAN_POINT('Ctrl Pts',(1.10265338086691,0.515015565388319,4.78640211043906));
#2762=CARTESIAN_POINT('Ctrl Pts',(0.932354051537655,0.879629704986746,4.81023247742206));
#2763=CARTESIAN_POINT('Ctrl Pts',(0.563289632502326,1.15140511546171,4.83406284440506));
#2764=CARTESIAN_POINT('Ctrl Pts',(0.164561681383537,1.20582030360781,4.85789321138806));
#2765=CARTESIAN_POINT('Ctrl Pts',(-0.23416626973525,1.26023549175391,4.88172357837106));
#2766=CARTESIAN_POINT('Ctrl Pts',(-0.662557752937497,1.09729045757114,4.90555394535406));
#2767=CARTESIAN_POINT('Ctrl Pts',(-0.924329687494157,0.791643208823301,
4.92938431233707));
#2768=CARTESIAN_POINT('Ctrl Pts',(-1.1100572463107,0.574786052363538,4.94629199150806));
#2769=CARTESIAN_POINT('Ctrl Pts',(-1.21190981356655,0.286093705257595,4.96319967067906));
#2770=CARTESIAN_POINT('Ctrl Pts',(-1.2143160817905,-0.00106340545534657,
4.98010734985005));
#2771=CARTESIAN_POINT('Origin',(0.,0.,4.));
#2772=CARTESIAN_POINT('',(-1.21698256589335,-0.000122889928645536,5.49489265014994));
#2773=CARTESIAN_POINT('',(-1.21699706900956,3.0089907402448E-5,5.43010734985006));
#2774=CARTESIAN_POINT('',(-1.215,-1.48794586096403E-16,4.));
#2775=CARTESIAN_POINT('Ctrl Pts',(-1.21698256589335,-0.000122889928645536,
5.49489265014994));
#2776=CARTESIAN_POINT('Ctrl Pts',(-1.21641337830871,0.395739806031042,5.47145161318786));
#2777=CARTESIAN_POINT('Ctrl Pts',(-1.00514706519302,0.792123732352278,5.44801057622576));
#2778=CARTESIAN_POINT('Ctrl Pts',(-0.675977918020575,1.0119969896226,5.42456953926367));
#2779=CARTESIAN_POINT('Ctrl Pts',(-0.341341630842342,1.2355221015438,5.40073917228067));
#2780=CARTESIAN_POINT('Ctrl Pts',(0.1151464891684,1.27662455407419,5.37690880529767));
#2781=CARTESIAN_POINT('Ctrl Pts',(0.484329360760968,1.11647172770189,5.35307843831467));
#2782=CARTESIAN_POINT('Ctrl Pts',(0.85351223235354,0.95631890132958,5.32924807133167));
#2783=CARTESIAN_POINT('Ctrl Pts',(1.13538985552794,0.594910796054575,5.30541770434866));
#2784=CARTESIAN_POINT('Ctrl Pts',(1.20080946767286,0.197840025724782,5.28158733736566));
#2785=CARTESIAN_POINT('Ctrl Pts',(1.26622907981778,-0.199230744605007,5.25775697038266));
#2786=CARTESIAN_POINT('Ctrl Pts',(1.11519068093323,-0.631964179989584,5.23392660339966));
#2787=CARTESIAN_POINT('Ctrl Pts',(0.816898157474157,-0.902087278876434,
5.21009623641666));
#2788=CARTESIAN_POINT('Ctrl Pts',(0.518605634015083,-1.17221037776329,5.18626586943366));
#2789=CARTESIAN_POINT('Ctrl Pts',(0.0730589859814843,-1.27972314015241,
5.16243550245066));
#2790=CARTESIAN_POINT('Ctrl Pts',(-0.315597953862374,-1.17536460795419,
5.13860513546765));
#2791=CARTESIAN_POINT('Ctrl Pts',(-0.704254893706231,-1.07100607575598,
5.11477476848465));
#2792=CARTESIAN_POINT('Ctrl Pts',(-1.03602212536035,-0.754776248970417,
5.09094440150165));
#2793=CARTESIAN_POINT('Ctrl Pts',(-1.15888809026752,-0.371567577571543,
5.06711403451865));
#2794=CARTESIAN_POINT('Ctrl Pts',(-1.19707818380072,-0.25245586901567,5.05970690639575));
#2795=CARTESIAN_POINT('Ctrl Pts',(-1.21508557448001,-0.126873093340964,
5.05229977827284));
#2796=CARTESIAN_POINT('Ctrl Pts',(-1.21409405966668,-0.00101357781853217,
5.04489265014994));
#2797=CARTESIAN_POINT('Ctrl Pts',(-1.2143160817905,-0.00106340545534651,
4.98010734985006));
#2798=CARTESIAN_POINT('Ctrl Pts',(-1.21530130534116,-0.118637142829843,
4.98703003766206));
#2799=CARTESIAN_POINT('Ctrl Pts',(-1.19961520372229,-0.235953510896793,
4.99395272547406));
#2800=CARTESIAN_POINT('Ctrl Pts',(-1.16618897476559,-0.347976421861223,
5.00087541328607));
#2801=CARTESIAN_POINT('Ctrl Pts',(-1.05112394156928,-0.733599340484989,
5.02470578026907));
#2802=CARTESIAN_POINT('Ctrl Pts',(-0.725841489265602,-1.05649571441961,
5.04853614725207));
#2803=CARTESIAN_POINT('Ctrl Pts',(-0.339382054463073,-1.16871888101945,
5.07236651423508));
#2804=CARTESIAN_POINT('Ctrl Pts',(0.0470773803394567,-1.2809420476193,5.09619688121808));
#2805=CARTESIAN_POINT('Ctrl Pts',(0.494713797640835,-1.18249200688437,5.12002724820108));
#2806=CARTESIAN_POINT('Ctrl Pts',(0.798425922870172,-0.918477127088362,
5.14385761518408));
#2807=CARTESIAN_POINT('Ctrl Pts',(1.10213804809951,-0.654462247292353,5.16768798216708));
#2808=CARTESIAN_POINT('Ctrl Pts',(1.26192588125681,-0.224882528435266,5.19151834915008));
#2809=CARTESIAN_POINT('Ctrl Pts',(1.20457662214924,0.173433934075513,5.21534871613309));
#2810=CARTESIAN_POINT('Ctrl Pts',(1.14722736304167,0.571750396586294,5.23917908311609));
#2811=CARTESIAN_POINT('Ctrl Pts',(0.872741011669237,0.938803602750764,5.26300945009909));
#2812=CARTESIAN_POINT('Ctrl Pts',(0.506883761069763,1.10641447053325,5.28683981708209));
#2813=CARTESIAN_POINT('Ctrl Pts',(0.141026510470291,1.27402533831574,5.31067018406509));
#2814=CARTESIAN_POINT('Ctrl Pts',(-0.316201639356221,1.24219386771625,5.33450055104809));
#2815=CARTESIAN_POINT('Ctrl Pts',(-0.65530454413808,1.02550480763792,5.35833091803109));
#2816=CARTESIAN_POINT('Ctrl Pts',(-0.994407448919938,0.808815747559591,
5.38216128501409));
#2817=CARTESIAN_POINT('Ctrl Pts',(-1.21538510865714,0.40726909800242,5.4059916519971));
#2818=CARTESIAN_POINT('Ctrl Pts',(-1.21698834976209,0.00484846906013753,
5.4298220189801));
#2819=CARTESIAN_POINT('Ctrl Pts',(-1.21699474851904,0.00324235268174482,
5.42991712927009));
#2820=CARTESIAN_POINT('Ctrl Pts',(-1.21699765282034,0.00163622238157302,
5.43001223956007));
#2821=CARTESIAN_POINT('Ctrl Pts',(-1.21699706900956,3.0089907402448E-5,
5.43010734985006));
#2822=CARTESIAN_POINT('Origin',(0.,0.,4.));
#2823=CARTESIAN_POINT('',(-1.21445685503773,0.00108577299830569,5.94489265014994));
#2824=CARTESIAN_POINT('',(-1.21422735055596,0.00104576397558016,5.88010734985005));
#2825=CARTESIAN_POINT('',(-1.215,-1.48794586096403E-16,4.));
#2826=CARTESIAN_POINT('Ctrl Pts',(-1.21445685503773,0.00108577299830569,
5.94489265014994));
#2827=CARTESIAN_POINT('Ctrl Pts',(-1.21542853011752,0.113629389368587,5.93826418206886));
#2828=CARTESIAN_POINT('Ctrl Pts',(-1.20107004946323,0.225929731489324,5.93163571398778));
#2829=CARTESIAN_POINT('Ctrl Pts',(-1.17038877170457,0.333577838804728,5.92500724590671));
#2830=CARTESIAN_POINT('Ctrl Pts',(-1.06008483728816,0.720589418399593,5.9011768789237));
#2831=CARTESIAN_POINT('Ctrl Pts',(-0.738806530015771,1.04747023032285,5.87734651194071));
#2832=CARTESIAN_POINT('Ctrl Pts',(-0.3537595061093,1.16444762155434,5.85351614495771));
#2833=CARTESIAN_POINT('Ctrl Pts',(0.0312875177971718,1.28142501278583,5.82968577797471));
#2834=CARTESIAN_POINT('Ctrl Pts',(0.480103258337725,1.18849898332555,5.8058554109917));
#2835=CARTESIAN_POINT('Ctrl Pts',(0.787046020742808,0.928247064445762,5.7820250440087));
#2836=CARTESIAN_POINT('Ctrl Pts',(1.09398878314789,0.667995145565976,5.7581946770257));
#2837=CARTESIAN_POINT('Ctrl Pts',(1.2590585674175,0.24041733726669,5.7343643100427));
#2838=CARTESIAN_POINT('Ctrl Pts',(1.20662248650612,-0.15857561773095,5.7105339430597));
#2839=CARTESIAN_POINT('Ctrl Pts',(1.15418640559474,-0.557568572728592,5.6867035760767));
#2840=CARTESIAN_POINT('Ctrl Pts',(0.884244459502358,-0.927976674424584,
5.66287320909369));
#2841=CARTESIAN_POINT('Ctrl Pts',(0.52048063321342,-1.10008361596685,5.63904284211069));
#2842=CARTESIAN_POINT('Ctrl Pts',(0.156716806924484,-1.27219055750911,5.61521247512769));
#2843=CARTESIAN_POINT('Ctrl Pts',(-0.300868899561008,-1.24599633889764,
5.59138210814468));
#2844=CARTESIAN_POINT('Ctrl Pts',(-0.642616504111045,-1.03350282036465,
5.56755174116168));
#2845=CARTESIAN_POINT('Ctrl Pts',(-0.984364108661083,-0.821009301831656,
5.54372137417868));
#2846=CARTESIAN_POINT('Ctrl Pts',(-1.21027361127567,-0.422216483377131,
5.51989100719569));
#2847=CARTESIAN_POINT('Ctrl Pts',(-1.2168361354101,-0.019846188493869,5.49606064021268));
#2848=CARTESIAN_POINT('Ctrl Pts',(-1.21694335103378,-0.0132724401569885,
5.49567131019177));
#2849=CARTESIAN_POINT('Ctrl Pts',(-1.21699201947744,-0.00669773693503069,
5.49528198017086));
#2850=CARTESIAN_POINT('Ctrl Pts',(-1.21698256589335,-0.000122889928645536,
5.49489265014994));
#2851=CARTESIAN_POINT('Ctrl Pts',(-1.21699706900956,3.0089907402448E-5,
5.43010734985006));
#2852=CARTESIAN_POINT('Ctrl Pts',(-1.21685137605796,-0.400788439439746,
5.45384260654307));
#2853=CARTESIAN_POINT('Ctrl Pts',(-0.999473940599221,-0.801742360520495,
5.47757786323609));
#2854=CARTESIAN_POINT('Ctrl Pts',(-0.663454818679843,-1.02025087586893,
5.50131311992911));
#2855=CARTESIAN_POINT('Ctrl Pts',(-0.326089224019956,-1.23963498352832,
5.52514348691211));
#2856=CARTESIAN_POINT('Ctrl Pts',(0.130870787772505,-1.27510859051971,5.54897385389511));
#2857=CARTESIAN_POINT('Ctrl Pts',(0.498051921303429,-1.11041813476702,5.57280422087811));
#2858=CARTESIAN_POINT('Ctrl Pts',(0.865233054834355,-0.945727679014317,
5.59663458786111));
#2859=CARTESIAN_POINT('Ctrl Pts',(1.14263531010374,-0.580873160517525,5.62046495484412));
#2860=CARTESIAN_POINT('Ctrl Pts',(1.2031564821291,-0.183026306383812,5.64429532182712));
#2861=CARTESIAN_POINT('Ctrl Pts',(1.26367765415445,0.214820547749901,5.66812568881012));
#2862=CARTESIAN_POINT('Ctrl Pts',(1.10731774293577,0.645659737520539,5.69195605579312));
#2863=CARTESIAN_POINT('Ctrl Pts',(0.805718882237714,0.912086197431361,5.71578642277612));
#2864=CARTESIAN_POINT('Ctrl Pts',(0.50412002153966,1.17851265734218,5.73961678975912));
#2865=CARTESIAN_POINT('Ctrl Pts',(0.0572822113622326,1.28052638739319,5.76344715674213));
#2866=CARTESIAN_POINT('Ctrl Pts',(-0.330059116391381,1.1713859863579,5.78727752372513));
#2867=CARTESIAN_POINT('Ctrl Pts',(-0.717400444144999,1.06224558532261,5.81110789070813));
#2868=CARTESIAN_POINT('Ctrl Pts',(-1.0452452894748,0.741951053201008,5.83493825769113));
#2869=CARTESIAN_POINT('Ctrl Pts',(-1.16337929138551,0.357257293189048,5.85876862467413));
#2870=CARTESIAN_POINT('Ctrl Pts',(-1.1986400296766,0.242433569497295,5.8658815330661));
#2871=CARTESIAN_POINT('Ctrl Pts',(-1.21521745637663,0.121872465604867,5.87299444145808));
#2872=CARTESIAN_POINT('Ctrl Pts',(-1.21422735055596,0.00104576397558016,
5.88010734985005));
#2873=CARTESIAN_POINT('Origin',(0.,0.,4.));
#2874=CARTESIAN_POINT('',(-1.21317384154674,-0.00047048694205562,6.39489265014994));
#2875=CARTESIAN_POINT('',(-1.21328204538728,-0.000590258113354092,6.33010734985006));
#2876=CARTESIAN_POINT('',(-1.215,-1.48794586096403E-16,4.));
#2877=CARTESIAN_POINT('Ctrl Pts',(-1.21317384154674,-0.00047048694205562,
6.39489265014994));
#2878=CARTESIAN_POINT('Ctrl Pts',(-1.21236570949506,0.23184442683632,6.38124638396688));
#2879=CARTESIAN_POINT('Ctrl Pts',(-1.14819905971309,0.46457264507071,6.36760011778381));
#2880=CARTESIAN_POINT('Ctrl Pts',(-1.02353083178292,0.658383389724593,6.35395385160075));
#2881=CARTESIAN_POINT('Ctrl Pts',(-0.805823688829572,0.996833564181983,
6.33012348461774));
#2882=CARTESIAN_POINT('Ctrl Pts',(-0.403614796926343,1.21660349656823,6.30629311763473));
#2883=CARTESIAN_POINT('Ctrl Pts',(-0.00119118239094239,1.2169973839581,
6.28246275065173));
#2884=CARTESIAN_POINT('Ctrl Pts',(0.401232432144463,1.21739127134797,6.25863238366873));
#2885=CARTESIAN_POINT('Ctrl Pts',(0.803870769312042,0.998409113741447,6.23480201668573));
#2886=CARTESIAN_POINT('Ctrl Pts',(1.02224003640696,0.66038576562598,6.21097164970273));
#2887=CARTESIAN_POINT('Ctrl Pts',(1.24060930350187,0.322362417510516,6.18714128271973));
#2888=CARTESIAN_POINT('Ctrl Pts',(1.27470950052412,-0.134702121113889,6.16331091573673));
#2889=CARTESIAN_POINT('Ctrl Pts',(1.10891634856584,-0.501386660530975,6.13948054875373));
#2890=CARTESIAN_POINT('Ctrl Pts',(0.943123196607549,-0.868071199948059,
6.11565018177072));
#2891=CARTESIAN_POINT('Ctrl Pts',(0.577436695668719,-1.14437574015782,6.09181981478772));
#2892=CARTESIAN_POINT('Ctrl Pts',(0.179409774537352,-1.20370103608862,6.06798944780472));
#2893=CARTESIAN_POINT('Ctrl Pts',(-0.218617146594018,-1.26302633201942,
6.04415908082172));
#2894=CARTESIAN_POINT('Ctrl Pts',(-0.648984487917929,-1.10537238367125,
6.02032871383872));
#2895=CARTESIAN_POINT('Ctrl Pts',(-0.914503377799668,-0.802974235863924,
5.99649834685572));
#2896=CARTESIAN_POINT('Ctrl Pts',(-1.10616761459279,-0.584688786444645,
5.97929644795379));
#2897=CARTESIAN_POINT('Ctrl Pts',(-1.21193520806236,-0.290982301733096,
5.96209454905186));
#2898=CARTESIAN_POINT('Ctrl Pts',(-1.21445685503773,0.00108577299830569,
5.94489265014994));
#2899=CARTESIAN_POINT('Ctrl Pts',(-1.21422735055596,0.00104576397558016,
5.88010734985005));
#2900=CARTESIAN_POINT('Ctrl Pts',(-1.21190030623801,-0.282933062949438,
5.89682480844108));
#2901=CARTESIAN_POINT('Ctrl Pts',(-1.11253190789899,-0.5683790261373,5.91354226703211));
#2902=CARTESIAN_POINT('Ctrl Pts',(-0.930608117248284,-0.784252944662288,
5.93025972562314));
#2903=CARTESIAN_POINT('Ctrl Pts',(-0.671279782708732,-1.09197643459934,
5.95409009260614));
#2904=CARTESIAN_POINT('Ctrl Pts',(-0.24419995513801,-1.25833042657112,5.97792045958914));
#2905=CARTESIAN_POINT('Ctrl Pts',(0.154948791071983,-1.20709362575233,6.00175082657214));
#2906=CARTESIAN_POINT('Ctrl Pts',(0.554097537281976,-1.15585682493354,6.02558119355514));
#2907=CARTESIAN_POINT('Ctrl Pts',(0.92531520213124,-0.887029231324184,6.04941156053815));
#2908=CARTESIAN_POINT('Ctrl Pts',(1.09851454748255,-0.523784247685454,6.07324192752115));
#2909=CARTESIAN_POINT('Ctrl Pts',(1.27171389283385,-0.160539264046725,6.09707229450415));
#2910=CARTESIAN_POINT('Ctrl Pts',(1.2468949186872,0.297123109621378,6.12090266148714));
#2911=CARTESIAN_POINT('Ctrl Pts',(1.03542936504436,0.639507763168307,6.14473302847015));
#2912=CARTESIAN_POINT('Ctrl Pts',(0.823963811401524,0.98189241671524,6.16856339545315));
#2913=CARTESIAN_POINT('Ctrl Pts',(0.425851678262499,1.208999350141,6.19239376243616));
#2914=CARTESIAN_POINT('Ctrl Pts',(0.0235029088987371,1.21677103944582,6.21622412941916));
#2915=CARTESIAN_POINT('Ctrl Pts',(-0.378845860465023,1.22454272875064,6.24005449640217));
#2916=CARTESIAN_POINT('Ctrl Pts',(-0.785431266053521,1.01297917393453,6.26388486338516));
#2917=CARTESIAN_POINT('Ctrl Pts',(-1.00996101833932,0.679016119536517,6.28771523036816));
#2918=CARTESIAN_POINT('Ctrl Pts',(-1.1431005554256,0.480985853997912,6.30184593686212));
#2919=CARTESIAN_POINT('Ctrl Pts',(-1.21222675657406,0.239918197731702,6.31597664335609));
#2920=CARTESIAN_POINT('Ctrl Pts',(-1.21328204538728,-0.000590258113354092,
6.33010734985006));
#2921=CARTESIAN_POINT('Origin',(0.,0.,4.));
#2922=CARTESIAN_POINT('',(-1.21618228092391,-0.000861349486950824,6.84489265014994));
#2923=CARTESIAN_POINT('',(-1.21638788197863,-0.000760491946132994,6.78010734985005));
#2924=CARTESIAN_POINT('',(-1.215,-1.48794586096403E-16,4.));
#2925=CARTESIAN_POINT('Ctrl Pts',(-1.21618228092391,-0.000861349486950824,
6.84489265014994));
#2926=CARTESIAN_POINT('Ctrl Pts',(-1.21337377876243,0.348711920464403,6.82422858586488));
#2927=CARTESIAN_POINT('Ctrl Pts',(-1.05457911328331,0.700511326761242,6.80356452157983));
#2928=CARTESIAN_POINT('Ctrl Pts',(-0.788861625094797,0.926704585036909,
6.78290045729478));
#2929=CARTESIAN_POINT('Ctrl Pts',(-0.482428913214739,1.1875568684712,6.75907009031178));
#2930=CARTESIAN_POINT('Ctrl Pts',(-0.0337959422024304,1.28136130987687,
6.73523972332877));
#2931=CARTESIAN_POINT('Ctrl Pts',(0.351479335842571,1.16513790083033,6.71140935634577));
#2932=CARTESIAN_POINT('Ctrl Pts',(0.736754613887572,1.0489144917838,6.68757898936276));
#2933=CARTESIAN_POINT('Ctrl Pts',(1.05867219896527,0.722663232285063,6.66374862237976));
#2934=CARTESIAN_POINT('Ctrl Pts',(1.16973352585855,0.335868322349906,6.63991825539676));
#2935=CARTESIAN_POINT('Ctrl Pts',(1.28079485275184,-0.0509265875852478,
6.61608788841376));
#2936=CARTESIAN_POINT('Ctrl Pts',(1.18099992146072,-0.498265147956821,6.59225752143076));
#2937=CARTESIAN_POINT('Ctrl Pts',(0.916073507094401,-0.801182489246598,
6.56842715444776));
#2938=CARTESIAN_POINT('Ctrl Pts',(0.651147092728079,-1.10409983053638,6.54459678746476));
#2939=CARTESIAN_POINT('Ctrl Pts',(0.221089195286552,-1.26259595274436,6.52076642048175));
#2940=CARTESIAN_POINT('Ctrl Pts',(-0.177053096865588,-1.2040499376546,6.49693605349875));
#2941=CARTESIAN_POINT('Ctrl Pts',(-0.575195389017725,-1.14550392256485,
6.47310568651575));
#2942=CARTESIAN_POINT('Ctrl Pts',(-0.941422075880477,-0.869915770177358,
6.44927531953275));
#2943=CARTESIAN_POINT('Ctrl Pts',(-1.10793272231012,-0.503556485719349,
6.42544495254975));
#2944=CARTESIAN_POINT('Ctrl Pts',(-1.17909239889887,-0.346989871173551,
6.41526085174981));
#2945=CARTESIAN_POINT('Ctrl Pts',(-1.21377694412173,-0.173845274411984,
6.40507675094988));
#2946=CARTESIAN_POINT('Ctrl Pts',(-1.21317384154674,-0.00047048694205562,
6.39489265014994));
#2947=CARTESIAN_POINT('Ctrl Pts',(-1.21328204538728,-0.000590258113354092,
6.33010734985006));
#2948=CARTESIAN_POINT('Ctrl Pts',(-1.21400642128529,-0.165681109546441,
6.3398070103391));
#2949=CARTESIAN_POINT('Ctrl Pts',(-1.18265725793341,-0.330508477855222,
6.34950667082814));
#2950=CARTESIAN_POINT('Ctrl Pts',(-1.11792222043417,-0.480971993170771,
6.35920633131717));
#2951=CARTESIAN_POINT('Ctrl Pts',(-0.958879571260144,-0.850634497500126,
6.38303669830018));
#2952=CARTESIAN_POINT('Ctrl Pts',(-0.598320173928999,-1.13359695217893,
6.40686706528317));
#2953=CARTESIAN_POINT('Ctrl Pts',(-0.201447783211844,-1.20020953995367,
6.43069743226617));
#2954=CARTESIAN_POINT('Ctrl Pts',(0.195424607505317,-1.26682212772841,6.45452779924917));
#2955=CARTESIAN_POINT('Ctrl Pts',(0.628609991608492,-1.11708484859908,6.47835816623218));
#2956=CARTESIAN_POINT('Ctrl Pts',(0.899628305907194,-0.819605429683374,
6.50218853321518));
#2957=CARTESIAN_POINT('Ctrl Pts',(1.1706466202059,-0.522126010767661,6.52601890019818));
#2958=CARTESIAN_POINT('Ctrl Pts',(1.27949786470013,-0.0769044520655701,
6.54984926718118));
#2959=CARTESIAN_POINT('Ctrl Pts',(1.17630777613377,0.312064360289945,6.57367963416418));
#2960=CARTESIAN_POINT('Ctrl Pts',(1.07311768756741,0.701033172645458,6.59751000114718));
#2961=CARTESIAN_POINT('Ctrl Pts',(0.757886265940465,1.03374923865439,6.62134036813019));
#2962=CARTESIAN_POINT('Ctrl Pts',(0.375048560956946,1.15776626573773,6.64517073511319));
#2963=CARTESIAN_POINT('Ctrl Pts',(-0.00778914402656754,1.28178329282107,
6.66900110209619));
#2964=CARTESIAN_POINT('Ctrl Pts',(-0.458233132366653,1.19710128097882,6.69283146907919));
#2965=CARTESIAN_POINT('Ctrl Pts',(-0.769895666733537,0.94252045680768,6.71666183606219));
#2966=CARTESIAN_POINT('Ctrl Pts',(-1.04648379251215,0.716590082597924,6.73781034065815));
#2967=CARTESIAN_POINT('Ctrl Pts',(-1.21376961841904,0.356849819520681,6.7589588452541));
#2968=CARTESIAN_POINT('Ctrl Pts',(-1.21638788197863,-0.000760491946132994,
6.78010734985005));
#2969=CARTESIAN_POINT('Origin',(0.,0.,4.));
#2970=CARTESIAN_POINT('',(-1.21586289361355,0.000976961062566298,7.29489265014994));
#2971=CARTESIAN_POINT('',(-1.21562289113812,0.00103821689400764,7.23010734985006));
#2972=CARTESIAN_POINT('',(-1.215,-1.48794586096403E-16,4.));
#2973=CARTESIAN_POINT('Ctrl Pts',(-1.21586289361355,0.000976961062566298,
7.29489265014994));
#2974=CARTESIAN_POINT('Ctrl Pts',(-1.21643355566001,0.0661771263685213,
7.2910411547459));
#2975=CARTESIAN_POINT('Ctrl Pts',(-1.21164200939192,0.131293293639853,7.28718965934185));
#2976=CARTESIAN_POINT('Ctrl Pts',(-1.20119445293815,0.19548897080456,7.28333816393781));
#2977=CARTESIAN_POINT('Ctrl Pts',(-1.13655226120463,0.592687041961698,7.25950779695481));
#2978=CARTESIAN_POINT('Ctrl Pts',(-0.85538266207508,0.954646255730382,7.2356774299718));
#2979=CARTESIAN_POINT('Ctrl Pts',(-0.486514009068162,1.11552147915495,7.2118470629888));
#2980=CARTESIAN_POINT('Ctrl Pts',(-0.117645356061246,1.27639670257952,7.1880166960058));
#2981=CARTESIAN_POINT('Ctrl Pts',(0.338922350823037,1.23618793565998,7.1641863290228));
#2982=CARTESIAN_POINT('Ctrl Pts',(0.67399556388318,1.01331832675692,7.14035596203979));
#2983=CARTESIAN_POINT('Ctrl Pts',(1.00906877694333,0.790448717853863,7.11652559505679));
#2984=CARTESIAN_POINT('Ctrl Pts',(1.22264749617933,0.384918266967291,7.09269522807379));
#2985=CARTESIAN_POINT('Ctrl Pts',(1.2168726542134,-0.0174641032768852,7.06886486109079));
#2986=CARTESIAN_POINT('Ctrl Pts',(1.21109781224747,-0.419846473521061,7.04503449410779));
#2987=CARTESIAN_POINT('Ctrl Pts',(0.98596940907961,-0.81908076312284,7.02120412712479));
#2988=CARTESIAN_POINT('Ctrl Pts',(0.644638431161399,-1.03224287091043,6.99737376014179));
#2989=CARTESIAN_POINT('Ctrl Pts',(0.303307453243191,-1.24540497869802,6.97354339315878));
#2990=CARTESIAN_POINT('Ctrl Pts',(-0.154226099425364,-1.27249490467142,
6.94971302617578));
#2991=CARTESIAN_POINT('Ctrl Pts',(-0.518326140822399,-1.10110038743786,
6.92588265919278));
#2992=CARTESIAN_POINT('Ctrl Pts',(-0.882426182219439,-0.929705870204292,
6.90205229220978));
#2993=CARTESIAN_POINT('Ctrl Pts',(-1.15309271234496,-0.559826909763755,
6.87822192522678));
#2994=CARTESIAN_POINT('Ctrl Pts',(-1.20630975103381,-0.160937366812023,
6.85439155824377));
#2995=CARTESIAN_POINT('Ctrl Pts',(-1.21338061374009,-0.107937552040769,
6.85122525554583));
#2996=CARTESIAN_POINT('Ctrl Pts',(-1.21661262066001,-0.0544255841170602,
6.84805895284788));
#2997=CARTESIAN_POINT('Ctrl Pts',(-1.21618228092391,-0.000861349486950824,
6.84489265014994));
#2998=CARTESIAN_POINT('Ctrl Pts',(-1.21638788197863,-0.000760491946132994,
6.78010734985005));
#2999=CARTESIAN_POINT('Ctrl Pts',(-1.21671990652097,-0.0461094025129131,
6.7827892122371));
#3000=CARTESIAN_POINT('Ctrl Pts',(-1.21440390834179,-0.0914240612806151,
6.78547107462415));
#3001=CARTESIAN_POINT('Ctrl Pts',(-1.20932698382822,-0.136427252926216,
6.7881529370112));
#3002=CARTESIAN_POINT('Ctrl Pts',(-1.16421468616232,-0.536314501988918,
6.8119833039942));
#3003=CARTESIAN_POINT('Ctrl Pts',(-0.901109010436852,-0.911609363614275,
6.8358136709772));
#3004=CARTESIAN_POINT('Ctrl Pts',(-0.540561648975828,-1.09035647969488,
6.8596440379602));
#3005=CARTESIAN_POINT('Ctrl Pts',(-0.180014287514805,-1.26910359577549,
6.88347440494321));
#3006=CARTESIAN_POINT('Ctrl Pts',(0.277974759681769,-1.25130296631134,6.9073047719262));
#3007=CARTESIAN_POINT('Ctrl Pts',(0.6235607047613,-1.04511061454453,6.93113513890921));
#3008=CARTESIAN_POINT('Ctrl Pts',(0.969146649840826,-0.838918262777724,
6.95496550589221));
#3009=CARTESIAN_POINT('Ctrl Pts',(1.20232949280331,-0.444334188708257,6.97879587287521));
#3010=CARTESIAN_POINT('Ctrl Pts',(1.21626780477214,-0.0421518235763516,
7.00262623985822));
#3011=CARTESIAN_POINT('Ctrl Pts',(1.23020611674097,0.360030541555559,7.02645660684122));
#3012=CARTESIAN_POINT('Ctrl Pts',(1.02489989771614,0.769811197749908,7.05028697382422));
#3013=CARTESIAN_POINT('Ctrl Pts',(0.694417860126023,0.999433832073971,7.07411734080722));
#3014=CARTESIAN_POINT('Ctrl Pts',(0.363935822535904,1.22905646639803,7.09794770779022));
#3015=CARTESIAN_POINT('Ctrl Pts',(-0.0917220336195022,1.27852107885181,
7.12177807477322));
#3016=CARTESIAN_POINT('Ctrl Pts',(-0.463779042733043,1.12516360973757,7.14560844175622));
#3017=CARTESIAN_POINT('Ctrl Pts',(-0.835836051846583,0.971806140623332,
7.16943880873922));
#3018=CARTESIAN_POINT('Ctrl Pts',(-1.12429221391826,0.615626589941076,7.19326917572223));
#3019=CARTESIAN_POINT('Ctrl Pts',(-1.19698056446449,0.219821922133193,7.21709954270523));
#3020=CARTESIAN_POINT('Ctrl Pts',(-1.21020621119576,0.147805255477854,7.22143547842017));
#3021=CARTESIAN_POINT('Ctrl Pts',(-1.21628868991521,0.0744767672532306,
7.22577141413511));
#3022=CARTESIAN_POINT('Ctrl Pts',(-1.21562289113812,0.00103821689400764,
7.23010734985006));
#3023=CARTESIAN_POINT('Origin',(0.,0.,4.));
#3024=CARTESIAN_POINT('',(-1.21306454960667,0.000289896412855734,7.74489265014994));
#3025=CARTESIAN_POINT('',(-1.21301939030984,0.000156866510934299,7.68010734985006));
#3026=CARTESIAN_POINT('',(-1.215,-1.48794586096403E-16,4.));
#3027=CARTESIAN_POINT('Ctrl Pts',(-1.21306454960667,0.000289896412855734,
7.74489265014994));
#3028=CARTESIAN_POINT('Ctrl Pts',(-1.21345913862963,0.185371077249925,7.73402335664391));
#3029=CARTESIAN_POINT('Ctrl Pts',(-1.17373708847287,0.370291614531945,7.72315406313787));
#3030=CARTESIAN_POINT('Ctrl Pts',(-1.09302568222379,0.535143821298726,7.71228476963184));
#3031=CARTESIAN_POINT('Ctrl Pts',(-0.916070075167839,0.896573805964145,
7.68845440264884));
#3032=CARTESIAN_POINT('Ctrl Pts',(-0.542085571909339,1.16153872293882,7.66462403566583));
#3033=CARTESIAN_POINT('Ctrl Pts',(-0.142427140925655,1.20863499908055,7.64079366868283));
#3034=CARTESIAN_POINT('Ctrl Pts',(0.257231290058024,1.25573127522229,7.61696330169983));
#3035=CARTESIAN_POINT('Ctrl Pts',(0.682563648766885,1.08495891053109,7.59313293471683));
#3036=CARTESIAN_POINT('Ctrl Pts',(0.938688028904247,0.774563642232326,7.56930256773383));
#3037=CARTESIAN_POINT('Ctrl Pts',(1.19481240904161,0.464168373933553,7.54547220075083));
#3038=CARTESIAN_POINT('Ctrl Pts',(1.28172881060747,0.0141502020272005,7.52164183376783));
#3039=CARTESIAN_POINT('Ctrl Pts',(1.15961323789965,-0.369298239859575,7.49781146678482));
#3040=CARTESIAN_POINT('Ctrl Pts',(1.03749766519183,-0.752746681746342,7.47398109980182));
#3041=CARTESIAN_POINT('Ctrl Pts',(0.706350118210341,-1.06962539361354,7.45015073281882));
#3042=CARTESIAN_POINT('Ctrl Pts',(0.317898213957013,-1.17474455820764,7.42632036583582));
#3043=CARTESIAN_POINT('Ctrl Pts',(-0.0705536902963214,-1.27986372280175,
7.40248999885282));
#3044=CARTESIAN_POINT('Ctrl Pts',(-0.516309951821493,-1.17322334012275,
7.37865963186981));
#3045=CARTESIAN_POINT('Ctrl Pts',(-0.815130690415332,-0.903684684510458,
7.35482926488681));
#3046=CARTESIAN_POINT('Ctrl Pts',(-1.06565562634073,-0.677709222618335,
7.33485039330785));
#3047=CARTESIAN_POINT('Ctrl Pts',(-1.21290269697688,-0.337236016734661,
7.3148715217289));
#3048=CARTESIAN_POINT('Ctrl Pts',(-1.21586289361355,0.000976961062566298,
7.29489265014994));
#3049=CARTESIAN_POINT('Ctrl Pts',(-1.21562289113812,0.00103821689400764,
7.23010734985006));
#3050=CARTESIAN_POINT('Ctrl Pts',(-1.21262944996379,-0.329142594475025,
7.24960178111811));
#3051=CARTESIAN_POINT('Ctrl Pts',(-1.07322531972398,-0.661548218268923,
7.26909621238617));
#3052=CARTESIAN_POINT('Ctrl Pts',(-0.833299380588766,-0.886959013408432,
7.28859064365423));
#3053=CARTESIAN_POINT('Ctrl Pts',(-0.540009307146017,-1.16250549620868,
7.31242101063724));
#3054=CARTESIAN_POINT('Ctrl Pts',(-0.0965086212397258,-1.27816867687566,
7.33625137762024));
#3055=CARTESIAN_POINT('Ctrl Pts',(0.293996273142566,-1.18095314916991,7.36008174460324));
#3056=CARTESIAN_POINT('Ctrl Pts',(0.684501167524858,-1.08373762146417,7.38391211158624));
#3057=CARTESIAN_POINT('Ctrl Pts',(1.02201027038315,-0.773643385385694,7.40774247856924));
#3058=CARTESIAN_POINT('Ctrl Pts',(1.15188118028641,-0.392751697205772,7.43157284555224));
#3059=CARTESIAN_POINT('Ctrl Pts',(1.28175209018968,-0.0118600090258495,
7.45540321253524));
#3060=CARTESIAN_POINT('Ctrl Pts',(1.20398480713791,0.439829131255524,7.47923357951825));
#3061=CARTESIAN_POINT('Ctrl Pts',(0.954211316467246,0.755357473440233,7.50306394650125));
#3062=CARTESIAN_POINT('Ctrl Pts',(0.704437825796584,1.07088581562494,7.52689431348425));
#3063=CARTESIAN_POINT('Ctrl Pts',(0.282658127507027,1.25025335971299,7.55072468046725));
#3064=CARTESIAN_POINT('Ctrl Pts',(-0.117873656168653,1.21127616600732,7.57455504745026));
#3065=CARTESIAN_POINT('Ctrl Pts',(-0.518405439844328,1.17229897230165,7.59838541443326));
#3066=CARTESIAN_POINT('Ctrl Pts',(-0.897689308906128,0.914977040802269,
7.62221578141626));
#3067=CARTESIAN_POINT('Ctrl Pts',(-1.08194219250076,0.557212025392995,7.64604614839926));
#3068=CARTESIAN_POINT('Ctrl Pts',(-1.16972758820315,0.386758554959016,7.6573998822162));
#3069=CARTESIAN_POINT('Ctrl Pts',(-1.21324195957767,0.193505024315686,7.66875361603313));
#3070=CARTESIAN_POINT('Ctrl Pts',(-1.21301939030984,0.000156866510934299,
7.68010734985006));
#3071=CARTESIAN_POINT('Origin',(0.,0.,4.));
#3072=CARTESIAN_POINT('',(-1.214797922715,-0.00111339472940147,8.19489265014994));
#3073=CARTESIAN_POINT('',(-1.21504624609589,-0.00111162915756326,8.13010734985006));
#3074=CARTESIAN_POINT('',(-1.215,-1.48794586096403E-16,4.));
#3075=CARTESIAN_POINT('Ctrl Pts',(-1.214797922715,-0.00111339472940147,
8.19489265014994));
#3076=CARTESIAN_POINT('Ctrl Pts',(-1.21204679731992,0.302371633529783,8.17700555854192));
#3077=CARTESIAN_POINT('Ctrl Pts',(-1.09681383833407,0.607719892126976,8.15911846693389));
#3078=CARTESIAN_POINT('Ctrl Pts',(-0.891083507897235,0.828887346648823,
8.14123137532587));
#3079=CARTESIAN_POINT('Ctrl Pts',(-0.616995949043082,1.12354126364377,8.11740100834287));
#3080=CARTESIAN_POINT('Ctrl Pts',(-0.18228160643938,1.26877988166072,8.09357064135986));
#3081=CARTESIAN_POINT('Ctrl Pts',(0.213878907393251,1.19805670332899,8.06974027437686));
#3082=CARTESIAN_POINT('Ctrl Pts',(0.61003942122588,1.12733352499726,8.04590990739386));
#3083=CARTESIAN_POINT('Ctrl Pts',(0.967646106287435,0.840648550316859,8.02207954041086));
#3084=CARTESIAN_POINT('Ctrl Pts',(1.12284810315679,0.469357208044624,7.99824917342786));
#3085=CARTESIAN_POINT('Ctrl Pts',(1.27805010002615,0.0980658657723888,7.97441880644486));
#3086=CARTESIAN_POINT('Ctrl Pts',(1.23084740870332,-0.357831844091681,7.95058843946185));
#3087=CARTESIAN_POINT('Ctrl Pts',(1.0028677052684,-0.689449357968704,7.92675807247885));
#3088=CARTESIAN_POINT('Ctrl Pts',(0.77488800183348,-1.02106687184573,7.90292770549585));
#3089=CARTESIAN_POINT('Ctrl Pts',(0.366131286286471,-1.22840418973571,7.87909733851285));
#3090=CARTESIAN_POINT('Ctrl Pts',(-0.0361152851080375,-1.21646197542292,
7.85526697152985));
#3091=CARTESIAN_POINT('Ctrl Pts',(-0.438361856502543,-1.20451976111012,
7.83143660454685));
#3092=CARTESIAN_POINT('Ctrl Pts',(-0.834098283744545,-0.97329801459457,
7.80760623756384));
#3093=CARTESIAN_POINT('Ctrl Pts',(-1.04200314193885,-0.628739615158713,
7.78377587058084));
#3094=CARTESIAN_POINT('Ctrl Pts',(-1.155080298711,-0.441338106177345,7.77081479710388));
#3095=CARTESIAN_POINT('Ctrl Pts',(-1.21259402249127,-0.22040989264898,7.75785372362691));
#3096=CARTESIAN_POINT('Ctrl Pts',(-1.21306454960667,0.000289896412855734,
7.74489265014994));
#3097=CARTESIAN_POINT('Ctrl Pts',(-1.21301939030984,0.000156866510934299,
7.68010734985006));
#3098=CARTESIAN_POINT('Ctrl Pts',(-1.21277480864591,-0.212313680813964,
7.69258398301612));
#3099=CARTESIAN_POINT('Ctrl Pts',(-1.15971419165164,-0.424898498397079,
7.70506061618219));
#3100=CARTESIAN_POINT('Ctrl Pts',(-1.05454627681712,-0.607467117799745,
7.71753724934826));
#3101=CARTESIAN_POINT('Ctrl Pts',(-0.853675579411373,-0.956173146264028,
7.74136761633126));
#3102=CARTESIAN_POINT('Ctrl Pts',(-0.462712286472425,-1.19537710387342,
7.76519798331427));
#3103=CARTESIAN_POINT('Ctrl Pts',(-0.0607908331309466,-1.21547876318856,
7.78902835029728));
#3104=CARTESIAN_POINT('Ctrl Pts',(0.341130620210532,-1.23558042250369,7.81285871728028));
#3105=CARTESIAN_POINT('Ctrl Pts',(0.754010233954539,-1.03657978352459,7.83668908426327));
#3106=CARTESIAN_POINT('Ctrl Pts',(0.988671792023795,-0.709656421666059,
7.86051945124627));
#3107=CARTESIAN_POINT('Ctrl Pts',(1.22333335009305,-0.38273305980754,7.88434981822927));
#3108=CARTESIAN_POINT('Ctrl Pts',(1.27977685248755,0.0721130249303974,7.90818018521228));
#3109=CARTESIAN_POINT('Ctrl Pts',(1.13214060041654,0.446477110330696,7.93201055219528));
#3110=CARTESIAN_POINT('Ctrl Pts',(0.984504348345521,0.820841195731003,7.95584091917828));
#3111=CARTESIAN_POINT('Ctrl Pts',(0.632788341808983,1.11472328179367,7.97967128616128));
#3112=CARTESIAN_POINT('Ctrl Pts',(0.23814440579583,1.19347031430901,8.00350165314428));
#3113=CARTESIAN_POINT('Ctrl Pts',(-0.156499530217323,1.27221734682435,8.02733202012728));
#3114=CARTESIAN_POINT('Ctrl Pts',(-0.594071395707088,1.13582932579236,8.05116238711029));
#3115=CARTESIAN_POINT('Ctrl Pts',(-0.874081297220377,0.846797517121859,
8.07499275409329));
#3116=CARTESIAN_POINT('Ctrl Pts',(-1.08994917902577,0.623974381315274,8.09336428601221));
#3117=CARTESIAN_POINT('Ctrl Pts',(-1.21217290737095,0.310430122760419,8.11173581793114));
#3118=CARTESIAN_POINT('Ctrl Pts',(-1.21504624609589,-0.00111162915756326,
8.13010734985006));
#3119=CARTESIAN_POINT('Origin',(0.,0.,4.));
#3120=CARTESIAN_POINT('',(-1.21688650224334,0.000333753599316223,8.64489265014995));
#3121=CARTESIAN_POINT('',(-1.21677202310524,0.000474737756419694,8.58010734985006));
#3122=CARTESIAN_POINT('',(-1.215,-1.48794586096403E-16,4.));
#3123=CARTESIAN_POINT('Ctrl Pts',(-1.21688650224334,0.000333753599316223,
8.64489265014995));
#3124=CARTESIAN_POINT('Ctrl Pts',(-1.21695276050644,0.018483695780597,8.64381812742293));
#3125=CARTESIAN_POINT('Ctrl Pts',(-1.21658189043528,0.0366308705756377,
8.64274360469592));
#3126=CARTESIAN_POINT('Ctrl Pts',(-1.21576544710375,0.054757976806906,8.64166908196891));
#3127=CARTESIAN_POINT('Ctrl Pts',(-1.19765866934821,0.456774223621802,8.6178387149859));
#3128=CARTESIAN_POINT('Ctrl Pts',(-0.960397907703979,0.848919802484236,
8.5940083480029));
#3129=CARTESIAN_POINT('Ctrl Pts',(-0.612693052047873,1.05151855780287,8.5701779810199));
#3130=CARTESIAN_POINT('Ctrl Pts',(-0.264988196391777,1.25411731312149,8.54634761403689));
#3131=CARTESIAN_POINT('Ctrl Pts',(0.193160753276183,1.26716924489632,8.52251724705389));
#3132=CARTESIAN_POINT('Ctrl Pts',(0.551835749196122,1.08469412940327,8.49868688007089));
#3133=CARTESIAN_POINT('Ctrl Pts',(0.910510745116067,0.902219013910216,8.47485651308789));
#3134=CARTESIAN_POINT('Ctrl Pts',(1.16971178728798,0.524216851149275,8.45102614610489));
#3135=CARTESIAN_POINT('Ctrl Pts',(1.21067623426099,0.123883447047126,8.42719577912189));
#3136=CARTESIAN_POINT('Ctrl Pts',(1.25164068123399,-0.27644995705502,8.40336541213889));
#3137=CARTESIAN_POINT('Ctrl Pts',(1.07436853300807,-0.699114602498377,8.37953504515589));
#3138=CARTESIAN_POINT('Ctrl Pts',(0.760083646888494,-0.950450893718457,
8.35570467817288));
#3139=CARTESIAN_POINT('Ctrl Pts',(0.445798760768918,-1.20178718493854,8.33187431118988));
#3140=CARTESIAN_POINT('Ctrl Pts',(-0.00549886324431682,-1.28179512193535,
8.30804394420688));
#3141=CARTESIAN_POINT('Ctrl Pts',(-0.387030363534774,-1.15381608099373,
8.28421357722388));
#3142=CARTESIAN_POINT('Ctrl Pts',(-0.768561863825232,-1.02583704005211,
8.26038321024088));
#3143=CARTESIAN_POINT('Ctrl Pts',(-1.08032724039291,-0.689871021172063,
8.23655284325787));
#3144=CARTESIAN_POINT('Ctrl Pts',(-1.17947954112445,-0.299853403745563,
8.21272247627487));
#3145=CARTESIAN_POINT('Ctrl Pts',(-1.20420804940677,-0.202583307019338,
8.20677920089989));
#3146=CARTESIAN_POINT('Ctrl Pts',(-1.21571202860613,-0.101951201939924,
8.20083592552492));
#3147=CARTESIAN_POINT('Ctrl Pts',(-1.214797922715,-0.00111339472940147,
8.19489265014994));
#3148=CARTESIAN_POINT('Ctrl Pts',(-1.21504624609589,-0.00111162915756326,
8.13010734985006));
#3149=CARTESIAN_POINT('Ctrl Pts',(-1.21590001715057,-0.0936817559602596,
8.13556618491414));
#3150=CARTESIAN_POINT('Ctrl Pts',(-1.20621639847812,-0.186075082394469,
8.14102501997822));
#3151=CARTESIAN_POINT('Ctrl Pts',(-1.18532101378418,-0.275859100752939,
8.14648385504229));
#3152=CARTESIAN_POINT('Ctrl Pts',(-1.09410289129788,-0.667808313648219,
8.17031422202529));
#3153=CARTESIAN_POINT('Ctrl Pts',(-0.789218708788474,-1.01003114312977,
8.19414458900829));
#3154=CARTESIAN_POINT('Ctrl Pts',(-0.41036254195918,-1.14572541791507,8.2179749559913));
#3155=CARTESIAN_POINT('Ctrl Pts',(-0.0315063751298891,-1.28141969270038,
8.2418053229743));
#3156=CARTESIAN_POINT('Ctrl Pts',(0.421321776019283,-1.21058541278945,8.26563568995731));
#3157=CARTESIAN_POINT('Ctrl Pts',(0.740641781052363,-0.965677949070495,
8.28946605694031));
#3158=CARTESIAN_POINT('Ctrl Pts',(1.05996178608544,-0.720770485351544,8.31329642392331));
#3159=CARTESIAN_POINT('Ctrl Pts',(1.24577364500242,-0.301789837824569,8.3371267909063));
#3160=CARTESIAN_POINT('Ctrl Pts',(1.21294071431872,0.09929236071682,8.3609571578893));
#3161=CARTESIAN_POINT('Ctrl Pts',(1.18010778363502,0.50037455925822,8.3847875248723));
#3162=CARTESIAN_POINT('Ctrl Pts',(0.928630063350611,0.883558308814037,8.40861789185532));
#3163=CARTESIAN_POINT('Ctrl Pts',(0.573731464182984,1.07327366302618,8.43244825883832));
#3164=CARTESIAN_POINT('Ctrl Pts',(0.218832865015365,1.26298901723832,8.45627862582132));
#3165=CARTESIAN_POINT('Ctrl Pts',(-0.239486613035466,1.25923597610681,8.48010899280431));
#3166=CARTESIAN_POINT('Ctrl Pts',(-0.591230783798278,1.06373413483212,8.50393935978731));
#3167=CARTESIAN_POINT('Ctrl Pts',(-0.942974954561094,0.868232293557429,
8.52776972677031));
#3168=CARTESIAN_POINT('Ctrl Pts',(-1.18814381803589,0.480981652139565,8.55160009375333));
#3169=CARTESIAN_POINT('Ctrl Pts',(-1.21440410062147,0.0794155572117043,
8.57543046073633));
#3170=CARTESIAN_POINT('Ctrl Pts',(-1.2161220267426,0.0531454330580374,8.57698942377424));
#3171=CARTESIAN_POINT('Ctrl Pts',(-1.21690309660688,0.0268140435024574,
8.57854838681215));
#3172=CARTESIAN_POINT('Ctrl Pts',(-1.21677202310524,0.000474737756419694,
8.58010734985006));
#3173=CARTESIAN_POINT('Origin',(0.,0.,4.));
#3174=CARTESIAN_POINT('',(-1.21380562889896,0.000917140308541592,9.09489265014995));
#3175=CARTESIAN_POINT('',(-1.21362339300534,0.000832055001879731,9.03010734985006));
#3176=CARTESIAN_POINT('',(-1.215,-1.48794586096403E-16,4.));
#3177=CARTESIAN_POINT('Ctrl Pts',(-1.21380562889896,0.000917140308541592,
9.09489265014995));
#3178=CARTESIAN_POINT('Ctrl Pts',(-1.21477009233515,0.138501478785408,9.08680032932094));
#3179=CARTESIAN_POINT('Ctrl Pts',(-1.19318794703591,0.275792279272166,9.07870800849194));
#3180=CARTESIAN_POINT('Ctrl Pts',(-1.14774793576931,0.404671372847353,9.07061568766293));
#3181=CARTESIAN_POINT('Ctrl Pts',(-1.01393562566983,0.784196129864629,9.04678532067993));
#3182=CARTESIAN_POINT('Ctrl Pts',(-0.673229804300495,1.09077523528474,9.02295495369693));
#3183=CARTESIAN_POINT('Ctrl Pts',(-0.281738056678352,1.1839374497848,8.99912458671393));
#3184=CARTESIAN_POINT('Ctrl Pts',(0.109753690943786,1.27709966428487,8.97529421973093));
#3185=CARTESIAN_POINT('Ctrl Pts',(0.552031364818724,1.1568449878649,8.95146385274793));
#3186=CARTESIAN_POINT('Ctrl Pts',(0.84244918574263,0.878272892225012,8.92763348576493));
#3187=CARTESIAN_POINT('Ctrl Pts',(1.13286700666654,0.59970079658512,8.90380311878192));
#3188=CARTESIAN_POINT('Ctrl Pts',(1.27142497463941,0.16281128172529,8.87997275179892));
#3189=CARTESIAN_POINT('Ctrl Pts',(1.19463744694415,-0.232218561000958,8.85614238481592));
#3190=CARTESIAN_POINT('Ctrl Pts',(1.11784991924889,-0.627248403727206,8.83231201783292));
#3191=CARTESIAN_POINT('Ctrl Pts',(0.82571689588552,-0.980418574319882,8.80848165084992));
#3192=CARTESIAN_POINT('Ctrl Pts',(0.452090103351307,-1.1299108853879,8.78465128386692));
#3193=CARTESIAN_POINT('Ctrl Pts',(0.0784633108170999,-1.27940319645593,
8.76082091688392));
#3194=CARTESIAN_POINT('Ctrl Pts',(-0.376657250887937,-1.2252176479993,8.73699054990091));
#3195=CARTESIAN_POINT('Ctrl Pts',(-0.704741134807034,-0.992181416387309,
8.7131601829179));
#3196=CARTESIAN_POINT('Ctrl Pts',(-1.0180315583531,-0.769652900718728,8.69040433866191));
#3197=CARTESIAN_POINT('Ctrl Pts',(-1.21548330929277,-0.384038998274094,
8.66764849440593));
#3198=CARTESIAN_POINT('Ctrl Pts',(-1.21688650224334,0.000333753599316223,
8.64489265014995));
#3199=CARTESIAN_POINT('Ctrl Pts',(-1.21677202310524,0.000474737756419694,
8.58010734985006));
#3200=CARTESIAN_POINT('Ctrl Pts',(-1.21489950218551,-0.375809563819586,
8.60237875379515));
#3201=CARTESIAN_POINT('Ctrl Pts',(-1.0268668584255,-0.753709487504063,8.62465015774024));
#3202=CARTESIAN_POINT('Ctrl Pts',(-0.724728222317933,-0.977677426310293,
8.64692156168532));
#3203=CARTESIAN_POINT('Ctrl Pts',(-0.401440359732416,-1.21732276646657,
8.67075192866833));
#3204=CARTESIAN_POINT('Ctrl Pts',(0.0524870671350038,-1.28073189834125,
8.69458229565134));
#3205=CARTESIAN_POINT('Ctrl Pts',(0.42907025982751,-1.13885155452343,8.71841266263434));
#3206=CARTESIAN_POINT('Ctrl Pts',(0.805653452520017,-0.996971210705616,
8.74224302961734));
#3207=CARTESIAN_POINT('Ctrl Pts',(1.10489241103761,-0.649801391195294,8.76607339660034));
#3208=CARTESIAN_POINT('Ctrl Pts',(1.18967961789632,-0.256410925700482,8.78990376358334));
#3209=CARTESIAN_POINT('Ctrl Pts',(1.27446682475502,0.136979539794324,8.81373413056634));
#3210=CARTESIAN_POINT('Ctrl Pts',(1.14480227995485,0.576590651273617,8.83756449754935));
#3211=CARTESIAN_POINT('Ctrl Pts',(0.860096660645957,0.86099817780718,8.86139486453235));
#3212=CARTESIAN_POINT('Ctrl Pts',(0.575391041337056,1.14540570434075,8.88522523151535));
#3213=CARTESIAN_POINT('Ctrl Pts',(0.135644347519425,1.27460964592857,8.90905559849835));
#3214=CARTESIAN_POINT('Ctrl Pts',(-0.257657092261685,1.18941035430361,8.93288596548135));
#3215=CARTESIAN_POINT('Ctrl Pts',(-0.6509585320428,1.10421106267864,8.95671633246435));
#3216=CARTESIAN_POINT('Ctrl Pts',(-0.99781471778739,0.804608537840875,8.98054669944736));
#3217=CARTESIAN_POINT('Ctrl Pts',(-1.13930044962274,0.427876936495774,9.00437706643036));
#3218=CARTESIAN_POINT('Ctrl Pts',(-1.19022242356973,0.292287880695919,9.01295382757026));
#3219=CARTESIAN_POINT('Ctrl Pts',(-1.21454185581538,0.146707955055171,9.02153058871016));
#3220=CARTESIAN_POINT('Ctrl Pts',(-1.21362339300534,0.000832055001879731,
9.03010734985006));
#3221=CARTESIAN_POINT('Origin',(0.,0.,4.));
#3222=CARTESIAN_POINT('',(-1.21355968423922,-0.000788624597112125,9.54489265014995));
#3223=CARTESIAN_POINT('',(-1.21374735931444,-0.000891240056688377,9.48010734985006));
#3224=CARTESIAN_POINT('',(-1.215,-1.48794586096403E-16,4.));
#3225=CARTESIAN_POINT('Ctrl Pts',(-1.21355968423922,-0.000788624597112125,
9.54489265014995));
#3226=CARTESIAN_POINT('Ctrl Pts',(-1.21200435740427,0.256229243186716,9.52978253121895));
#3227=CARTESIAN_POINT('Ctrl Pts',(-1.13219773808719,0.514125103695581,9.51467241228796));
#3228=CARTESIAN_POINT('Ctrl Pts',(-0.981268795381637,0.719859344022586,
9.49956229335697));
#3229=CARTESIAN_POINT('Ctrl Pts',(-0.743236777933221,1.04432551601977,9.47573192637396));
#3230=CARTESIAN_POINT('Ctrl Pts',(-0.328303213379645,1.23905082930963,9.45190155939096));
#3231=CARTESIAN_POINT('Ctrl Pts',(0.0733913824750214,1.21478741290976,9.42807119240796));
#3232=CARTESIAN_POINT('Ctrl Pts',(0.475085978329693,1.19052399650989,9.40424082542495));
#3233=CARTESIAN_POINT('Ctrl Pts',(0.863541605485461,0.947271850420281,9.38041045844195));
#3234=CARTESIAN_POINT('Ctrl Pts',(1.06078499931862,0.596500316769502,9.35658009145896));
#3235=CARTESIAN_POINT('Ctrl Pts',(1.25802839315178,0.245728783118723,9.33274972447595));
#3236=CARTESIAN_POINT('Ctrl Pts',(1.26405955366234,-0.212562138093219,9.30891935749296));
#3237=CARTESIAN_POINT('Ctrl Pts',(1.07610867603739,-0.568396848662191,9.28508899050995));
#3238=CARTESIAN_POINT('Ctrl Pts',(0.888157798412446,-0.924231559231164,
9.26125862352695));
#3239=CARTESIAN_POINT('Ctrl Pts',(0.506224882651987,-1.17761005915715,9.23742825654395));
#3240=CARTESIAN_POINT('Ctrl Pts',(0.105310123035172,-1.21243358283943,9.21359788956094));
#3241=CARTESIAN_POINT('Ctrl Pts',(-0.29560463658165,-1.2472571065217,9.18976752257794));
#3242=CARTESIAN_POINT('Ctrl Pts',(-0.715501240054835,-1.06352565396024,
9.16593715559494));
#3243=CARTESIAN_POINT('Ctrl Pts',(-0.961990142376617,-0.745424723372291,
9.14210678861194));
#3244=CARTESIAN_POINT('Ctrl Pts',(-1.12477629350704,-0.535344570985471,
9.12636874245794));
#3245=CARTESIAN_POINT('Ctrl Pts',(-1.21192992841782,-0.266658591644104,
9.11063069630394));
#3246=CARTESIAN_POINT('Ctrl Pts',(-1.21380562889896,0.000917140308541592,
9.09489265014995));
#3247=CARTESIAN_POINT('Ctrl Pts',(-1.21362339300534,0.000832055001879731,
9.03010734985006));
#3248=CARTESIAN_POINT('Ctrl Pts',(-1.21198992444332,-0.258605446535691,
9.04536095569316));
#3249=CARTESIAN_POINT('Ctrl Pts',(-1.1305291376756,-0.518979113453084,9.06061456153625));
#3250=CARTESIAN_POINT('Ctrl Pts',(-0.976917613510961,-0.725752008715776,
9.07586816737935));
#3251=CARTESIAN_POINT('Ctrl Pts',(-0.736933767637727,-1.04878867472984,
9.09969853436236));
#3252=CARTESIAN_POINT('Ctrl Pts',(-0.320850797965142,-1.24100132890553,
9.12352890134537));
#3253=CARTESIAN_POINT('Ctrl Pts',(0.080687644212783,-1.21432031157662,9.14735926832837));
#3254=CARTESIAN_POINT('Ctrl Pts',(0.482226086390709,-1.18763929424771,9.17118963531137));
#3255=CARTESIAN_POINT('Ctrl Pts',(0.869220001073969,-0.942064605414204,
9.19502000229437));
#3256=CARTESIAN_POINT('Ctrl Pts',(1.06435309716724,-0.590115942683804,9.21885036927737));
#3257=CARTESIAN_POINT('Ctrl Pts',(1.25948619326052,-0.23816727995341,9.24268073626037));
#3258=CARTESIAN_POINT('Ctrl Pts',(1.2627584707638,0.220155356673883,9.26651110324338));
#3259=CARTESIAN_POINT('Ctrl Pts',(1.072671707991,0.574855249996275,9.29034147022638));
#3260=CARTESIAN_POINT('Ctrl Pts',(0.8825849452182,0.929555143318667,9.31417183720938));
#3261=CARTESIAN_POINT('Ctrl Pts',(0.499139142169319,1.18063229333617,9.33800220419238));
#3262=CARTESIAN_POINT('Ctrl Pts',(0.0980222314831838,1.21304457999883,9.36183257117538));
#3263=CARTESIAN_POINT('Ctrl Pts',(-0.303094679202957,1.24545686666149,9.38566293815838));
#3264=CARTESIAN_POINT('Ctrl Pts',(-0.721882697526345,1.0592042899693,9.40949330514139));
#3265=CARTESIAN_POINT('Ctrl Pts',(-0.966454484062429,0.739628748684661,
9.43332367212439));
#3266=CARTESIAN_POINT('Ctrl Pts',(-1.12650192339699,0.530498955829275,9.44891823136628));
#3267=CARTESIAN_POINT('Ctrl Pts',(-1.21194343003622,0.264275262933224,9.46451279060817));
#3268=CARTESIAN_POINT('Ctrl Pts',(-1.21374735931444,-0.000891240056688377,
9.48010734985006));
#3269=CARTESIAN_POINT('Origin',(0.,0.,4.));
#3270=CARTESIAN_POINT('',(-1.21478868724315,-3.0792918411654E-5,9.99489265014994));
#3271=CARTESIAN_POINT('',(-1.21674024211424,-0.000278746443596781,9.93010734985006));
#3272=CARTESIAN_POINT('',(-1.215,-1.48794586096403E-16,4.));
#3273=CARTESIAN_POINT('Ctrl Pts',(-1.21478868724315,-3.0792918411654E-5,
9.99489265014994));
#3274=CARTESIAN_POINT('Ctrl Pts',(-1.21310243315573,0.375117469836077,9.97276473311696));
#3275=CARTESIAN_POINT('Ctrl Pts',(-1.02923325370918,0.749152960202448,9.95063681608398));
#3276=CARTESIAN_POINT('Ctrl Pts',(-0.730819766517866,0.973015726864713,
9.928508899051));
#3277=CARTESIAN_POINT('Ctrl Pts',(-0.409447316420256,1.21410176652404,9.904678532068));
#3278=CARTESIAN_POINT('Ctrl Pts',(0.0447727921108778,1.28101856899061,9.880848165085));
#3279=CARTESIAN_POINT('Ctrl Pts',(0.422374670094513,1.14159838814794,9.85701779810199));
#3280=CARTESIAN_POINT('Ctrl Pts',(0.799976548078137,1.00217820730528,9.83318743111899));
#3281=CARTESIAN_POINT('Ctrl Pts',(1.10096019551426,0.656421043153388,9.80935706413599));
#3282=CARTESIAN_POINT('Ctrl Pts',(1.18802914373205,0.263453180162897,9.78552669715299));
#3283=CARTESIAN_POINT('Ctrl Pts',(1.27509809194984,-0.129514682827594,9.76169633016998));
#3284=CARTESIAN_POINT('Ctrl Pts',(1.14825234094929,-0.569693244656694,9.73786596318698));
#3285=CARTESIAN_POINT('Ctrl Pts',(0.8653027492179,-0.855758272095771,9.71403559620398));
#3286=CARTESIAN_POINT('Ctrl Pts',(0.582353157486504,-1.14182329953485,9.69020522922098));
#3287=CARTESIAN_POINT('Ctrl Pts',(0.143299725024268,-1.27377479258392,9.66637486223797));
#3288=CARTESIAN_POINT('Ctrl Pts',(-0.250528332219953,-1.19096630640023,
9.64254449525497));
#3289=CARTESIAN_POINT('Ctrl Pts',(-0.644356389464173,-1.10815782021654,
9.61871412827197));
#3290=CARTESIAN_POINT('Ctrl Pts',(-0.992959071490371,-0.810589354800091,
9.59488376128897));
#3291=CARTESIAN_POINT('Ctrl Pts',(-1.13669517733184,-0.434701606739606,
9.57105339430597));
#3292=CARTESIAN_POINT('Ctrl Pts',(-1.18929254177283,-0.2971529737229,9.56233314625396));
#3293=CARTESIAN_POINT('Ctrl Pts',(-1.21445728377929,-0.14911701109817,9.55361289820195));
#3294=CARTESIAN_POINT('Ctrl Pts',(-1.21355968423922,-0.000788624597112125,
9.54489265014995));
#3295=CARTESIAN_POINT('Ctrl Pts',(-1.21374735931444,-0.000891240056688377,
9.48010734985006));
#3296=CARTESIAN_POINT('Ctrl Pts',(-1.21470005149917,-0.140931128592995,
9.48834315759117));
#3297=CARTESIAN_POINT('Ctrl Pts',(-1.19232527392734,-0.280676154863553,
9.49657896533228));
#3298=CARTESIAN_POINT('Ctrl Pts',(-1.14529267594209,-0.411560731583792,
9.50481477307339));
#3299=CARTESIAN_POINT('Ctrl Pts',(-1.0092035265369,-0.790276164690505,9.52864514005639));
#3300=CARTESIAN_POINT('Ctrl Pts',(-0.66666967297774,-1.09480852502686,9.5524755070394));
#3301=CARTESIAN_POINT('Ctrl Pts',(-0.274621414338599,-1.18561288815146,
9.5763058740224));
#3302=CARTESIAN_POINT('Ctrl Pts',(0.117426844300543,-1.27641725127605,9.6001362410054));
#3303=CARTESIAN_POINT('Ctrl Pts',(0.558989508019677,-1.15349361718889,9.6239666079884));
#3304=CARTESIAN_POINT('Ctrl Pts',(0.847720772870579,-0.87318698047596,9.6477969749714));
#3305=CARTESIAN_POINT('Ctrl Pts',(1.13645203772149,-0.592880343763023,9.6716273419544));
#3306=CARTESIAN_POINT('Ctrl Pts',(1.27235190370416,-0.155190704424326,9.69545770893741));
#3307=CARTESIAN_POINT('Ctrl Pts',(1.19320489846939,0.2393817596343,9.71928807592041));
#3308=CARTESIAN_POINT('Ctrl Pts',(1.11405789323462,0.63395422369292,9.74311844290341));
#3309=CARTESIAN_POINT('Ctrl Pts',(0.819864016782401,0.985409512471461,9.76694880988641));
#3310=CARTESIAN_POINT('Ctrl Pts',(0.445319897876177,1.13263207829772,9.79077917686941));
#3311=CARTESIAN_POINT('Ctrl Pts',(0.0707757789699535,1.27985464412397,9.81460954385241));
#3312=CARTESIAN_POINT('Ctrl Pts',(-0.384118582390282,1.22284448699795,9.83843991083541));
#3313=CARTESIAN_POINT('Ctrl Pts',(-0.710746965364087,0.987881505816402,
9.86227027781841));
#3314=CARTESIAN_POINT('Ctrl Pts',(-1.02068082914916,0.764927872880296,9.8848826351623));
#3315=CARTESIAN_POINT('Ctrl Pts',(-1.21512540667754,0.381747460434352,9.90749499250618));
#3316=CARTESIAN_POINT('Ctrl Pts',(-1.21674024211424,-0.000278746443596781,
9.93010734985006));
#3317=CARTESIAN_POINT('Origin',(0.,0.,3.16812733176438));
#3318=CARTESIAN_POINT('',(-0.957114047261099,-0.000621974913762904,9.69312733176438));
#3319=CARTESIAN_POINT('',(-0.959622499593389,-0.000219842617008859,9.78187266823563));
#3320=CARTESIAN_POINT('',(-0.95825,-8.89041569064446E-14,3.16812733176438));
#3321=CARTESIAN_POINT('',(0.397408188803943,0.871957449633621,10.));
#3322=CARTESIAN_POINT('Ctrl Pts',(-0.957114047261099,-0.000621974913762825,
9.69312733176438));
#3323=CARTESIAN_POINT('Ctrl Pts',(-0.957821968873659,-0.117606070687124,
9.70184757981639));
#3324=CARTESIAN_POINT('Ctrl Pts',(-0.883737803537495,-0.553419031852119,
9.7343981948514));
#3325=CARTESIAN_POINT('Ctrl Pts',(-0.233255958973177,-1.10867260346323,
9.79077917686941));
#3326=CARTESIAN_POINT('Ctrl Pts',(0.805566143883454,-0.796468854785994,
9.86227027781842));
#3327=CARTESIAN_POINT('Ctrl Pts',(1.09833939493255,0.219509272760959,9.93201055219527));
#3328=CARTESIAN_POINT('Ctrl Pts',(0.664898234463437,0.750130352220085,9.97792045958914));
#3329=CARTESIAN_POINT('Ctrl Pts',(0.397738555869516,0.873537835095548,10.));
#3330=CARTESIAN_POINT('',(0.953841396803776,-0.0918131376406527,10.));
#3331=CARTESIAN_POINT('Origin',(0.,0.,10.));
#3332=CARTESIAN_POINT('Ctrl Pts',(-0.959622499593389,-0.000219842617008776,
9.78187266823563));
#3333=CARTESIAN_POINT('Ctrl Pts',(-0.959691101424251,-0.0164491726366204,
9.78309067787475));
#3334=CARTESIAN_POINT('Ctrl Pts',(-0.952027555357964,-0.350151140760407,
9.80813905449687));
#3335=CARTESIAN_POINT('Ctrl Pts',(-0.565052361124613,-0.982732688722973,
9.857017798102));
#3336=CARTESIAN_POINT('Ctrl Pts',(0.521014334309378,-1.00554598717952,9.92850889905098));
#3337=CARTESIAN_POINT('Ctrl Pts',(0.923291980669723,-0.409189261642568,
9.976169633017));
#3338=CARTESIAN_POINT('Ctrl Pts',(0.953841396803776,-0.0918131376406527,
10.));
#3339=CARTESIAN_POINT('Origin',(0.,0.,3.16812733176438));
#3340=CARTESIAN_POINT('',(-0.957308019664552,0.000723333086917091,9.24312733176438));
#3341=CARTESIAN_POINT('',(-0.957262063426392,-0.000702905995413339,9.33187266823563));
#3342=CARTESIAN_POINT('',(-0.95825,-8.89041569064446E-14,3.16812733176438));
#3343=CARTESIAN_POINT('Ctrl Pts',(-0.957308019664552,0.000723333086917058,
9.24312733176438));
#3344=CARTESIAN_POINT('Ctrl Pts',(-0.955828686342689,-0.210309132051858,
9.25886537791838));
#3345=CARTESIAN_POINT('Ctrl Pts',(-0.783011920293057,-0.743086016001478,
9.29843379105538));
#3346=CARTESIAN_POINT('Ctrl Pts',(0.0980269771800983,-1.12859653229747,
9.36183257117538));
#3347=CARTESIAN_POINT('Ctrl Pts',(1.00169911675406,-0.529090488954056,9.43332367212439));
#3348=CARTESIAN_POINT('Ctrl Pts',(0.987429093150981,0.555248462283866,9.50481477307339));
#3349=CARTESIAN_POINT('Ctrl Pts',(0.0683238963064984,1.1307950523835,9.5763058740224));
#3350=CARTESIAN_POINT('Ctrl Pts',(-0.793678386859738,0.72626363100592,9.6390767269194));
#3351=CARTESIAN_POINT('Ctrl Pts',(-0.955887387228516,0.202083680891883,
9.67801721283339));
#3352=CARTESIAN_POINT('Ctrl Pts',(-0.957114047261099,-0.000621974913762825,
9.69312733176438));
#3353=CARTESIAN_POINT('Ctrl Pts',(-0.957262063426392,-0.00070290599541333,
9.33187266823563));
#3354=CARTESIAN_POINT('Ctrl Pts',(-0.958013435678247,-0.111150003271037,
9.34010847597673));
#3355=CARTESIAN_POINT('Ctrl Pts',(-0.889306238638541,-0.540271098417587,
9.37217465070084));
#3356=CARTESIAN_POINT('Ctrl Pts',(-0.255640451817154,-1.10363654600766,
9.42807119240797));
#3357=CARTESIAN_POINT('Ctrl Pts',(0.789118616105957,-0.812793157454491,
9.49956229335696));
#3358=CARTESIAN_POINT('Ctrl Pts',(1.11066441012544,0.22280214352406,9.57105339430597));
#3359=CARTESIAN_POINT('Ctrl Pts',(0.41458717034681,1.0543627125908,9.64254449525497));
#3360=CARTESIAN_POINT('Ctrl Pts',(-0.643378149316966,0.921771996523065,
9.71281758656486));
#3361=CARTESIAN_POINT('Ctrl Pts',(-0.958348906130684,0.301077781037984,
9.75926031089174));
#3362=CARTESIAN_POINT('Ctrl Pts',(-0.959622499593389,-0.000219842617008776,
9.78187266823563));
#3363=CARTESIAN_POINT('Origin',(0.,0.,3.16812733176438));
#3364=CARTESIAN_POINT('',(-0.95973785248945,0.000263225832501264,8.79312733176438));
#3365=CARTESIAN_POINT('',(-0.957164293290012,0.000656227741080359,8.88187266823563));
#3366=CARTESIAN_POINT('',(-0.95825,-8.89041569064446E-14,3.16812733176438));
#3367=CARTESIAN_POINT('Ctrl Pts',(-0.95973785248945,0.000263225832501253,
8.79312733176438));
#3368=CARTESIAN_POINT('Ctrl Pts',(-0.958631177884588,-0.302885078268472,
8.81588317602037));
#3369=CARTESIAN_POINT('Ctrl Pts',(-0.639824082773628,-0.925500210763967,
8.86246938725936));
#3370=CARTESIAN_POINT('Ctrl Pts',(0.420828597402775,-1.05177894223247,8.93288596548135));
#3371=CARTESIAN_POINT('Ctrl Pts',(1.11202975700265,-0.216160878107929,9.00437706643037));
#3372=CARTESIAN_POINT('Ctrl Pts',(0.784194762410044,0.817541288841246,9.07586816737935));
#3373=CARTESIAN_POINT('Ctrl Pts',(-0.26225605485087,1.10206979175343,9.14735926832837));
#3374=CARTESIAN_POINT('Ctrl Pts',(-0.890922154028144,0.536373879898743,
9.20311232312337));
#3375=CARTESIAN_POINT('Ctrl Pts',(-0.958068675703836,0.109233779461788,
9.23503501093538));
#3376=CARTESIAN_POINT('Ctrl Pts',(-0.957308019664552,0.000723333086917058,
9.24312733176438));
#3377=CARTESIAN_POINT('Ctrl Pts',(-0.957164293290012,0.000656227741080342,
8.88187266823563));
#3378=CARTESIAN_POINT('Ctrl Pts',(-0.955876004195705,-0.203957752381009,
8.89712627407873));
#3379=CARTESIAN_POINT('Ctrl Pts',(-0.791257999636759,-0.730127400236822,
8.93621024690482));
#3380=CARTESIAN_POINT('Ctrl Pts',(0.075108007027725,-1.13035168665645,8.99912458671393));
#3381=CARTESIAN_POINT('Ctrl Pts',(0.990754719978914,-0.549309845731213,
9.07061568766293));
#3382=CARTESIAN_POINT('Ctrl Pts',(0.998497090145618,0.535104145745563,9.14210678861194));
#3383=CARTESIAN_POINT('Ctrl Pts',(0.0912453845367276,1.12916508155857,9.21359788956094));
#3384=CARTESIAN_POINT('Ctrl Pts',(-0.785478706711523,0.739249148201995,
9.27685318276885));
#3385=CARTESIAN_POINT('Ctrl Pts',(-0.955839334841341,0.208429440910027,
9.31627810899374));
#3386=CARTESIAN_POINT('Ctrl Pts',(-0.957262063426392,-0.00070290599541333,
9.33187266823563));
#3387=CARTESIAN_POINT('Origin',(0.,0.,3.16812733176438));
#3388=CARTESIAN_POINT('',(-0.958090625054857,-0.000878115637452547,8.34312733176438));
#3389=CARTESIAN_POINT('',(-0.959647564724767,0.000374417658409254,8.43187266823563));
#3390=CARTESIAN_POINT('',(-0.95825,-8.89041569064446E-14,3.16812733176438));
#3391=CARTESIAN_POINT('Ctrl Pts',(-0.958090625054857,-0.000878115637452754,
8.34312733176438));
#3392=CARTESIAN_POINT('Ctrl Pts',(-0.958811564948002,-0.0804071928057424,
8.34907060713936));
#3393=CARTESIAN_POINT('Ctrl Pts',(-0.913359172084442,-0.47800613622258,
8.37884424949733));
#3394=CARTESIAN_POINT('Ctrl Pts',(-0.360267682234177,-1.07403109565576,
8.43244825883831));
#3395=CARTESIAN_POINT('Ctrl Pts',(0.707524782483556,-0.884728365712055,
8.50393935978733));
#3396=CARTESIAN_POINT('Ctrl Pts',(1.12695943936621,0.115317057735095,8.57543046073632));
#3397=CARTESIAN_POINT('Ctrl Pts',(0.513676973535981,1.00968884160094,8.64692156168534));
#3398=CARTESIAN_POINT('Ctrl Pts',(-0.570326066017918,0.978807326481834,
8.71841266263433));
#3399=CARTESIAN_POINT('Ctrl Pts',(-0.953010676547736,0.346304602146034,
8.76714791932735));
#3400=CARTESIAN_POINT('Ctrl Pts',(-0.95979010926362,0.0145777789972986,
8.79205280903737));
#3401=CARTESIAN_POINT('Ctrl Pts',(-0.95973785248945,0.000263225832501253,
8.79312733176438));
#3402=CARTESIAN_POINT('Ctrl Pts',(-0.959647564724768,0.000374417658409254,
8.43187266823563));
#3403=CARTESIAN_POINT('Ctrl Pts',(-0.958170739069318,-0.296394662164781,
8.45414407218072));
#3404=CARTESIAN_POINT('Ctrl Pts',(-0.65119375442734,-0.913343808596715,
8.5002458431088));
#3405=CARTESIAN_POINT('Ctrl Pts',(0.399400566977646,-1.06010135160857,8.5701779810199));
#3406=CARTESIAN_POINT('Ctrl Pts',(1.10741472006278,-0.238680414458527,8.6416690819689));
#3407=CARTESIAN_POINT('Ctrl Pts',(0.800622003878156,0.801461184492182,8.71316018291792));
#3408=CARTESIAN_POINT('Ctrl Pts',(-0.23984038958048,1.10716409073052,8.78465128386691));
#3409=CARTESIAN_POINT('Ctrl Pts',(-0.885416174464908,0.549537780245966,
8.84088877897283));
#3410=CARTESIAN_POINT('Ctrl Pts',(-0.95788866941161,0.115706088832529,8.87329590709573));
#3411=CARTESIAN_POINT('Ctrl Pts',(-0.957164293290012,0.000656227741080342,
8.88187266823563));
#3412=CARTESIAN_POINT('Origin',(0.,0.,3.16812733176438));
#3413=CARTESIAN_POINT('',(-0.956723542930527,0.000228636409516736,7.89312733176438));
#3414=CARTESIAN_POINT('',(-0.958286473515542,-0.000876723160787851,7.98187266823563));
#3415=CARTESIAN_POINT('',(-0.95825,-8.89041569064446E-14,3.16812733176438));
#3416=CARTESIAN_POINT('Ctrl Pts',(-0.956723542930527,0.000228636409516873,
7.89312733176438));
#3417=CARTESIAN_POINT('Ctrl Pts',(-0.956352446133538,-0.173833563482247,
7.90608840524134));
#3418=CARTESIAN_POINT('Ctrl Pts',(-0.827592775728202,-0.668439756359402,
7.9428798457013));
#3419=CARTESIAN_POINT('Ctrl Pts',(-0.0336179568632711,-1.13234510261919,
8.0035016531443));
#3420=CARTESIAN_POINT('Ctrl Pts',(0.933520617637749,-0.641774769611584,
8.07499275409327));
#3421=CARTESIAN_POINT('Ctrl Pts',(1.04520451630466,0.436901725393959,8.1464838550423));
#3422=CARTESIAN_POINT('Ctrl Pts',(0.19908943985962,1.11521253277048,8.2179749559913));
#3423=CARTESIAN_POINT('Ctrl Pts',(-0.743959167540591,0.800138786546087,
8.28352278156532));
#3424=CARTESIAN_POINT('Ctrl Pts',(-0.955920858873929,0.238475405621292,
8.32524024015635));
#3425=CARTESIAN_POINT('Ctrl Pts',(-0.958090625054857,-0.000878115637452754,
8.34312733176438));
#3426=CARTESIAN_POINT('Ctrl Pts',(-0.958286473515542,-0.000876723160787782,
7.98187266823563));
#3427=CARTESIAN_POINT('Ctrl Pts',(-0.958959828341175,-0.0738852202872493,
7.98733150329971));
#3428=CARTESIAN_POINT('Ctrl Pts',(-0.91798210777294,-0.464861779882613,
8.01662070534679));
#3429=CARTESIAN_POINT('Ctrl Pts',(-0.381986468976875,-1.06649989239077,
8.06974027437685));
#3430=CARTESIAN_POINT('Ctrl Pts',(0.689427298526092,-0.898902488132369,
8.14123137532588));
#3431=CARTESIAN_POINT('Ctrl Pts',(1.12906733261792,0.0924264143188282,8.21272247627487));
#3432=CARTESIAN_POINT('Ctrl Pts',(0.534058627772156,0.99905808842215,8.28421357722388));
#3433=CARTESIAN_POINT('Ctrl Pts',(-0.550347890356771,0.990178207769594,
8.35570467817288));
#3434=CARTESIAN_POINT('Ctrl Pts',(-0.949718470542407,0.359361915894829,
8.4049243751768));
#3435=CARTESIAN_POINT('Ctrl Pts',(-0.959750940183987,0.0211477836922971,
8.43031370519772));
#3436=CARTESIAN_POINT('Ctrl Pts',(-0.959647564724768,0.000374417658409254,
8.43187266823563));
#3437=CARTESIAN_POINT('Origin',(0.,0.,3.16812733176438));
#3438=CARTESIAN_POINT('',(-0.958930549633898,0.000770512706308534,7.44312733176438));
#3439=CARTESIAN_POINT('',(-0.956687926555066,0.000123717970340262,7.53187266823563));
#3440=CARTESIAN_POINT('',(-0.95825,-8.89041569064446E-14,3.16812733176438));
#3441=CARTESIAN_POINT('Ctrl Pts',(-0.958930549633898,0.000770512706308596,
7.44312733176438));
#3442=CARTESIAN_POINT('Ctrl Pts',(-0.956595892492249,-0.265972356408249,
7.46310620334334));
#3443=CARTESIAN_POINT('Ctrl Pts',(-0.701945726767511,-0.854789219986789,
7.50691544190529));
#3444=CARTESIAN_POINT('Ctrl Pts',(0.295915937349853,-1.09351239430199,7.57455504745026));
#3445=CARTESIAN_POINT('Ctrl Pts',(1.07942738647333,-0.343761713692719,7.64604614839926));
#3446=CARTESIAN_POINT('Ctrl Pts',(0.873778888200518,0.721003504157278,7.71753724934826));
#3447=CARTESIAN_POINT('Ctrl Pts',(-0.132578476571766,1.12505935221983,7.78902835029727));
#3448=CARTESIAN_POINT('Ctrl Pts',(-0.857021366327939,0.611797576759403,
7.84755837776931));
#3449=CARTESIAN_POINT('Ctrl Pts',(-0.95703474863527,0.146199040966827,7.88225803825834));
#3450=CARTESIAN_POINT('Ctrl Pts',(-0.956723542930527,0.000228636409516873,
7.89312733176438));
#3451=CARTESIAN_POINT('Ctrl Pts',(-0.956687926555066,0.000123717970340331,
7.53187266823563));
#3452=CARTESIAN_POINT('Ctrl Pts',(-0.956495029123391,-0.167448217810766,
7.5443493014017));
#3453=CARTESIAN_POINT('Ctrl Pts',(-0.83471731816987,-0.655344777165359,
7.58065630155076));
#3454=CARTESIAN_POINT('Ctrl Pts',(-0.0565872206201045,-1.13142987832584,
7.64079366868283));
#3455=CARTESIAN_POINT('Ctrl Pts',(0.920306334614933,-0.660584539309204,
7.71228476963184));
#3456=CARTESIAN_POINT('Ctrl Pts',(1.05385444861376,0.415603758715809,7.78377587058084));
#3457=CARTESIAN_POINT('Ctrl Pts',(0.221677008456619,1.11094328703568,7.85526697152985));
#3458=CARTESIAN_POINT('Ctrl Pts',(-0.734586119229452,0.812882909170673,
7.92129923741477));
#3459=CARTESIAN_POINT('Ctrl Pts',(-0.956020319743414,0.244831000111179,
7.9635011363167));
#3460=CARTESIAN_POINT('Ctrl Pts',(-0.958286473515542,-0.000876723160787782,
7.98187266823563));
#3461=CARTESIAN_POINT('Origin',(0.,0.,3.16812733176438));
#3462=CARTESIAN_POINT('',(-0.959182445016742,-0.000679331807346927,6.99312733176438));
#3463=CARTESIAN_POINT('',(-0.958741263730945,0.000818824146956824,7.08187266823563));
#3464=CARTESIAN_POINT('',(-0.95825,-8.89041569064446E-14,3.16812733176438));
#3465=CARTESIAN_POINT('Ctrl Pts',(-0.959182445016742,-0.000679331807346955,
6.99312733176438));
#3466=CARTESIAN_POINT('Ctrl Pts',(-0.959521846705723,-0.0429245399014162,
6.99629363446232));
#3467=CARTESIAN_POINT('Ctrl Pts',(-0.937788200467772,-0.402766028229209,
7.02329030414327));
#3468=CARTESIAN_POINT('Ctrl Pts',(-0.482484515735782,-1.02496062877812,
7.07411734080722));
#3469=CARTESIAN_POINT('Ctrl Pts',(0.600062464127536,-0.960864526150904,
7.14560844175622));
#3470=CARTESIAN_POINT('Ctrl Pts',(1.13272738347469,-0.0162564816795267,
7.21709954270523));
#3471=CARTESIAN_POINT('Ctrl Pts',(0.627389586665038,0.943248591313197,7.28859064365423));
#3472=CARTESIAN_POINT('Ctrl Pts',(-0.452872154376611,1.03838451946293,7.36008174460324));
#3473=CARTESIAN_POINT('Ctrl Pts',(-0.932219721103029,0.421304049485486,
7.41159397397329));
#3474=CARTESIAN_POINT('Ctrl Pts',(-0.959380621161489,0.0521927829980262,
7.43927583636034));
#3475=CARTESIAN_POINT('Ctrl Pts',(-0.958930549633898,0.000770512706308596,
7.44312733176438));
#3476=CARTESIAN_POINT('Ctrl Pts',(-0.958741263730945,0.000818824146956859,
7.08187266823563));
#3477=CARTESIAN_POINT('Ctrl Pts',(-0.956380387183345,-0.259589210827808,
7.10136709950368));
#3478=CARTESIAN_POINT('Ctrl Pts',(-0.712034985437406,-0.842224643141011,
7.14469189775474));
#3479=CARTESIAN_POINT('Ctrl Pts',(0.27366678680392,-1.09929166871624,7.2118470629888));
#3480=CARTESIAN_POINT('Ctrl Pts',(1.07222999128282,-0.365593392858946,7.28333816393781));
#3481=CARTESIAN_POINT('Ctrl Pts',(0.888228759222657,0.703125418683335,7.35482926488682));
#3482=CARTESIAN_POINT('Ctrl Pts',(-0.109722835557514,1.12751788565213,7.4263203658358));
#3483=CARTESIAN_POINT('Ctrl Pts',(-0.850512111989677,0.624935669548178,
7.48533483361876));
#3484=CARTESIAN_POINT('Ctrl Pts',(-0.956863463181338,0.152614147778111,
7.5205189344187));
#3485=CARTESIAN_POINT('Ctrl Pts',(-0.956687926555066,0.000123717970340331,
7.53187266823563));
#3486=CARTESIAN_POINT('Origin',(0.,0.,3.16812733176438));
#3487=CARTESIAN_POINT('',(-0.956809739639644,-0.000371065113008601,6.54312733176438));
#3488=CARTESIAN_POINT('',(-0.959344599099604,-0.000599787166696841,6.63187266823563));
#3489=CARTESIAN_POINT('',(-0.95825,-8.89041569064446E-14,3.16812733176438));
#3490=CARTESIAN_POINT('Ctrl Pts',(-0.956809739639644,-0.000371065113008648,
6.54312733176438));
#3491=CARTESIAN_POINT('Ctrl Pts',(-0.957285396464722,-0.13710883473691,
6.55331143256431));
#3492=CARTESIAN_POINT('Ctrl Pts',(-0.865920462366346,-0.593200865667804,
6.58732590034725));
#3493=CARTESIAN_POINT('Ctrl Pts',(-0.164810089580225,-1.12079134224122,
6.64517073511319));
#3494=CARTESIAN_POINT('Ctrl Pts',(0.852728133193449,-0.745781690128119,
6.7166618360622));
#3495=CARTESIAN_POINT('Ctrl Pts',(1.08884786877297,0.312643434504139,6.78815293701119));
#3496=CARTESIAN_POINT('Ctrl Pts',(0.327174965314432,1.08457002565144,6.85964403796021));
#3497=CARTESIAN_POINT('Ctrl Pts',(-0.687300072381044,0.872453952202137,
6.92796883621126));
#3498=CARTESIAN_POINT('Ctrl Pts',(-0.956967426748239,0.275023208053473,
6.97246326747932));
#3499=CARTESIAN_POINT('Ctrl Pts',(-0.959182445016742,-0.000679331807346955,
6.99312733176438));
#3500=CARTESIAN_POINT('Ctrl Pts',(-0.959344599099604,-0.000599787166696811,
6.63187266823563));
#3501=CARTESIAN_POINT('Ctrl Pts',(-0.959606461254089,-0.0363657077844524,
6.63455453062267));
#3502=CARTESIAN_POINT('Ctrl Pts',(-0.941549256499927,-0.389671716004534,
6.66106675999272));
#3503=CARTESIAN_POINT('Ctrl Pts',(-0.503182465421527,-1.01495964924764,
6.71140935634577));
#3504=CARTESIAN_POINT('Ctrl Pts',(0.580442236988633,-0.972842480892028,
6.78290045729477));
#3505=CARTESIAN_POINT('Ctrl Pts',(1.13216435863998,-0.0392370760103594,
6.85439155824378));
#3506=CARTESIAN_POINT('Ctrl Pts',(0.646399705848499,0.930324192627242,6.92588265919278));
#3507=CARTESIAN_POINT('Ctrl Pts',(-0.431709283437723,1.04735990838977,6.99737376014179));
#3508=CARTESIAN_POINT('Ctrl Pts',(-0.92810402124461,0.434422214830742,7.04937042982273));
#3509=CARTESIAN_POINT('Ctrl Pts',(-0.959266367992801,0.0587385697286533,
7.07753673252068));
#3510=CARTESIAN_POINT('Ctrl Pts',(-0.958741263730945,0.000818824146956859,
7.08187266823563));
#3511=CARTESIAN_POINT('Origin',(0.,0.,3.16812733176438));
#3512=CARTESIAN_POINT('',(-0.957821630732434,0.000856330844091268,6.09312733176438));
#3513=CARTESIAN_POINT('',(-0.956895078183011,-0.000465526615022749,6.18187266823562));
#3514=CARTESIAN_POINT('',(-0.95825,-8.89041569064446E-14,3.16812733176438));
#3515=CARTESIAN_POINT('Ctrl Pts',(-0.957821630732434,0.000856330844091219,
6.09312733176438));
#3516=CARTESIAN_POINT('Ctrl Pts',(-0.955832850309253,-0.229492831798999,
6.1103292306663));
#3517=CARTESIAN_POINT('Ctrl Pts',(-0.756855207228028,-0.782034703732424,
6.15136149655123));
#3518=CARTESIAN_POINT('Ctrl Pts',(0.167003805843573,-1.12046656680019,6.21622412941916));
#3519=CARTESIAN_POINT('Ctrl Pts',(1.03223612565747,-0.466716379995223,6.28771523036816));
#3520=CARTESIAN_POINT('Ctrl Pts',(0.951553375542446,0.614720889478455,6.35920633131717));
#3521=CARTESIAN_POINT('Ctrl Pts',(-0.00110881357071878,1.13284348830916,
6.43069743226617));
#3522=CARTESIAN_POINT('Ctrl Pts',(-0.817190351626029,0.686930461395672,
6.49200443241525));
#3523=CARTESIAN_POINT('Ctrl Pts',(-0.956172379525647,0.18285178766736,6.52948106558131));
#3524=CARTESIAN_POINT('Ctrl Pts',(-0.956809739639644,-0.000371065113008648,
6.54312733176438));
#3525=CARTESIAN_POINT('Ctrl Pts',(-0.956895078183011,-0.000465526615022705,
6.18187266823563));
#3526=CARTESIAN_POINT('Ctrl Pts',(-0.957466381231778,-0.130669895656767,
6.19157232872466));
#3527=CARTESIAN_POINT('Ctrl Pts',(-0.871997920812169,-0.580045250470411,
6.2251023561967));
#3528=CARTESIAN_POINT('Ctrl Pts',(-0.187517912901122,-1.11721650339213,
6.28246275065174));
#3529=CARTESIAN_POINT('Ctrl Pts',(0.837420097757795,-0.762930706538581,
6.35395385160074));
#3530=CARTESIAN_POINT('Ctrl Pts',(1.09496751760123,0.290485487600394,6.42544495254974));
#3531=CARTESIAN_POINT('Ctrl Pts',(0.349114407048071,1.07770813020052,6.49693605349876));
#3532=CARTESIAN_POINT('Ctrl Pts',(-0.676677732230466,0.884862528228596,
6.56574529206071));
#3533=CARTESIAN_POINT('Ctrl Pts',(-0.957279618806663,0.281441431732989,
6.61072416363967));
#3534=CARTESIAN_POINT('Ctrl Pts',(-0.959344599099604,-0.000599787166696811,
6.63187266823563));
#3535=CARTESIAN_POINT('Origin',(0.,0.,3.16812733176438));
#3536=CARTESIAN_POINT('',(-0.959813616269383,-9.69212132965095E-5,5.64312733176438));
#3537=CARTESIAN_POINT('',(-0.957640624419959,0.000824776402848365,5.73187266823563));
#3538=CARTESIAN_POINT('',(-0.95825,-8.89041569064446E-14,3.16812733176438));
#3539=CARTESIAN_POINT('Ctrl Pts',(-0.959813616269383,-9.69212132965656E-5,
5.64312733176437));
#3540=CARTESIAN_POINT('Ctrl Pts',(-0.959821072151654,-0.00528239211359541,
5.64351666178529));
#3541=CARTESIAN_POINT('Ctrl Pts',(-0.957433256354551,-0.327856508569389,
5.6677363587892));
#3542=CARTESIAN_POINT('Ctrl Pts',(-0.598180350818137,-0.962037351246293,
5.71578642277612));
#3543=CARTESIAN_POINT('Ctrl Pts',(0.484490027551552,-1.02401416602266,5.78727752372513));
#3544=CARTESIAN_POINT('Ctrl Pts',(1.12318600247258,-0.147610305651824,5.85876862467413));
#3545=CARTESIAN_POINT('Ctrl Pts',(0.732622741296367,0.864059903737788,5.93025972562314));
#3546=CARTESIAN_POINT('Ctrl Pts',(-0.329297464562856,1.08392747838052,6.00175082657214));
#3547=CARTESIAN_POINT('Ctrl Pts',(-0.906551105523711,0.496607592251483,
6.05604002861922));
#3548=CARTESIAN_POINT('Ctrl Pts',(-0.958587974473348,0.0896175821912791,
6.0864988636833));
#3549=CARTESIAN_POINT('Ctrl Pts',(-0.957821630732434,0.000856330844091219,
6.09312733176438));
#3550=CARTESIAN_POINT('Ctrl Pts',(-0.957640624419959,0.000824776402848356,
5.73187266823563));
#3551=CARTESIAN_POINT('Ctrl Pts',(-0.955805323829249,-0.223144532980575,
5.74859012682665));
#3552=CARTESIAN_POINT('Ctrl Pts',(-0.765720189868892,-0.76918366672889,
5.78913795240068));
#3553=CARTESIAN_POINT('Ctrl Pts',(0.14423426976022,-1.12362456301953,5.8535161449577));
#3554=CARTESIAN_POINT('Ctrl Pts',(1.02255359653011,-0.487565201103051,5.92500724590672));
#3555=CARTESIAN_POINT('Ctrl Pts',(0.963830678070753,0.595286575606723,5.9964983468557));
#3556=CARTESIAN_POINT('Ctrl Pts',(0.0218777112053836,1.13263279524926,6.06798944780473));
#3557=CARTESIAN_POINT('Ctrl Pts',(-0.809602513111662,0.699978524835377,
6.12978088826469));
#3558=CARTESIAN_POINT('Ctrl Pts',(-0.95606278970133,0.189219434548402,6.16774196174166));
#3559=CARTESIAN_POINT('Ctrl Pts',(-0.956895078183011,-0.000465526615022705,
6.18187266823563));
#3560=CARTESIAN_POINT('Origin',(0.,0.,3.16812733176438));
#3561=CARTESIAN_POINT('',(-0.95753550014452,-0.000799391723983566,5.19312733176438));
#3562=CARTESIAN_POINT('',(-0.959825054632434,2.37314021721779E-5,5.28187266823563));
#3563=CARTESIAN_POINT('',(-0.95825,-8.89041569064446E-14,3.16812733176438));
#3564=CARTESIAN_POINT('Ctrl Pts',(-0.95753550014452,-0.000799391723983588,
5.19312733176438));
#3565=CARTESIAN_POINT('Ctrl Pts',(-0.958317491148535,-0.100062668060913,
5.20053445988728));
#3566=CARTESIAN_POINT('Ctrl Pts',(-0.898423992740172,-0.517757375136886,
5.23177195499319));
#3567=CARTESIAN_POINT('Ctrl Pts',(-0.293774734289226,-1.09408955029665,
5.28683981708209));
#3568=CARTESIAN_POINT('Ctrl Pts',(0.760410637261865,-0.839709045211747,
5.35833091803109));
#3569=CARTESIAN_POINT('Ctrl Pts',(1.11777494770906,0.184159632460536,5.4298220189801));
#3570=CARTESIAN_POINT('Ctrl Pts',(0.450838571395795,1.03926905685502,5.5013131199291));
#3571=CARTESIAN_POINT('Ctrl Pts',(-0.623352942104532,0.942548235968887,
5.5724148908572));
#3572=CARTESIAN_POINT('Ctrl Pts',(-0.959364707624966,0.312113307925282,
5.61968629480229));
#3573=CARTESIAN_POINT('Ctrl Pts',(-0.959813616269383,-9.69212132965656E-5,
5.64312733176437));
#3574=CARTESIAN_POINT('Ctrl Pts',(-0.959825054632434,2.37314021721505E-5,
5.28187266823563));
#3575=CARTESIAN_POINT('Ctrl Pts',(-0.959710149059668,-0.316095079912122,
5.30560792492864));
#3576=CARTESIAN_POINT('Ctrl Pts',(-0.61613932747108,-0.949813422361731,
5.35317354860465));
#3577=CARTESIAN_POINT('Ctrl Pts',(0.463612233484078,-1.03363406647326,5.42456953926368));
#3578=CARTESIAN_POINT('Ctrl Pts',(1.11995966832824,-0.170370258202752,5.49606064021268));
#3579=CARTESIAN_POINT('Ctrl Pts',(0.750004396907725,0.849016540803935,5.56755174116169));
#3580=CARTESIAN_POINT('Ctrl Pts',(-0.307235928036788,1.09038606381967,5.63904284211069));
#3581=CARTESIAN_POINT('Ctrl Pts',(-0.901544235454813,0.509764760870846,
5.69381648446867));
#3582=CARTESIAN_POINT('Ctrl Pts',(-0.958421504175238,0.0961187573380772,
5.72475975984365));
#3583=CARTESIAN_POINT('Ctrl Pts',(-0.957640624419959,0.000824776402848356,
5.73187266823563));
#3584=CARTESIAN_POINT('Origin',(0.,0.,3.16812733176438));
#3585=CARTESIAN_POINT('',(-0.956956056531355,0.000520842842763139,4.74312733176438));
#3586=CARTESIAN_POINT('',(-0.957710605247529,-0.000838689940496976,4.83187266823562));
#3587=CARTESIAN_POINT('',(-0.95825,-8.89041569064446E-14,3.16812733176438));
#3588=CARTESIAN_POINT('Ctrl Pts',(-0.956956056531355,0.000520842842763091,
4.74312733176438));
#3589=CARTESIAN_POINT('Ctrl Pts',(-0.956004100983499,-0.193083089717655,
4.75755225798927));
#3590=CARTESIAN_POINT('Ctrl Pts',(-0.804899022946267,-0.707893591523464,
4.79580755119716));
#3591=CARTESIAN_POINT('Ctrl Pts',(0.0358347599318297,-1.1322758792912,4.85789321138807));
#3592=CARTESIAN_POINT('Ctrl Pts',(0.97109360894427,-0.583363815398442,4.92938431233706));
#3593=CARTESIAN_POINT('Ctrl Pts',(1.0164672458434,0.500130385328577,5.00087541328607));
#3594=CARTESIAN_POINT('Ctrl Pts',(0.130375803936103,1.12531654839852,5.07236651423508));
#3595=CARTESIAN_POINT('Ctrl Pts',(-0.771002997782741,0.761359593624686,
5.13645048706118));
#3596=CARTESIAN_POINT('Ctrl Pts',(-0.955801653391461,0.219289213504379,
5.17670409290428));
#3597=CARTESIAN_POINT('Ctrl Pts',(-0.95753550014452,-0.000799391723983588,
5.19312733176438));
#3598=CARTESIAN_POINT('Ctrl Pts',(-0.957710605247529,-0.000838689940496915,
4.83187266823563));
#3599=CARTESIAN_POINT('Ctrl Pts',(-0.958487634438814,-0.0935671128533193,
4.83879535604763));
#3600=CARTESIAN_POINT('Ctrl Pts',(-0.90352961298808,-0.504598204541799,
4.86954841084264));
#3601=CARTESIAN_POINT('Ctrl Pts',(-0.31591415404834,-1.08790326639131,4.92413183262064));
#3602=CARTESIAN_POINT('Ctrl Pts',(0.743215714788801,-0.854965608282047,
4.99562293356964));
#3603=CARTESIAN_POINT('Ctrl Pts',(1.12128161879614,0.161441220347115,5.06711403451865));
#3604=CARTESIAN_POINT('Ctrl Pts',(0.471833356567395,1.02990723221649,5.13860513546765));
#3605=CARTESIAN_POINT('Ctrl Pts',(-0.609991025090021,0.954592400853596,
5.21009623641666));
#3606=CARTESIAN_POINT('Ctrl Pts',(-0.959249309675549,0.319942300150242,
5.25785208067265));
#3607=CARTESIAN_POINT('Ctrl Pts',(-0.959825515074151,0.00129046098522535,
5.28177755794564));
#3608=CARTESIAN_POINT('Ctrl Pts',(-0.959825054632434,2.37314021721505E-5,
5.28187266823563));
#3609=CARTESIAN_POINT('Origin',(0.,0.,3.16812733176438));
#3610=CARTESIAN_POINT('',(-0.959423164117695,0.000612264244552588,4.29312733176438));
#3611=CARTESIAN_POINT('',(-0.956856637264177,0.000436507608001305,4.38187266823563));
#3612=CARTESIAN_POINT('',(-0.95825,-8.89041569064446E-14,3.16812733176438));
#3613=CARTESIAN_POINT('Ctrl Pts',(-0.959423164117695,0.000612264244552571,
4.29312733176438));
#3614=CARTESIAN_POINT('Ctrl Pts',(-0.957475195065818,-0.28526384337945,
4.31457005609126));
#3615=CARTESIAN_POINT('Ctrl Pts',(-0.670136071755346,-0.892471154623298,
4.35984314740114));
#3616=CARTESIAN_POINT('Ctrl Pts',(0.362379866231814,-1.07326457983802,4.42894660569403));
#3617=CARTESIAN_POINT('Ctrl Pts',(1.09845879914117,-0.277000210488548,4.50043770664303));
#3618=CARTESIAN_POINT('Ctrl Pts',(0.827957029910752,0.773209390736352,4.57192880759203));
#3619=CARTESIAN_POINT('Ctrl Pts',(-0.201273674022102,1.11481208148065,4.64341990854104));
#3620=CARTESIAN_POINT('Ctrl Pts',(-0.875603090112245,0.572054984022743,
4.70048608326516));
#3621=CARTESIAN_POINT('Ctrl Pts',(-0.957576757210867,0.126755825943869,
4.73372189100627));
#3622=CARTESIAN_POINT('Ctrl Pts',(-0.956956056531355,0.000520842842763091,
4.74312733176438));
#3623=CARTESIAN_POINT('Ctrl Pts',(-0.956856637264177,0.000436507608001305,
4.38187266823563));
#3624=CARTESIAN_POINT('Ctrl Pts',(-0.956102502751671,-0.186715821730602,
4.39581315414962));
#3625=CARTESIAN_POINT('Ctrl Pts',(-0.812609556023912,-0.694870076343923,
4.43358400704662));
#3626=CARTESIAN_POINT('Ctrl Pts',(0.0128552725418021,-1.13276295791054,
4.4951852269266));
#3627=CARTESIAN_POINT('Ctrl Pts',(0.959055394883388,-0.602951651557449,
4.56667632787562));
#3628=CARTESIAN_POINT('Ctrl Pts',(1.02640678965148,0.479404426103654,4.63816742882461));
#3629=CARTESIAN_POINT('Ctrl Pts',(0.153182148810472,1.12243846829533,4.70965852977363));
#3630=CARTESIAN_POINT('Ctrl Pts',(-0.762263913087484,0.774235024255271,
4.77422694291062));
#3631=CARTESIAN_POINT('Ctrl Pts',(-0.955812822098913,0.225637278241155,
4.81496498906463));
#3632=CARTESIAN_POINT('Ctrl Pts',(-0.957710605247529,-0.000838689940496915,
4.83187266823563));
#3633=CARTESIAN_POINT('Origin',(-0.650000000000001,-2.15166604983954,0.1));
#3634=CARTESIAN_POINT('',(0.999598283006907,-2.15166604983954,-6.93889390390723E-17));
#3635=CARTESIAN_POINT('',(0.926393202250019,-2.25166604983954,0.1));
#3636=CARTESIAN_POINT('Origin',(1.09959828300691,-2.15166604983954,0.1));
#3637=CARTESIAN_POINT('',(-0.926393202250021,-2.25166604983954,0.1));
#3638=CARTESIAN_POINT('',(-0.650000000000001,-2.25166604983954,0.1));
#3639=CARTESIAN_POINT('',(-0.99959828300691,-2.15166604983954,6.93889390390723E-17));
#3640=CARTESIAN_POINT('Origin',(-1.09959828300691,-2.15166604983954,0.1));
#3641=CARTESIAN_POINT('',(-0.650000000000001,-2.15166604983954,0.));
#3642=CARTESIAN_POINT('Origin',(0.,-2.77555756156289E-16,0.));
#3643=CARTESIAN_POINT('',(-1.3635983181181,-1.94151053158306,6.93889390390723E-17));
#3644=CARTESIAN_POINT('',(-1.18159830056251,-2.0465882907113,6.93889390390723E-17));
#3645=CARTESIAN_POINT('',(-2.36319660112501,-0.210155518256481,0.));
#3646=CARTESIAN_POINT('',(-2.18839745962156,-0.512916512459884,0.));
#3647=CARTESIAN_POINT('',(-2.36319660112501,0.210155518256482,0.));
#3648=CARTESIAN_POINT('',(-2.36319660112501,1.11672342627155E-15,0.));
#3649=CARTESIAN_POINT('',(-1.3635983181181,1.94151053158306,-6.93889390390723E-17));
#3650=CARTESIAN_POINT('',(-1.53839745962156,1.63874953737966,0.));
#3651=CARTESIAN_POINT('',(-0.999598283006907,2.15166604983954,-6.93889390390723E-17));
#3652=CARTESIAN_POINT('',(-1.1815983005625,2.0465882907113,-6.93889390390723E-17));
#3653=CARTESIAN_POINT('',(0.999598283006909,2.15166604983954,1.38777878078145E-16));
#3654=CARTESIAN_POINT('',(0.65,2.15166604983954,0.));
#3655=CARTESIAN_POINT('',(1.3635983181181,1.94151053158306,1.38777878078145E-16));
#3656=CARTESIAN_POINT('',(1.18159830056251,2.0465882907113,1.38777878078145E-16));
#3657=CARTESIAN_POINT('',(2.36319660112501,0.210155518256481,0.));
#3658=CARTESIAN_POINT('',(2.18839745962156,0.512916512459885,0.));
#3659=CARTESIAN_POINT('',(2.36319660112501,-0.210155518256481,0.));
#3660=CARTESIAN_POINT('',(2.36319660112501,-1.6836872977602E-15,0.));
#3661=CARTESIAN_POINT('',(1.3635983181181,-1.94151053158306,-6.93889390390723E-17));
#3662=CARTESIAN_POINT('',(1.53839745962156,-1.63874953737966,0.));
#3663=CARTESIAN_POINT('',(1.1815983005625,-2.0465882907113,-6.93889390390723E-17));
#3664=CARTESIAN_POINT('Ctrl Pts',(-0.335179827523349,1.24569437793602,0.));
#3665=CARTESIAN_POINT('Ctrl Pts',(-0.384285933376139,1.22728283548014,1.16449525460101E-18));
#3666=CARTESIAN_POINT('Ctrl Pts',(-0.431987934476655,1.20570137085426,3.52923423745388E-16));
#3667=CARTESIAN_POINT('Ctrl Pts',(-0.478108424624119,1.1812206313183,3.24393290007663E-16));
#3668=CARTESIAN_POINT('Ctrl Pts',(-0.524762366930998,1.15645673556852,2.95533162781097E-16));
#3669=CARTESIAN_POINT('Ctrl Pts',(-0.569798783910151,1.12872516605699,1.5542517146961E-16));
#3670=CARTESIAN_POINT('Ctrl Pts',(-0.613000811862168,1.09826332335687,2.25514051876985E-16));
#3671=CARTESIAN_POINT('Ctrl Pts',(-0.644250559339391,1.07622905929114,2.76212130590428E-16));
#3672=CARTESIAN_POINT('Ctrl Pts',(-0.67453985600189,1.05276532184947,1.11358889059943E-17));
#3673=CARTESIAN_POINT('Ctrl Pts',(-0.703772492119797,1.02795250138813,-2.08166817117217E-17));
#3674=CARTESIAN_POINT('Ctrl Pts',(-0.716309881446581,1.01731069716752,-3.45206055114809E-17));
#3675=CARTESIAN_POINT('Ctrl Pts',(-0.728652743685826,1.00642066387338,6.53757626230991E-17));
#3676=CARTESIAN_POINT('Ctrl Pts',(-0.740792707249369,0.995288453079297,
5.89805981832114E-17));
#3677=CARTESIAN_POINT('Ctrl Pts',(-0.748258905707394,0.988442032607755,
5.5047508381913E-17));
#3678=CARTESIAN_POINT('Ctrl Pts',(-0.755649090785246,0.981503146588327,
-4.5102810375397E-17));
#3679=CARTESIAN_POINT('Ctrl Pts',(-0.762949037860233,0.97448534320536,-4.5102810375397E-17));
#3680=CARTESIAN_POINT('Ctrl Pts',(-0.800107515086524,0.938763044878278,
-4.5102810375397E-17));
#3681=CARTESIAN_POINT('Ctrl Pts',(-0.835008181538604,0.900929392383492,
4.49633648689373E-16));
#3682=CARTESIAN_POINT('Ctrl Pts',(-0.867453984934126,0.861212256614209,
3.7470027081099E-16));
#3683=CARTESIAN_POINT('Ctrl Pts',(-0.899158574117954,0.822402446366232,
3.01478722469905E-16));
#3684=CARTESIAN_POINT('Ctrl Pts',(-0.928519604132675,0.781793237916538,
6.0637429405099E-17));
#3685=CARTESIAN_POINT('Ctrl Pts',(-0.955309368568851,0.739576439825488,
4.16333634234434E-17));
#3686=CARTESIAN_POINT('Ctrl Pts',(-0.973956190998453,0.710191741821681,
2.84057202821751E-17));
#3687=CARTESIAN_POINT('Ctrl Pts',(-0.991356399797191,0.680027773478413,
1.1225342343998E-16));
#3688=CARTESIAN_POINT('Ctrl Pts',(-1.00741857884076,0.64914672008245,1.04083408558608E-16));
#3689=CARTESIAN_POINT('Ctrl Pts',(-1.01312888704361,0.638168114250623,1.01178864731277E-16));
#3690=CARTESIAN_POINT('Ctrl Pts',(-1.01866996388944,0.62709887017587,-2.10699915707305E-17));
#3691=CARTESIAN_POINT('Ctrl Pts',(-1.02403729680712,0.615941778738424,-1.38777878078145E-17));
#3692=CARTESIAN_POINT('Ctrl Pts',(-1.02796620821857,0.607774738508286,-8.61306287440214E-18));
#3693=CARTESIAN_POINT('Ctrl Pts',(-1.03180134952134,0.599561800472635,-1.17805698049797E-16));
#3694=CARTESIAN_POINT('Ctrl Pts',(-1.03553623817702,0.591315209120871,-1.11022302462516E-16));
#3695=CARTESIAN_POINT('Ctrl Pts',(-1.05548609545302,0.547266152870894,-7.47888866129376E-17));
#3696=CARTESIAN_POINT('Ctrl Pts',(-1.07262089084844,0.502172995038092,4.97278306167539E-16));
#3697=CARTESIAN_POINT('Ctrl Pts',(-1.08674038960771,0.4562164489497,3.88578058618805E-16));
#3698=CARTESIAN_POINT('Ctrl Pts',(-1.09683900017832,0.423347204082734,3.108329851116E-16));
#3699=CARTESIAN_POINT('Ctrl Pts',(-1.10539421814168,0.390035913749923,-1.00919022820347E-16));
#3700=CARTESIAN_POINT('Ctrl Pts',(-1.11231642197248,0.356346886979526,-1.2490009027033E-16));
#3701=CARTESIAN_POINT('Ctrl Pts',(-1.12155022792102,0.311407739939601,-1.42495655713888E-16));
#3702=CARTESIAN_POINT('Ctrl Pts',(-1.12787918073746,0.265795493896168,-6.29322563084428E-17));
#3703=CARTESIAN_POINT('Ctrl Pts',(-1.13135051317598,0.219775753682554,-1.38777878078145E-16));
#3704=CARTESIAN_POINT('Ctrl Pts',(-1.13227069639961,0.207576808853568,-1.58883088389936E-16));
#3705=CARTESIAN_POINT('Ctrl Pts',(-1.13298988333183,0.195349305560597,2.44192604875467E-16));
#3706=CARTESIAN_POINT('Ctrl Pts',(-1.13350853887284,0.183098387559407,2.4980018054066E-16));
#3707=CARTESIAN_POINT('Ctrl Pts',(-1.13389493156725,0.173971587899273,2.53977762961038E-16));
#3708=CARTESIAN_POINT('Ctrl Pts',(-1.13416990279949,0.164831950228592,-2.84688213947178E-17));
#3709=CARTESIAN_POINT('Ctrl Pts',(-1.13433368814489,0.155695793988632,-2.77555756156289E-17));
#3710=CARTESIAN_POINT('Ctrl Pts',(-1.13519846294677,0.107457548480803,-2.39896893834486E-17));
#3711=CARTESIAN_POINT('Ctrl Pts',(-1.13297294524128,0.059215232614914,-9.95160288965149E-17));
#3712=CARTESIAN_POINT('Ctrl Pts',(-1.12776098364077,0.0112705358306165,
-6.93889390390723E-17));
#3713=CARTESIAN_POINT('Ctrl Pts',(-1.12256347833127,-0.0365411779153937,
-3.93454119573423E-17));
#3714=CARTESIAN_POINT('Ctrl Pts',(-1.11439553734944,-0.0840581035723277,
-7.82253249826425E-17));
#3715=CARTESIAN_POINT('Ctrl Pts',(-1.10331215802678,-0.130963079154357,
-1.2490009027033E-16));
#3716=CARTESIAN_POINT('Ctrl Pts',(-1.09737641766008,-0.156083193593842,
-1.49896914827085E-16));
#3717=CARTESIAN_POINT('Ctrl Pts',(-1.09060370864829,-0.181027376255555,
-1.15016769139581E-16));
#3718=CARTESIAN_POINT('Ctrl Pts',(-1.08299759258109,-0.205743011100757,
-1.52655665885959E-16));
#3719=CARTESIAN_POINT('Ctrl Pts',(-1.07902637666687,-0.218647247843953,
-1.72307244225338E-16));
#3720=CARTESIAN_POINT('Ctrl Pts',(-1.07482792355631,-0.231489130260279,
-5.62612114732188E-17));
#3721=CARTESIAN_POINT('Ctrl Pts',(-1.0704024102629,-0.244260783720842,-5.55111512312578E-17));
#3722=CARTESIAN_POINT('Ctrl Pts',(-1.06705882466806,-0.253910086231531,
-5.4944462023923E-17));
#3723=CARTESIAN_POINT('Ctrl Pts',(-1.06358545494889,-0.263519386068154,
-2.35594574752223E-16));
#3724=CARTESIAN_POINT('Ctrl Pts',(-1.05998781687866,-0.273071597150333,
-2.08166817117217E-16));
#3725=CARTESIAN_POINT('Ctrl Pts',(-1.04366353322343,-0.316414757356043,
-8.3713359898775E-17));
#3726=CARTESIAN_POINT('Ctrl Pts',(-1.02475957576442,-0.358656849661577,
-1.10001276764044E-16));
#3727=CARTESIAN_POINT('Ctrl Pts',(-1.00332120887753,-0.399500347636314,
-9.71445146547012E-17));
#3728=CARTESIAN_POINT('Ctrl Pts',(-0.988833737281766,-0.427101284774054,
-8.84562607006853E-17));
#3729=CARTESIAN_POINT('Ctrl Pts',(-0.973188042047827,-0.454062971450893,
1.26961852700683E-16));
#3730=CARTESIAN_POINT('Ctrl Pts',(-0.956389203990405,-0.480283336336608,
1.38777878078145E-16));
#3731=CARTESIAN_POINT('Ctrl Pts',(-0.949182173330458,-0.491532386598322,
1.43847184472014E-16));
#3732=CARTESIAN_POINT('Ctrl Pts',(-0.941761516989189,-0.502646370379389,
1.25932027150368E-16));
#3733=CARTESIAN_POINT('Ctrl Pts',(-0.934140523194906,-0.513598726188758,
1.11022302462516E-16));
#3734=CARTESIAN_POINT('Ctrl Pts',(-0.908957832782547,-0.549789516140618,
6.17548458705232E-17));
#3735=CARTESIAN_POINT('Ctrl Pts',(-0.881561369564219,-0.584265076727112,
2.76731481742143E-16));
#3736=CARTESIAN_POINT('Ctrl Pts',(-0.85197626440329,-0.616739909715895,
2.22044604925031E-16));
#3737=CARTESIAN_POINT('Ctrl Pts',(-0.837305065098729,-0.632844119742162,
1.94925483165497E-16));
#3738=CARTESIAN_POINT('Ctrl Pts',(-0.822095188060883,-0.648455700500812,
-4.4909050123942E-17));
#3739=CARTESIAN_POINT('Ctrl Pts',(-0.806347254991947,-0.663535679393312,
-8.32667268468867E-17));
#3740=CARTESIAN_POINT('Ctrl Pts',(-0.797050226143269,-0.672438371460093,
-7.7723474291789E-17));
#3741=CARTESIAN_POINT('Ctrl Pts',(-0.787565631407872,-0.681155720994215,
-3.88617371458945E-17));
#3742=CARTESIAN_POINT('Ctrl Pts',(-0.77790025077855,-0.689684924410316,
-2.77555756156289E-17));
#3743=CARTESIAN_POINT('Ctrl Pts',(0.77639749747362,-0.68857242786558,0.));
#3744=CARTESIAN_POINT('Ctrl Pts',(0.808888072641659,-0.659711554327459,
-1.49568617246353E-17));
#3745=CARTESIAN_POINT('Ctrl Pts',(0.839275953912091,-0.62877398333405,-1.35271400090612E-16));
#3746=CARTESIAN_POINT('Ctrl Pts',(0.867554085845262,-0.596063469963738,
-8.84708972748172E-17));
#3747=CARTESIAN_POINT('Ctrl Pts',(0.897124670996744,-0.561857921193708,
-3.95313754946255E-17));
#3748=CARTESIAN_POINT('Ctrl Pts',(0.924388914395936,-0.525713209052749,
6.11855361366783E-17));
#3749=CARTESIAN_POINT('Ctrl Pts',(0.949312756437418,-0.487925942096179,
4.85722573273506E-17));
#3750=CARTESIAN_POINT('Ctrl Pts',(0.968511827295004,-0.458818053568951,
3.88561295648761E-17));
#3751=CARTESIAN_POINT('Ctrl Pts',(0.986321696424404,-0.428734341278377,
1.37773715516849E-16));
#3752=CARTESIAN_POINT('Ctrl Pts',(1.00271317550284,-0.397794375682592,1.66533453693773E-16));
#3753=CARTESIAN_POINT('Ctrl Pts',(1.00804001084864,-0.387739633121253,1.75879674930033E-16));
#3754=CARTESIAN_POINT('Ctrl Pts',(1.01321694715191,-0.377594370998399,-1.07355243930013E-17));
#3755=CARTESIAN_POINT('Ctrl Pts',(1.01824266977147,-0.36736245217186,0.));
#3756=CARTESIAN_POINT('Ctrl Pts',(1.02172396955796,-0.36027483920102,7.43645871576367E-18));
#3757=CARTESIAN_POINT('Ctrl Pts',(1.02513186434236,-0.353147214717552,-2.24461845759254E-18));
#3758=CARTESIAN_POINT('Ctrl Pts',(1.02846218089749,-0.345989501449037,-3.46944695195361E-18));
#3759=CARTESIAN_POINT('Ctrl Pts',(1.04828972270895,-0.30337497614595,-1.07616480931327E-17));
#3760=CARTESIAN_POINT('Ctrl Pts',(1.06541103363362,-0.25961476077247,1.43112414431631E-16));
#3761=CARTESIAN_POINT('Ctrl Pts',(1.07979568694022,-0.215023429140872,1.45716771982052E-16));
#3762=CARTESIAN_POINT('Ctrl Pts',(1.09446771561733,-0.169541255708939,1.48373159164333E-16));
#3763=CARTESIAN_POINT('Ctrl Pts',(1.10629331618328,-0.123193481527077,7.69882592993426E-17));
#3764=CARTESIAN_POINT('Ctrl Pts',(1.1152007358486,-0.076277792831613,1.04083408558608E-16));
#3765=CARTESIAN_POINT('Ctrl Pts',(1.12129761802028,-0.0441653027136275,
1.22629288135937E-16));
#3766=CARTESIAN_POINT('Ctrl Pts',(1.12602650168431,-0.0117859810151175,
3.74474949499567E-17));
#3767=CARTESIAN_POINT('Ctrl Pts',(1.12935156061409,0.020770516095755,8.32667268468867E-17));
#3768=CARTESIAN_POINT('Ctrl Pts',(1.13033399977866,0.0303898276623294,9.68047148514532E-17));
#3769=CARTESIAN_POINT('Ctrl Pts',(1.1311938103625,0.0400246261821532,-1.40389543316783E-16));
#3770=CARTESIAN_POINT('Ctrl Pts',(1.13192987384223,0.0496726379107001,-1.38777878078145E-16));
#3771=CARTESIAN_POINT('Ctrl Pts',(1.13259573789662,0.0584005049811089,-1.37319919655144E-16));
#3772=CARTESIAN_POINT('Ctrl Pts',(1.13315959765724,0.0671296499488059,-5.33349215091509E-17));
#3773=CARTESIAN_POINT('Ctrl Pts',(1.13362120409074,0.0758575313459963,-4.85722573273506E-17));
#3774=CARTESIAN_POINT('Ctrl Pts',(1.13622242291154,0.125040401662596,-2.17339578414752E-17));
#3775=CARTESIAN_POINT('Ctrl Pts',(1.13558080154391,0.17418816787519,1.47719569106468E-16));
#3776=CARTESIAN_POINT('Ctrl Pts',(1.13163519629855,0.222984571949916,1.11022302462516E-16));
#3777=CARTESIAN_POINT('Ctrl Pts',(1.129196229393,0.253147958109239,8.83379705785905E-17));
#3778=CARTESIAN_POINT('Ctrl Pts',(1.12549393265882,0.283177678431075,1.27612336228371E-16));
#3779=CARTESIAN_POINT('Ctrl Pts',(1.12050448573532,0.313002446051196,1.11022302462516E-16));
#3780=CARTESIAN_POINT('Ctrl Pts',(1.11264367624692,0.359990984037926,8.48849175300635E-17));
#3781=CARTESIAN_POINT('Ctrl Pts',(1.10159075850616,0.406471267294601,-1.14231769889737E-16));
#3782=CARTESIAN_POINT('Ctrl Pts',(1.08755652007454,0.452249054624996,-1.2490009027033E-16));
#3783=CARTESIAN_POINT('Ctrl Pts',(1.08435592021435,0.462688978418741,-1.27333070505412E-16));
#3784=CARTESIAN_POINT('Ctrl Pts',(1.08100005011415,0.473092346851001,-1.24179996667651E-16));
#3785=CARTESIAN_POINT('Ctrl Pts',(1.07749104332926,0.483456804292054,-1.38777878078145E-16));
#3786=CARTESIAN_POINT('Ctrl Pts',(1.07486163751802,0.491223208376298,-1.49716515865272E-16));
#3787=CARTESIAN_POINT('Ctrl Pts',(1.07214680519474,0.49896590090601,-1.31736738887285E-16));
#3788=CARTESIAN_POINT('Ctrl Pts',(1.0693508256784,0.506675364239871,-1.2490009027033E-16));
#3789=CARTESIAN_POINT('Ctrl Pts',(1.05258762326785,0.552897195832998,-8.39111903495902E-17));
#3790=CARTESIAN_POINT('Ctrl Pts',(1.0328829133929,0.598011379028125,-2.07190656116471E-16));
#3791=CARTESIAN_POINT('Ctrl Pts',(1.01050726040298,0.641817168623882,-1.80411241501588E-16));
#3792=CARTESIAN_POINT('Ctrl Pts',(0.987567338344252,0.686727652331372,-1.52956503786409E-16));
#3793=CARTESIAN_POINT('Ctrl Pts',(0.961819733560804,0.730263867044018,-1.43967135463097E-17));
#3794=CARTESIAN_POINT('Ctrl Pts',(0.9335003223864,0.772205655858514,4.16333634234434E-17));
#3795=CARTESIAN_POINT('Ctrl Pts',(0.916538668620713,0.797326308819972,7.5192068446404E-17));
#3796=CARTESIAN_POINT('Ctrl Pts',(0.89865338785499,0.821874855328036,6.84027470833557E-17));
#3797=CARTESIAN_POINT('Ctrl Pts',(0.879886789105572,0.845801126337356,1.11022302462516E-16));
#3798=CARTESIAN_POINT('Ctrl Pts',(0.869806617031733,0.858652732112044,1.33914700689222E-16));
#3799=CARTESIAN_POINT('Ctrl Pts',(0.859472072775799,0.871324756037766,5.49685307072889E-17));
#3800=CARTESIAN_POINT('Ctrl Pts',(0.848889053068757,0.883809020266603,6.93889390390723E-17));
#3801=CARTESIAN_POINT('Ctrl Pts',(0.842321458563451,0.891556486247181,7.83379344246778E-17));
#3802=CARTESIAN_POINT('Ctrl Pts',(0.835658506038816,0.899231069874785,5.67347931366527E-17));
#3803=CARTESIAN_POINT('Ctrl Pts',(0.828910656184589,0.906821019267297,4.16333634234434E-17));
#3804=CARTESIAN_POINT('Ctrl Pts',(0.79393298736901,0.946163734637876,-3.66453206850179E-17));
#3805=CARTESIAN_POINT('Ctrl Pts',(0.756618945745753,0.983304767239007,-7.47612087810621E-17));
#3806=CARTESIAN_POINT('Ctrl Pts',(0.717215601973013,1.01800326207232,-1.38777878078145E-17));
#3807=CARTESIAN_POINT('Ctrl Pts',(0.690299743479568,1.04170530579367,2.77108030733088E-17));
#3808=CARTESIAN_POINT('Ctrl Pts',(0.662407882889938,1.06426739623503,1.42768544618846E-16));
#3809=CARTESIAN_POINT('Ctrl Pts',(0.633606733078034,1.08560565867366,1.66533453693773E-16));
#3810=CARTESIAN_POINT('Ctrl Pts',(0.620502835916093,1.09531410428907,1.77345970784741E-16));
#3811=CARTESIAN_POINT('Ctrl Pts',(0.607206530190605,1.10477163659193,-3.73100807947957E-17));
#3812=CARTESIAN_POINT('Ctrl Pts',(0.593748581097481,1.11395344695859,-5.55111512312578E-17));
#3813=CARTESIAN_POINT('Ctrl Pts',(0.549854235567315,1.14390077058402,-1.14875625656651E-16));
#3814=CARTESIAN_POINT('Ctrl Pts',(0.504200859281178,1.17095127315971,5.94949975856414E-17));
#3815=CARTESIAN_POINT('Ctrl Pts',(0.457016974916298,1.19485051721506,2.77555756156289E-17));
#3816=CARTESIAN_POINT('Ctrl Pts',(0.431883029171439,1.20758118387203,1.08485973007777E-17));
#3817=CARTESIAN_POINT('Ctrl Pts',(0.406314096704476,1.21941718116986,2.8898314994918E-17));
#3818=CARTESIAN_POINT('Ctrl Pts',(0.380340508816944,1.23031566466791,5.55111512312578E-17));
#3819=CARTESIAN_POINT('Ctrl Pts',(0.365679569321212,1.23646737570036,7.03561914263708E-17));
#3820=CARTESIAN_POINT('Ctrl Pts',(0.350889654369249,1.2423203232394,-5.14464378445007E-17));
#3821=CARTESIAN_POINT('Ctrl Pts',(0.335979089269309,1.24787688194582,-5.55111512312578E-17));
#3822=CARTESIAN_POINT('Origin',(-1.21919696157118,-2.11171108187488,0.150394644034686));
#3823=CARTESIAN_POINT('',(-1.24226497308104,-2.25166604983954,0.415871770831018));
#3824=CARTESIAN_POINT('',(-1.08059450252648,-2.25166604983954,0.254201300276456));
#3825=CARTESIAN_POINT('',(-1.32886751345948,-2.20166604983954,0.415871770831017));
#3826=CARTESIAN_POINT('Origin',(-1.24226497308104,-2.15166604983954,0.24266669007413));
#3827=CARTESIAN_POINT('',(-1.48680339887499,-1.9281130719615,0.1));
#3828=CARTESIAN_POINT('',(-1.73470274873676,-1.49873880283762,-0.395798699723544));
#3829=CARTESIAN_POINT('Origin',(-1.3135983181181,-2.0281130719615,0.1));
#3830=CARTESIAN_POINT('Origin',(1.53839745962156,-1.63874953737966,0.1));
#3831=CARTESIAN_POINT('',(2.41319660112501,-0.323552977878037,0.1));
#3832=CARTESIAN_POINT('Origin',(2.41319660112501,-0.123552977878038,0.1));
#3833=CARTESIAN_POINT('',(1.48680339887499,-1.9281130719615,0.1));
#3834=CARTESIAN_POINT('',(1.625,-1.68874953737966,0.1));
#3835=CARTESIAN_POINT('Origin',(1.3135983181181,-2.0281130719615,0.1));
#3836=CARTESIAN_POINT('Origin',(1.3,-2.25166604983954,0.));
#3837=CARTESIAN_POINT('',(2.57113248654052,-0.0499999999999998,0.415871770831018));
#3838=CARTESIAN_POINT('',(2.16529725126324,-0.75292724700192,-0.395798699723545));
#3839=CARTESIAN_POINT('',(2.57113248654052,-0.0499999999999999,3.58412809643525));
#3840=CARTESIAN_POINT('',(2.57113248654052,-0.0499999999999999,0.));
#3841=CARTESIAN_POINT('',(2.41319659124042,-0.323552994998647,3.9));
#3842=CARTESIAN_POINT('',(2.65868827142311,0.101651067913211,3.4090164640453));
#3843=CARTESIAN_POINT('',(1.48680340875958,-1.92811305484089,3.9));
#3844=CARTESIAN_POINT('',(1.625,-1.68874953737966,3.9));
#3845=CARTESIAN_POINT('',(1.32886751345948,-2.20166604983954,3.58412809643525));
#3846=CARTESIAN_POINT('',(0.916311844805929,-2.91623342889804,2.75901646404534));
#3847=CARTESIAN_POINT('',(1.32886751345948,-2.20166604983954,0.415871770831017));
#3848=CARTESIAN_POINT('',(1.32886751345948,-2.20166604983954,0.));
#3849=CARTESIAN_POINT('',(1.40970274873676,-2.06165531529751,0.254201300276455));
#3850=CARTESIAN_POINT('Origin',(2.43839392314235,-1.43470185244163E-15,
0.150394644034686));
#3851=CARTESIAN_POINT('',(2.41319660112501,0.323552977878037,0.1));
#3852=CARTESIAN_POINT('Origin',(2.41319660112501,0.123552977878038,0.1));
#3853=CARTESIAN_POINT('',(2.57113248654052,0.0499999999999999,0.415871770831017));
#3854=CARTESIAN_POINT('',(2.49029725126324,0.190010734542034,0.254201300276456));
#3855=CARTESIAN_POINT('Origin',(2.48452994616208,0.,0.24266669007413));
#3856=CARTESIAN_POINT('Origin',(2.18839745962156,0.512916512459885,0.1));
#3857=CARTESIAN_POINT('',(1.48680339887499,1.9281130719615,0.1));
#3858=CARTESIAN_POINT('Origin',(1.3135983181181,2.0281130719615,0.1));
#3859=CARTESIAN_POINT('',(2.275,0.562916512459885,0.1));
#3860=CARTESIAN_POINT('Origin',(2.6,0.,0.));
#3861=CARTESIAN_POINT('',(1.32886751345948,2.20166604983954,0.415871770831017));
#3862=CARTESIAN_POINT('',(1.73470274873676,1.49873880283762,-0.395798699723544));
#3863=CARTESIAN_POINT('',(1.32886751345948,2.20166604983954,3.58412809643525));
#3864=CARTESIAN_POINT('',(1.32886751345948,2.20166604983954,0.));
#3865=CARTESIAN_POINT('',(1.48680340875958,1.92811305484089,3.9));
#3866=CARTESIAN_POINT('',(1.2413117285769,2.35331711775275,3.4090164640453));
#3867=CARTESIAN_POINT('',(2.41319659124042,0.323552994998647,3.9));
#3868=CARTESIAN_POINT('',(2.275,0.562916512459885,3.9));
#3869=CARTESIAN_POINT('',(2.57113248654052,0.05,3.58412809643525));
#3870=CARTESIAN_POINT('',(2.98368815519407,-0.664567379058501,2.75901646404534));
#3871=CARTESIAN_POINT('',(2.57113248654052,0.0499999999999999,0.));
#3872=CARTESIAN_POINT('Origin',(0.65,2.15166604983954,0.1));
#3873=CARTESIAN_POINT('',(-0.926393202250019,2.25166604983954,0.1));
#3874=CARTESIAN_POINT('Origin',(-1.09959828300691,2.15166604983954,0.1));
#3875=CARTESIAN_POINT('',(0.926393202250021,2.25166604983954,0.1));
#3876=CARTESIAN_POINT('',(0.65,2.25166604983954,0.1));
#3877=CARTESIAN_POINT('Origin',(1.09959828300691,2.15166604983954,0.1));
#3878=CARTESIAN_POINT('Origin',(1.3,2.25166604983954,0.));
#3879=CARTESIAN_POINT('',(-1.24226497308104,2.25166604983954,0.415871770831018));
#3880=CARTESIAN_POINT('',(-0.430594502526473,2.25166604983954,-0.395798699723544));
#3881=CARTESIAN_POINT('',(-1.24226497308104,2.25166604983954,3.58412809643525));
#3882=CARTESIAN_POINT('',(-1.24226497308104,2.25166604983954,0.));
#3883=CARTESIAN_POINT('',(-0.926393182480841,2.25166604983954,3.9));
#3884=CARTESIAN_POINT('',(-1.41737654284621,2.25166604983954,3.4090164640453));
#3885=CARTESIAN_POINT('',(0.926393182480844,2.25166604983954,3.9));
#3886=CARTESIAN_POINT('',(0.65,2.25166604983954,3.9));
#3887=CARTESIAN_POINT('',(1.24226497308104,2.25166604983954,3.58412809643525));
#3888=CARTESIAN_POINT('',(2.06737631038814,2.25166604983954,2.75901646404534));
#3889=CARTESIAN_POINT('',(1.24226497308104,2.25166604983954,0.415871770831018));
#3890=CARTESIAN_POINT('',(1.24226497308104,2.25166604983954,0.));
#3891=CARTESIAN_POINT('',(1.08059450252648,2.25166604983954,0.254201300276456));
#3892=CARTESIAN_POINT('Origin',(-1.21919696157117,2.11171108187488,0.150394644034686));
#3893=CARTESIAN_POINT('',(-1.48680339887499,1.9281130719615,0.1));
#3894=CARTESIAN_POINT('Origin',(-1.3135983181181,2.0281130719615,0.1));
#3895=CARTESIAN_POINT('',(-1.32886751345948,2.20166604983954,0.415871770831017));
#3896=CARTESIAN_POINT('',(-1.40970274873676,2.06165531529751,0.254201300276456));
#3897=CARTESIAN_POINT('Origin',(-1.24226497308104,2.15166604983954,0.242666690074129));
#3898=CARTESIAN_POINT('Origin',(-1.53839745962156,1.63874953737966,0.1));
#3899=CARTESIAN_POINT('',(-2.41319660112501,0.323552977878039,0.1));
#3900=CARTESIAN_POINT('Origin',(-2.41319660112501,0.123552977878038,0.1));
#3901=CARTESIAN_POINT('',(-1.625,1.68874953737966,0.1));
#3902=CARTESIAN_POINT('Origin',(-1.3,2.25166604983954,0.));
#3903=CARTESIAN_POINT('',(-2.57113248654052,0.0500000000000009,0.415871770831018));
#3904=CARTESIAN_POINT('',(-2.16529725126324,0.752927247001921,-0.395798699723544));
#3905=CARTESIAN_POINT('',(-2.57113248654052,0.0500000000000008,3.58412809643525));
#3906=CARTESIAN_POINT('',(-2.57113248654052,0.0500000000000009,0.));
#3907=CARTESIAN_POINT('',(-2.41319659124042,0.323552994998648,3.9));
#3908=CARTESIAN_POINT('',(-2.65868827142311,-0.101651067913211,3.4090164640453));
#3909=CARTESIAN_POINT('',(-1.48680340875958,1.92811305484089,3.9));
#3910=CARTESIAN_POINT('',(-1.625,1.68874953737966,3.9));
#3911=CARTESIAN_POINT('',(-1.32886751345948,2.20166604983954,3.58412809643525));
#3912=CARTESIAN_POINT('',(-0.916311844805929,2.91623342889804,2.75901646404534));
#3913=CARTESIAN_POINT('',(-1.32886751345948,2.20166604983954,0.));
#3914=CARTESIAN_POINT('Origin',(-2.18839745962156,-0.512916512459884,0.1));
#3915=CARTESIAN_POINT('',(-2.41319660112501,-0.323552977878036,0.1));
#3916=CARTESIAN_POINT('',(-2.275,-0.562916512459884,0.1));
#3917=CARTESIAN_POINT('Origin',(-2.41319660112501,-0.123552977878037,0.1));
#3918=CARTESIAN_POINT('Origin',(-1.53839745962156,1.63874953737966,3.9));
#3919=CARTESIAN_POINT('',(-2.36319660912181,0.210155504405622,4.));
#3920=CARTESIAN_POINT('Origin',(-2.41319659124042,0.123552994998648,3.9));
#3921=CARTESIAN_POINT('',(-1.3635983101213,1.94151054543392,4.));
#3922=CARTESIAN_POINT('',(-1.53839745962156,1.63874953737966,4.));
#3923=CARTESIAN_POINT('Origin',(-1.31359832800269,2.02811305484089,3.9));
#3924=CARTESIAN_POINT('Origin',(-1.20862245814432,2.09339550467475,3.89190334700798));
#3925=CARTESIAN_POINT('',(-0.999598299000503,2.15166604983954,4.));
#3926=CARTESIAN_POINT('',(-1.1815983045609,2.04658829763673,4.));
#3927=CARTESIAN_POINT('Origin',(-1.09959826323773,2.15166604983954,3.9));
#3928=CARTESIAN_POINT('Origin',(-1.24226497308104,2.15166604983954,3.7573332391351));
#3929=CARTESIAN_POINT('Origin',(-2.18839745962156,-0.512916512459884,3.9));
#3930=CARTESIAN_POINT('',(-1.48680340875958,-1.92811305484089,3.9));
#3931=CARTESIAN_POINT('',(-1.36359831012131,-1.94151054543392,4.));
#3932=CARTESIAN_POINT('Origin',(-1.31359832800269,-2.02811305484089,3.9));
#3933=CARTESIAN_POINT('',(-2.36319660912181,-0.21015550440562,4.));
#3934=CARTESIAN_POINT('',(-2.18839745962156,-0.512916512459884,4.));
#3935=CARTESIAN_POINT('',(-2.41319659124042,-0.323552994998646,3.9));
#3936=CARTESIAN_POINT('Origin',(-2.41319659124042,-0.123552994998647,3.9));
#3937=CARTESIAN_POINT('',(-2.275,-0.562916512459884,3.9));
#3938=CARTESIAN_POINT('Origin',(-2.6,9.71445146547012E-16,0.));
#3939=CARTESIAN_POINT('',(-1.32886751345948,-2.20166604983954,3.58412809643525));
#3940=CARTESIAN_POINT('',(-1.32886751345948,-2.20166604983954,0.));
#3941=CARTESIAN_POINT('',(-1.2413117285769,-2.35331711775275,3.4090164640453));
#3942=CARTESIAN_POINT('',(-2.57113248654052,-0.0499999999999989,3.58412809643525));
#3943=CARTESIAN_POINT('',(-2.98368815519407,0.664567379058502,2.75901646404534));
#3944=CARTESIAN_POINT('',(-2.57113248654052,-0.049999999999999,0.415871770831017));
#3945=CARTESIAN_POINT('',(-2.57113248654052,-0.0499999999999989,0.));
#3946=CARTESIAN_POINT('',(-2.49029725126324,-0.190010734542033,0.254201300276455));
#3947=CARTESIAN_POINT('Origin',(-2.41724491628864,2.23740375933952E-15,
3.89190334700798));
#3948=CARTESIAN_POINT('Origin',(-2.48452994616208,9.71445146547012E-16,
3.7573332391351));
#3949=CARTESIAN_POINT('',(-2.36319660912181,1.71999167192251E-15,4.));
#3950=CARTESIAN_POINT('Origin',(-0.650000000000001,-2.15166604983954,3.9));
#3951=CARTESIAN_POINT('',(0.926393182480841,-2.25166604983954,3.9));
#3952=CARTESIAN_POINT('',(0.999598299000504,-2.15166604983954,4.));
#3953=CARTESIAN_POINT('Origin',(1.09959826323773,-2.15166604983954,3.9));
#3954=CARTESIAN_POINT('',(-0.999598299000506,-2.15166604983954,4.));
#3955=CARTESIAN_POINT('',(-0.650000000000001,-2.15166604983954,4.));
#3956=CARTESIAN_POINT('',(-0.926393182480844,-2.25166604983954,3.9));
#3957=CARTESIAN_POINT('Origin',(-1.09959826323773,-2.15166604983954,3.9));
#3958=CARTESIAN_POINT('',(-0.650000000000001,-2.25166604983954,3.9));
#3959=CARTESIAN_POINT('Origin',(-1.3,-2.25166604983954,0.));
#3960=CARTESIAN_POINT('',(1.24226497308104,-2.25166604983954,0.415871770831017));
#3961=CARTESIAN_POINT('',(0.430594502526475,-2.25166604983954,-0.395798699723545));
#3962=CARTESIAN_POINT('',(1.24226497308104,-2.25166604983954,3.58412809643525));
#3963=CARTESIAN_POINT('',(1.24226497308104,-2.25166604983954,0.));
#3964=CARTESIAN_POINT('',(1.41737654284621,-2.25166604983954,3.4090164640453));
#3965=CARTESIAN_POINT('',(-1.24226497308104,-2.25166604983954,3.58412809643525));
#3966=CARTESIAN_POINT('',(-2.06737631038814,-2.25166604983954,2.75901646404534));
#3967=CARTESIAN_POINT('',(-1.24226497308104,-2.25166604983954,0.));
#3968=CARTESIAN_POINT('Origin',(-1.20862245814432,-2.09339550467475,3.89190334700798));
#3969=CARTESIAN_POINT('Origin',(-1.24226497308104,-2.15166604983954,3.7573332391351));
#3970=CARTESIAN_POINT('',(-1.18159830456091,-2.04658829763673,4.));
#3971=CARTESIAN_POINT('Origin',(1.53839745962156,-1.63874953737966,3.9));
#3972=CARTESIAN_POINT('',(2.36319660912181,-0.210155504405621,4.));
#3973=CARTESIAN_POINT('Origin',(2.41319659124042,-0.123552994998647,3.9));
#3974=CARTESIAN_POINT('',(1.3635983101213,-1.94151054543392,4.));
#3975=CARTESIAN_POINT('',(1.53839745962156,-1.63874953737966,4.));
#3976=CARTESIAN_POINT('Origin',(1.31359832800269,-2.02811305484089,3.9));
#3977=CARTESIAN_POINT('Origin',(1.20862245814432,-2.09339550467475,3.89190334700798));
#3978=CARTESIAN_POINT('Origin',(1.24226497308104,-2.15166604983954,3.7573332391351));
#3979=CARTESIAN_POINT('',(1.1815983045609,-2.04658829763673,4.));
#3980=CARTESIAN_POINT('Origin',(2.18839745962156,0.512916512459885,3.9));
#3981=CARTESIAN_POINT('',(1.36359831012131,1.94151054543392,4.));
#3982=CARTESIAN_POINT('Origin',(1.31359832800269,2.02811305484089,3.9));
#3983=CARTESIAN_POINT('',(2.36319660912181,0.210155504405621,4.));
#3984=CARTESIAN_POINT('',(2.18839745962156,0.512916512459885,4.));
#3985=CARTESIAN_POINT('Origin',(2.41319659124042,0.123552994998647,3.9));
#3986=CARTESIAN_POINT('Origin',(2.41724491628864,-2.53343088428833E-15,
3.89190334700798));
#3987=CARTESIAN_POINT('Origin',(2.48452994616208,0.,3.7573332391351));
#3988=CARTESIAN_POINT('',(2.36319660912181,-2.28695554439049E-15,4.));
#3989=CARTESIAN_POINT('Origin',(0.65,2.15166604983954,3.9));
#3990=CARTESIAN_POINT('',(0.999598299000505,2.15166604983954,4.));
#3991=CARTESIAN_POINT('',(0.65,2.15166604983954,4.));
#3992=CARTESIAN_POINT('Origin',(1.09959826323773,2.15166604983954,3.9));
#3993=CARTESIAN_POINT('Origin',(1.20862245814432,2.09339550467475,3.89190334700798));
#3994=CARTESIAN_POINT('Origin',(1.24226497308104,2.15166604983954,3.7573332391351));
#3995=CARTESIAN_POINT('',(1.18159830456091,2.04658829763673,4.));
#3996=CARTESIAN_POINT('Origin',(1.24226497308104,2.15166604983954,0.));
#3997=CARTESIAN_POINT('Origin',(1.24226497308104,2.15166604983954,0.24266669007413));
#3998=CARTESIAN_POINT('Origin',(2.48452994616208,0.,0.));
#3999=CARTESIAN_POINT('Origin',(1.24226497308104,-2.15166604983954,0.));
#4000=CARTESIAN_POINT('Origin',(1.24226497308104,-2.15166604983954,0.242666690074129));
#4001=CARTESIAN_POINT('Origin',(-1.24226497308104,-2.15166604983954,0.));
#4002=CARTESIAN_POINT('Origin',(-2.48452994616208,9.71445146547012E-16,
0.));
#4003=CARTESIAN_POINT('Origin',(-2.48452994616208,9.71445146547012E-16,
0.24266669007413));
#4004=CARTESIAN_POINT('Origin',(-1.24226497308104,2.15166604983954,0.));
#4005=CARTESIAN_POINT('Origin',(1.21919696157118,2.11171108187488,0.150394644034686));
#4006=CARTESIAN_POINT('Origin',(1.21919696157118,-2.11171108187488,0.150394644034686));
#4007=CARTESIAN_POINT('Origin',(-2.43839392314235,1.13608472113796E-15,
0.150394644034686));
#4008=CARTESIAN_POINT('Ctrl Pts',(-0.418777734803999,0.86189806319102,3.85176531838556));
#4009=CARTESIAN_POINT('Ctrl Pts',(-0.705561121955098,0.72255618231254,3.87559568536856));
#4010=CARTESIAN_POINT('Ctrl Pts',(-1.1241295880181,0.137518501413234,3.92325641933457));
#4011=CARTESIAN_POINT('Ctrl Pts',(-0.723892828480147,-0.872368546643103,
3.99474752028357));
#4012=CARTESIAN_POINT('Ctrl Pts',(0.340655272136208,-1.08006310071105,4.06623862123258));
#4013=CARTESIAN_POINT('Ctrl Pts',(1.09254534603183,-0.29940618568919,4.13772972218158));
#4014=CARTESIAN_POINT('Ctrl Pts',(0.843510695486748,0.756341826238287,4.20922082313059));
#4015=CARTESIAN_POINT('Ctrl Pts',(-0.17863023267932,1.11861855297109,4.28071192407959));
#4016=CARTESIAN_POINT('Ctrl Pts',(-1.03700834937788,0.456020383766324,4.3522030250286));
#4017=CARTESIAN_POINT('Ctrl Pts',(-0.945135324134809,-0.624567758823329,
4.42369412597761));
#4018=CARTESIAN_POINT('Ctrl Pts',(0.0128552725418021,-1.13276295791054,
4.4951852269266));
#4019=CARTESIAN_POINT('Ctrl Pts',(0.959055394883388,-0.602951651557449,
4.56667632787562));
#4020=CARTESIAN_POINT('Ctrl Pts',(1.02640678965148,0.479404426103654,4.63816742882461));
#4021=CARTESIAN_POINT('Ctrl Pts',(0.153182148810472,1.12243846829533,4.70965852977363));
#4022=CARTESIAN_POINT('Ctrl Pts',(-0.860413255581009,0.736902470750527,
4.78114963072262));
#4023=CARTESIAN_POINT('Ctrl Pts',(-1.08554849952985,-0.323914500162075,
4.85264073167164));
#4024=CARTESIAN_POINT('Ctrl Pts',(-0.31591415404834,-1.08790326639131,4.92413183262064));
#4025=CARTESIAN_POINT('Ctrl Pts',(0.743215714788801,-0.854965608282047,
4.99562293356964));
#4026=CARTESIAN_POINT('Ctrl Pts',(1.12128161879614,0.161441220347115,5.06711403451865));
#4027=CARTESIAN_POINT('Ctrl Pts',(0.471833356567395,1.02990723221649,5.13860513546765));
#4028=CARTESIAN_POINT('Ctrl Pts',(-0.609991025090021,0.954592400853596,
5.21009623641666));
#4029=CARTESIAN_POINT('Ctrl Pts',(-1.13283508050526,0.00451319853714794,
5.28158733736567));
#4030=CARTESIAN_POINT('Ctrl Pts',(-0.6175777203434,-0.949701760548585,5.35307843831467));
#4031=CARTESIAN_POINT('Ctrl Pts',(0.463612233484078,-1.03363406647326,5.42456953926368));
#4032=CARTESIAN_POINT('Ctrl Pts',(1.11995966832824,-0.170370258202752,5.49606064021268));
#4033=CARTESIAN_POINT('Ctrl Pts',(0.750004396907725,0.849016540803935,5.56755174116169));
#4034=CARTESIAN_POINT('Ctrl Pts',(-0.307235928036788,1.09038606381967,5.63904284211069));
#4035=CARTESIAN_POINT('Ctrl Pts',(-1.08293302195598,0.332553383806021,5.7105339430597));
#4036=CARTESIAN_POINT('Ctrl Pts',(-0.866257692633965,-0.730022803002369,
5.7820250440087));
#4037=CARTESIAN_POINT('Ctrl Pts',(0.14423426976022,-1.12362456301953,5.8535161449577));
#4038=CARTESIAN_POINT('Ctrl Pts',(1.02255359653011,-0.487565201103051,5.92500724590672));
#4039=CARTESIAN_POINT('Ctrl Pts',(0.963830678070753,0.595286575606723,5.9964983468557));
#4040=CARTESIAN_POINT('Ctrl Pts',(0.0218777112053836,1.13263279524926,6.06798944780473));
#4041=CARTESIAN_POINT('Ctrl Pts',(-0.940123436708625,0.632062976971358,
6.13948054875372));
#4042=CARTESIAN_POINT('Ctrl Pts',(-1.04061925238897,-0.447713362167534,
6.21097164970273));
#4043=CARTESIAN_POINT('Ctrl Pts',(-0.187517912901122,-1.11721650339213,
6.28246275065174));
#4044=CARTESIAN_POINT('Ctrl Pts',(0.837420097757795,-0.762930706538581,
6.35395385160074));
#4045=CARTESIAN_POINT('Ctrl Pts',(1.09496751760123,0.290485487600394,6.42544495254974));
#4046=CARTESIAN_POINT('Ctrl Pts',(0.349114407048071,1.07770813020052,6.49693605349876));
#4047=CARTESIAN_POINT('Ctrl Pts',(-0.716658313512146,0.877346308353997,
6.56842715444776));
#4048=CARTESIAN_POINT('Ctrl Pts',(-1.12570348706089,-0.126993473562478,
6.63991825539676));
#4049=CARTESIAN_POINT('Ctrl Pts',(-0.503182465421527,-1.01495964924764,
6.71140935634577));
#4050=CARTESIAN_POINT('Ctrl Pts',(0.580442236988633,-0.972842480892028,
6.78290045729477));
#4051=CARTESIAN_POINT('Ctrl Pts',(1.13216435863998,-0.0392370760103594,
6.85439155824378));
#4052=CARTESIAN_POINT('Ctrl Pts',(0.646399705848499,0.930324192627242,6.92588265919278));
#4053=CARTESIAN_POINT('Ctrl Pts',(-0.431709283437723,1.04735990838977,6.99737376014179));
#4054=CARTESIAN_POINT('Ctrl Pts',(-1.11421080764803,0.204621502361927,7.06886486109079));
#4055=CARTESIAN_POINT('Ctrl Pts',(-0.775677737318805,-0.825626871496174,
7.1403559620398));
#4056=CARTESIAN_POINT('Ctrl Pts',(0.27366678680392,-1.09929166871624,7.2118470629888));
#4057=CARTESIAN_POINT('Ctrl Pts',(1.07222999128282,-0.365593392858946,7.28333816393781));
#4058=CARTESIAN_POINT('Ctrl Pts',(0.888228759222657,0.703125418683335,7.35482926488682));
#4059=CARTESIAN_POINT('Ctrl Pts',(-0.109722835557514,1.12751788565213,7.4263203658358));
#4060=CARTESIAN_POINT('Ctrl Pts',(-1.00712719982534,0.518681488468698,7.49781146678484));
#4061=CARTESIAN_POINT('Ctrl Pts',(-0.981625678542948,-0.565461502080932,
7.56930256773382));
#4062=CARTESIAN_POINT('Ctrl Pts',(-0.0565872206201045,-1.13142987832584,
7.64079366868283));
#4063=CARTESIAN_POINT('Ctrl Pts',(0.920306334614933,-0.660584539309204,
7.71228476963184));
#4064=CARTESIAN_POINT('Ctrl Pts',(1.05385444861376,0.415603758715809,7.78377587058084));
#4065=CARTESIAN_POINT('Ctrl Pts',(0.221677008456619,1.11094328703568,7.85526697152985));
#4066=CARTESIAN_POINT('Ctrl Pts',(-0.813639633779345,0.78824249406305,7.92675807247885));
#4067=CARTESIAN_POINT('Ctrl Pts',(-1.10335750080315,-0.256783777944639,
7.99824917342787));
#4068=CARTESIAN_POINT('Ctrl Pts',(-0.381986468976875,-1.06649989239077,
8.06974027437685));
#4069=CARTESIAN_POINT('Ctrl Pts',(0.689427298526092,-0.898902488132369,
8.14123137532588));
#4070=CARTESIAN_POINT('Ctrl Pts',(1.12906733261792,0.0924264143188282,8.21272247627487));
#4071=CARTESIAN_POINT('Ctrl Pts',(0.534058627772156,0.99905808842215,8.28421357722388));
#4072=CARTESIAN_POINT('Ctrl Pts',(-0.550347890356771,0.990178207769594,
8.35570467817288));
#4073=CARTESIAN_POINT('Ctrl Pts',(-1.13042952844248,0.0739240666864564,
8.4271957791219));
#4074=CARTESIAN_POINT('Ctrl Pts',(-0.674614141159893,-0.910072214277929,
8.49868688007089));
#4075=CARTESIAN_POINT('Ctrl Pts',(0.399400566977646,-1.06010135160857,8.5701779810199));
#4076=CARTESIAN_POINT('Ctrl Pts',(1.10741472006278,-0.238680414458527,8.6416690819689));
#4077=CARTESIAN_POINT('Ctrl Pts',(0.800622003878156,0.801461184492182,8.71316018291792));
#4078=CARTESIAN_POINT('Ctrl Pts',(-0.23984038958048,1.10716409073052,8.78465128386691));
#4079=CARTESIAN_POINT('Ctrl Pts',(-1.06051925375269,0.398289721777961,8.85614238481593));
#4080=CARTESIAN_POINT('Ctrl Pts',(-0.909364846524762,-0.675567054893853,
8.92763348576491));
#4081=CARTESIAN_POINT('Ctrl Pts',(0.075108007027725,-1.13035168665645,8.99912458671393));
#4082=CARTESIAN_POINT('Ctrl Pts',(0.990754719978914,-0.549309845731213,
9.07061568766293));
#4083=CARTESIAN_POINT('Ctrl Pts',(0.998497090145618,0.535104145745563,9.14210678861194));
#4084=CARTESIAN_POINT('Ctrl Pts',(0.0912453845367276,1.12916508155857,9.21359788956094));
#4085=CARTESIAN_POINT('Ctrl Pts',(-0.899627747706195,0.688482287446719,
9.28508899050996));
#4086=CARTESIAN_POINT('Ctrl Pts',(-1.06609246459016,-0.383097942816769,
9.35658009145894));
#4087=CARTESIAN_POINT('Ctrl Pts',(-0.255640451817154,-1.10363654600766,
9.42807119240797));
#4088=CARTESIAN_POINT('Ctrl Pts',(0.789118616105957,-0.812793157454491,
9.49956229335696));
#4089=CARTESIAN_POINT('Ctrl Pts',(1.11066441012544,0.22280214352406,9.57105339430597));
#4090=CARTESIAN_POINT('Ctrl Pts',(0.41458717034681,1.0543627125908,9.64254449525497));
#4091=CARTESIAN_POINT('Ctrl Pts',(-0.661715352550577,0.919473865514199,
9.71403559620398));
#4092=CARTESIAN_POINT('Ctrl Pts',(-1.13105059747859,-0.0575053205806596,
9.78552669715298));
#4093=CARTESIAN_POINT('Ctrl Pts',(-0.565052361124613,-0.982732688722973,
9.857017798102));
#4094=CARTESIAN_POINT('Ctrl Pts',(0.521014334309378,-1.00554598717952,9.92850889905098));
#4095=CARTESIAN_POINT('Ctrl Pts',(0.923291980669723,-0.409189261642568,
9.976169633017));
#4096=CARTESIAN_POINT('Ctrl Pts',(0.953841396803776,-0.0918131376406527,
10.));
#4097=CARTESIAN_POINT('Ctrl Pts',(-0.456179659636039,0.938876001350618,
3.90117687892371));
#4098=CARTESIAN_POINT('Ctrl Pts',(-0.768576277381467,0.787089202508648,
3.92500724590671));
#4099=CARTESIAN_POINT('Ctrl Pts',(-1.22452797804285,0.149800569501894,3.97266797987272));
#4100=CARTESIAN_POINT('Ctrl Pts',(-0.788545227371285,-0.950281625815414,
4.04415908082172));
#4101=CARTESIAN_POINT('Ctrl Pts',(0.371079914668931,-1.17652581959359,4.11565018177073));
#4102=CARTESIAN_POINT('Ctrl Pts',(1.19012288063263,-0.326146785106783,4.18714128271972));
#4103=CARTESIAN_POINT('Ctrl Pts',(0.918846418964004,0.823892313719515,4.25863238366874));
#4104=CARTESIAN_POINT('Ctrl Pts',(-0.194584076401518,1.21852474080493,4.33012348461774));
#4105=CARTESIAN_POINT('Ctrl Pts',(-1.12962575739693,0.496748528311771,4.40161458556675));
#4106=CARTESIAN_POINT('Ctrl Pts',(-1.02954735804093,-0.680349225760581,
4.47310568651575));
#4107=CARTESIAN_POINT('Ctrl Pts',(0.0140034041097927,-1.23393241245216,
4.54459678746475));
#4108=CARTESIAN_POINT('Ctrl Pts',(1.04471065973644,-0.656802538256256,4.61608788841376));
#4109=CARTESIAN_POINT('Ctrl Pts',(1.11807734995865,0.522221048906363,4.68757898936276));
#4110=CARTESIAN_POINT('Ctrl Pts',(0.166863170362648,1.22268582084245,4.75907009031177));
#4111=CARTESIAN_POINT('Ctrl Pts',(-0.937258582433921,0.802716788296476,
4.83056119126077));
#4112=CARTESIAN_POINT('Ctrl Pts',(-1.18250113097755,-0.352843988958174,
4.90205229220978));
#4113=CARTESIAN_POINT('Ctrl Pts',(-0.344129115019534,-1.18506620704562,
4.97354339315878));
#4114=CARTESIAN_POINT('Ctrl Pts',(0.809593881506606,-0.931324394237846,
5.04503449410779));
#4115=CARTESIAN_POINT('Ctrl Pts',(1.2214256506688,0.175859877038686,5.11652559505679));
#4116=CARTESIAN_POINT('Ctrl Pts',(0.513973791143865,1.1218904244494,5.18801669600581));
#4117=CARTESIAN_POINT('Ctrl Pts',(-0.664470613120925,1.03984906627465,5.2595077969548));
#4118=CARTESIAN_POINT('Ctrl Pts',(-1.23401097646829,0.00491628183984844,
5.33099889790382));
#4119=CARTESIAN_POINT('Ctrl Pts',(-0.672734892166408,-1.0345216325447,5.40248999885281));
#4120=CARTESIAN_POINT('Ctrl Pts',(0.505018422177709,-1.12595011015254,5.47398109980182));
#4121=CARTESIAN_POINT('Ctrl Pts',(1.21998563400987,-0.185586386142081,5.54547220075082));
#4122=CARTESIAN_POINT('Ctrl Pts',(0.816988875177517,0.924844002966348,5.61696330169983));
#4123=CARTESIAN_POINT('Ctrl Pts',(-0.334675818296262,1.18777074836118,5.68845440264884));
#4124=CARTESIAN_POINT('Ctrl Pts',(-1.17965205957219,0.362254429563816,5.75994550359784));
#4125=CARTESIAN_POINT('Ctrl Pts',(-0.943624998515795,-0.795222682877432,
5.83143660454684));
#4126=CARTESIAN_POINT('Ctrl Pts',(0.157116137317716,-1.22397784819399,5.90292770549585));
#4127=CARTESIAN_POINT('Ctrl Pts',(1.11388002001357,-0.531110679973642,5.97441880644486));
#4128=CARTESIAN_POINT('Ctrl Pts',(1.04991243356069,0.648452878167642,6.04590990739386));
#4129=CARTESIAN_POINT('Ctrl Pts',(0.0238316558447466,1.23379062468842,6.11740100834288));
#4130=CARTESIAN_POINT('Ctrl Pts',(-1.02408784835309,0.688513857687045,6.18889210929186));
#4131=CARTESIAN_POINT('Ctrl Pts',(-1.13355915778974,-0.487699589052128,
6.26038321024088));
#4132=CARTESIAN_POINT('Ctrl Pts',(-0.204265534133365,-1.216997471214,6.33187431118988));
#4133=CARTESIAN_POINT('Ctrl Pts',(0.912211857075752,-0.831069660848973,
6.40336541213888));
#4134=CARTESIAN_POINT('Ctrl Pts',(1.1927613814656,0.316429360612438,6.47485651308789));
#4135=CARTESIAN_POINT('Ctrl Pts',(0.380294552803221,1.17396052168812,6.5463476140369));
#4136=CARTESIAN_POINT('Ctrl Pts',(-0.780664582577011,0.955703961948189,
6.6178387149859));
#4137=CARTESIAN_POINT('Ctrl Pts',(-1.22624244533652,-0.138335529162838,
6.6893298159349));
#4138=CARTESIAN_POINT('Ctrl Pts',(-0.54812275518481,-1.10560784124497,6.76082091688391));
#4139=CARTESIAN_POINT('Ctrl Pts',(0.6322827602852,-1.05972909954375,6.83231201783291));
#4140=CARTESIAN_POINT('Ctrl Pts',(1.23328035101526,-0.0427414222198352,
6.90380311878193));
#4141=CARTESIAN_POINT('Ctrl Pts',(0.704131030129436,1.01341341306625,6.97529421973092));
#4142=CARTESIAN_POINT('Ctrl Pts',(-0.470266152216784,1.14090183602838,7.04678532067993));
#4143=CARTESIAN_POINT('Ctrl Pts',(-1.21372333042866,0.222896681327561,7.11827642162893));
#4144=CARTESIAN_POINT('Ctrl Pts',(-0.844955155896637,-0.899365352844683,
7.18976752257795));
#4145=CARTESIAN_POINT('Ctrl Pts',(0.298108546091468,-1.19747173165837,7.26125862352693));
#4146=CARTESIAN_POINT('Ctrl Pts',(1.16799311860236,-0.398245311675039,7.33274972447596));
#4147=CARTESIAN_POINT('Ctrl Pts',(0.967558347510485,0.765923036301189,7.40424082542495));
#4148=CARTESIAN_POINT('Ctrl Pts',(-0.119522413965851,1.22821889170176,7.47573192637397));
#4149=CARTESIAN_POINT('Ctrl Pts',(-1.0970758592062,0.565006028746761,7.54722302732296));
#4150=CARTESIAN_POINT('Ctrl Pts',(-1.06929674314541,-0.615964064272168,
7.61871412827198));
#4151=CARTESIAN_POINT('Ctrl Pts',(-0.0616411449245617,-1.2324802727115,
7.69020522922098));
#4152=CARTESIAN_POINT('Ctrl Pts',(1.00250083897614,-0.719582741054629,7.76169633016998));
#4153=CARTESIAN_POINT('Ctrl Pts',(1.14797641736986,0.452722209033318,7.83318743111899));
#4154=CARTESIAN_POINT('Ctrl Pts',(0.24147545072856,1.21016398064257,7.90467853206799));
#4155=CARTESIAN_POINT('Ctrl Pts',(-0.886307509585181,0.858642097628824,
7.976169633017));
#4156=CARTESIAN_POINT('Ctrl Pts',(-1.20190069180453,-0.279717680018648,
8.047660733966));
#4157=CARTESIAN_POINT('Ctrl Pts',(-0.41610248807761,-1.16175125246428,8.11915183491501));
#4158=CARTESIAN_POINT('Ctrl Pts',(0.751001508073549,-0.979185369714421,
8.19064293586401));
#4159=CARTESIAN_POINT('Ctrl Pts',(1.22990672305175,0.100681212780028,8.26213403681302));
#4160=CARTESIAN_POINT('Ctrl Pts',(0.581756532870173,1.08828607840471,8.33362513776203));
#4161=CARTESIAN_POINT('Ctrl Pts',(-0.599500623933284,1.07861311683816,8.40511623871102));
#4162=CARTESIAN_POINT('Ctrl Pts',(-1.23139057946521,0.0805263813648713,
8.47660733966005));
#4163=CARTESIAN_POINT('Ctrl Pts',(-0.73486535630654,-0.991352687715912,
8.54809844060902));
#4164=CARTESIAN_POINT('Ctrl Pts',(0.435071875985903,-1.15478124447769,8.61958954155806));
#4165=CARTESIAN_POINT('Ctrl Pts',(1.20632026989358,-0.259997466867346,8.69108064250703));
#4166=CARTESIAN_POINT('Ctrl Pts',(0.872127247637,0.873041377245759,8.76257174345606));
#4167=CARTESIAN_POINT('Ctrl Pts',(-0.261261041819722,1.20604725632582,8.83406284440505));
#4168=CARTESIAN_POINT('Ctrl Pts',(-1.15523647034578,0.433861818853016,8.90555394535408));
#4169=CARTESIAN_POINT('Ctrl Pts',(-0.990582143453277,-0.735903376780618,
8.97704504630306));
#4170=CARTESIAN_POINT('Ctrl Pts',(0.081816061920965,-1.23130578546471,9.04853614725208));
#4171=CARTESIAN_POINT('Ctrl Pts',(1.07924111857169,-0.598369869347706,9.12002724820107));
#4172=CARTESIAN_POINT('Ctrl Pts',(1.08767497618611,0.582895428264094,9.19151834915009));
#4173=CARTESIAN_POINT('Ctrl Pts',(0.0993947027312949,1.23001320215694,9.26300945009908));
#4174=CARTESIAN_POINT('Ctrl Pts',(-0.979975403754042,0.749972096056848,
9.3345005510481));
#4175=CARTESIAN_POINT('Ctrl Pts',(-1.16130743642546,-0.417313229995891,
9.4059916519971));
#4176=CARTESIAN_POINT('Ctrl Pts',(-0.278472241017634,-1.20220465912618,
9.47748275294611));
#4177=CARTESIAN_POINT('Ctrl Pts',(0.859596467983576,-0.885385432670235,
9.5489738538951));
#4178=CARTESIAN_POINT('Ctrl Pts',(1.2098601966459,0.2427010739875,9.62046495484412));
#4179=CARTESIAN_POINT('Ctrl Pts',(0.451614827007935,1.1485300754772,9.69195605579312));
#4180=CARTESIAN_POINT('Ctrl Pts',(-0.720814549617223,1.00159402030011,9.76344715674212));
#4181=CARTESIAN_POINT('Ctrl Pts',(-1.23206711748994,-0.0626412423335271,
9.83493825769114));
#4182=CARTESIAN_POINT('Ctrl Pts',(-0.615518382072092,-1.07050262274493,
9.90642935864014));
#4183=CARTESIAN_POINT('Ctrl Pts',(0.567547225981318,-1.09535342511616,9.97792045958913));
#4184=CARTESIAN_POINT('Ctrl Pts',(1.00575313939203,-0.445734819665613,10.0255811935551));
#4185=CARTESIAN_POINT('Ctrl Pts',(1.03903098846544,-0.100013163065215,10.0494115605381));
#4186=CARTESIAN_POINT('Ctrl Pts',(-0.493581584468078,1.01585393951022,3.95058843946185));
#4187=CARTESIAN_POINT('Ctrl Pts',(-0.831591432807836,0.851622222704756,
3.97441880644486));
#4188=CARTESIAN_POINT('Ctrl Pts',(-1.32492636806759,0.162082637590553,4.02207954041086));
#4189=CARTESIAN_POINT('Ctrl Pts',(-0.853197626262423,-1.02819470498772,
4.09357064135986));
#4190=CARTESIAN_POINT('Ctrl Pts',(0.401504557201655,-1.27298853847613,4.16506174230887));
#4191=CARTESIAN_POINT('Ctrl Pts',(1.28770041523344,-0.352887384524375,4.23655284325787));
#4192=CARTESIAN_POINT('Ctrl Pts',(0.99418214244126,0.891442801200742,4.30804394420688));
#4193=CARTESIAN_POINT('Ctrl Pts',(-0.210537920123717,1.31843092863877,4.37953504515588));
#4194=CARTESIAN_POINT('Ctrl Pts',(-1.22224316541598,0.53747667285722,4.45102614610489));
#4195=CARTESIAN_POINT('Ctrl Pts',(-1.11395939194706,-0.736130692697834,
4.52251724705389));
#4196=CARTESIAN_POINT('Ctrl Pts',(0.0151515356777845,-1.33510186699378,
4.5940083480029));
#4197=CARTESIAN_POINT('Ctrl Pts',(1.13036592458948,-0.710653424955063,4.6654994489519));
#4198=CARTESIAN_POINT('Ctrl Pts',(1.20974791026582,0.565037671709071,4.73699054990092));
#4199=CARTESIAN_POINT('Ctrl Pts',(0.180544191914822,1.32293317338956,4.80848165084991));
#4200=CARTESIAN_POINT('Ctrl Pts',(-1.01410390928683,0.868531105842426,4.87997275179892));
#4201=CARTESIAN_POINT('Ctrl Pts',(-1.27945376242526,-0.381773477754274,
4.95146385274793));
#4202=CARTESIAN_POINT('Ctrl Pts',(-0.372344075990727,-1.28222914769992,
5.02295495369693));
#4203=CARTESIAN_POINT('Ctrl Pts',(0.875972048224409,-1.00768318019364,5.09444605464594));
#4204=CARTESIAN_POINT('Ctrl Pts',(1.32156968254145,0.190278533730257,5.16593715559494));
#4205=CARTESIAN_POINT('Ctrl Pts',(0.556114225720334,1.21387361668232,5.23742825654395));
#4206=CARTESIAN_POINT('Ctrl Pts',(-0.718950201151829,1.12510573169571,5.30891935749294));
#4207=CARTESIAN_POINT('Ctrl Pts',(-1.33518687243132,0.00531936514254911,
5.38041045844196));
#4208=CARTESIAN_POINT('Ctrl Pts',(-0.727892063989417,-1.11934150454082,
5.45190155939096));
#4209=CARTESIAN_POINT('Ctrl Pts',(0.546424610871339,-1.21826615383182,5.52339266033997));
#4210=CARTESIAN_POINT('Ctrl Pts',(1.3200115996915,-0.200802514081409,5.59488376128896));
#4211=CARTESIAN_POINT('Ctrl Pts',(0.883973353447306,1.00067146512876,5.66637486223798));
#4212=CARTESIAN_POINT('Ctrl Pts',(-0.362115708555734,1.28515543290269,5.73786596318698));
#4213=CARTESIAN_POINT('Ctrl Pts',(-1.27637109718839,0.391955475321612,5.80935706413598));
#4214=CARTESIAN_POINT('Ctrl Pts',(-1.02099230439762,-0.860422562752496,
5.88084816508499));
#4215=CARTESIAN_POINT('Ctrl Pts',(0.169998004875211,-1.32433113336844,5.95233926603399));
#4216=CARTESIAN_POINT('Ctrl Pts',(1.20520644349704,-0.574656158844235,6.02383036698302));
#4217=CARTESIAN_POINT('Ctrl Pts',(1.13599418905062,0.701619180728562,6.09532146793199));
#4218=CARTESIAN_POINT('Ctrl Pts',(0.025785600484109,1.33494845412759,6.16681256888103));
#4219=CARTESIAN_POINT('Ctrl Pts',(-1.10805225999755,0.744964738402731,6.23830366983));
#4220=CARTESIAN_POINT('Ctrl Pts',(-1.22649906319052,-0.527685815936724,
6.30979477077903));
#4221=CARTESIAN_POINT('Ctrl Pts',(-0.221013155365608,-1.31677843903587,
6.38128587172803));
#4222=CARTESIAN_POINT('Ctrl Pts',(0.987003616393708,-0.899208615159366,
6.45277697267703));
#4223=CARTESIAN_POINT('Ctrl Pts',(1.29055524532998,0.342373233624484,6.52426807362605));
#4224=CARTESIAN_POINT('Ctrl Pts',(0.411474698558371,1.27021291317572,6.59575917457504));
#4225=CARTESIAN_POINT('Ctrl Pts',(-0.844670851641876,1.03406161554238,6.66725027552405));
#4226=CARTESIAN_POINT('Ctrl Pts',(-1.32678140361216,-0.149677584763201,
6.73874137647305));
#4227=CARTESIAN_POINT('Ctrl Pts',(-0.593063044948094,-1.1962560332423,6.81023247742207));
#4228=CARTESIAN_POINT('Ctrl Pts',(0.684123283581768,-1.14661571819548,6.88172357837106));
#4229=CARTESIAN_POINT('Ctrl Pts',(1.33439634339053,-0.0462457684293078,
6.95321467932007));
#4230=CARTESIAN_POINT('Ctrl Pts',(0.761862354410373,1.09650263350525,7.02470578026907));
#4231=CARTESIAN_POINT('Ctrl Pts',(-0.508823020995847,1.23444376366698,7.09619688121808));
#4232=CARTESIAN_POINT('Ctrl Pts',(-1.31323585320929,0.241171860293192,7.16768798216708));
#4233=CARTESIAN_POINT('Ctrl Pts',(-0.914232574474469,-0.973103834193191,
7.23917908311609));
#4234=CARTESIAN_POINT('Ctrl Pts',(0.322550305379017,-1.2956517946005,7.3106701840651));
#4235=CARTESIAN_POINT('Ctrl Pts',(1.2637562459219,-0.43089723049113,7.38216128501409));
#4236=CARTESIAN_POINT('Ctrl Pts',(1.04688793579831,0.828720653919043,7.45365238596311));
#4237=CARTESIAN_POINT('Ctrl Pts',(-0.129321992374186,1.32891989775139,7.5251434869121));
#4238=CARTESIAN_POINT('Ctrl Pts',(-1.18702451858707,0.611330569024825,7.59663458786112));
#4239=CARTESIAN_POINT('Ctrl Pts',(-1.15696780774786,-0.666466626463404,
7.66812568881012));
#4240=CARTESIAN_POINT('Ctrl Pts',(-0.0666950692290201,-1.33353066709715,
7.73961678975912));
#4241=CARTESIAN_POINT('Ctrl Pts',(1.08469534333734,-0.778580942800053,7.81110789070813));
#4242=CARTESIAN_POINT('Ctrl Pts',(1.24209838612596,0.489840659350827,7.88259899165713));
#4243=CARTESIAN_POINT('Ctrl Pts',(0.261273893000503,1.30938467424946,7.95409009260614));
#4244=CARTESIAN_POINT('Ctrl Pts',(-0.958975385391019,0.929041701194598,
8.02558119355514));
#4245=CARTESIAN_POINT('Ctrl Pts',(-1.30044388280591,-0.302651582092659,
8.09707229450416));
#4246=CARTESIAN_POINT('Ctrl Pts',(-0.450218507178346,-1.25700261253779,
8.16856339545314));
#4247=CARTESIAN_POINT('Ctrl Pts',(0.812575717621007,-1.05946825129647,8.24005449640217));
#4248=CARTESIAN_POINT('Ctrl Pts',(1.33074611348558,0.108936011241226,8.31154559735115));
#4249=CARTESIAN_POINT('Ctrl Pts',(0.629454437968191,1.17751406838728,8.38303669830018));
#4250=CARTESIAN_POINT('Ctrl Pts',(-0.648653357509796,1.16704802590672,8.45452779924918));
#4251=CARTESIAN_POINT('Ctrl Pts',(-1.33235163048794,0.0871286960432879,
8.52601890019818));
#4252=CARTESIAN_POINT('Ctrl Pts',(-0.795116571453188,-1.0726331611539,8.59751000114719));
#4253=CARTESIAN_POINT('Ctrl Pts',(0.47074318499416,-1.24946113734681,8.66900110209619));
#4254=CARTESIAN_POINT('Ctrl Pts',(1.30522581972439,-0.281314519276165,8.74049220304519));
#4255=CARTESIAN_POINT('Ctrl Pts',(0.943632491395844,0.944621569999337,8.8119833039942));
#4256=CARTESIAN_POINT('Ctrl Pts',(-0.282681694058965,1.30493042192111,8.8834744049432));
#4257=CARTESIAN_POINT('Ctrl Pts',(-1.24995368693887,0.469433915928071,8.95496550589223));
#4258=CARTESIAN_POINT('Ctrl Pts',(-1.07179944038179,-0.796239698667381,
9.0264566068412));
#4259=CARTESIAN_POINT('Ctrl Pts',(0.088524116814205,-1.33225988427297,9.09794770779023));
#4260=CARTESIAN_POINT('Ctrl Pts',(1.16772751716446,-0.647429892964199,9.16943880873922));
#4261=CARTESIAN_POINT('Ctrl Pts',(1.1768528622266,0.630686710782628,9.24092990968824));
#4262=CARTESIAN_POINT('Ctrl Pts',(0.107544020925862,1.33086132275531,9.31242101063723));
#4263=CARTESIAN_POINT('Ctrl Pts',(-1.06032305980189,0.811461904666977,9.38391211158625));
#4264=CARTESIAN_POINT('Ctrl Pts',(-1.25652240826076,-0.451528517175013,
9.45540321253524));
#4265=CARTESIAN_POINT('Ctrl Pts',(-0.301304030218115,-1.3007727722447,9.52689431348426));
#4266=CARTESIAN_POINT('Ctrl Pts',(0.930074319861196,-0.95797770788598,9.59838541443325));
#4267=CARTESIAN_POINT('Ctrl Pts',(1.30905598316637,0.262600004450942,9.66987651538227));
#4268=CARTESIAN_POINT('Ctrl Pts',(0.48864248366906,1.2426974383636,9.74136761633126));
#4269=CARTESIAN_POINT('Ctrl Pts',(-0.779913746683868,1.08371417508601,9.81285871728028));
#4270=CARTESIAN_POINT('Ctrl Pts',(-1.3330836375013,-0.0677771640863955,
9.88434981822927));
#4271=CARTESIAN_POINT('Ctrl Pts',(-0.665984403019573,-1.15827255676688,
9.95584091917829));
#4272=CARTESIAN_POINT('Ctrl Pts',(0.614080117653258,-1.1851608630528,10.0273320201273));
#4273=CARTESIAN_POINT('Ctrl Pts',(1.08821429811433,-0.48228037768866,10.0749927540933));
#4274=CARTESIAN_POINT('Ctrl Pts',(1.1242205801271,-0.108213188489777,10.0988231210763));
#4275=CARTESIAN_POINT('Ctrl Pts',(-0.530983509300118,1.09283187766981,4.));
#4276=CARTESIAN_POINT('Ctrl Pts',(-0.894606588234205,0.916155242900864,
4.023830366983));
#4277=CARTESIAN_POINT('Ctrl Pts',(-1.42532475809234,0.174364705679214,4.071491100949));
#4278=CARTESIAN_POINT('Ctrl Pts',(-0.917850025153561,-1.10610778416004,
4.14298220189801));
#4279=CARTESIAN_POINT('Ctrl Pts',(0.431929199734378,-1.36945125735866,4.21447330284701));
#4280=CARTESIAN_POINT('Ctrl Pts',(1.38527794983424,-0.37962798394197,4.28596440379602));
#4281=CARTESIAN_POINT('Ctrl Pts',(1.06951786591852,0.958993288681971,4.35745550474503));
#4282=CARTESIAN_POINT('Ctrl Pts',(-0.226491763845914,1.4183371164726,4.42894660569403));
#4283=CARTESIAN_POINT('Ctrl Pts',(-1.31486057343503,0.578204817402669,4.50043770664304));
#4284=CARTESIAN_POINT('Ctrl Pts',(-1.19837142585318,-0.791912159635088,
4.57192880759204));
#4285=CARTESIAN_POINT('Ctrl Pts',(0.0162996672457737,-1.43627132153541,
4.64341990854105));
#4286=CARTESIAN_POINT('Ctrl Pts',(1.21602118944253,-0.764504311653872,4.71491100949004));
#4287=CARTESIAN_POINT('Ctrl Pts',(1.30141847057298,0.607854294511781,4.78640211043906));
#4288=CARTESIAN_POINT('Ctrl Pts',(0.194225213466998,1.42318052593668,4.85789321138805));
#4289=CARTESIAN_POINT('Ctrl Pts',(-1.09094923613974,0.934345423388375,4.92938431233707));
#4290=CARTESIAN_POINT('Ctrl Pts',(-1.37640639387297,-0.410702966550373,
5.00087541328607));
#4291=CARTESIAN_POINT('Ctrl Pts',(-0.40055903696192,-1.37939208835422,5.07236651423508));
#4292=CARTESIAN_POINT('Ctrl Pts',(0.942350214942212,-1.08404196614944,5.14385761518408));
#4293=CARTESIAN_POINT('Ctrl Pts',(1.42171371441411,0.20469719042183,5.21534871613309));
#4294=CARTESIAN_POINT('Ctrl Pts',(0.598254660296802,1.30585680891523,5.28683981708209));
#4295=CARTESIAN_POINT('Ctrl Pts',(-0.773429789182733,1.21036239711676,5.35833091803109));
#4296=CARTESIAN_POINT('Ctrl Pts',(-1.43636276839435,0.00572244844524869,
5.42982201898011));
#4297=CARTESIAN_POINT('Ctrl Pts',(-0.783049235812424,-1.20416137653693,
5.50131311992911));
#4298=CARTESIAN_POINT('Ctrl Pts',(0.587830799564969,-1.31058219751111,5.57280422087811));
#4299=CARTESIAN_POINT('Ctrl Pts',(1.42003756537313,-0.216018642020737,5.64429532182712));
#4300=CARTESIAN_POINT('Ctrl Pts',(0.950957831717097,1.07649892729117,5.71578642277611));
#4301=CARTESIAN_POINT('Ctrl Pts',(-0.389555598815208,1.3825401174442,5.78727752372514));
#4302=CARTESIAN_POINT('Ctrl Pts',(-1.3730901348046,0.421656521079407,5.85876862467413));
#4303=CARTESIAN_POINT('Ctrl Pts',(-1.09835961027945,-0.925622442627559,
5.93025972562314));
#4304=CARTESIAN_POINT('Ctrl Pts',(0.182879872432707,-1.4246844185429,6.00175082657213));
#4305=CARTESIAN_POINT('Ctrl Pts',(1.29653286698051,-0.618201637714827,6.07324192752116));
#4306=CARTESIAN_POINT('Ctrl Pts',(1.22207594454055,0.754785483289483,6.14473302847014));
#4307=CARTESIAN_POINT('Ctrl Pts',(0.0277395451234727,1.43610628356675,6.21622412941917));
#4308=CARTESIAN_POINT('Ctrl Pts',(-1.19201667164202,0.801415619118418,6.28771523036815));
#4309=CARTESIAN_POINT('Ctrl Pts',(-1.31943896859129,-0.567672042821319,
6.35920633131718));
#4310=CARTESIAN_POINT('Ctrl Pts',(-0.237760776597851,-1.41655940685774,
6.43069743226617));
#4311=CARTESIAN_POINT('Ctrl Pts',(1.06179537571167,-0.967347569469757,6.50218853321518));
#4312=CARTESIAN_POINT('Ctrl Pts',(1.38834910919436,0.368317106636527,6.57367963416418));
#4313=CARTESIAN_POINT('Ctrl Pts',(0.442654844313523,1.36646530466332,6.64517073511319));
#4314=CARTESIAN_POINT('Ctrl Pts',(-0.908677120706743,1.11241926913657,6.71666183606219));
#4315=CARTESIAN_POINT('Ctrl Pts',(-1.4273203618878,-0.161019640363562,6.78815293701119));
#4316=CARTESIAN_POINT('Ctrl Pts',(-0.638003334711378,-1.28690422523963,
6.85964403796021));
#4317=CARTESIAN_POINT('Ctrl Pts',(0.735963806878336,-1.2335023368472,6.9311351389092));
#4318=CARTESIAN_POINT('Ctrl Pts',(1.4355123357658,-0.0497501146387837,7.00262623985822));
#4319=CARTESIAN_POINT('Ctrl Pts',(0.819593678691309,1.17959185394426,7.07411734080722));
#4320=CARTESIAN_POINT('Ctrl Pts',(-0.547379889774908,1.32798569130559,7.14560844175622));
#4321=CARTESIAN_POINT('Ctrl Pts',(-1.41274837598993,0.259447039258825,7.21709954270523));
#4322=CARTESIAN_POINT('Ctrl Pts',(-0.983509993052301,-1.0468423155417,7.28859064365423));
#4323=CARTESIAN_POINT('Ctrl Pts',(0.346992064666565,-1.39383185754264,7.36008174460324));
#4324=CARTESIAN_POINT('Ctrl Pts',(1.35951937324144,-0.463549149307223,7.43157284555224));
#4325=CARTESIAN_POINT('Ctrl Pts',(1.12621752408614,0.891518271536897,7.50306394650125));
#4326=CARTESIAN_POINT('Ctrl Pts',(-0.139121570782523,1.42962090380103,7.57455504745025));
#4327=CARTESIAN_POINT('Ctrl Pts',(-1.27697317796793,0.657655109302888,7.64604614839927));
#4328=CARTESIAN_POINT('Ctrl Pts',(-1.24463887235032,-0.71696918865464,7.71753724934825));
#4329=CARTESIAN_POINT('Ctrl Pts',(-0.0717489935334765,-1.4345810614828,
7.78902835029728));
#4330=CARTESIAN_POINT('Ctrl Pts',(1.16688984769854,-0.837579144545478,7.86051945124626));
#4331=CARTESIAN_POINT('Ctrl Pts',(1.33622035488206,0.526959109668335,7.93201055219529));
#4332=CARTESIAN_POINT('Ctrl Pts',(0.281072335272443,1.40860536785635,8.00350165314428));
#4333=CARTESIAN_POINT('Ctrl Pts',(-1.03164326119685,0.99944130476037,8.07499275409329));
#4334=CARTESIAN_POINT('Ctrl Pts',(-1.39898707380729,-0.325585484166667,
8.1464838550423));
#4335=CARTESIAN_POINT('Ctrl Pts',(-0.484334526279081,-1.3522539726113,8.21797495599129));
#4336=CARTESIAN_POINT('Ctrl Pts',(0.874149927168464,-1.13975113287852,8.28946605694032));
#4337=CARTESIAN_POINT('Ctrl Pts',(1.43158550391941,0.117190809702425,8.36095715788929));
#4338=CARTESIAN_POINT('Ctrl Pts',(0.677152343066208,1.26674205836984,8.43244825883833));
#4339=CARTESIAN_POINT('Ctrl Pts',(-0.697806091086308,1.25548293497529,8.5039393597873));
#4340=CARTESIAN_POINT('Ctrl Pts',(-1.43331268151068,0.0937310107217037,
8.57543046073634));
#4341=CARTESIAN_POINT('Ctrl Pts',(-0.855367786599836,-1.15391363459188,
8.64692156168532));
#4342=CARTESIAN_POINT('Ctrl Pts',(0.506414494002417,-1.34414103021594,8.71841266263435));
#4343=CARTESIAN_POINT('Ctrl Pts',(1.40413136955519,-0.302631571684985,8.78990376358333));
#4344=CARTESIAN_POINT('Ctrl Pts',(1.01513773515469,1.01620176275292,8.86139486453235));
#4345=CARTESIAN_POINT('Ctrl Pts',(-0.304102346298207,1.4038135875164,8.93288596548134));
#4346=CARTESIAN_POINT('Ctrl Pts',(-1.34467090353196,0.505006013003128,9.00437706643037));
#4347=CARTESIAN_POINT('Ctrl Pts',(-1.15301673731031,-0.856576020554146,
9.07586816737935));
#4348=CARTESIAN_POINT('Ctrl Pts',(0.0952321717074447,-1.43321398308123,
9.14735926832838));
#4349=CARTESIAN_POINT('Ctrl Pts',(1.25621391575723,-0.696489916580691,9.21885036927736));
#4350=CARTESIAN_POINT('Ctrl Pts',(1.26603074826709,0.678477993301158,9.29034147022639));
#4351=CARTESIAN_POINT('Ctrl Pts',(0.115693339120429,1.43170944335368,9.36183257117537));
#4352=CARTESIAN_POINT('Ctrl Pts',(-1.14067071584974,0.872951713277105,9.43332367212439));
#4353=CARTESIAN_POINT('Ctrl Pts',(-1.35173738009606,-0.485743804354135,
9.50481477307338));
#4354=CARTESIAN_POINT('Ctrl Pts',(-0.324135819418594,-1.39934088536322,
9.57630587402241));
#4355=CARTESIAN_POINT('Ctrl Pts',(1.00055217173881,-1.03056998310172,9.64779697497139));
#4356=CARTESIAN_POINT('Ctrl Pts',(1.40825176968684,0.282498934914382,9.71928807592042));
#4357=CARTESIAN_POINT('Ctrl Pts',(0.525670140330186,1.33686480125,9.79077917686941));
#4358=CARTESIAN_POINT('Ctrl Pts',(-0.839012943750515,1.16583432987192,9.86227027781841));
#4359=CARTESIAN_POINT('Ctrl Pts',(-1.43410015751264,-0.0729130858392628,
9.93376137876743));
#4360=CARTESIAN_POINT('Ctrl Pts',(-0.716450423967054,-1.24604249078883,
10.0052524797164));
#4361=CARTESIAN_POINT('Ctrl Pts',(0.660613009325198,-1.27496830098944,10.0767435806654));
#4362=CARTESIAN_POINT('Ctrl Pts',(1.17067545683663,-0.518825935711705,10.1244043146314));
#4363=CARTESIAN_POINT('Ctrl Pts',(1.20941017178877,-0.116413213914339,10.1482346816144));
#4364=CARTESIAN_POINT('',(-0.680928413477445,-1.00626114687942,10.));
#4365=CARTESIAN_POINT('Ctrl Pts',(-0.681674939247609,-1.00816729741762,
10.));
#4366=CARTESIAN_POINT('Ctrl Pts',(-0.655605091273875,-1.0223296002985,10.));
#4367=CARTESIAN_POINT('Ctrl Pts',(-0.629038977359976,-1.03543782211026,
10.));
#4368=CARTESIAN_POINT('Ctrl Pts',(-0.602006487050623,-1.04743980276647,
10.));
#4369=CARTESIAN_POINT('Ctrl Pts',(-0.556210408606781,-1.0677725076458,10.));
#4370=CARTESIAN_POINT('Ctrl Pts',(-0.509076061755366,-1.08493325076103,
10.));
#4371=CARTESIAN_POINT('Ctrl Pts',(-0.460935176736488,-1.0989656505706,10.));
#4372=CARTESIAN_POINT('Ctrl Pts',(-0.421094577554569,-1.11057863226286,
10.));
#4373=CARTESIAN_POINT('Ctrl Pts',(-0.380563937936691,-1.12004796927002,
10.));
#4374=CARTESIAN_POINT('Ctrl Pts',(-0.339531580454885,-1.12737138395727,
10.));
#4375=CARTESIAN_POINT('Ctrl Pts',(-0.31960514642265,-1.13092783424704,10.));
#4376=CARTESIAN_POINT('Ctrl Pts',(-0.299560448664086,-1.13397784585936,
10.));
#4377=CARTESIAN_POINT('Ctrl Pts',(-0.279419656415373,-1.13651918087415,
10.));
#4378=CARTESIAN_POINT('Ctrl Pts',(-0.268226632730136,-1.13793149984658,
10.));
#4379=CARTESIAN_POINT('Ctrl Pts',(-0.257003939930678,-1.13918669358113,
10.));
#4380=CARTESIAN_POINT('Ctrl Pts',(-0.245755467123561,-1.14028421095289,
10.));
#4381=CARTESIAN_POINT('Ctrl Pts',(-0.236137336512909,-1.14122265527418,
10.));
#4382=CARTESIAN_POINT('Ctrl Pts',(-0.226508449491978,-1.14204498451263,
10.));
#4383=CARTESIAN_POINT('Ctrl Pts',(-0.216876541517625,-1.14275111508441,
10.));
#4384=CARTESIAN_POINT('Ctrl Pts',(-0.167785178523715,-1.14635008138612,
10.));
#4385=CARTESIAN_POINT('Ctrl Pts',(-0.118570361275987,-1.14693914271177,
10.));
#4386=CARTESIAN_POINT('Ctrl Pts',(-0.0695450307406635,-1.14454597696183,
10.));
#4387=CARTESIAN_POINT('Ctrl Pts',(-0.019134170315819,-1.14208517673313,
10.));
#4388=CARTESIAN_POINT('Ctrl Pts',(0.0310777898734866,-1.13647115443111,
10.));
#4389=CARTESIAN_POINT('Ctrl Pts',(0.0807318527678773,-1.12767929491363,
10.));
#4390=CARTESIAN_POINT('Ctrl Pts',(0.103249166297712,-1.12369232897921,10.));
#4391=CARTESIAN_POINT('Ctrl Pts',(0.125651362863487,-1.11905112144233,10.));
#4392=CARTESIAN_POINT('Ctrl Pts',(0.147902494509537,-1.11374987494965,10.));
#4393=CARTESIAN_POINT('Ctrl Pts',(0.160150542636889,-1.11083182461359,10.));
#4394=CARTESIAN_POINT('Ctrl Pts',(0.172352787521036,-1.10771375108735,10.));
#4395=CARTESIAN_POINT('Ctrl Pts',(0.184502971862343,-1.10439441865933,10.));
#4396=CARTESIAN_POINT('Ctrl Pts',(0.194856283135036,-1.10156597747033,10.));
#4397=CARTESIAN_POINT('Ctrl Pts',(0.205173394205741,-1.09859074970833,10.));
#4398=CARTESIAN_POINT('Ctrl Pts',(0.215429733063968,-1.09547460738498,10.));
#4399=CARTESIAN_POINT('Ctrl Pts',(0.260153288688084,-1.08188642875151,10.));
#4400=CARTESIAN_POINT('Ctrl Pts',(0.303813869945166,-1.06559893575301,10.));
#4401=CARTESIAN_POINT('Ctrl Pts',(0.346124686220375,-1.04660656678267,10.));
#4402=CARTESIAN_POINT('Ctrl Pts',(0.387072176219642,-1.02822616415897,10.));
#4403=CARTESIAN_POINT('Ctrl Pts',(0.426756234573427,-1.00731193022378,10.));
#4404=CARTESIAN_POINT('Ctrl Pts',(0.464886038100542,-0.983821182742713,
10.));
#4405=CARTESIAN_POINT('Ctrl Pts',(0.475890926901904,-0.977041366431669,
10.));
#4406=CARTESIAN_POINT('Ctrl Pts',(0.486766107026375,-0.970046705019127,
10.));
#4407=CARTESIAN_POINT('Ctrl Pts',(0.497503955874809,-0.962835642378097,
10.));
#4408=CARTESIAN_POINT('Ctrl Pts',(0.516470049905548,-0.950098855518663,
10.));
#4409=CARTESIAN_POINT('Ctrl Pts',(0.535007849211469,-0.936686977314931,
10.));
#4410=CARTESIAN_POINT('Ctrl Pts',(0.553095297451955,-0.92262950602089,10.));
#4411=CARTESIAN_POINT('Ctrl Pts',(0.563784866789075,-0.91432162797727,10.));
#4412=CARTESIAN_POINT('Ctrl Pts',(0.574322333745229,-0.905783521959291,
9.99999999999999));
#4413=CARTESIAN_POINT('Ctrl Pts',(0.584674236144143,-0.897046024953829,
9.99999999999999));
#4414=CARTESIAN_POINT('Ctrl Pts',(0.619404552025957,-0.867731989782097,
9.99999999999999));
#4415=CARTESIAN_POINT('Ctrl Pts',(0.652100768364876,-0.83614047425051,10.));
#4416=CARTESIAN_POINT('Ctrl Pts',(0.68264031761581,-0.802546347382836,10.));
#4417=CARTESIAN_POINT('Ctrl Pts',(0.713211766332248,-0.768917130452687,
10.));
#4418=CARTESIAN_POINT('Ctrl Pts',(0.741622495657963,-0.733279889095546,
10.));
#4419=CARTESIAN_POINT('Ctrl Pts',(0.767703176478646,-0.695887166045206,
10.));
#4420=CARTESIAN_POINT('Ctrl Pts',(0.783007197060182,-0.673945292399474,
10.));
#4421=CARTESIAN_POINT('Ctrl Pts',(0.797508007549137,-0.651398613922371,
10.));
#4422=CARTESIAN_POINT('Ctrl Pts',(0.811163028708585,-0.628296993548923,
10.));
#4423=CARTESIAN_POINT('Ctrl Pts',(0.816156259540324,-0.619849425305355,
10.));
#4424=CARTESIAN_POINT('Ctrl Pts',(0.821036333187946,-0.611327653697738,
10.));
#4425=CARTESIAN_POINT('Ctrl Pts',(0.825800945918785,-0.602734130340897,
10.));
#4426=CARTESIAN_POINT('Ctrl Pts',(0.830918069057707,-0.59350481419322,10.));
#4427=CARTESIAN_POINT('Ctrl Pts',(0.835898163511076,-0.584199533726887,
10.));
#4428=CARTESIAN_POINT('Ctrl Pts',(0.840735661787405,-0.574828300131785,
10.));
#4429=CARTESIAN_POINT('Ctrl Pts',(0.859956381857387,-0.537593794328812,
10.));
#4430=CARTESIAN_POINT('Ctrl Pts',(0.876947569591215,-0.499285409703299,
10.));
#4431=CARTESIAN_POINT('Ctrl Pts',(0.891568514368884,-0.460106658283158,
10.));
#4432=CARTESIAN_POINT('Ctrl Pts',(0.903705702422248,-0.427583460848711,
10.));
#4433=CARTESIAN_POINT('Ctrl Pts',(0.91420891153837,-0.394460075217622,10.));
#4434=CARTESIAN_POINT('Ctrl Pts',(0.922974991034123,-0.360853939620491,
10.));
#4435=CARTESIAN_POINT('Ctrl Pts',(0.925652340610292,-0.350589901638491,
10.));
#4436=CARTESIAN_POINT('Ctrl Pts',(0.928167482712547,-0.340280244364738,
10.));
#4437=CARTESIAN_POINT('Ctrl Pts',(0.930514043143578,-0.329943762837043,
10.));
#4438=CARTESIAN_POINT('Ctrl Pts',(0.93975592114977,-0.289233751695241,10.));
#4439=CARTESIAN_POINT('Ctrl Pts',(0.946402251797909,-0.248050183748727,
10.));
#4440=CARTESIAN_POINT('Ctrl Pts',(0.950288305780877,-0.206601771768824,
10.));
#4441=CARTESIAN_POINT('Ctrl Pts',(0.953860045615176,-0.168505815102793,
10.));
#4442=CARTESIAN_POINT('Ctrl Pts',(0.955099588689457,-0.130185596311166,
10.));
#4443=CARTESIAN_POINT('Ctrl Pts',(0.953841396803776,-0.0918131376406528,
10.));
#4444=CARTESIAN_POINT('Ctrl Pts',(-1.21674024211424,-0.000278746443596781,
9.93010734985006));
#4445=CARTESIAN_POINT('Ctrl Pts',(-1.21682722486874,-0.0208565037865142,
9.93132535948918));
#4446=CARTESIAN_POINT('Ctrl Pts',(-1.2163547286221,-0.0414309123007103,
9.9325433691283));
#4447=CARTESIAN_POINT('Ctrl Pts',(-1.21531066629469,-0.0619767507123333,
9.93376137876742));
#4448=CARTESIAN_POINT('Ctrl Pts',(-1.19638436587063,-0.434422628736943,
9.95584091917828));
#4449=CARTESIAN_POINT('Ctrl Pts',(-0.989636672997489,-0.797480132208479,
9.97792045958914));
#4450=CARTESIAN_POINT('Ctrl Pts',(-0.681674939247594,-1.00816729741763,
10.));
#4451=CARTESIAN_POINT('',(-0.556433207999845,-0.780144311992981,4.));
#4452=CARTESIAN_POINT('Ctrl Pts',(-0.557636739950291,-0.781220518831631,
4.));
#4453=CARTESIAN_POINT('Ctrl Pts',(-0.578585430147616,-0.770177523578458,
4.));
#4454=CARTESIAN_POINT('Ctrl Pts',(-0.599055786115247,-0.758327965102321,
4.));
#4455=CARTESIAN_POINT('Ctrl Pts',(-0.6189957073658,-0.745682679550118,4.));
#4456=CARTESIAN_POINT('Ctrl Pts',(-0.655244497901668,-0.722694810065159,
4.));
#4457=CARTESIAN_POINT('Ctrl Pts',(-0.689741853071949,-0.697080922174388,
4.));
#4458=CARTESIAN_POINT('Ctrl Pts',(-0.722408504702773,-0.669156699206866,
4.));
#4459=CARTESIAN_POINT('Ctrl Pts',(-0.736869041597873,-0.656795491787988,
4.));
#4460=CARTESIAN_POINT('Ctrl Pts',(-0.750970599096301,-0.643980785624162,
4.));
#4461=CARTESIAN_POINT('Ctrl Pts',(-0.764704895256176,-0.63073657781039,
4.));
#4462=CARTESIAN_POINT('Ctrl Pts',(-0.772429135656458,-0.623287965673734,
4.));
#4463=CARTESIAN_POINT('Ctrl Pts',(-0.780031297382202,-0.615709071370192,
4.));
#4464=CARTESIAN_POINT('Ctrl Pts',(-0.787506562974617,-0.608008611805311,
4.));
#4465=CARTESIAN_POINT('Ctrl Pts',(-0.817771762351483,-0.576831666833467,
4.));
#4466=CARTESIAN_POINT('Ctrl Pts',(-0.84597829481456,-0.543646970227146,
4.));
#4467=CARTESIAN_POINT('Ctrl Pts',(-0.872045157948337,-0.50875889403239,
4.));
#4468=CARTESIAN_POINT('Ctrl Pts',(-0.890221807945494,-0.484431135574775,
4.));
#4469=CARTESIAN_POINT('Ctrl Pts',(-0.907357719338739,-0.459273950750653,
4.));
#4470=CARTESIAN_POINT('Ctrl Pts',(-0.92341785305276,-0.433377857130256,
4.));
#4471=CARTESIAN_POINT('Ctrl Pts',(-0.930154406702126,-0.422515530135401,
4.));
#4472=CARTESIAN_POINT('Ctrl Pts',(-0.936703563740846,-0.411519258787907,
4.));
#4473=CARTESIAN_POINT('Ctrl Pts',(-0.943048483030588,-0.400420653859567,
4.));
#4474=CARTESIAN_POINT('Ctrl Pts',(-0.966198390604079,-0.359926572445302,
4.));
#4475=CARTESIAN_POINT('Ctrl Pts',(-0.986669906828824,-0.318016679591446,
4.));
#4476=CARTESIAN_POINT('Ctrl Pts',(-1.00437076734411,-0.275034320419364,
4.));
#4477=CARTESIAN_POINT('Ctrl Pts',(-1.02183283184738,-0.232631820963604,
4.));
#4478=CARTESIAN_POINT('Ctrl Pts',(-1.03659918420239,-0.189184410751956,
4.));
#4479=CARTESIAN_POINT('Ctrl Pts',(-1.048545467308,-0.144981563138181,4.));
#4480=CARTESIAN_POINT('Ctrl Pts',(-1.05464113409672,-0.122426779546958,
4.));
#4481=CARTESIAN_POINT('Ctrl Pts',(-1.06000192226975,-0.099674769238228,
4.));
#4482=CARTESIAN_POINT('Ctrl Pts',(-1.06460675495318,-0.0767613920378736,
4.));
#4483=CARTESIAN_POINT('Ctrl Pts',(-1.06668214179888,-0.0664343888867867,
4.));
#4484=CARTESIAN_POINT('Ctrl Pts',(-1.06860392710456,-0.0560745896531721,
4.));
#4485=CARTESIAN_POINT('Ctrl Pts',(-1.070369946134,-0.0456852042718026,4.));
#4486=CARTESIAN_POINT('Ctrl Pts',(-1.07182751193177,-0.0371104309883118,
4.));
#4487=CARTESIAN_POINT('Ctrl Pts',(-1.07317871600277,-0.0285163394715385,
4.));
#4488=CARTESIAN_POINT('Ctrl Pts',(-1.07442077118809,-0.01991778682177,4.));
#4489=CARTESIAN_POINT('Ctrl Pts',(-1.08117817733999,0.0268626729032359,
4.));
#4490=CARTESIAN_POINT('Ctrl Pts',(-1.08472587961096,0.0738725411331573,
4.));
#4491=CARTESIAN_POINT('Ctrl Pts',(-1.084952455645,0.120798525924295,4.));
#4492=CARTESIAN_POINT('Ctrl Pts',(-1.08496964939162,0.124359509308114,4.));
#4493=CARTESIAN_POINT('Ctrl Pts',(-1.08496769744866,0.12792002323202,4.));
#4494=CARTESIAN_POINT('Ctrl Pts',(-1.08494654053556,0.131479936969534,4.));
#4495=CARTESIAN_POINT('Ctrl Pts',(-1.08467776862502,0.176704153368349,4.));
#4496=CARTESIAN_POINT('Ctrl Pts',(-1.08131390781601,0.221830644145796,4.));
#4497=CARTESIAN_POINT('Ctrl Pts',(-1.07504523055103,0.266652123851018,4.));
#4498=CARTESIAN_POINT('Ctrl Pts',(-1.07189360765321,0.289186447406329,4.));
#4499=CARTESIAN_POINT('Ctrl Pts',(-1.06800693158046,0.311643841214805,4.));
#4500=CARTESIAN_POINT('Ctrl Pts',(-1.06340460901268,0.333998411712638,4.));
#4501=CARTESIAN_POINT('Ctrl Pts',(-1.06104052162287,0.345481343958323,4.));
#4502=CARTESIAN_POINT('Ctrl Pts',(-1.0584875538511,0.356937145564588,4.));
#4503=CARTESIAN_POINT('Ctrl Pts',(-1.05574802501881,0.368362288099416,4.));
#4504=CARTESIAN_POINT('Ctrl Pts',(-1.05328207208312,0.378646488594892,4.));
#4505=CARTESIAN_POINT('Ctrl Pts',(-1.05066437150463,0.388907404407155,4.));
#4506=CARTESIAN_POINT('Ctrl Pts',(-1.0479025431187,0.399121802126551,4.));
#4507=CARTESIAN_POINT('Ctrl Pts',(-1.03552983776561,0.444881246842626,4.));
#4508=CARTESIAN_POINT('Ctrl Pts',(-1.02024779108778,0.489799765751465,4.));
#4509=CARTESIAN_POINT('Ctrl Pts',(-1.00228140429139,0.533651175493542,4.));
#4510=CARTESIAN_POINT('Ctrl Pts',(-0.983908468967364,0.578494867449461,
4.));
#4511=CARTESIAN_POINT('Ctrl Pts',(-0.962728135706722,0.622223621206047,
4.));
#4512=CARTESIAN_POINT('Ctrl Pts',(-0.938926258673386,0.664597053635743,
4.));
#4513=CARTESIAN_POINT('Ctrl Pts',(-0.926747096982153,0.686279078303421,
4.));
#4514=CARTESIAN_POINT('Ctrl Pts',(-0.91388069340218,0.70760617394168,4.));
#4515=CARTESIAN_POINT('Ctrl Pts',(-0.900346878774513,0.728544920686828,
4.));
#4516=CARTESIAN_POINT('Ctrl Pts',(-0.890897160669779,0.743164986030679,
4.));
#4517=CARTESIAN_POINT('Ctrl Pts',(-0.881121992349111,0.757595701622903,
4.));
#4518=CARTESIAN_POINT('Ctrl Pts',(-0.871027210441294,0.771825254108385,
4.));
#4519=CARTESIAN_POINT('Ctrl Pts',(-0.865693963229927,0.779342971856544,
4.));
#4520=CARTESIAN_POINT('Ctrl Pts',(-0.860271601627441,0.786804196174065,
4.));
#4521=CARTESIAN_POINT('Ctrl Pts',(-0.85476960596054,0.794196023838054,4.));
#4522=CARTESIAN_POINT('Ctrl Pts',(-0.824625264160839,0.834694379910606,
4.));
#4523=CARTESIAN_POINT('Ctrl Pts',(-0.792033456050526,0.873197999916648,
4.));
#4524=CARTESIAN_POINT('Ctrl Pts',(-0.757205523559102,0.909457592549827,
4.));
#4525=CARTESIAN_POINT('Ctrl Pts',(-0.722631038373415,0.945453319503863,
4.));
#4526=CARTESIAN_POINT('Ctrl Pts',(-0.685852309563343,0.979238640452388,
4.));
#4527=CARTESIAN_POINT('Ctrl Pts',(-0.647028915863576,1.01055228468515,4.));
#4528=CARTESIAN_POINT('Ctrl Pts',(-0.610157553140982,1.04029148635312,4.));
#4529=CARTESIAN_POINT('Ctrl Pts',(-0.571441262211155,1.06780201065029,4.));
#4530=CARTESIAN_POINT('Ctrl Pts',(-0.53098350930012,1.09283187766981,4.));
#4531=CARTESIAN_POINT('Ctrl Pts',(-0.557636739950283,-0.781220518831637,
4.));
#4532=CARTESIAN_POINT('Ctrl Pts',(-0.317182895192567,-0.950883828856733,
4.02207954041086));
#4533=CARTESIAN_POINT('Ctrl Pts',(0.359069160063958,-1.06094470901749,4.06798944780473));
#4534=CARTESIAN_POINT('Ctrl Pts',(1.09254534603183,-0.29940618568919,4.13772972218158));
#4535=CARTESIAN_POINT('Ctrl Pts',(0.843510695486748,0.756341826238287,4.20922082313059));
#4536=CARTESIAN_POINT('Ctrl Pts',(-0.17863023267932,1.11861855297109,4.28071192407959));
#4537=CARTESIAN_POINT('Ctrl Pts',(-0.869627963765254,0.585224443038332,
4.33826253911461));
#4538=CARTESIAN_POINT('Ctrl Pts',(-0.95739164735527,0.133209087442462,4.37198278716662));
#4539=CARTESIAN_POINT('Ctrl Pts',(-0.956856637264177,0.000436507608001305,
4.38187266823563));
#4540=CARTESIAN_POINT('Origin',(0.,0.,3.16812733176438));
#4541=CARTESIAN_POINT('',(0.55643320799984,-0.780144311992984,4.));
#4542=CARTESIAN_POINT('Origin',(0.,0.,4.));
#4543=CARTESIAN_POINT('Ctrl Pts',(0.556433207999842,-0.780144311992983,
4.));
#4544=CARTESIAN_POINT('Ctrl Pts',(0.816014285873115,-0.594999679549157,
4.023830366983));
#4545=CARTESIAN_POINT('Ctrl Pts',(1.13133584896639,0.0515608030007506,4.071491100949));
#4546=CARTESIAN_POINT('Ctrl Pts',(0.568545080143425,0.980716351422961,4.14298220189801));
#4547=CARTESIAN_POINT('Ctrl Pts',(-0.51572411663864,1.00827096176234,4.21447330284701));
#4548=CARTESIAN_POINT('Ctrl Pts',(-0.943758415120365,0.381751483242546,
4.26452167946914));
#4549=CARTESIAN_POINT('Ctrl Pts',(-0.95964007004486,0.0324445061986592,
4.29073968910826));
#4550=CARTESIAN_POINT('Ctrl Pts',(-0.959423164117695,0.000612264244552571,
4.29312733176438));
#4551=CARTESIAN_POINT('Ctrl Pts',(0.705521886480344,-0.98917332540724,3.85176531838556));
#4552=CARTESIAN_POINT('Ctrl Pts',(1.03465416888685,-0.754421717351678,3.87559568536856));
#4553=CARTESIAN_POINT('Ctrl Pts',(1.43446183824072,0.0653758159623117,3.92325641933457));
#4554=CARTESIAN_POINT('Ctrl Pts',(0.720878969344414,1.24348590344783,3.99474752028358));
#4555=CARTESIAN_POINT('Ctrl Pts',(-0.653905350081841,1.27842339529481,4.06623862123257));
#4556=CARTESIAN_POINT('Ctrl Pts',(-1.42914863034743,0.143689526068009,4.13772972218158));
#4557=CARTESIAN_POINT('Ctrl Pts',(-0.894923751273129,-1.12367616553438,
4.20922082313058));
#4558=CARTESIAN_POINT('Ctrl Pts',(0.459474602109709,-1.36083116566992,4.28071192407959));
#4559=CARTESIAN_POINT('Ctrl Pts',(1.39277583194001,-0.351218633700614,4.3522030250286));
#4560=CARTESIAN_POINT('Ctrl Pts',(1.04979680807888,0.980380286715,4.4236941259776));
#4561=CARTESIAN_POINT('Ctrl Pts',(-0.255202206038954,1.41351075293398,4.49518522692661));
#4562=CARTESIAN_POINT('Ctrl Pts',(-1.3263336747274,0.551373949957225,4.56667632787561));
#4563=CARTESIAN_POINT('Ctrl Pts',(-1.18205004000622,-0.81604806977402,4.63816742882462));
#4564=CARTESIAN_POINT('Ctrl Pts',(0.0454361944347987,-1.4356537368524,4.70965852977362));
#4565=CARTESIAN_POINT('Ctrl Pts',(1.2312848785466,-0.739668182321032,4.78114963072263));
#4566=CARTESIAN_POINT('Ctrl Pts',(1.28881576175293,0.634133491441896,4.85264073167163));
#4567=CARTESIAN_POINT('Ctrl Pts',(0.165308219965973,1.42682974829554,4.92413183262064));
#4568=CARTESIAN_POINT('Ctrl Pts',(-1.10968345149513,0.912016125851707,4.99562293356964));
#4569=CARTESIAN_POINT('Ctrl Pts',(-1.36778935701446,-0.438546422184859,
5.06711403451865));
#4570=CARTESIAN_POINT('Ctrl Pts',(-0.372487662052111,-1.38723590254154,
5.13860513546765));
#4571=CARTESIAN_POINT('Ctrl Pts',(0.964152282048678,-1.06469761537416,5.21009623641666));
#4572=CARTESIAN_POINT('Ctrl Pts',(1.41726747870233,0.233502690779571,5.28158733736566));
#4573=CARTESIAN_POINT('Ctrl Pts',(0.571634609179145,1.31772700660458,5.35307843831468));
#4574=CARTESIAN_POINT('Ctrl Pts',(-0.797829750853088,1.1944196490134,5.42456953926367));
#4575=CARTESIAN_POINT('Ctrl Pts',(-1.43618311389026,-0.0234236649225969,
5.49606064021269));
#4576=CARTESIAN_POINT('Ctrl Pts',(-0.758454606046502,-1.21980212028618,
5.56755174116168));
#4577=CARTESIAN_POINT('Ctrl Pts',(0.614302513409979,-1.29838477612057,5.63904284211069));
#4578=CARTESIAN_POINT('Ctrl Pts',(1.42412835168712,-0.187160471032603,5.7105339430597));
#4579=CARTESIAN_POINT('Ctrl Pts',(0.928918998878274,1.09557295386527,5.7820250440087));
#4580=CARTESIAN_POINT('Ctrl Pts',(-0.417528222743381,1.37435104224611,5.85351614495771));
#4581=CARTESIAN_POINT('Ctrl Pts',(-1.38136314456055,0.393708606476336,5.9250072459067));
#4582=CARTESIAN_POINT('Ctrl Pts',(-1.07935182924183,-0.947718435323076,
5.99649834685572));
#4583=CARTESIAN_POINT('Ctrl Pts',(0.211750194729888,-1.42068028036759,6.06798944780472));
#4584=CARTESIAN_POINT('Ctrl Pts',(1.30880969754638,-0.591766659738295,6.13948054875373));
#4585=CARTESIAN_POINT('Ctrl Pts',(1.20650910647961,0.779426956134934,6.21097164970274));
#4586=CARTESIAN_POINT('Ctrl Pts',(-0.00140590502311111,1.43637342895448,
6.28246275065173));
#4587=CARTESIAN_POINT('Ctrl Pts',(-1.2080325807328,0.777063631795733,6.35395385160075));
#4588=CARTESIAN_POINT('Ctrl Pts',(-1.30764876274323,-0.594327617789869,
6.42544495254974));
#4589=CARTESIAN_POINT('Ctrl Pts',(-0.208968702154971,-1.42109207495233,
6.49693605349875));
#4590=CARTESIAN_POINT('Ctrl Pts',(1.08120499016961,-0.945603708328397,6.56842715444776));
#4591=CARTESIAN_POINT('Ctrl Pts',(1.38058978404296,0.396411972786333,6.63991825539676));
#4592=CARTESIAN_POINT('Ctrl Pts',(0.414837028809874,1.37516575128253,6.71140935634577));
#4593=CARTESIAN_POINT('Ctrl Pts',(-0.931061884227044,1.09375242706554,6.78290045729478));
#4594=CARTESIAN_POINT('Ctrl Pts',(-1.42375924247047,-0.18994794932323,6.85439155824377));
#4595=CARTESIAN_POINT('Ctrl Pts',(-0.611759652093922,-1.29958483064482,
6.92588265919278));
#4596=CARTESIAN_POINT('Ctrl Pts',(0.760841005911749,-1.21831505272462,6.99737376014179));
#4597=CARTESIAN_POINT('Ctrl Pts',(1.43622621541533,-0.0206121839192822,
7.06886486109079));
#4598=CARTESIAN_POINT('Ctrl Pts',(0.795490057707323,1.19597916874043,7.14035596203979));
#4599=CARTESIAN_POINT('Ctrl Pts',(-0.574213062945532,1.31660546949906,7.21184706298881));
#4600=CARTESIAN_POINT('Ctrl Pts',(-1.41772186033418,0.230727828193018,7.2833381639378));
#4601=CARTESIAN_POINT('Ctrl Pts',(-0.962066213346663,-1.06658295744376,
7.35482926488681));
#4602=CARTESIAN_POINT('Ctrl Pts',(0.375202571228849,-1.38650410548074,7.42632036583582));
#4603=CARTESIAN_POINT('Ctrl Pts',(1.36864521217333,-0.435867969879132,7.49781146678482));
#4604=CARTESIAN_POINT('Ctrl Pts',(1.10789600747576,0.914186545839886,7.56930256773383));
#4605=CARTESIAN_POINT('Ctrl Pts',(-0.168101068650841,1.42650363991349,7.64079366868283));
#4606=CARTESIAN_POINT('Ctrl Pts',(-1.29005457842634,0.63160888898947,7.71228476963184));
#4607=CARTESIAN_POINT('Ctrl Pts',(-1.22983471098656,-0.742076268079009,
7.78377587058084));
#4608=CARTESIAN_POINT('Ctrl Pts',(-0.0426254292605303,-1.43574150762568,
7.85526697152985));
#4609=CARTESIAN_POINT('Ctrl Pts',(1.18364471738049,-0.813729553955749,7.92675807247885));
#4610=CARTESIAN_POINT('Ctrl Pts',(1.32525279134899,0.553963575636457,7.99824917342787));
#4611=CARTESIAN_POINT('Ctrl Pts',(0.252432736164326,1.41401849967767,8.06974027437686));
#4612=CARTESIAN_POINT('Ctrl Pts',(-1.05171029164678,0.978302645626828,8.14123137532587));
#4613=CARTESIAN_POINT('Ctrl Pts',(-1.39209261696058,-0.35390500229202,8.21272247627487));
#4614=CARTESIAN_POINT('Ctrl Pts',(-0.456796487257553,-1.36180305893216,
8.28421357722388));
#4615=CARTESIAN_POINT('Ctrl Pts',(0.897096384782154,-1.12177924794173,8.35570467817288));
#4616=CARTESIAN_POINT('Ctrl Pts',(1.4289128294599,0.146214688388326,8.4271957791219));
#4617=CARTESIAN_POINT('Ctrl Pts',(0.651309702944159,1.28022117667115,8.49868688007089));
#4618=CARTESIAN_POINT('Ctrl Pts',(-0.723137146059741,1.24106538134667,8.5701779810199));
#4619=CARTESIAN_POINT('Ctrl Pts',(-1.43491943099244,0.0646286447593863,
8.64166908196891));
#4620=CARTESIAN_POINT('Ctrl Pts',(-0.831777812592984,-1.17103209954267,
8.7131601829179));
#4621=CARTESIAN_POINT('Ctrl Pts',(0.533583872522147,-1.33358874491255,8.78465128386693));
#4622=CARTESIAN_POINT('Ctrl Pts',(1.40998294261227,-0.274078233134527,8.85614238481591));
#4623=CARTESIAN_POINT('Ctrl Pts',(0.994309038693685,1.03659031144492,8.92763348576493));
#4624=CARTESIAN_POINT('Ctrl Pts',(-0.332523982931157,1.39735434070485,8.99912458671393));
#4625=CARTESIAN_POINT('Ctrl Pts',(-1.35464144703916,0.477617024444523,9.07061568766294));
#4626=CARTESIAN_POINT('Ctrl Pts',(-1.13539784352801,-0.879794201398786,
9.14210678861194));
#4627=CARTESIAN_POINT('Ctrl Pts',(0.124291966891512,-1.43098855908315,9.21359788956094));
#4628=CARTESIAN_POINT('Ctrl Pts',(1.27009071417289,-0.670853059305193,9.28508899050996));
#4629=CARTESIAN_POINT('Ctrl Pts',(1.25199723264123,0.704019704330679,9.35658009145895));
#4630=CARTESIAN_POINT('Ctrl Pts',(0.0866303511739345,1.43377614259948,9.42807119240795));
#4631=CARTESIAN_POINT('Ctrl Pts',(-1.1581703424868,0.84960020272991,9.49956229335697));
#4632=CARTESIAN_POINT('Ctrl Pts',(-1.34156175351657,-0.51302088938364,9.57105339430597));
#4633=CARTESIAN_POINT('Ctrl Pts',(-0.295753707437972,-1.40572628563299,
9.64254449525497));
#4634=CARTESIAN_POINT('Ctrl Pts',(1.02140658994874,-1.00987180648579,9.71403559620398));
#4635=CARTESIAN_POINT('Ctrl Pts',(1.40194384295039,0.31066387900148,9.78552669715298));
#4636=CARTESIAN_POINT('Ctrl Pts',(0.498992900642013,1.34793537145718,9.85701779810199));
#4637=CARTESIAN_POINT('Ctrl Pts',(-0.863667424951373,1.14718496405747,9.928508899051));
#4638=CARTESIAN_POINT('Ctrl Pts',(-1.24071700827955,0.316674410353345,9.976169633017));
#4639=CARTESIAN_POINT('Ctrl Pts',(-1.21191192277757,-0.0865707307903654,
10.));
#4640=CARTESIAN_POINT('Ctrl Pts',(0.655825660320176,-0.919496987602488,
3.90117687892371));
#4641=CARTESIAN_POINT('Ctrl Pts',(0.96177420788227,-0.701281038084171,3.92500724590671));
#4642=CARTESIAN_POINT('Ctrl Pts',(1.33341984181594,0.0607708116417913,3.97266797987272));
#4643=CARTESIAN_POINT('Ctrl Pts',(0.670101006277418,1.15589605277287,4.04415908082171));
#4644=CARTESIAN_POINT('Ctrl Pts',(-0.607844938934107,1.18837258411732,4.11565018177073));
#4645=CARTESIAN_POINT('Ctrl Pts',(-1.32848089074751,0.13356818565155,4.18714128271972));
#4646=CARTESIAN_POINT('Ctrl Pts',(-0.831886255212938,-1.04452558789352,
4.25863238366874));
#4647=CARTESIAN_POINT('Ctrl Pts',(0.427109690150411,-1.26497563705929,4.33012348461774));
#4648=CARTESIAN_POINT('Ctrl Pts',(1.29467015434039,-0.326479159296592,4.40161458556674));
#4649=CARTESIAN_POINT('Ctrl Pts',(0.975850215356168,0.911323321388784,4.47310568651575));
#4650=CARTESIAN_POINT('Ctrl Pts',(-0.237226028700004,1.3139445291162,4.54459678746475));
#4651=CARTESIAN_POINT('Ctrl Pts',(-1.2329081134143,0.512535743742809,4.61608788841376));
#4652=CARTESIAN_POINT('Ctrl Pts',(-1.09878766750372,-0.758566494488847,
4.68757898936276));
#4653=CARTESIAN_POINT('Ctrl Pts',(0.0422357162671432,-1.334527784332,4.75907009031177));
#4654=CARTESIAN_POINT('Ctrl Pts',(1.14455445534582,-0.687566726680168,4.83056119126077));
#4655=CARTESIAN_POINT('Ctrl Pts',(1.19803292311642,0.589465789404122,4.90205229220978));
#4656=CARTESIAN_POINT('Ctrl Pts',(0.153664081289349,1.32632534832987,4.97354339315879));
#4657=CARTESIAN_POINT('Ctrl Pts',(-1.03151850604345,0.847774660745411,5.04503449410778));
#4658=CARTESIAN_POINT('Ctrl Pts',(-1.2714437006596,-0.407655669401337,5.1165255950568));
#4659=CARTESIAN_POINT('Ctrl Pts',(-0.346250019464483,-1.28952045179324,
5.18801669600579));
#4660=CARTESIAN_POINT('Ctrl Pts',(0.896238400453073,-0.989701425320023,
5.2595077969548));
#4661=CARTESIAN_POINT('Ctrl Pts',(1.31743663503791,0.217055004673225,5.33099889790382));
#4662=CARTESIAN_POINT('Ctrl Pts',(0.531369263251361,1.2249076900214,5.40248999885281));
#4663=CARTESIAN_POINT('Ctrl Pts',(-0.741631454959669,1.11028597414805,5.47398109980183));
#4664=CARTESIAN_POINT('Ctrl Pts',(-1.3350198726032,-0.0217737263851884,
5.54547220075082));
#4665=CARTESIAN_POINT('Ctrl Pts',(-0.705029854303713,-1.13388053060622,
5.61696330169983));
#4666=CARTESIAN_POINT('Ctrl Pts',(0.571031684790503,-1.20692790608793,5.68845440264884));
#4667=CARTESIAN_POINT('Ctrl Pts',(1.32381423528227,-0.173977082572344,5.75994550359784));
#4668=CARTESIAN_POINT('Ctrl Pts',(0.863486913017639,1.01840193715611,5.83143660454684));
#4669=CARTESIAN_POINT('Ctrl Pts',(-0.388117970016539,1.27754318762425,5.90292770549586));
#4670=CARTESIAN_POINT('Ctrl Pts',(-1.28406136476194,0.36597618268681,5.97441880644484));
#4671=CARTESIAN_POINT('Ctrl Pts',(-1.00332341164023,-0.880962136758143,
6.04590990739388));
#4672=CARTESIAN_POINT('Ctrl Pts',(0.196834731767783,-1.32060904251179,6.11740100834285));
#4673=CARTESIAN_POINT('Ctrl Pts',(1.21661850691674,-0.550083233157272,6.18889210929187));
#4674=CARTESIAN_POINT('Ctrl Pts',(1.12152386283389,0.724524933916108,6.26038321024088));
#4675=CARTESIAN_POINT('Ctrl Pts',(-0.00130687453897986,1.33519678207271,
6.33187431118987));
#4676=CARTESIAN_POINT('Ctrl Pts',(-1.12294002514895,0.722328079679525,6.40336541213888));
#4677=CARTESIAN_POINT('Ctrl Pts',(-1.21553934715082,-0.552463799993565,
6.4748565130879));
#4678=CARTESIAN_POINT('Ctrl Pts',(-0.194249164630055,-1.3209918307153,6.54634761403688));
#4679=CARTESIAN_POINT('Ctrl Pts',(1.00504603784422,-0.878996368928303,6.61783871498592));
#4680=CARTESIAN_POINT('Ctrl Pts',(1.28334247895296,0.368489126692268,6.68932981593489));
#4681=CARTESIAN_POINT('Ctrl Pts',(0.38561634097806,1.2783005094055,6.76082091688392));
#4682=CARTESIAN_POINT('Ctrl Pts',(-0.865478855756461,1.0167096463662,6.83231201783291));
#4683=CARTESIAN_POINT('Ctrl Pts',(-1.32347112573404,-0.176568213798206,
6.90380311878192));
#4684=CARTESIAN_POINT('Ctrl Pts',(-0.568667939974542,-1.20804343002259,
6.97529421973092));
#4685=CARTESIAN_POINT('Ctrl Pts',(0.707248158650345,-1.13249821053338,7.04678532067993));
#4686=CARTESIAN_POINT('Ctrl Pts',(1.33505993810178,-0.0191602831726971,
7.11827642162893));
#4687=CARTESIAN_POINT('Ctrl Pts',(0.739456567359895,1.11173564293135,7.18976752257795));
#4688=CARTESIAN_POINT('Ctrl Pts',(-0.533766093422559,1.22386515282035,7.26125862352695));
#4689=CARTESIAN_POINT('Ctrl Pts',(-1.31785901050131,0.214475600514394,7.33274972447595));
#4690=CARTESIAN_POINT('Ctrl Pts',(-0.894299272255642,-0.991453965859763,
7.40424082542495));
#4691=CARTESIAN_POINT('Ctrl Pts',(0.348773693269184,-1.28884020175449,7.47573192637397));
#4692=CARTESIAN_POINT('Ctrl Pts',(1.27223927027333,-0.405165884483662,7.54722302732296));
#4693=CARTESIAN_POINT('Ctrl Pts',(1.02985696771735,0.849792198612351,7.61871412827198));
#4694=CARTESIAN_POINT('Ctrl Pts',(-0.156260204624484,1.32602221068227,7.69020522922097));
#4695=CARTESIAN_POINT('Ctrl Pts',(-1.19918447883486,0.587119017316475,7.76169633016998));
#4696=CARTESIAN_POINT('Ctrl Pts',(-1.14320643607687,-0.689805189387855,
7.83318743111899));
#4697=CARTESIAN_POINT('Ctrl Pts',(-0.0396229384614425,-1.33460937262352,
7.90467853206799));
#4698=CARTESIAN_POINT('Ctrl Pts',(1.10027001746624,-0.756411292507695,7.976169633017));
#4699=CARTESIAN_POINT('Ctrl Pts',(1.23190336633421,0.514942958888957,8.047660733966));
#4700=CARTESIAN_POINT('Ctrl Pts',(0.23465163739609,1.3144165107086,8.11915183491501));
#4701=CARTESIAN_POINT('Ctrl Pts',(-0.977628915136412,0.909392027172861,
8.19064293586402));
#4702=CARTESIAN_POINT('Ctrl Pts',(-1.29403506431185,-0.328976302885038,
8.26213403681301));
#4703=CARTESIAN_POINT('Ctrl Pts',(-0.424620218916426,-1.26587907117336,
8.33362513776203));
#4704=CARTESIAN_POINT('Ctrl Pts',(0.83390585068262,-1.0427622871985,8.40511623871102));
#4705=CARTESIAN_POINT('Ctrl Pts',(1.32826169942867,0.135915478170582,8.47660733966003));
#4706=CARTESIAN_POINT('Ctrl Pts',(0.605432126474766,1.19004373164774,8.54809844060904));
#4707=CARTESIAN_POINT('Ctrl Pts',(-0.672200119379133,1.15364602972505,8.61958954155804));
#4708=CARTESIAN_POINT('Ctrl Pts',(-1.33384520221129,0.0600762703994418,
8.69108064250705));
#4709=CARTESIAN_POINT('Ctrl Pts',(-0.773188250622264,-1.08854581927996,
8.76257174345605));
#4710=CARTESIAN_POINT('Ctrl Pts',(0.495998780815689,-1.23965214401919,8.83406284440506));
#4711=CARTESIAN_POINT('Ctrl Pts',(1.31066521407573,-0.254772448125661,8.90555394535406));
#4712=CARTESIAN_POINT('Ctrl Pts',(0.924270946599137,0.963573970577028,8.97704504630307));
#4713=CARTESIAN_POINT('Ctrl Pts',(-0.309101340237728,1.29892615772104,9.04853614725208));
#4714=CARTESIAN_POINT('Ctrl Pts',(-1.25922191575595,0.443974179169858,9.12002724820107));
#4715=CARTESIAN_POINT('Ctrl Pts',(-1.0554216031094,-0.817822415058838,9.19151834915009));
#4716=CARTESIAN_POINT('Ctrl Pts',(0.115536970321041,-1.33019121682125,9.26300945009908));
#4717=CARTESIAN_POINT('Ctrl Pts',(1.18062684836661,-0.623598869188148,9.3345005510481));
#4718=CARTESIAN_POINT('Ctrl Pts',(1.16380785281114,0.654429290315076,9.4059916519971));
#4719=CARTESIAN_POINT('Ctrl Pts',(0.0805281995514555,1.33278244586082,9.47748275294611));
#4720=CARTESIAN_POINT('Ctrl Pts',(-1.07659003098242,0.789755250178217,9.54897385389511));
#4721=CARTESIAN_POINT('Ctrl Pts',(-1.24706354220919,-0.476884232772057,
9.62046495484412));
#4722=CARTESIAN_POINT('Ctrl Pts',(-0.274921124616374,-1.3067083915764,9.69195605579312));
#4723=CARTESIAN_POINT('Ctrl Pts',(0.949459774593644,-0.938737489252522,
9.76344715674212));
#4724=CARTESIAN_POINT('Ctrl Pts',(1.30319238021308,0.288781039239174,9.83493825769113));
#4725=CARTESIAN_POINT('Ctrl Pts',(0.46384436093286,1.25298820914672,9.90642935864013));
#4726=CARTESIAN_POINT('Ctrl Pts',(-0.802831591931827,1.06637845115712,9.97792045958915));
#4727=CARTESIAN_POINT('Ctrl Pts',(-1.1533221956936,0.294368195028724,10.0255811935551));
#4728=CARTESIAN_POINT('Ctrl Pts',(-1.12654611038439,-0.0804727787655633,
10.0494115605381));
#4729=CARTESIAN_POINT('Ctrl Pts',(0.606129434160009,-0.849820649797735,
3.95058843946185));
#4730=CARTESIAN_POINT('Ctrl Pts',(0.888894246877692,-0.648140358816664,
3.97441880644485));
#4731=CARTESIAN_POINT('Ctrl Pts',(1.23237784539117,0.0561658073212718,4.02207954041086));
#4732=CARTESIAN_POINT('Ctrl Pts',(0.61932304321042,1.06830620209792,4.09357064135986));
#4733=CARTESIAN_POINT('Ctrl Pts',(-0.561784527786372,1.09832177293983,4.16506174230887));
#4734=CARTESIAN_POINT('Ctrl Pts',(-1.22781315114759,0.123446845235092,4.23655284325788));
#4735=CARTESIAN_POINT('Ctrl Pts',(-0.768848759152745,-0.965375010252661,
4.30804394420688));
#4736=CARTESIAN_POINT('Ctrl Pts',(0.394744778191112,-1.16912010844866,4.37953504515588));
#4737=CARTESIAN_POINT('Ctrl Pts',(1.19656447674078,-0.30173968489257,4.45102614610489));
#4738=CARTESIAN_POINT('Ctrl Pts',(0.90190362263346,0.842266356062569,4.5225172470539));
#4739=CARTESIAN_POINT('Ctrl Pts',(-0.219249851361053,1.21437830529842,4.5940083480029));
#4740=CARTESIAN_POINT('Ctrl Pts',(-1.1394825521012,0.473697537528395,4.66549944895191));
#4741=CARTESIAN_POINT('Ctrl Pts',(-1.01552529500122,-0.701084919203674,
4.73699054990091));
#4742=CARTESIAN_POINT('Ctrl Pts',(0.0390352380994867,-1.2334018318116,4.80848165084991));
#4743=CARTESIAN_POINT('Ctrl Pts',(1.05782403214504,-0.635465271039305,4.87997275179892));
#4744=CARTESIAN_POINT('Ctrl Pts',(1.10725008447991,0.544798087366349,4.95146385274792));
#4745=CARTESIAN_POINT('Ctrl Pts',(0.142019942612726,1.2258209483642,5.02295495369693));
#4746=CARTESIAN_POINT('Ctrl Pts',(-0.953353560591778,0.783533195639115,
5.09444605464594));
#4747=CARTESIAN_POINT('Ctrl Pts',(-1.17509804430474,-0.376764916617815,
5.16593715559494));
#4748=CARTESIAN_POINT('Ctrl Pts',(-0.320012376876854,-1.19180500104495,
5.23742825654394));
#4749=CARTESIAN_POINT('Ctrl Pts',(0.828324518857469,-0.914705235265885,
5.30891935749295));
#4750=CARTESIAN_POINT('Ctrl Pts',(1.21760579137348,0.20060731856688,5.38041045844195));
#4751=CARTESIAN_POINT('Ctrl Pts',(0.491103917323578,1.13208837343821,5.45190155939096));
#4752=CARTESIAN_POINT('Ctrl Pts',(-0.685433159066252,1.0261522992827,5.52339266033996));
#4753=CARTESIAN_POINT('Ctrl Pts',(-1.23385663131614,-0.020123787847781,
5.59488376128899));
#4754=CARTESIAN_POINT('Ctrl Pts',(-0.651605102560926,-1.04795894092626,
5.66637486223796));
#4755=CARTESIAN_POINT('Ctrl Pts',(0.527760856171028,-1.1154710360553,5.73786596318699));
#4756=CARTESIAN_POINT('Ctrl Pts',(1.22350011887743,-0.160793694112084,5.80935706413598));
#4757=CARTESIAN_POINT('Ctrl Pts',(0.798054827157003,0.941230920446948,5.880848165085));
#4758=CARTESIAN_POINT('Ctrl Pts',(-0.358707717289697,1.18073533300238,5.95233926603399));
#4759=CARTESIAN_POINT('Ctrl Pts',(-1.18675958496334,0.338243758897283,6.02383036698301));
#4760=CARTESIAN_POINT('Ctrl Pts',(-0.92729499403862,-0.814205838193211,
6.09532146793201));
#4761=CARTESIAN_POINT('Ctrl Pts',(0.181919268805678,-1.22053780465599,6.16681256888102));
#4762=CARTESIAN_POINT('Ctrl Pts',(1.12442731628711,-0.508399806576247,6.23830366983001));
#4763=CARTESIAN_POINT('Ctrl Pts',(1.03653861918817,0.669622911697282,6.30979477077902));
#4764=CARTESIAN_POINT('Ctrl Pts',(-0.00120784405484919,1.23402013519094,
6.38128587172803));
#4765=CARTESIAN_POINT('Ctrl Pts',(-1.0378474695651,0.667592527563318,6.45277697267703));
#4766=CARTESIAN_POINT('Ctrl Pts',(-1.12342993155841,-0.510599982197263,
6.52426807362604));
#4767=CARTESIAN_POINT('Ctrl Pts',(-0.179529627105142,-1.22089158647826,
6.59575917457504));
#4768=CARTESIAN_POINT('Ctrl Pts',(0.928887085518836,-0.812389029528212,
6.66725027552405));
#4769=CARTESIAN_POINT('Ctrl Pts',(1.18609517386296,0.340566280598204,6.73874137647305));
#4770=CARTESIAN_POINT('Ctrl Pts',(0.356395653146247,1.18143526752847,6.81023247742206));
#4771=CARTESIAN_POINT('Ctrl Pts',(-0.799895827285878,0.939666865666861,
6.88172357837106));
#4772=CARTESIAN_POINT('Ctrl Pts',(-1.2231830089976,-0.163188478273183,6.95321467932008));
#4773=CARTESIAN_POINT('Ctrl Pts',(-0.525576227855162,-1.11650202940035,
7.02470578026907));
#4774=CARTESIAN_POINT('Ctrl Pts',(0.65365531138894,-1.04668136834214,7.09619688121808));
#4775=CARTESIAN_POINT('Ctrl Pts',(1.23389366078824,-0.0177083824261123,
7.16768798216708));
#4776=CARTESIAN_POINT('Ctrl Pts',(0.683423077012465,1.02749211712228,7.23917908311609));
#4777=CARTESIAN_POINT('Ctrl Pts',(-0.493319123899583,1.13112483614164,7.31067018406509));
#4778=CARTESIAN_POINT('Ctrl Pts',(-1.21799616066845,0.198223372835771,7.3821612850141));
#4779=CARTESIAN_POINT('Ctrl Pts',(-0.826532331164618,-0.916324974275766,
7.4536523859631));
#4780=CARTESIAN_POINT('Ctrl Pts',(0.322344815309517,-1.19117629802824,7.52514348691212));
#4781=CARTESIAN_POINT('Ctrl Pts',(1.17583332837333,-0.37446379908819,7.59663458786111));
#4782=CARTESIAN_POINT('Ctrl Pts',(0.951817927958932,0.785397851384814,7.66812568881013));
#4783=CARTESIAN_POINT('Ctrl Pts',(-0.144419340598124,1.22554078145105,7.73961678975911));
#4784=CARTESIAN_POINT('Ctrl Pts',(-1.10831437924338,0.542629145643478,7.81110789070814));
#4785=CARTESIAN_POINT('Ctrl Pts',(-1.05657816116718,-0.637534110696698,
7.88259899165713));
#4786=CARTESIAN_POINT('Ctrl Pts',(-0.036620447662358,-1.23347723762135,
7.95409009260615));
#4787=CARTESIAN_POINT('Ctrl Pts',(1.016895317552,-0.699093031059639,8.02558119355513));
#4788=CARTESIAN_POINT('Ctrl Pts',(1.13855394131943,0.475922342141458,8.09707229450417));
#4789=CARTESIAN_POINT('Ctrl Pts',(0.216870538627856,1.21481452173954,8.16856339545314));
#4790=CARTESIAN_POINT('Ctrl Pts',(-0.903547538626045,0.840481408718895,
8.24005449640216));
#4791=CARTESIAN_POINT('Ctrl Pts',(-1.19597751166311,-0.304047603478056,
8.31154559735116));
#4792=CARTESIAN_POINT('Ctrl Pts',(-0.392443950575302,-1.16995508341456,
8.38303669830017));
#4793=CARTESIAN_POINT('Ctrl Pts',(0.770715316583088,-0.96374532645528,8.45452779924917));
#4794=CARTESIAN_POINT('Ctrl Pts',(1.22761056939744,0.125616267952839,8.52601890019818));
#4795=CARTESIAN_POINT('Ctrl Pts',(0.559554550005373,1.09986628662434,8.59751000114718));
#4796=CARTESIAN_POINT('Ctrl Pts',(-0.621263092698525,1.06622667810344,8.66900110209619));
#4797=CARTESIAN_POINT('Ctrl Pts',(-1.23277097343013,0.0555238960394976,
8.7404922030452));
#4798=CARTESIAN_POINT('Ctrl Pts',(-0.714598688651546,-1.00605953901725,
8.81198330399419));
#4799=CARTESIAN_POINT('Ctrl Pts',(0.458413689109233,-1.14571554312583,8.88347440494321));
#4800=CARTESIAN_POINT('Ctrl Pts',(1.21134748553919,-0.235466663116796,8.95496550589221));
#4801=CARTESIAN_POINT('Ctrl Pts',(0.85423285450459,0.890557629709137,9.02645660684122));
#4802=CARTESIAN_POINT('Ctrl Pts',(-0.285678697544298,1.20049797473723,9.09794770779022));
#4803=CARTESIAN_POINT('Ctrl Pts',(-1.16380238447275,0.410331333895192,9.16943880873923));
#4804=CARTESIAN_POINT('Ctrl Pts',(-0.975445362690786,-0.755850628718888,
9.24092990968823));
#4805=CARTESIAN_POINT('Ctrl Pts',(0.106781973750568,-1.22939387455936,9.31242101063724));
#4806=CARTESIAN_POINT('Ctrl Pts',(1.09116298256034,-0.576344679071102,9.38391211158624));
#4807=CARTESIAN_POINT('Ctrl Pts',(1.07561847298106,0.604838876299471,9.45540321253525));
#4808=CARTESIAN_POINT('Ctrl Pts',(0.0744260479289765,1.23178874912216,9.52689431348425));
#4809=CARTESIAN_POINT('Ctrl Pts',(-0.995009719478038,0.729910297626522,
9.59838541443326));
#4810=CARTESIAN_POINT('Ctrl Pts',(-1.15256533090182,-0.440747576160473,
9.66987651538226));
#4811=CARTESIAN_POINT('Ctrl Pts',(-0.254088541794776,-1.20769049751981,
9.74136761633126));
#4812=CARTESIAN_POINT('Ctrl Pts',(0.87751295923855,-0.867603172019259,9.81285871728028));
#4813=CARTESIAN_POINT('Ctrl Pts',(1.20444091747576,0.266898199476869,9.88434981822926));
#4814=CARTESIAN_POINT('Ctrl Pts',(0.428695821223708,1.15804104683626,9.95584091917829));
#4815=CARTESIAN_POINT('Ctrl Pts',(-0.741995758912282,0.985571938256774,
10.0273320201273));
#4816=CARTESIAN_POINT('Ctrl Pts',(-1.06592738310766,0.272061979704102,10.0749927540933));
#4817=CARTESIAN_POINT('Ctrl Pts',(-1.04118029799121,-0.0743748267407612,
10.0988231210763));
#4818=CARTESIAN_POINT('Ctrl Pts',(0.556433207999842,-0.780144311992983,
4.));
#4819=CARTESIAN_POINT('Ctrl Pts',(0.816014285873115,-0.594999679549157,
4.023830366983));
#4820=CARTESIAN_POINT('Ctrl Pts',(1.13133584896639,0.0515608030007506,4.071491100949));
#4821=CARTESIAN_POINT('Ctrl Pts',(0.568545080143425,0.980716351422961,4.14298220189801));
#4822=CARTESIAN_POINT('Ctrl Pts',(-0.51572411663864,1.00827096176234,4.21447330284701));
#4823=CARTESIAN_POINT('Ctrl Pts',(-1.12714541154768,0.113325504818635,4.28596440379602));
#4824=CARTESIAN_POINT('Ctrl Pts',(-0.705811263092555,-0.886224432611802,
4.35745550474502));
#4825=CARTESIAN_POINT('Ctrl Pts',(0.362379866231814,-1.07326457983802,4.42894660569403));
#4826=CARTESIAN_POINT('Ctrl Pts',(1.09845879914117,-0.277000210488548,4.50043770664303));
#4827=CARTESIAN_POINT('Ctrl Pts',(0.827957029910752,0.773209390736352,4.57192880759203));
#4828=CARTESIAN_POINT('Ctrl Pts',(-0.201273674022102,1.11481208148065,4.64341990854104));
#4829=CARTESIAN_POINT('Ctrl Pts',(-1.0460569907881,0.43485933131398,4.71491100949005));
#4830=CARTESIAN_POINT('Ctrl Pts',(-0.932262922498721,-0.6436033439185,4.78640211043905));
#4831=CARTESIAN_POINT('Ctrl Pts',(0.0358347599318297,-1.1322758792912,4.85789321138807));
#4832=CARTESIAN_POINT('Ctrl Pts',(0.97109360894427,-0.583363815398442,4.92938431233706));
#4833=CARTESIAN_POINT('Ctrl Pts',(1.0164672458434,0.500130385328577,5.00087541328607));
#4834=CARTESIAN_POINT('Ctrl Pts',(0.130375803936103,1.12531654839852,5.07236651423508));
#4835=CARTESIAN_POINT('Ctrl Pts',(-0.875188615140103,0.719291730532821,
5.14385761518408));
#4836=CARTESIAN_POINT('Ctrl Pts',(-1.07875238794988,-0.345874163834295,
5.21534871613309));
#4837=CARTESIAN_POINT('Ctrl Pts',(-0.293774734289226,-1.09408955029665,
5.28683981708209));
#4838=CARTESIAN_POINT('Ctrl Pts',(0.760410637261865,-0.839709045211747,
5.35833091803109));
#4839=CARTESIAN_POINT('Ctrl Pts',(1.11777494770906,0.184159632460536,5.4298220189801));
#4840=CARTESIAN_POINT('Ctrl Pts',(0.450838571395795,1.03926905685502,5.5013131199291));
#4841=CARTESIAN_POINT('Ctrl Pts',(-0.629234863172834,0.942018624417349,
5.57280422087811));
#4842=CARTESIAN_POINT('Ctrl Pts',(-1.13269339002909,-0.0184738493103744,
5.64429532182711));
#4843=CARTESIAN_POINT('Ctrl Pts',(-0.598180350818137,-0.962037351246293,
5.71578642277612));
#4844=CARTESIAN_POINT('Ctrl Pts',(0.484490027551552,-1.02401416602266,5.78727752372513));
#4845=CARTESIAN_POINT('Ctrl Pts',(1.12318600247258,-0.147610305651824,5.85876862467413));
#4846=CARTESIAN_POINT('Ctrl Pts',(0.732622741296367,0.864059903737788,5.93025972562314));
#4847=CARTESIAN_POINT('Ctrl Pts',(-0.329297464562856,1.08392747838052,6.00175082657214));
#4848=CARTESIAN_POINT('Ctrl Pts',(-1.08945780516474,0.310511335107757,6.07324192752115));
#4849=CARTESIAN_POINT('Ctrl Pts',(-0.851266576437013,-0.747449539628278,
6.14473302847015));
#4850=CARTESIAN_POINT('Ctrl Pts',(0.167003805843573,-1.12046656680019,6.21622412941916));
#4851=CARTESIAN_POINT('Ctrl Pts',(1.03223612565747,-0.466716379995223,6.28771523036816));
#4852=CARTESIAN_POINT('Ctrl Pts',(0.951553375542446,0.614720889478455,6.35920633131717));
#4853=CARTESIAN_POINT('Ctrl Pts',(-0.00110881357071878,1.13284348830916,
6.43069743226617));
#4854=CARTESIAN_POINT('Ctrl Pts',(-0.952754913981253,0.61285697544711,6.50218853321518));
#4855=CARTESIAN_POINT('Ctrl Pts',(-1.031320515966,-0.46873616440096,6.57367963416418));
#4856=CARTESIAN_POINT('Ctrl Pts',(-0.164810089580225,-1.12079134224122,
6.64517073511319));
#4857=CARTESIAN_POINT('Ctrl Pts',(0.852728133193449,-0.745781690128119,
6.7166618360622));
#4858=CARTESIAN_POINT('Ctrl Pts',(1.08884786877297,0.312643434504139,6.78815293701119));
#4859=CARTESIAN_POINT('Ctrl Pts',(0.327174965314432,1.08457002565144,6.85964403796021));
#4860=CARTESIAN_POINT('Ctrl Pts',(-0.734312798815295,0.86262408496752,6.9311351389092));
#4861=CARTESIAN_POINT('Ctrl Pts',(-1.12289489226117,-0.149808742748158,
7.00262623985822));
#4862=CARTESIAN_POINT('Ctrl Pts',(-0.482484515735782,-1.02496062877812,
7.07411734080722));
#4863=CARTESIAN_POINT('Ctrl Pts',(0.600062464127536,-0.960864526150904,
7.14560844175622));
#4864=CARTESIAN_POINT('Ctrl Pts',(1.13272738347469,-0.0162564816795267,
7.21709954270523));
#4865=CARTESIAN_POINT('Ctrl Pts',(0.627389586665038,0.943248591313197,7.28859064365423));
#4866=CARTESIAN_POINT('Ctrl Pts',(-0.452872154376611,1.03838451946293,7.36008174460324));
#4867=CARTESIAN_POINT('Ctrl Pts',(-1.11813331083558,0.181971145157146,7.43157284555225));
#4868=CARTESIAN_POINT('Ctrl Pts',(-0.758765390073597,-0.84119598269177,
7.50306394650124));
#4869=CARTESIAN_POINT('Ctrl Pts',(0.295915937349853,-1.09351239430199,7.57455504745026));
#4870=CARTESIAN_POINT('Ctrl Pts',(1.07942738647333,-0.343761713692719,7.64604614839926));
#4871=CARTESIAN_POINT('Ctrl Pts',(0.873778888200518,0.721003504157278,7.71753724934826));
#4872=CARTESIAN_POINT('Ctrl Pts',(-0.132578476571766,1.12505935221983,7.78902835029727));
#4873=CARTESIAN_POINT('Ctrl Pts',(-1.01744427965189,0.498139273970483,7.86051945124628));
#4874=CARTESIAN_POINT('Ctrl Pts',(-0.969949886257494,-0.585263032005543,
7.93201055219526));
#4875=CARTESIAN_POINT('Ctrl Pts',(-0.0336179568632711,-1.13234510261919,
8.0035016531443));
#4876=CARTESIAN_POINT('Ctrl Pts',(0.933520617637749,-0.641774769611584,
8.07499275409327));
#4877=CARTESIAN_POINT('Ctrl Pts',(1.04520451630466,0.436901725393959,8.1464838550423));
#4878=CARTESIAN_POINT('Ctrl Pts',(0.19908943985962,1.11521253277048,8.2179749559913));
#4879=CARTESIAN_POINT('Ctrl Pts',(-0.829466162115677,0.771570790264928,
8.2894660569403));
#4880=CARTESIAN_POINT('Ctrl Pts',(-1.09791995901438,-0.279118904071074,
8.36095715788931));
#4881=CARTESIAN_POINT('Ctrl Pts',(-0.360267682234177,-1.07403109565576,
8.43244825883831));
#4882=CARTESIAN_POINT('Ctrl Pts',(0.707524782483556,-0.884728365712055,
8.50393935978733));
#4883=CARTESIAN_POINT('Ctrl Pts',(1.12695943936621,0.115317057735095,8.57543046073632));
#4884=CARTESIAN_POINT('Ctrl Pts',(0.513676973535981,1.00968884160094,8.64692156168534));
#4885=CARTESIAN_POINT('Ctrl Pts',(-0.570326066017918,0.978807326481834,
8.71841266263433));
#4886=CARTESIAN_POINT('Ctrl Pts',(-1.13169674464898,0.0509715216795514,
8.78990376358334));
#4887=CARTESIAN_POINT('Ctrl Pts',(-0.656009126680827,-0.923573258754547,
8.86139486453234));
#4888=CARTESIAN_POINT('Ctrl Pts',(0.420828597402775,-1.05177894223247,8.93288596548135));
#4889=CARTESIAN_POINT('Ctrl Pts',(1.11202975700265,-0.216160878107929,9.00437706643037));
#4890=CARTESIAN_POINT('Ctrl Pts',(0.784194762410044,0.817541288841246,9.07586816737935));
#4891=CARTESIAN_POINT('Ctrl Pts',(-0.26225605485087,1.10206979175343,9.14735926832837));
#4892=CARTESIAN_POINT('Ctrl Pts',(-1.06838285318954,0.376688488620527,9.21885036927737));
#4893=CARTESIAN_POINT('Ctrl Pts',(-0.895469122272178,-0.693878842378938,
9.29034147022638));
#4894=CARTESIAN_POINT('Ctrl Pts',(0.0980269771800983,-1.12859653229747,
9.36183257117538));
#4895=CARTESIAN_POINT('Ctrl Pts',(1.00169911675406,-0.529090488954056,9.43332367212439));
#4896=CARTESIAN_POINT('Ctrl Pts',(0.987429093150981,0.555248462283866,9.50481477307339));
#4897=CARTESIAN_POINT('Ctrl Pts',(0.0683238963064984,1.1307950523835,9.5763058740224));
#4898=CARTESIAN_POINT('Ctrl Pts',(-0.913429407973657,0.670065345074827,
9.6477969749714));
#4899=CARTESIAN_POINT('Ctrl Pts',(-1.05806711959444,-0.404610919548887,
9.71928807592041));
#4900=CARTESIAN_POINT('Ctrl Pts',(-0.233255958973177,-1.10867260346323,
9.79077917686941));
#4901=CARTESIAN_POINT('Ctrl Pts',(0.805566143883454,-0.796468854785994,
9.86227027781842));
#4902=CARTESIAN_POINT('Ctrl Pts',(1.10568945473844,0.245015359714562,9.93376137876741));
#4903=CARTESIAN_POINT('Ctrl Pts',(0.393547281514555,1.0630938845258,10.0052524797164));
#4904=CARTESIAN_POINT('Ctrl Pts',(-0.681159925892737,0.904765425356423,
10.0767435806654));
#4905=CARTESIAN_POINT('Ctrl Pts',(-0.978532570521713,0.249755764379481,
10.1244043146314));
#4906=CARTESIAN_POINT('Ctrl Pts',(-0.955814485598027,-0.0682768747159592,
10.1482346816144));
#4907=CARTESIAN_POINT('',(-1.21191192277757,-0.0865707307903654,10.));
#4908=CARTESIAN_POINT('Ctrl Pts',(0.397738555869528,0.873537835095542,10.));
#4909=CARTESIAN_POINT('Ctrl Pts',(0.377691096374328,0.886164480984494,10.));
#4910=CARTESIAN_POINT('Ctrl Pts',(0.357193280795757,0.897966848693767,10.));
#4911=CARTESIAN_POINT('Ctrl Pts',(0.33628239280195,0.908907339304559,10.));
#4912=CARTESIAN_POINT('Ctrl Pts',(0.298271239373741,0.928794618472706,10.));
#4913=CARTESIAN_POINT('Ctrl Pts',(0.258897838702851,0.945837185697646,10.));
#4914=CARTESIAN_POINT('Ctrl Pts',(0.21848377056125,0.960138335497935,10.));
#4915=CARTESIAN_POINT('Ctrl Pts',(0.18312146093735,0.972651841573189,10.));
#4916=CARTESIAN_POINT('Ctrl Pts',(0.146961146507023,0.983065890614155,10.));
#4917=CARTESIAN_POINT('Ctrl Pts',(0.110194907955222,0.991421087091996,10.));
#4918=CARTESIAN_POINT('Ctrl Pts',(0.089990994434319,0.996012464228675,10.));
#4919=CARTESIAN_POINT('Ctrl Pts',(0.0696037778614232,0.999981638542773,
10.));
#4920=CARTESIAN_POINT('Ctrl Pts',(0.0490633281911074,1.00333174530078,10.));
#4921=CARTESIAN_POINT('Ctrl Pts',(0.0407701747156914,1.00468434224725,10.));
#4922=CARTESIAN_POINT('Ctrl Pts',(0.0324569994658441,1.00593511961211,10.));
#4923=CARTESIAN_POINT('Ctrl Pts',(0.0241335960850401,1.00708364579817,10.));
#4924=CARTESIAN_POINT('Ctrl Pts',(-0.0194989109185706,1.01310438930469,
10.));
#4925=CARTESIAN_POINT('Ctrl Pts',(-0.0634729785896234,1.01632917718975,
10.));
#4926=CARTESIAN_POINT('Ctrl Pts',(-0.107481327328411,1.01684908303372,10.));
#4927=CARTESIAN_POINT('Ctrl Pts',(-0.152525004458891,1.01738122004056,10.));
#4928=CARTESIAN_POINT('Ctrl Pts',(-0.197605693353863,1.01508002857371,10.));
#4929=CARTESIAN_POINT('Ctrl Pts',(-0.242418467487136,1.00999490479038,10.));
#4930=CARTESIAN_POINT('Ctrl Pts',(-0.264593884052947,1.0074785522466,10.));
#4931=CARTESIAN_POINT('Ctrl Pts',(-0.286703965155861,1.00427972641282,10.));
#4932=CARTESIAN_POINT('Ctrl Pts',(-0.308712577804647,1.00039983290067,10.));
#4933=CARTESIAN_POINT('Ctrl Pts',(-0.322204627121795,0.998021322476288,
10.));
#4934=CARTESIAN_POINT('Ctrl Pts',(-0.335658548260944,0.995386798834039,
10.));
#4935=CARTESIAN_POINT('Ctrl Pts',(-0.349065989564545,0.99249600848268,10.));
#4936=CARTESIAN_POINT('Ctrl Pts',(-0.358015009775327,0.990566502270894,
10.));
#4937=CARTESIAN_POINT('Ctrl Pts',(-0.366935519045377,0.988524449878888,
10.));
#4938=CARTESIAN_POINT('Ctrl Pts',(-0.37581965556633,0.986371738687622,10.));
#4939=CARTESIAN_POINT('Ctrl Pts',(-0.421249963957414,0.975363540753527,
10.));
#4940=CARTESIAN_POINT('Ctrl Pts',(-0.465772572689252,0.961456196936825,
10.));
#4941=CARTESIAN_POINT('Ctrl Pts',(-0.509063772340782,0.944718243176293,
10.));
#4942=CARTESIAN_POINT('Ctrl Pts',(-0.552165313333442,0.928053618357626,
10.));
#4943=CARTESIAN_POINT('Ctrl Pts',(-0.594047543535465,0.908583179278633,
10.));
#4944=CARTESIAN_POINT('Ctrl Pts',(-0.63439342296487,0.886323947551189,10.));
#4945=CARTESIAN_POINT('Ctrl Pts',(-0.641760380296537,0.882259522318899,
10.));
#4946=CARTESIAN_POINT('Ctrl Pts',(-0.649076089391867,0.87810197843172,10.));
#4947=CARTESIAN_POINT('Ctrl Pts',(-0.656338574291242,0.873851234178022,
10.));
#4948=CARTESIAN_POINT('Ctrl Pts',(-0.680559677375555,0.859674583048226,
10.));
#4949=CARTESIAN_POINT('Ctrl Pts',(-0.704189039169238,0.844461798060715,
10.));
#4950=CARTESIAN_POINT('Ctrl Pts',(-0.727203060537456,0.828269090095882,
10.));
#4951=CARTESIAN_POINT('Ctrl Pts',(-0.73518482232493,0.822653107751836,10.));
#4952=CARTESIAN_POINT('Ctrl Pts',(-0.743085627698478,0.816923980429878,
10.));
#4953=CARTESIAN_POINT('Ctrl Pts',(-0.750899496011343,0.811088644392727,
10.));
#4954=CARTESIAN_POINT('Ctrl Pts',(-0.788041309610577,0.783351427088474,
10.));
#4955=CARTESIAN_POINT('Ctrl Pts',(-0.823258112344275,0.753192110901125,
10.));
#4956=CARTESIAN_POINT('Ctrl Pts',(-0.856472610208652,0.720919982630228,
10.));
#4957=CARTESIAN_POINT('Ctrl Pts',(-0.890500136659829,0.687857893211996,
10.));
#4958=CARTESIAN_POINT('Ctrl Pts',(-0.922426873395507,0.65257770514733,10.));
#4959=CARTESIAN_POINT('Ctrl Pts',(-0.952148330980239,0.615360018428524,
10.));
#4960=CARTESIAN_POINT('Ctrl Pts',(-0.971843666433727,0.590697202931002,
10.));
#4961=CARTESIAN_POINT('Ctrl Pts',(-0.990570155924611,0.565182522141306,
10.));
#4962=CARTESIAN_POINT('Ctrl Pts',(-1.00828993180776,0.538887601790114,10.));
#4963=CARTESIAN_POINT('Ctrl Pts',(-1.01389028886708,0.530577059727721,10.));
#4964=CARTESIAN_POINT('Ctrl Pts',(-1.01939003532853,0.522188529411338,10.));
#4965=CARTESIAN_POINT('Ctrl Pts',(-1.02478782532769,0.513724138375135,10.));
#4966=CARTESIAN_POINT('Ctrl Pts',(-1.02998183280593,0.505579303109648,10.));
#4967=CARTESIAN_POINT('Ctrl Pts',(-1.03507644091686,0.497372032306856,10.));
#4968=CARTESIAN_POINT('Ctrl Pts',(-1.04007000657081,0.489106183796402,10.));
#4969=CARTESIAN_POINT('Ctrl Pts',(-1.06625881626417,0.445755850868868,10.));
#4970=CARTESIAN_POINT('Ctrl Pts',(-1.08967958416706,0.400784998912569,10.));
#4971=CARTESIAN_POINT('Ctrl Pts',(-1.11020922449264,0.354512022472624,10.));
#4972=CARTESIAN_POINT('Ctrl Pts',(-1.12739079480522,0.315785460016267,10.));
#4973=CARTESIAN_POINT('Ctrl Pts',(-1.14254706444572,0.27614561260047,10.));
#4974=CARTESIAN_POINT('Ctrl Pts',(-1.1555838115868,0.235758647169882,10.));
#4975=CARTESIAN_POINT('Ctrl Pts',(-1.15866622751382,0.226209530036585,10.));
#4976=CARTESIAN_POINT('Ctrl Pts',(-1.16162921725681,0.216620925688105,10.));
#4977=CARTESIAN_POINT('Ctrl Pts',(-1.16446924940797,0.207003430474638,10.));
#4978=CARTESIAN_POINT('Ctrl Pts',(-1.17883409159316,0.158358276615526,10.));
#4979=CARTESIAN_POINT('Ctrl Pts',(-1.19007628624656,0.10891611856714,10.));
#4980=CARTESIAN_POINT('Ctrl Pts',(-1.19806149383584,0.0589687188220749,
10.));
#4981=CARTESIAN_POINT('Ctrl Pts',(-1.20575508288274,0.01084539036716,10.));
#4982=CARTESIAN_POINT('Ctrl Pts',(-1.21042562484148,-0.0377479800468302,
10.));
#4983=CARTESIAN_POINT('Ctrl Pts',(-1.21191192277757,-0.0865707307903653,
10.));
#4984=CARTESIAN_POINT('Ctrl Pts',(0.532260924826989,1.09443156545886,4.));
#4985=CARTESIAN_POINT('Ctrl Pts',(0.557544396112054,1.07894558996236,4.));
#4986=CARTESIAN_POINT('Ctrl Pts',(0.582180634817358,1.06249384085068,4.));
#4987=CARTESIAN_POINT('Ctrl Pts',(0.606106145347253,1.04507290494647,4.));
#4988=CARTESIAN_POINT('Ctrl Pts',(0.644682238921023,1.0169844069918,4.));
#4989=CARTESIAN_POINT('Ctrl Pts',(0.681412580881784,0.986377291102796,4.));
#4990=CARTESIAN_POINT('Ctrl Pts',(0.716172437968565,0.953509105107508,4.));
#4991=CARTESIAN_POINT('Ctrl Pts',(0.734755305952945,0.935937538006079,4.));
#4992=CARTESIAN_POINT('Ctrl Pts',(0.752774408375294,0.917719321025347,4.));
#4993=CARTESIAN_POINT('Ctrl Pts',(0.770206302497724,0.898891712627011,4.));
#4994=CARTESIAN_POINT('Ctrl Pts',(0.77793616633233,0.890542944086525,4.));
#4995=CARTESIAN_POINT('Ctrl Pts',(0.785550652471447,0.882073982859825,4.));
#4996=CARTESIAN_POINT('Ctrl Pts',(0.793037907323422,0.873499642032459,4.));
#4997=CARTESIAN_POINT('Ctrl Pts',(0.825852242838011,0.83592094299146,4.));
#4998=CARTESIAN_POINT('Ctrl Pts',(0.856275487929333,0.796268076717175,4.));
#4999=CARTESIAN_POINT('Ctrl Pts',(0.88416134313362,0.754836492143306,4.));
#5000=CARTESIAN_POINT('Ctrl Pts',(0.901571585779744,0.728969114744976,4.));
#5001=CARTESIAN_POINT('Ctrl Pts',(0.917991843844527,0.702407859963213,4.));
#5002=CARTESIAN_POINT('Ctrl Pts',(0.933376566062263,0.675221881383075,4.));
#5003=CARTESIAN_POINT('Ctrl Pts',(0.940296627203822,0.662993605090195,4.));
#5004=CARTESIAN_POINT('Ctrl Pts',(0.947007070009803,0.650638920656897,4.));
#5005=CARTESIAN_POINT('Ctrl Pts',(0.953503205131719,0.638164098433229,4.));
#5006=CARTESIAN_POINT('Ctrl Pts',(0.957509788766603,0.630470074581906,4.));
#5007=CARTESIAN_POINT('Ctrl Pts',(0.961434003071031,0.62273182132596,4.));
#5008=CARTESIAN_POINT('Ctrl Pts',(0.965270892305452,0.614959185262147,4.));
#5009=CARTESIAN_POINT('Ctrl Pts',(0.986959903783638,0.571022344111905,4.));
#5010=CARTESIAN_POINT('Ctrl Pts',(1.00590147486276,0.525914340541196,4.));
#5011=CARTESIAN_POINT('Ctrl Pts',(1.02195304677268,0.479913677878874,4.));
#5012=CARTESIAN_POINT('Ctrl Pts',(1.03743076792328,0.435557559149427,4.));
#5013=CARTESIAN_POINT('Ctrl Pts',(1.0502214533977,0.390370379934135,4.));
#5014=CARTESIAN_POINT('Ctrl Pts',(1.06014866254673,0.344599274203333,4.));
#5015=CARTESIAN_POINT('Ctrl Pts',(1.06538831243434,0.320440966929069,4.));
#5016=CARTESIAN_POINT('Ctrl Pts',(1.06982942622871,0.296120043175417,4.));
#5017=CARTESIAN_POINT('Ctrl Pts',(1.07344025952559,0.271674022084736,4.));
#5018=CARTESIAN_POINT('Ctrl Pts',(1.07587097098677,0.255217647957263,4.));
#5019=CARTESIAN_POINT('Ctrl Pts',(1.07792534823941,0.238704605491574,4.));
#5020=CARTESIAN_POINT('Ctrl Pts',(1.07959263103598,0.222146728071323,4.));
#5021=CARTESIAN_POINT('Ctrl Pts',(1.08040023465346,0.214126371998665,4.));
#5022=CARTESIAN_POINT('Ctrl Pts',(1.08111666455498,0.206098212479648,4.));
#5023=CARTESIAN_POINT('Ctrl Pts',(1.0817403518957,0.198072021940712,4.));
#5024=CARTESIAN_POINT('Ctrl Pts',(1.08525427119461,0.15285163026355,4.));
#5025=CARTESIAN_POINT('Ctrl Pts',(1.08583652543648,0.107614744695647,4.));
#5026=CARTESIAN_POINT('Ctrl Pts',(1.08333444839527,0.0625913276626094,4.));
#5027=CARTESIAN_POINT('Ctrl Pts',(1.083111598993,0.0585812826444175,4.));
#5028=CARTESIAN_POINT('Ctrl Pts',(1.08286424866146,0.0545729372332469,4.));
#5029=CARTESIAN_POINT('Ctrl Pts',(1.08259226952219,0.0505664582701924,4.));
#5030=CARTESIAN_POINT('Ctrl Pts',(1.07971008818536,0.00810952968025337,
4.));
#5031=CARTESIAN_POINT('Ctrl Pts',(1.07406492379012,-0.0341392351727279,
4.));
#5032=CARTESIAN_POINT('Ctrl Pts',(1.06577670899737,-0.0759698841193916,
4.));
#5033=CARTESIAN_POINT('Ctrl Pts',(1.06166805933131,-0.0967062533042552,
4.));
#5034=CARTESIAN_POINT('Ctrl Pts',(1.05690938592988,-0.117339605860953,4.));
#5035=CARTESIAN_POINT('Ctrl Pts',(1.05151256388339,-0.13784236327688,4.));
#5036=CARTESIAN_POINT('Ctrl Pts',(1.04793094776416,-0.151449075860118,4.));
#5037=CARTESIAN_POINT('Ctrl Pts',(1.04406823331787,-0.16499824006304,4.));
#5038=CARTESIAN_POINT('Ctrl Pts',(1.03992752240108,-0.178481382134145,4.));
#5039=CARTESIAN_POINT('Ctrl Pts',(1.03674521133305,-0.188843745773416,4.));
#5040=CARTESIAN_POINT('Ctrl Pts',(1.03339763463323,-0.199169705152154,4.));
#5041=CARTESIAN_POINT('Ctrl Pts',(1.02989437126436,-0.209432532299311,4.));
#5042=CARTESIAN_POINT('Ctrl Pts',(1.01531413731753,-0.252145398848536,4.));
#5043=CARTESIAN_POINT('Ctrl Pts',(0.998016724997057,-0.293850830442801,
4.));
#5044=CARTESIAN_POINT('Ctrl Pts',(0.978163698768512,-0.33430476695809,4.));
#5045=CARTESIAN_POINT('Ctrl Pts',(0.958443872635952,-0.374487285495847,
4.));
#5046=CARTESIAN_POINT('Ctrl Pts',(0.936201743808038,-0.413435953393244,
4.));
#5047=CARTESIAN_POINT('Ctrl Pts',(0.911558551484644,-0.450876876297394,
4.));
#5048=CARTESIAN_POINT('Ctrl Pts',(0.900220624609293,-0.468102828213937,
4.));
#5049=CARTESIAN_POINT('Ctrl Pts',(0.888374009714973,-0.485009057392939,
4.));
#5050=CARTESIAN_POINT('Ctrl Pts',(0.876028607026125,-0.501565604050298,
4.));
#5051=CARTESIAN_POINT('Ctrl Pts',(0.869021341174557,-0.510963120432392,
4.));
#5052=CARTESIAN_POINT('Ctrl Pts',(0.861853361327695,-0.520247938173694,
4.));
#5053=CARTESIAN_POINT('Ctrl Pts',(0.854526348501185,-0.529414233286096,
4.));
#5054=CARTESIAN_POINT('Ctrl Pts',(0.84800347045206,-0.537574533615331,4.));
#5055=CARTESIAN_POINT('Ctrl Pts',(0.841352914615567,-0.545642567636326,
4.));
#5056=CARTESIAN_POINT('Ctrl Pts',(0.834591177824854,-0.553596732245502,
4.));
#5057=CARTESIAN_POINT('Ctrl Pts',(0.806676466733302,-0.586434184206776,
4.));
#5058=CARTESIAN_POINT('Ctrl Pts',(0.77681675866881,-0.617402117755893,4.));
#5059=CARTESIAN_POINT('Ctrl Pts',(0.745132103390815,-0.646262156736776,
4.));
#5060=CARTESIAN_POINT('Ctrl Pts',(0.714581313787789,-0.674089411636799,
4.));
#5061=CARTESIAN_POINT('Ctrl Pts',(0.682333053376668,-0.699957363751702,
4.));
#5062=CARTESIAN_POINT('Ctrl Pts',(0.648475056220564,-0.723609510108733,
4.));
#5063=CARTESIAN_POINT('Ctrl Pts',(0.618997923227799,-0.744201320679101,
4.));
#5064=CARTESIAN_POINT('Ctrl Pts',(0.588300123411084,-0.763113232109737,
4.));
#5065=CARTESIAN_POINT('Ctrl Pts',(0.556433207999854,-0.780144311992974,
4.));
#5066=CARTESIAN_POINT('Ctrl Pts',(-1.21191192277757,-0.086570730790348,
10.));
#5067=CARTESIAN_POINT('Ctrl Pts',(-1.21396976839984,-0.0577627535202155,
9.99829755004998));
#5068=CARTESIAN_POINT('Ctrl Pts',(-1.21491842214692,-0.0288934798230967,
9.99659510009996));
#5069=CARTESIAN_POINT('Ctrl Pts',(-1.21478868724315,-3.0792918411654E-5,
9.99489265014994));
#5070=CARTESIAN_POINT('Origin',(0.,0.,4.));
#5071=CARTESIAN_POINT('Origin',(0.,0.,10.));
#5072=CARTESIAN_POINT('Origin',(0.,0.,-0.993675081176016));
#5073=CARTESIAN_POINT('Ctrl Pts',(-1.29133349302198,-0.000837706590254908,
0.131324918823983));
#5074=CARTESIAN_POINT('Ctrl Pts',(-1.29175542593255,-0.0547313541089461,
0.134326732124145));
#5075=CARTESIAN_POINT('Ctrl Pts',(-1.26420389179842,-0.536057765945614,
0.161159125768271));
#5076=CARTESIAN_POINT('Ctrl Pts',(-0.658994759210127,-1.37546281239203,
0.211822099756358));
#5077=CARTESIAN_POINT('Ctrl Pts',(0.798895565346481,-1.29896222836407,0.283313840788247));
#5078=CARTESIAN_POINT('Ctrl Pts',(1.52470240739894,-0.0323927202819478,
0.354805581820135));
#5079=CARTESIAN_POINT('Ctrl Pts',(0.853279110946646,1.26401196884872,0.426297322852024));
#5080=CARTESIAN_POINT('Ctrl Pts',(-0.600075911540662,1.40200973111493,0.497789063883912));
#5081=CARTESIAN_POINT('Ctrl Pts',(-1.25311311038137,0.573114195427396,0.549464929207898));
#5082=CARTESIAN_POINT('Ctrl Pts',(-1.29147157199799,0.0732338318762141,
0.577310214187922));
#5083=CARTESIAN_POINT('Ctrl Pts',(-1.29083099973067,0.00106329405724179,
0.581324918823983));
#5084=CARTESIAN_POINT('Ctrl Pts',(-1.28873819517146,0.0016175392271899,
0.0936750811760159));
#5085=CARTESIAN_POINT('Ctrl Pts',(-1.28645722742899,-0.294984361768827,
0.110111214805269));
#5086=CARTESIAN_POINT('Ctrl Pts',(-1.03807499677309,-1.02620741437407,0.150377928778486));
#5087=CARTESIAN_POINT('Ctrl Pts',(0.176627675365785,-1.51432522631814,0.214475223095665));
#5088=CARTESIAN_POINT('Ctrl Pts',(1.36860279268044,-0.672770848207157,0.285966964127553));
#5089=CARTESIAN_POINT('Ctrl Pts',(1.30692629722477,0.786203307485023,0.357458705159442));
#5090=CARTESIAN_POINT('Ctrl Pts',(0.0473218555157518,1.52423684217471,0.42895044619133));
#5091=CARTESIAN_POINT('Ctrl Pts',(-1.08384588374883,0.952488009721699,0.491022571530188));
#5092=CARTESIAN_POINT('Ctrl Pts',(-1.28697383238604,0.259693310878714,0.529264116525083));
#5093=CARTESIAN_POINT('Ctrl Pts',(-1.28825107142392,-0.000691852410000336,
0.543675081176016));
#5094=CARTESIAN_POINT('Ctrl Pts',(0.77639749747362,-0.68857242786558,0.));
#5095=CARTESIAN_POINT('Ctrl Pts',(1.00551148393947,-0.430235732218779,0.0238305803439628));
#5096=CARTESIAN_POINT('Ctrl Pts',(1.18162697544398,0.3286324585803,0.0714917410318884));
#5097=CARTESIAN_POINT('Ctrl Pts',(0.362372173139327,1.17295315623802,0.142983482063777));
#5098=CARTESIAN_POINT('Ctrl Pts',(-0.788746288154448,0.939203850999139,
0.214475223095665));
#5099=CARTESIAN_POINT('Ctrl Pts',(-1.21716001816401,-0.153617701133766,
0.285966964127553));
#5100=CARTESIAN_POINT('Ctrl Pts',(-0.530133187108768,-1.10650118880607,
0.357458705159442));
#5101=CARTESIAN_POINT('Ctrl Pts',(0.642677420882412,-1.04495973060838,0.42895044619133));
#5102=CARTESIAN_POINT('Ctrl Pts',(1.22655808006066,-0.0260585623818532,
0.500442187223218));
#5103=CARTESIAN_POINT('Ctrl Pts',(0.686426664639443,1.01684373695563,0.571933928255107));
#5104=CARTESIAN_POINT('Ctrl Pts',(-0.482735486202575,1.12785705307327,0.643425669286994));
#5105=CARTESIAN_POINT('Ctrl Pts',(-1.20952569541959,0.20534733866366,0.714917410318884));
#5106=CARTESIAN_POINT('Ctrl Pts',(-0.827917988988765,-0.905358234618023,
0.786409151350771));
#5107=CARTESIAN_POINT('Ctrl Pts',(0.312384729342469,-1.18639353036628,0.85790089238266));
#5108=CARTESIAN_POINT('Ctrl Pts',(1.16642156819777,-0.380234877182125,0.929392633414548));
#5109=CARTESIAN_POINT('Ctrl Pts',(0.951561523339822,0.774369682790294,1.00088437444644));
#5110=CARTESIAN_POINT('Ctrl Pts',(-0.135299646260531,1.21934846969009,1.07237611547833));
#5111=CARTESIAN_POINT('Ctrl Pts',(-1.09817365075367,0.546929561748393,1.14386785651021));
#5112=CARTESIAN_POINT('Ctrl Pts',(-1.05469258575964,-0.626690350707665,
1.2153595975421));
#5113=CARTESIAN_POINT('Ctrl Pts',(-0.0447020851940064,-1.22601746885772,
1.28685133857399));
#5114=CARTESIAN_POINT('Ctrl Pts',(1.00625295332957,-0.701834881431891,1.35834307960588));
#5115=CARTESIAN_POINT('Ctrl Pts',(1.13508812195358,0.465502033477493,1.42983482063776));
#5116=CARTESIAN_POINT('Ctrl Pts',(0.223740204192156,1.20625763994809,1.50132656166966));
#5117=CARTESIAN_POINT('Ctrl Pts',(-0.892640942461186,0.841611156384642,
1.57281830270154));
#5118=CARTESIAN_POINT('Ctrl Pts',(-1.19101509427387,-0.294279149986652,
1.64431004373343));
#5119=CARTESIAN_POINT('Ctrl Pts',(-0.397955268538354,-1.16049506333046,
1.71580178476532));
#5120=CARTESIAN_POINT('Ctrl Pts',(0.759786704566193,-0.963245228611819,
1.78729352579721));
#5121=CARTESIAN_POINT('Ctrl Pts',(1.22126789485466,0.116712635829416,1.85878526682909));
#5122=CARTESIAN_POINT('Ctrl Pts',(0.563591840575458,1.08971623983642,1.93027700786099));
#5123=CARTESIAN_POINT('Ctrl Pts',(-0.610554182089845,1.06411507998737,2.00176874889287));
#5124=CARTESIAN_POINT('Ctrl Pts',(-1.22519425139302,0.0633697969641923,
2.07326048992476));
#5125=CARTESIAN_POINT('Ctrl Pts',(-0.717079612714908,-0.995446918401066,
2.14475223095665));
#5126=CARTESIAN_POINT('Ctrl Pts',(0.448160769717801,-1.14204630425767,2.21624397198854));
#5127=CARTESIAN_POINT('Ctrl Pts',(1.20270865138805,-0.242086199312688,2.28773571302042));
#5128=CARTESIAN_POINT('Ctrl Pts',(0.855111582667368,0.879719222632979,2.35922745405232));
#5129=CARTESIAN_POINT('Ctrl Pts',(-0.276110262892581,1.19535896704793,2.4307191950842));
#5130=CARTESIAN_POINT('Ctrl Pts',(-1.15428980489592,0.415584080686082,2.50221093611609));
#5131=CARTESIAN_POINT('Ctrl Pts',(-0.974723667682515,-0.745027867246226,
2.57370267714798));
#5132=CARTESIAN_POINT('Ctrl Pts',(0.0981331557045945,-1.22290378042876,
2.64519441817987));
#5133=CARTESIAN_POINT('Ctrl Pts',(1.08094023820549,-0.580123527650341,2.71668615921175));
#5134=CARTESIAN_POINT('Ctrl Pts',(1.07341581066837,0.594276513342498,2.78817790024364));
#5135=CARTESIAN_POINT('Ctrl Pts',(0.081784836828056,1.22408665885371,2.85966964127553));
#5136=CARTESIAN_POINT('Ctrl Pts',(-0.98395594805212,0.732157956387744,2.93116138230742));
#5137=CARTESIAN_POINT('Ctrl Pts',(-1.1496168906271,-0.430713017424987,3.00265312333931));
#5138=CARTESIAN_POINT('Ctrl Pts',(-0.258586083868595,-1.19890568401311,
3.0741448643712));
#5139=CARTESIAN_POINT('Ctrl Pts',(0.488613858274991,-0.978474643061132,
3.12180602505912));
#5140=CARTESIAN_POINT('Ctrl Pts',(0.733032058919541,-0.734567262472388,
3.14563660540308));
#5141=CARTESIAN_POINT('Ctrl Pts',(0.839304835059012,-0.744363769688143,
-0.048545535134361));
#5142=CARTESIAN_POINT('Ctrl Pts',(1.08698270270562,-0.465095432998411,-0.0247149547903983));
#5143=CARTESIAN_POINT('Ctrl Pts',(1.27736789074335,0.355259789400787,0.0229462058975273));
#5144=CARTESIAN_POINT('Ctrl Pts',(0.391733252613957,1.26799127834869,0.0944379469294156));
#5145=CARTESIAN_POINT('Ctrl Pts',(-0.852654182215945,1.01530251683533,0.165929687961304));
#5146=CARTESIAN_POINT('Ctrl Pts',(-1.31577998590893,-0.1660645220158,0.237421428993192));
#5147=CARTESIAN_POINT('Ctrl Pts',(-0.573087044475887,-1.19615506333472,
0.308913170025081));
#5148=CARTESIAN_POINT('Ctrl Pts',(0.694750135703767,-1.12962722986028,0.380404911056969));
#5149=CARTESIAN_POINT('Ctrl Pts',(1.32593952250675,-0.0281699483485513,
0.451896652088858));
#5150=CARTESIAN_POINT('Ctrl Pts',(0.742044146741844,1.09923314758666,0.523388393120745));
#5151=CARTESIAN_POINT('Ctrl Pts',(-0.52184896131527,1.21924127908715,0.594880134152635));
#5152=CARTESIAN_POINT('Ctrl Pts',(-1.30752709481559,0.221985535460547,0.666371875184521));
#5153=CARTESIAN_POINT('Ctrl Pts',(-0.894999756505803,-0.978714571141718,
0.737863616216411));
#5154=CARTESIAN_POINT('Ctrl Pts',(0.337695593544393,-1.28252065412277,0.809355357248298));
#5155=CARTESIAN_POINT('Ctrl Pts',(1.26093047065594,-0.411043276048001,0.880847098280187));
#5156=CARTESIAN_POINT('Ctrl Pts',(1.02866146528553,0.83711271739524,0.952338839312074));
#5157=CARTESIAN_POINT('Ctrl Pts',(-0.146262253108429,1.31814575595985,1.02383058034396));
#5158=CARTESIAN_POINT('Ctrl Pts',(-1.18715278940383,0.591244339537209,1.09532232137585));
#5159=CARTESIAN_POINT('Ctrl Pts',(-1.14014868621989,-0.677467718720516,
1.16681406240774));
#5160=CARTESIAN_POINT('Ctrl Pts',(-0.0483240561215536,-1.32535510846885,
1.23830580343963));
#5161=CARTESIAN_POINT('Ctrl Pts',(1.08778424939554,-0.758700808948535,1.30979754447152));
#5162=CARTESIAN_POINT('Ctrl Pts',(1.2270582428121,0.503219174068419,1.3812892855034));
#5163=CARTESIAN_POINT('Ctrl Pts',(0.24186867653054,1.30399424628452,1.45278102653529));
#5164=CARTESIAN_POINT('Ctrl Pts',(-0.964966864804664,0.909802408034211,
1.52427276756718));
#5165=CARTESIAN_POINT('Ctrl Pts',(-1.28751667864088,-0.318123015909443,
1.59576450859907));
#5166=CARTESIAN_POINT('Ctrl Pts',(-0.430199455959473,-1.25452377279006,
1.66725624963096));
#5167=CARTESIAN_POINT('Ctrl Pts',(0.821348158425286,-1.04129183871937,1.73874799066285));
#5168=CARTESIAN_POINT('Ctrl Pts',(1.32022070188175,0.12616923661251,1.81023973169473));
#5169=CARTESIAN_POINT('Ctrl Pts',(0.609256673719329,1.17801011970432,1.88173147272662));
#5170=CARTESIAN_POINT('Ctrl Pts',(-0.660024122644624,1.15033463476993,1.95322321375851));
#5171=CARTESIAN_POINT('Ctrl Pts',(-1.32446519009498,0.0685043127545136,
2.0247149547904));
#5172=CARTESIAN_POINT('Ctrl Pts',(-0.775180739289176,-1.07610265923995,
2.09620669582229));
#5173=CARTESIAN_POINT('Ctrl Pts',(0.484472840435321,-1.23458020942076,2.16769843685418));
#5174=CARTESIAN_POINT('Ctrl Pts',(1.30015770215899,-0.261701149534041,2.23919017788606));
#5175=CARTESIAN_POINT('Ctrl Pts',(0.924396701667721,0.950998167115166,2.31068191891795));
#5176=CARTESIAN_POINT('Ctrl Pts',(-0.298482001048738,1.2922125121978,2.38217365994984));
#5177=CARTESIAN_POINT('Ctrl Pts',(-1.24781573544599,0.449256636488881,2.45366540098173));
#5178=CARTESIAN_POINT('Ctrl Pts',(-1.05370031432924,-0.8053934914373,2.52515714201362));
#5179=CARTESIAN_POINT('Ctrl Pts',(0.10608436056334,-1.32198913451634,2.59664888304551));
#5180=CARTESIAN_POINT('Ctrl Pts',(1.16852304558919,-0.627127834997904,2.6681406240774));
#5181=CARTESIAN_POINT('Ctrl Pts',(1.16038895392416,0.642427561440353,2.73963236510928));
#5182=CARTESIAN_POINT('Ctrl Pts',(0.0884114248276964,1.32326785525485,2.81112410614117));
#5183=CARTESIAN_POINT('Ctrl Pts',(-1.06368063700937,0.791480800521305,2.88261584717306));
#5184=CARTESIAN_POINT('Ctrl Pts',(-1.24276419992146,-0.465611390072689,
2.95410758820495));
#5185=CARTESIAN_POINT('Ctrl Pts',(-0.279537931505585,-1.29604660067329,
3.02559932923684));
#5186=CARTESIAN_POINT('Ctrl Pts',(0.528203626443262,-1.05775521118517,3.07326048992476));
#5187=CARTESIAN_POINT('Ctrl Pts',(0.79242572690716,-0.794085319794691,3.09709107026872));
#5188=CARTESIAN_POINT('Ctrl Pts',(0.902212172644404,-0.800155111510705,
-0.097091070268722));
#5189=CARTESIAN_POINT('Ctrl Pts',(1.16845392147178,-0.499955133778041,-0.0732604899247593));
#5190=CARTESIAN_POINT('Ctrl Pts',(1.37310880604271,0.381887120221274,-0.0255993292368337));
#5191=CARTESIAN_POINT('Ctrl Pts',(0.421094332088589,1.36302940045936,0.0458924117950545));
#5192=CARTESIAN_POINT('Ctrl Pts',(-0.916562076277444,1.09140118267153,0.117384152826943));
#5193=CARTESIAN_POINT('Ctrl Pts',(-1.41439995365385,-0.178511342897835,
0.188875893858832));
#5194=CARTESIAN_POINT('Ctrl Pts',(-0.616040901843008,-1.28580893786338,
0.260367634890719));
#5195=CARTESIAN_POINT('Ctrl Pts',(0.746822850525125,-1.21429472911217,0.331859375922608));
#5196=CARTESIAN_POINT('Ctrl Pts',(1.42532096495284,-0.0302813343152484,
0.403351116954496));
#5197=CARTESIAN_POINT('Ctrl Pts',(0.797661628844246,1.18162255821769,0.474842857986384));
#5198=CARTESIAN_POINT('Ctrl Pts',(-0.560962436427967,1.31062550510104,0.546334599018273));
#5199=CARTESIAN_POINT('Ctrl Pts',(-1.40552849421159,0.238623732257433,0.617826340050161));
#5200=CARTESIAN_POINT('Ctrl Pts',(-0.962081524022841,-1.05207090766541,
0.68931808108205));
#5201=CARTESIAN_POINT('Ctrl Pts',(0.363006457746316,-1.37864777787926,0.760809822113937));
#5202=CARTESIAN_POINT('Ctrl Pts',(1.35543937311411,-0.441851674913877,0.832301563145826));
#5203=CARTESIAN_POINT('Ctrl Pts',(1.10576140723123,0.899855752000186,0.903793304177713));
#5204=CARTESIAN_POINT('Ctrl Pts',(-0.157224859956326,1.41694304222961,0.975285045209604));
#5205=CARTESIAN_POINT('Ctrl Pts',(-1.27613192805399,0.635559117326024,1.04677678624149));
#5206=CARTESIAN_POINT('Ctrl Pts',(-1.22560478668014,-0.728245086733366,
1.11826852727338));
#5207=CARTESIAN_POINT('Ctrl Pts',(-0.0519460270491024,-1.42469274807999,
1.18976026830526));
#5208=CARTESIAN_POINT('Ctrl Pts',(1.16931554546151,-0.815566736465178,1.26125200933716));
#5209=CARTESIAN_POINT('Ctrl Pts',(1.31902836367063,0.540936314659342,1.33274375036904));
#5210=CARTESIAN_POINT('Ctrl Pts',(0.259997148868923,1.40173085262096,1.40423549140093));
#5211=CARTESIAN_POINT('Ctrl Pts',(-1.03729278714814,0.97799365968378,1.47572723243282));
#5212=CARTESIAN_POINT('Ctrl Pts',(-1.38401826300789,-0.341966881832234,
1.54721897346471));
#5213=CARTESIAN_POINT('Ctrl Pts',(-0.462443643380592,-1.34855248224966,
1.6187107144966));
#5214=CARTESIAN_POINT('Ctrl Pts',(0.882909612284379,-1.11933844882692,1.69020245552848));
#5215=CARTESIAN_POINT('Ctrl Pts',(1.41917350890884,0.135625837395605,1.76169419656037));
#5216=CARTESIAN_POINT('Ctrl Pts',(0.6549215068632,1.26630399957222,1.83318593759226));
#5217=CARTESIAN_POINT('Ctrl Pts',(-0.709494063199401,1.23655418955249,1.90467767862415));
#5218=CARTESIAN_POINT('Ctrl Pts',(-1.42373612879695,0.0736388285448348,
1.97616941965604));
#5219=CARTESIAN_POINT('Ctrl Pts',(-0.833281865863441,-1.15675840007884,
2.04766116068793));
#5220=CARTESIAN_POINT('Ctrl Pts',(0.520784911152838,-1.32711411458385,2.11915290171981));
#5221=CARTESIAN_POINT('Ctrl Pts',(1.39760675292994,-0.281316099755393,2.1906446427517));
#5222=CARTESIAN_POINT('Ctrl Pts',(0.99368182066807,1.02227711159735,2.26213638378359));
#5223=CARTESIAN_POINT('Ctrl Pts',(-0.320853739204892,1.38906605734767,2.33362812481548));
#5224=CARTESIAN_POINT('Ctrl Pts',(-1.34134166599605,0.48292919229168,2.40511986584737));
#5225=CARTESIAN_POINT('Ctrl Pts',(-1.13267696097596,-0.865759115628374,
2.47661160687926));
#5226=CARTESIAN_POINT('Ctrl Pts',(0.114035565422083,-1.42107448860392,2.54810334791114));
#5227=CARTESIAN_POINT('Ctrl Pts',(1.2561058529729,-0.674132142345466,2.61959508894303));
#5228=CARTESIAN_POINT('Ctrl Pts',(1.24736209717995,0.690578609538207,2.69108682997492));
#5229=CARTESIAN_POINT('Ctrl Pts',(0.0950380128273354,1.42244905165599,2.76257857100681));
#5230=CARTESIAN_POINT('Ctrl Pts',(-1.14340532596661,0.850803644654866,2.8340703120387));
#5231=CARTESIAN_POINT('Ctrl Pts',(-1.33591150921583,-0.500509762720389,
2.90556205307058));
#5232=CARTESIAN_POINT('Ctrl Pts',(-0.300489779142571,-1.39318751733347,
2.97705379410248));
#5233=CARTESIAN_POINT('Ctrl Pts',(0.567793394611531,-1.13703577930921,3.0247149547904));
#5234=CARTESIAN_POINT('Ctrl Pts',(0.851819394894779,-0.853603377116994,
3.04854553513436));
#5235=CARTESIAN_POINT('Ctrl Pts',(0.965119510229795,-0.855946453333268,
-0.145636605403083));
#5236=CARTESIAN_POINT('Ctrl Pts',(1.24992514023793,-0.534814834557673,-0.12180602505912));
#5237=CARTESIAN_POINT('Ctrl Pts',(1.46884972134207,0.408514451041762,-0.0741448643711948));
#5238=CARTESIAN_POINT('Ctrl Pts',(0.45045541156322,1.45806752257003,-0.00265312333930651));
#5239=CARTESIAN_POINT('Ctrl Pts',(-0.980469970338942,1.16749984850772,0.0688386176925817));
#5240=CARTESIAN_POINT('Ctrl Pts',(-1.51301992139877,-0.190958163779868,
0.14033035872447));
#5241=CARTESIAN_POINT('Ctrl Pts',(-0.658994759210127,-1.37546281239203,
0.211822099756358));
#5242=CARTESIAN_POINT('Ctrl Pts',(0.798895565346481,-1.29896222836407,0.283313840788247));
#5243=CARTESIAN_POINT('Ctrl Pts',(1.52470240739894,-0.0323927202819478,
0.354805581820135));
#5244=CARTESIAN_POINT('Ctrl Pts',(0.853279110946646,1.26401196884872,0.426297322852024));
#5245=CARTESIAN_POINT('Ctrl Pts',(-0.600075911540662,1.40200973111493,0.497789063883912));
#5246=CARTESIAN_POINT('Ctrl Pts',(-1.50352989360758,0.255261929054321,0.5692808049158));
#5247=CARTESIAN_POINT('Ctrl Pts',(-1.02916329153988,-1.12542724418911,0.640772545947688));
#5248=CARTESIAN_POINT('Ctrl Pts',(0.38831732194824,-1.47477490163575,0.712264286979577));
#5249=CARTESIAN_POINT('Ctrl Pts',(1.44994827557227,-0.472660073779755,0.783756028011464));
#5250=CARTESIAN_POINT('Ctrl Pts',(1.18286134917694,0.962598786605134,0.855247769043353));
#5251=CARTESIAN_POINT('Ctrl Pts',(-0.168187466804226,1.51574032849936,0.926739510075242));
#5252=CARTESIAN_POINT('Ctrl Pts',(-1.36511106670415,0.679873895114841,0.99823125110713));
#5253=CARTESIAN_POINT('Ctrl Pts',(-1.31106088714039,-0.779022454746217,
1.06972299213902));
#5254=CARTESIAN_POINT('Ctrl Pts',(-0.0555679979766499,-1.52403038769112,
1.14121473317091));
#5255=CARTESIAN_POINT('Ctrl Pts',(1.25084684152748,-0.872432663981823,1.21270647420279));
#5256=CARTESIAN_POINT('Ctrl Pts',(1.41099848452915,0.578653455250268,1.28419821523468));
#5257=CARTESIAN_POINT('Ctrl Pts',(0.278125621207306,1.49946745895739,1.35568995626657));
#5258=CARTESIAN_POINT('Ctrl Pts',(-1.10961870949162,1.04618491133335,1.42718169729846));
#5259=CARTESIAN_POINT('Ctrl Pts',(-1.48051984737489,-0.365810747755027,
1.49867343833035));
#5260=CARTESIAN_POINT('Ctrl Pts',(-0.494687830801713,-1.44258119170927,
1.57016517936223));
#5261=CARTESIAN_POINT('Ctrl Pts',(0.944471066143474,-1.19738505893447,1.64165692039413));
#5262=CARTESIAN_POINT('Ctrl Pts',(1.51812631593593,0.1450824381787,1.71314866142601));
#5263=CARTESIAN_POINT('Ctrl Pts',(0.700586340007074,1.35459787944012,1.7846404024579));
#5264=CARTESIAN_POINT('Ctrl Pts',(-0.75896400375418,1.32277374433505,1.85613214348979));
#5265=CARTESIAN_POINT('Ctrl Pts',(-1.52300706749891,0.0787733443351562,
1.92762388452168));
#5266=CARTESIAN_POINT('Ctrl Pts',(-0.891382992437709,-1.23741414091773,
1.99911562555356));
#5267=CARTESIAN_POINT('Ctrl Pts',(0.557096981870357,-1.41964801974695,2.07060736658546));
#5268=CARTESIAN_POINT('Ctrl Pts',(1.49505580370088,-0.300931049976746,2.14209910761734));
#5269=CARTESIAN_POINT('Ctrl Pts',(1.06296693966842,1.09355605607954,2.21359084864923));
#5270=CARTESIAN_POINT('Ctrl Pts',(-0.343225477361048,1.48591960249754,2.28508258968112));
#5271=CARTESIAN_POINT('Ctrl Pts',(-1.43486759654612,0.516601748094479,2.35657433071301));
#5272=CARTESIAN_POINT('Ctrl Pts',(-1.21165360762269,-0.926124739819447,
2.42806607174489));
#5273=CARTESIAN_POINT('Ctrl Pts',(0.121986770280826,-1.5201598426915,2.49955781277678));
#5274=CARTESIAN_POINT('Ctrl Pts',(1.34368866035661,-0.721136449693028,2.57104955380867));
#5275=CARTESIAN_POINT('Ctrl Pts',(1.33433524043575,0.738729657636062,2.64254129484056));
#5276=CARTESIAN_POINT('Ctrl Pts',(0.101664600826975,1.52163024805713,2.71403303587245));
#5277=CARTESIAN_POINT('Ctrl Pts',(-1.22313001492386,0.910126488788427,2.78552477690434));
#5278=CARTESIAN_POINT('Ctrl Pts',(-1.4290588185102,-0.535408135368089,2.85701651793622));
#5279=CARTESIAN_POINT('Ctrl Pts',(-0.32144162677956,-1.49032843399365,2.92850825896811));
#5280=CARTESIAN_POINT('Ctrl Pts',(0.607383162779801,-1.21631634743325,2.97616941965604));
#5281=CARTESIAN_POINT('Ctrl Pts',(0.911213062882398,-0.913121434439297,
3.));
#5282=CARTESIAN_POINT('Ctrl Pts',(0.911213062882398,-0.913121434439297,
3.));
#5283=CARTESIAN_POINT('Ctrl Pts',(0.870171775107627,-0.946889879998355,
3.));
#5284=CARTESIAN_POINT('Ctrl Pts',(0.826979427935736,-0.977824648321422,
3.));
#5285=CARTESIAN_POINT('Ctrl Pts',(0.78196310377907,-1.00588212238258,3.));
#5286=CARTESIAN_POINT('Ctrl Pts',(0.741716572011495,-1.03096671207921,3.));
#5287=CARTESIAN_POINT('Ctrl Pts',(0.700011088231715,-1.05375085524232,3.));
#5288=CARTESIAN_POINT('Ctrl Pts',(0.657070981568906,-1.07416938779344,3.));
#5289=CARTESIAN_POINT('Ctrl Pts',(0.645288110834725,-1.07977228327577,3.));
#5290=CARTESIAN_POINT('Ctrl Pts',(0.633410974308115,-1.08519727471428,3.));
#5291=CARTESIAN_POINT('Ctrl Pts',(0.621460851567209,-1.09043575103806,3.));
#5292=CARTESIAN_POINT('Ctrl Pts',(0.573452585778253,-1.11148073686238,3.));
#5293=CARTESIAN_POINT('Ctrl Pts',(0.524207352062536,-1.12954891263374,3.));
#5294=CARTESIAN_POINT('Ctrl Pts',(0.474035996186352,-1.14456803794063,3.));
#5295=CARTESIAN_POINT('Ctrl Pts',(0.444612841986555,-1.15337605263613,3.));
#5296=CARTESIAN_POINT('Ctrl Pts',(0.41487098876538,-1.16113444773397,3.));
#5297=CARTESIAN_POINT('Ctrl Pts',(0.384873361452514,-1.16782027824865,3.));
#5298=CARTESIAN_POINT('Ctrl Pts',(0.372930584340572,-1.17048206822331,3.));
#5299=CARTESIAN_POINT('Ctrl Pts',(0.360947278020633,-1.17297378413272,3.));
#5300=CARTESIAN_POINT('Ctrl Pts',(0.348927477410219,-1.17529370029329,3.));
#5301=CARTESIAN_POINT('Ctrl Pts',(0.33921553909492,-1.17716818085901,3.));
#5302=CARTESIAN_POINT('Ctrl Pts',(0.329489354005063,-1.17892864826768,3.));
#5303=CARTESIAN_POINT('Ctrl Pts',(0.319751278721057,-1.18057477404335,3.));
#5304=CARTESIAN_POINT('Ctrl Pts',(0.269849131816165,-1.18901024079483,3.));
#5305=CARTESIAN_POINT('Ctrl Pts',(0.219632421522098,-1.19444760429293,3.));
#5306=CARTESIAN_POINT('Ctrl Pts',(0.169383284003096,-1.19681901683706,3.));
#5307=CARTESIAN_POINT('Ctrl Pts',(0.120111652441866,-1.19914429784532,3.));
#5308=CARTESIAN_POINT('Ctrl Pts',(0.0708078526642291,-1.198521642618,3.));
#5309=CARTESIAN_POINT('Ctrl Pts',(0.0217481584659763,-1.19483935353958,
3.));
#5310=CARTESIAN_POINT('Ctrl Pts',(-0.00394271952499925,-1.19291106513528,
3.));
#5311=CARTESIAN_POINT('Ctrl Pts',(-0.0295663953495867,-1.19014295814526,
3.));
#5312=CARTESIAN_POINT('Ctrl Pts',(-0.0550806901859203,-1.18651375413053,
3.));
#5313=CARTESIAN_POINT('Ctrl Pts',(-0.0712563073341859,-1.18421290219353,
3.));
#5314=CARTESIAN_POINT('Ctrl Pts',(-0.0873879210690913,-1.18156587383374,
3.));
#5315=CARTESIAN_POINT('Ctrl Pts',(-0.103464286793216,-1.17856649030193,
3.));
#5316=CARTESIAN_POINT('Ctrl Pts',(-0.11288938456561,-1.17680804044271,3.));
#5317=CARTESIAN_POINT('Ctrl Pts',(-0.122296103534131,-1.17492821516288,
3.));
#5318=CARTESIAN_POINT('Ctrl Pts',(-0.1316665659096,-1.17292936036596,3.));
#5319=CARTESIAN_POINT('Ctrl Pts',(-0.170913753736013,-1.16455736904802,
3.));
#5320=CARTESIAN_POINT('Ctrl Pts',(-0.2095920776312,-1.15408746129263,3.));
#5321=CARTESIAN_POINT('Ctrl Pts',(-0.247552508417513,-1.14146791819845,
3.));
#5322=CARTESIAN_POINT('Ctrl Pts',(-0.294044194488712,-1.12601224965773,
3.));
#5323=CARTESIAN_POINT('Ctrl Pts',(-0.339460477477618,-1.10733277566438,
3.));
#5324=CARTESIAN_POINT('Ctrl Pts',(-0.383569591112988,-1.08566804118146,
3.));
#5325=CARTESIAN_POINT('Ctrl Pts',(-0.419428629566955,-1.06805543274548,
3.));
#5326=CARTESIAN_POINT('Ctrl Pts',(-0.454423433090217,-1.04846867803205,
3.));
#5327=CARTESIAN_POINT('Ctrl Pts',(-0.488410474683512,-1.02701911356621,
3.));
#5328=CARTESIAN_POINT('Ctrl Pts',(-0.49742844656626,-1.02132778062924,3.));
#5329=CARTESIAN_POINT('Ctrl Pts',(-0.506375360811551,-1.01550523727183,
3.));
#5330=CARTESIAN_POINT('Ctrl Pts',(-0.515248290488677,-1.00955344090963,
3.));
#5331=CARTESIAN_POINT('Ctrl Pts',(-0.52272646789095,-1.00453721845793,3.));
#5332=CARTESIAN_POINT('Ctrl Pts',(-0.53015162741519,-0.999429367464592,
3.));
#5333=CARTESIAN_POINT('Ctrl Pts',(-0.537511125150659,-0.994239103255298,
3.));
#5334=CARTESIAN_POINT('Ctrl Pts',(-0.576762371252925,-0.966557276976183,
3.));
#5335=CARTESIAN_POINT('Ctrl Pts',(-0.614232405038181,-0.936478944577004,
3.));
#5336=CARTESIAN_POINT('Ctrl Pts',(-0.649708724145192,-0.904233524380229,
3.));
#5337=CARTESIAN_POINT('Ctrl Pts',(-0.684877656069883,-0.872267497003975,
3.));
#5338=CARTESIAN_POINT('Ctrl Pts',(-0.718087946590103,-0.838170721593018,
3.));
#5339=CARTESIAN_POINT('Ctrl Pts',(-0.749089736962155,-0.802139743014559,
3.));
#5340=CARTESIAN_POINT('Ctrl Pts',(-0.764999798348985,-0.783648711556981,
3.));
#5341=CARTESIAN_POINT('Ctrl Pts',(-0.780327444138273,-0.764647924282741,
3.));
#5342=CARTESIAN_POINT('Ctrl Pts',(-0.795033600509391,-0.745162494139999,
3.));
#5343=CARTESIAN_POINT('Ctrl Pts',(-0.802988591188108,-0.734622254308146,
3.));
#5344=CARTESIAN_POINT('Ctrl Pts',(-0.810761665139391,-0.723940194418573,
3.));
#5345=CARTESIAN_POINT('Ctrl Pts',(-0.818346146895776,-0.713120241167435,
3.));
#5346=CARTESIAN_POINT('Ctrl Pts',(-0.824464537244873,-0.704391800691761,
3.));
#5347=CARTESIAN_POINT('Ctrl Pts',(-0.83046104948973,-0.695572033323832,
3.));
#5348=CARTESIAN_POINT('Ctrl Pts',(-0.836320298238305,-0.686681632232311,
3.));
#5349=CARTESIAN_POINT('Ctrl Pts',(-0.86147453236632,-0.648514413166479,
3.));
#5350=CARTESIAN_POINT('Ctrl Pts',(-0.884156459198564,-0.608972341419706,
3.));
#5351=CARTESIAN_POINT('Ctrl Pts',(-0.904149996348094,-0.568240522213452,
3.));
#5352=CARTESIAN_POINT('Ctrl Pts',(-0.923427625089678,-0.528967186897398,
3.));
#5353=CARTESIAN_POINT('Ctrl Pts',(-0.940206178393918,-0.48858692600132,
3.));
#5354=CARTESIAN_POINT('Ctrl Pts',(-0.954245078256557,-0.447257367723803,
3.));
#5355=CARTESIAN_POINT('Ctrl Pts',(-0.963255332775193,-0.420731796427846,
3.));
#5356=CARTESIAN_POINT('Ctrl Pts',(-0.971136128129394,-0.393815067195968,
3.));
#5357=CARTESIAN_POINT('Ctrl Pts',(-0.977812439971079,-0.36654929011327,
3.));
#5358=CARTESIAN_POINT('Ctrl Pts',(-0.980873007340634,-0.3540500615536,3.));
#5359=CARTESIAN_POINT('Ctrl Pts',(-0.983680309297946,-0.341477490781592,
3.));
#5360=CARTESIAN_POINT('Ctrl Pts',(-0.986234851666664,-0.328838836125125,
3.));
#5361=CARTESIAN_POINT('Ctrl Pts',(-1.0384185038531,0.000855374734797277,
0.726961524227067));
#5362=CARTESIAN_POINT('Ctrl Pts',(-1.03893381693094,0.0589134953717288,
0.722946819591005));
#5363=CARTESIAN_POINT('Ctrl Pts',(-1.03448477861956,0.116892538190864,0.718932114954944));
#5364=CARTESIAN_POINT('Ctrl Pts',(-1.02479270947828,0.173981362184977,0.714917410318884));
#5365=CARTESIAN_POINT('Ctrl Pts',(-0.967262292347254,0.512850576800194,
0.691086829974921));
#5366=CARTESIAN_POINT('Ctrl Pts',(-0.724998889274918,0.820353814936728,
0.667256249630958));
#5367=CARTESIAN_POINT('Ctrl Pts',(-0.409006829265078,0.955603214652058,
0.643425669286995));
#5368=CARTESIAN_POINT('Ctrl Pts',(-0.0930147692552391,1.09085261436739,
0.619595088943032));
#5369=CARTESIAN_POINT('Ctrl Pts',(0.296705947692104,1.05384817566151,0.595764508599069));
#5370=CARTESIAN_POINT('Ctrl Pts',(0.581588208735976,0.861528906418988,0.571933928255107));
#5371=CARTESIAN_POINT('Ctrl Pts',(0.866470469779849,0.669209637176467,0.548103347911144));
#5372=CARTESIAN_POINT('Ctrl Pts',(1.04651427492025,0.321575537397305,0.524272767567181));
#5373=CARTESIAN_POINT('Ctrl Pts',(1.03922273429408,-0.0220583738633641,
0.500442187223218));
#5374=CARTESIAN_POINT('Ctrl Pts',(1.03193119366791,-0.365692285124031,0.476611606879255));
#5375=CARTESIAN_POINT('Ctrl Pts',(0.83730430727516,-0.705326007866204,0.452781026535293));
#5376=CARTESIAN_POINT('Ctrl Pts',(0.544522429413591,-0.885399778936906,
0.42895044619133));
#5377=CARTESIAN_POINT('Ctrl Pts',(0.251740551552019,-1.06547355000761,0.405119865847367));
#5378=CARTESIAN_POINT('Ctrl Pts',(-0.139196317778376,-1.08598736940684,
0.381289285503404));
#5379=CARTESIAN_POINT('Ctrl Pts',(-0.449169224286113,-0.937430364494404,
0.357458705159442));
#5380=CARTESIAN_POINT('Ctrl Pts',(-0.759142130793848,-0.788873359581968,
0.333628124815479));
#5381=CARTESIAN_POINT('Ctrl Pts',(-0.988151074478927,-0.471245530357867,
0.309797544471516));
#5382=CARTESIAN_POINT('Ctrl Pts',(-1.03125325798654,-0.130294690390333,
0.285966964127553));
#5383=CARTESIAN_POINT('Ctrl Pts',(-1.03668261412691,-0.0873469001416861,
0.282965150827391));
#5384=CARTESIAN_POINT('Ctrl Pts',(-1.039162165319,-0.0440290408733087,0.279963337527229));
#5385=CARTESIAN_POINT('Ctrl Pts',(-1.03882273828183,-0.000673899235698605,
0.276961524227066));
#5386=CARTESIAN_POINT('Ctrl Pts',(-0.335179827523349,1.24569437793602,0.));
#5387=CARTESIAN_POINT('Ctrl Pts',(-0.749669274525622,1.13416742251486,0.0238305803439628));
#5388=CARTESIAN_POINT('Ctrl Pts',(-1.45138297774362,0.466786892090732,0.0714917410318884));
#5389=CARTESIAN_POINT('Ctrl Pts',(-1.17820656206037,-0.969896751195986,
0.142983482063777));
#5390=CARTESIAN_POINT('Ctrl Pts',(0.176627675365785,-1.51432522631814,0.214475223095665));
#5391=CARTESIAN_POINT('Ctrl Pts',(1.36860279268044,-0.672770848207157,0.285966964127553));
#5392=CARTESIAN_POINT('Ctrl Pts',(1.30692629722477,0.786203307485023,0.357458705159442));
#5393=CARTESIAN_POINT('Ctrl Pts',(0.0473218555157518,1.52423684217471,0.42895044619133));
#5394=CARTESIAN_POINT('Ctrl Pts',(-1.25550369842907,0.86572355232242,0.500442187223218));
#5395=CARTESIAN_POINT('Ctrl Pts',(-1.40787439022047,-0.586260430829351,
0.571933928255106));
#5396=CARTESIAN_POINT('Ctrl Pts',(-0.270043571408411,-1.50093271746895,
0.643425669286994));
#5397=CARTESIAN_POINT('Ctrl Pts',(1.11523141818046,-1.04020180624455,0.714917410318883));
#5398=CARTESIAN_POINT('Ctrl Pts',(1.47853083504184,0.373778351736812,0.786409151350771));
#5399=CARTESIAN_POINT('Ctrl Pts',(0.486913982104881,1.44522187364473,0.857900892382659));
#5400=CARTESIAN_POINT('Ctrl Pts',(-0.95090278560931,1.19228418068304,0.929392633414548));
#5401=CARTESIAN_POINT('Ctrl Pts',(-1.51732361945357,-0.153253249102931,
1.00088437444644));
#5402=CARTESIAN_POINT('Ctrl Pts',(-0.693283835944763,-1.35834952113558,
1.07237611547833));
#5403=CARTESIAN_POINT('Ctrl Pts',(0.766073685683055,-1.31866901664975,1.14386785651021));
#5404=CARTESIAN_POINT('Ctrl Pts',(1.52340938807571,-0.070573373819997,1.2153595975421));
#5405=CARTESIAN_POINT('Ctrl Pts',(0.884708259844256,1.24219477147372,1.28685133857399));
#5406=CARTESIAN_POINT('Ctrl Pts',(-0.564730361886652,1.4166285054738,1.35834307960588));
#5407=CARTESIAN_POINT('Ctrl Pts',(-1.49665591629753,0.292878375649855,1.42983482063777));
#5408=CARTESIAN_POINT('Ctrl Pts',(-1.05706135378851,-1.09926245551556,1.50132656166965));
#5409=CARTESIAN_POINT('Ctrl Pts',(0.351213365345945,-1.4840504880998,1.57281830270154));
#5410=CARTESIAN_POINT('Ctrl Pts',(1.4376397624271,-0.508869890313668,1.64431004373343));
#5411=CARTESIAN_POINT('Ctrl Pts',(1.20662786823307,0.932633830779806,1.71580178476532));
#5412=CARTESIAN_POINT('Ctrl Pts',(-0.130125432947068,1.51948151547095,1.78729352579721));
#5413=CARTESIAN_POINT('Ctrl Pts',(-1.34763306861319,0.713891915974339,1.8587852668291));
#5414=CARTESIAN_POINT('Ctrl Pts',(-1.33018371661147,-0.745900827745386,
1.93027700786098));
#5415=CARTESIAN_POINT('Ctrl Pts',(-0.0937674716008613,-1.52215785273329,
2.00176874889287));
#5416=CARTESIAN_POINT('Ctrl Pts',(1.22857593127616,-0.903524808646925,2.07326048992476));
#5417=CARTESIAN_POINT('Ctrl Pts',(1.42506571678011,0.543088599926639,2.14475223095665));
#5418=CARTESIAN_POINT('Ctrl Pts',(0.315638516279549,1.49202211854497,2.21624397198854));
#5419=CARTESIAN_POINT('Ctrl Pts',(-1.08303390059201,1.07368014799514,2.28773571302042));
#5420=CARTESIAN_POINT('Ctrl Pts',(-1.48923026824361,-0.328567945094556,
2.35922745405231));
#5421=CARTESIAN_POINT('Ctrl Pts',(-0.530701651198866,-1.42972608258576,
2.4307191950842));
#5422=CARTESIAN_POINT('Ctrl Pts',(0.914138121315417,-1.22068589243329,2.50221093611609));
#5423=CARTESIAN_POINT('Ctrl Pts',(1.52130606034551,0.106955421325431,2.57370267714798));
#5424=CARTESIAN_POINT('Ctrl Pts',(0.734298327505476,1.33662738713431,2.64519441817987));
#5425=CARTESIAN_POINT('Ctrl Pts',(-0.725486560937085,1.34134505588677,2.71668615921175));
#5426=CARTESIAN_POINT('Ctrl Pts',(-1.52068310575779,0.117025120982144,2.78817790024365));
#5427=CARTESIAN_POINT('Ctrl Pts',(-0.921884686102329,-1.21483449237338,
2.85966964127553));
#5428=CARTESIAN_POINT('Ctrl Pts',(0.520849664124848,-1.43286211972738,2.93116138230742));
#5429=CARTESIAN_POINT('Ctrl Pts',(1.48795112677998,-0.338927507259043,3.00265312333931));
#5430=CARTESIAN_POINT('Ctrl Pts',(1.08820896464957,1.06780325901731,3.0741448643712));
#5431=CARTESIAN_POINT('Ctrl Pts',(0.161799337071224,1.34987434155372,3.12180602505912));
#5432=CARTESIAN_POINT('Ctrl Pts',(-0.258711617750927,1.26379124021363,3.14563660540308));
#5433=CARTESIAN_POINT('Ctrl Pts',(-0.313332511892143,1.16449892397366,-0.048545535134361));
#5434=CARTESIAN_POINT('Ctrl Pts',(-0.700805172587873,1.06024139348918,-0.0247149547903983));
#5435=CARTESIAN_POINT('Ctrl Pts',(-1.35678056013747,0.436361312367248,0.0229462058975274));
#5436=CARTESIAN_POINT('Ctrl Pts',(-1.1014100232284,-0.90667802884736,0.0944379469294154));
#5437=CARTESIAN_POINT('Ctrl Pts',(0.165114928308675,-1.4156201776518,0.165929687961304));
#5438=CARTESIAN_POINT('Ctrl Pts',(1.27939606026348,-0.628919053256187,0.237421428993192));
#5439=CARTESIAN_POINT('Ctrl Pts',(1.22173969296768,0.734957885181898,0.308913170025081));
#5440=CARTESIAN_POINT('Ctrl Pts',(0.0442373753984785,1.42488574567896,0.380404911056968));
#5441=CARTESIAN_POINT('Ctrl Pts',(-1.17366886433896,0.809294930598044,0.451896652088857));
#5442=CARTESIAN_POINT('Ctrl Pts',(-1.31610790057367,-0.548047460887049,
0.523388393120745));
#5443=CARTESIAN_POINT('Ctrl Pts',(-0.252441894176429,-1.40310060429543,
0.594880134152633));
#5444=CARTESIAN_POINT('Ctrl Pts',(1.04253965455358,-0.972400538641141,0.666371875184522));
#5445=CARTESIAN_POINT('Ctrl Pts',(1.38215889624615,0.349415150386526,0.73786361621641));
#5446=CARTESIAN_POINT('Ctrl Pts',(0.455176500971557,1.35102104221659,0.809355357248299));
#5447=CARTESIAN_POINT('Ctrl Pts',(-0.888922106624825,1.11457005030132,0.880847098280186));
#5448=CARTESIAN_POINT('Ctrl Pts',(-1.41842313288841,-0.143264067685306,
0.952338839312076));
#5449=CARTESIAN_POINT('Ctrl Pts',(-0.648094986431308,-1.26981110596595,
1.02383058034396));
#5450=CARTESIAN_POINT('Ctrl Pts',(0.716140329813921,-1.23271701162394,1.09532232137585));
#5451=CARTESIAN_POINT('Ctrl Pts',(1.42411222576509,-0.0659733393119626,
1.16681406240774));
#5452=CARTESIAN_POINT('Ctrl Pts',(0.827042198204537,1.16122742493516,1.23830580343963));
#5453=CARTESIAN_POINT('Ctrl Pts',(-0.527920740753343,1.32429141490383,1.30979754447151));
#5454=CARTESIAN_POINT('Ctrl Pts',(-1.39910256878175,0.273788305815831,1.38128928550341));
#5455=CARTESIAN_POINT('Ctrl Pts',(-0.988161166064179,-1.02761156290476,
1.45278102653529));
#5456=CARTESIAN_POINT('Ctrl Pts',(0.328320969633151,-1.38731877346849,1.52427276756718));
#5457=CARTESIAN_POINT('Ctrl Pts',(1.34393313966942,-0.475701303793868,1.59576450859907));
#5458=CARTESIAN_POINT('Ctrl Pts',(1.12797880369514,0.871843938321355,1.66725624963096));
#5459=CARTESIAN_POINT('Ctrl Pts',(-0.121643742905491,1.42044037534756,1.73874799066285));
#5460=CARTESIAN_POINT('Ctrl Pts',(-1.25979316123394,0.667359813699268,1.81023973169473));
#5461=CARTESIAN_POINT('Ctrl Pts',(-1.24348117332588,-0.697282356479553,
1.88173147272662));
#5462=CARTESIAN_POINT('Ctrl Pts',(-0.0876556254222272,-1.42294226659583,
1.95322321375851));
#5463=CARTESIAN_POINT('Ctrl Pts',(1.14849627270654,-0.844632267824913,2.0247149547904));
#5464=CARTESIAN_POINT('Ctrl Pts',(1.33217868136466,0.507689607851317,2.09620669582229));
#5465=CARTESIAN_POINT('Ctrl Pts',(0.295064920483293,1.39477080603775,2.16769843685418));
#5466=CARTESIAN_POINT('Ctrl Pts',(-1.01244079944877,1.00369673266393,2.23919017788607));
#5467=CARTESIAN_POINT('Ctrl Pts',(-1.39216093099182,-0.307151597768948,
2.31068191891795));
#5468=CARTESIAN_POINT('Ctrl Pts',(-0.496110051324213,-1.33653528043272,
2.38217365994984));
#5469=CARTESIAN_POINT('Ctrl Pts',(0.854553795449316,-1.14112051352727,2.45366540098173));
#5470=CARTESIAN_POINT('Ctrl Pts',(1.42214599478423,0.0999839729974365,2.52515714201362));
#5471=CARTESIAN_POINT('Ctrl Pts',(0.68643611739869,1.24950483974293,2.59664888304551));
#5472=CARTESIAN_POINT('Ctrl Pts',(-0.678198709516831,1.25391500670138,2.66814062407739));
#5473=CARTESIAN_POINT('Ctrl Pts',(-1.42156364492384,0.10939732078376,2.73963236510928));
#5474=CARTESIAN_POINT('Ctrl Pts',(-0.861795432337648,-1.13565051286403,
2.81112410614117));
#5475=CARTESIAN_POINT('Ctrl Pts',(0.486900225423169,-1.33946690791828,2.88261584717306));
#5476=CARTESIAN_POINT('Ctrl Pts',(1.39096516509258,-0.31683591457013,2.95410758820495));
#5477=CARTESIAN_POINT('Ctrl Pts',(1.01727854828449,0.998202904472836,3.02559932923683));
#5478=CARTESIAN_POINT('Ctrl Pts',(0.151253114131633,1.26188834603513,3.07326048992476));
#5479=CARTESIAN_POINT('Ctrl Pts',(-0.241848567214061,1.18141621686895,3.09709107026872));
#5480=CARTESIAN_POINT('Ctrl Pts',(-0.291485196260938,1.08330347001129,-0.097091070268722));
#5481=CARTESIAN_POINT('Ctrl Pts',(-0.651941070650125,0.986315364463501,
-0.0732604899247593));
#5482=CARTESIAN_POINT('Ctrl Pts',(-1.26217814253131,0.405935732643763,-0.0255993292368337));
#5483=CARTESIAN_POINT('Ctrl Pts',(-1.02461348439643,-0.843459306498733,
0.0458924117950545));
#5484=CARTESIAN_POINT('Ctrl Pts',(0.153602181251565,-1.31691512898545,0.117384152826943));
#5485=CARTESIAN_POINT('Ctrl Pts',(1.19018932784652,-0.585067258305218,0.188875893858831));
#5486=CARTESIAN_POINT('Ctrl Pts',(1.13655308871059,0.683712462878774,0.26036763489072));
#5487=CARTESIAN_POINT('Ctrl Pts',(0.0411528952812045,1.3255346491832,0.331859375922607));
#5488=CARTESIAN_POINT('Ctrl Pts',(-1.09183403024885,0.752866308873672,0.403351116954496));
#5489=CARTESIAN_POINT('Ctrl Pts',(-1.22434141092687,-0.509834490944751,
0.474842857986384));
#5490=CARTESIAN_POINT('Ctrl Pts',(-0.234840216944446,-1.3052684911219,0.546334599018272));
#5491=CARTESIAN_POINT('Ctrl Pts',(0.969847890926701,-0.904599271037734,
0.617826340050161));
#5492=CARTESIAN_POINT('Ctrl Pts',(1.28578695745047,0.325051949036239,0.68931808108205));
#5493=CARTESIAN_POINT('Ctrl Pts',(0.423439019838236,1.25682021078846,0.760809822113937));
#5494=CARTESIAN_POINT('Ctrl Pts',(-0.826941427640344,1.03685591991958,0.832301563145826));
#5495=CARTESIAN_POINT('Ctrl Pts',(-1.31952264632325,-0.133274886267679,
0.903793304177713));
#5496=CARTESIAN_POINT('Ctrl Pts',(-0.602906136917855,-1.18127269079633,
0.975285045209602));
#5497=CARTESIAN_POINT('Ctrl Pts',(0.666206973944786,-1.14676500659812,1.04677678624149));
#5498=CARTESIAN_POINT('Ctrl Pts',(1.32481506345447,-0.0613733048039277,
1.11826852727338));
#5499=CARTESIAN_POINT('Ctrl Pts',(0.769376136564818,1.08026007839659,1.18976026830527));
#5500=CARTESIAN_POINT('Ctrl Pts',(-0.491111119620033,1.23195432433387,1.26125200933715));
#5501=CARTESIAN_POINT('Ctrl Pts',(-1.30154922126598,0.254698235981806,1.33274375036904));
#5502=CARTESIAN_POINT('Ctrl Pts',(-0.919260978339848,-0.955960670293961,
1.40423549140093));
#5503=CARTESIAN_POINT('Ctrl Pts',(0.305428573920355,-1.29058705883718,1.47572723243282));
#5504=CARTESIAN_POINT('Ctrl Pts',(1.25022651691173,-0.442532717274069,1.54721897346471));
#5505=CARTESIAN_POINT('Ctrl Pts',(1.04932973915721,0.811054045862904,1.6187107144966));
#5506=CARTESIAN_POINT('Ctrl Pts',(-0.113162052863915,1.32139923522416,1.69020245552849));
#5507=CARTESIAN_POINT('Ctrl Pts',(-1.1719532538547,0.620827711424196,1.76169419656037));
#5508=CARTESIAN_POINT('Ctrl Pts',(-1.15677863004028,-0.64866388521372,1.83318593759226));
#5509=CARTESIAN_POINT('Ctrl Pts',(-0.0815437792435916,-1.32372668045837,
1.90467767862415));
#5510=CARTESIAN_POINT('Ctrl Pts',(1.06841661413693,-0.785739727002901,1.97616941965604));
#5511=CARTESIAN_POINT('Ctrl Pts',(1.23929164594922,0.472290615775996,2.04766116068793));
#5512=CARTESIAN_POINT('Ctrl Pts',(0.274491324687033,1.29751949353052,2.11915290171981));
#5513=CARTESIAN_POINT('Ctrl Pts',(-0.941847698305531,0.933713317332723,
2.1906446427517));
#5514=CARTESIAN_POINT('Ctrl Pts',(-1.29509159374002,-0.285735250443341,
2.26213638378359));
#5515=CARTESIAN_POINT('Ctrl Pts',(-0.461518451449556,-1.24334447827968,
2.33362812481548));
#5516=CARTESIAN_POINT('Ctrl Pts',(0.794969469583213,-1.06155513462125,2.40511986584737));
#5517=CARTESIAN_POINT('Ctrl Pts',(1.32298592922295,0.0930125246694417,2.47661160687926));
#5518=CARTESIAN_POINT('Ctrl Pts',(0.638573907291906,1.16238229235155,2.54810334791114));
#5519=CARTESIAN_POINT('Ctrl Pts',(-0.630910858096578,1.166484957516,2.61959508894303));
#5520=CARTESIAN_POINT('Ctrl Pts',(-1.32244418408988,0.101769520585375,2.69108682997492));
#5521=CARTESIAN_POINT('Ctrl Pts',(-0.801706178572969,-1.05646653335468,
2.76257857100681));
#5522=CARTESIAN_POINT('Ctrl Pts',(0.452950786721492,-1.24607169610917,2.83407031203869));
#5523=CARTESIAN_POINT('Ctrl Pts',(1.29397920340518,-0.294744321881217,2.90556205307059));
#5524=CARTESIAN_POINT('Ctrl Pts',(0.946348131919408,0.928602549928362,2.97705379410247));
#5525=CARTESIAN_POINT('Ctrl Pts',(0.140706891192043,1.17390235051655,3.0247149547904));
#5526=CARTESIAN_POINT('Ctrl Pts',(-0.224985516677195,1.09904119352428,3.04854553513436));
#5527=CARTESIAN_POINT('Ctrl Pts',(-0.269637880629732,1.00210801604892,-0.145636605403083));
#5528=CARTESIAN_POINT('Ctrl Pts',(-0.603076968712376,0.912389335437823,
-0.12180602505912));
#5529=CARTESIAN_POINT('Ctrl Pts',(-1.16757572492515,0.375510152920277,-0.0741448643711948));
#5530=CARTESIAN_POINT('Ctrl Pts',(-0.947816945564456,-0.780240584150105,
-0.00265312333930643));
#5531=CARTESIAN_POINT('Ctrl Pts',(0.142089434194453,-1.21821008031911,0.068838617692582));
#5532=CARTESIAN_POINT('Ctrl Pts',(1.10098259542956,-0.541215463354247,0.14033035872447));
#5533=CARTESIAN_POINT('Ctrl Pts',(1.05136648445349,0.632467040575647,0.211822099756359));
#5534=CARTESIAN_POINT('Ctrl Pts',(0.0380684151639313,1.22618355268745,0.283313840788246));
#5535=CARTESIAN_POINT('Ctrl Pts',(-1.00999919615874,0.696437687149297,0.354805581820135));
#5536=CARTESIAN_POINT('Ctrl Pts',(-1.13257492128007,-0.47162152100245,0.426297322852023));
#5537=CARTESIAN_POINT('Ctrl Pts',(-0.217238539712463,-1.20743637794837,
0.497789063883912));
#5538=CARTESIAN_POINT('Ctrl Pts',(0.897156127299822,-0.836798003434327,
0.569280804915799));
#5539=CARTESIAN_POINT('Ctrl Pts',(1.18941501865478,0.300688747685952,0.640772545947689));
#5540=CARTESIAN_POINT('Ctrl Pts',(0.391701538704913,1.16261937936032,0.712264286979576));
#5541=CARTESIAN_POINT('Ctrl Pts',(-0.764960748655859,0.959141789537853,
0.783756028011465));
#5542=CARTESIAN_POINT('Ctrl Pts',(-1.2206221597581,-0.123285704850052,0.855247769043352));
#5543=CARTESIAN_POINT('Ctrl Pts',(-0.557717287404401,-1.0927342756267,0.926739510075241));
#5544=CARTESIAN_POINT('Ctrl Pts',(0.616273618075651,-1.06081300157231,0.998231251107131));
#5545=CARTESIAN_POINT('Ctrl Pts',(1.22551790114385,-0.0567732702958925,
1.06972299213902));
#5546=CARTESIAN_POINT('Ctrl Pts',(0.711710074925098,0.999292731858027,1.14121473317091));
#5547=CARTESIAN_POINT('Ctrl Pts',(-0.454301498486723,1.1396172337639,1.21270647420279));
#5548=CARTESIAN_POINT('Ctrl Pts',(-1.2039958737502,0.23560816614778,1.28419821523468));
#5549=CARTESIAN_POINT('Ctrl Pts',(-0.85036079061552,-0.884309777683159,
1.35568995626657));
#5550=CARTESIAN_POINT('Ctrl Pts',(0.282536178207561,-1.19385534420587,1.42718169729846));
#5551=CARTESIAN_POINT('Ctrl Pts',(1.15651989415405,-0.409364130754271,1.49867343833035));
#5552=CARTESIAN_POINT('Ctrl Pts',(0.970680674619276,0.750264153404453,1.57016517936224));
#5553=CARTESIAN_POINT('Ctrl Pts',(-0.10468036282234,1.22235809510076,1.64165692039412));
#5554=CARTESIAN_POINT('Ctrl Pts',(-1.08411334647545,0.574295609149126,1.71314866142601));
#5555=CARTESIAN_POINT('Ctrl Pts',(-1.07007608675469,-0.600045413947888,
1.7846404024579));
#5556=CARTESIAN_POINT('Ctrl Pts',(-0.0754319330649571,-1.22451109432091,
1.85613214348979));
#5557=CARTESIAN_POINT('Ctrl Pts',(0.988336955567311,-0.72684718618089,1.92762388452168));
#5558=CARTESIAN_POINT('Ctrl Pts',(1.14640461053377,0.436891623700675,1.99911562555356));
#5559=CARTESIAN_POINT('Ctrl Pts',(0.253917728890776,1.20026818102329,2.07060736658545));
#5560=CARTESIAN_POINT('Ctrl Pts',(-0.871254597162292,0.863729902001515,
2.14209910761734));
#5561=CARTESIAN_POINT('Ctrl Pts',(-1.19802225648823,-0.264318903117733,
2.21359084864923));
#5562=CARTESIAN_POINT('Ctrl Pts',(-0.426926851574902,-1.15015367612664,
2.28508258968112));
#5563=CARTESIAN_POINT('Ctrl Pts',(0.735385143717113,-0.981989755715229,
2.35657433071301));
#5564=CARTESIAN_POINT('Ctrl Pts',(1.22382586366167,0.0860410763414467,2.42806607174489));
#5565=CARTESIAN_POINT('Ctrl Pts',(0.590711697185122,1.07525974496018,2.49955781277679));
#5566=CARTESIAN_POINT('Ctrl Pts',(-0.583623006676326,1.07905490833061,2.57104955380867));
#5567=CARTESIAN_POINT('Ctrl Pts',(-1.22332472325593,0.094141720386992,2.64254129484056));
#5568=CARTESIAN_POINT('Ctrl Pts',(-0.741616924808289,-0.977282553845332,
2.71403303587245));
#5569=CARTESIAN_POINT('Ctrl Pts',(0.419001348019815,-1.15267648430007,2.78552477690434));
#5570=CARTESIAN_POINT('Ctrl Pts',(1.19699324171777,-0.272652729192304,2.85701651793622));
#5571=CARTESIAN_POINT('Ctrl Pts',(0.875417715554331,0.859002195383887,2.92850825896812));
#5572=CARTESIAN_POINT('Ctrl Pts',(0.130160668252452,1.08591635499796,2.97616941965604));
#5573=CARTESIAN_POINT('Ctrl Pts',(-0.208122466140329,1.01666617017961,3.));
#5574=CARTESIAN_POINT('Ctrl Pts',(-0.208122466140329,1.01666617017961,3.));
#5575=CARTESIAN_POINT('Ctrl Pts',(-0.166570136055965,1.03047736319649,3.));
#5576=CARTESIAN_POINT('Ctrl Pts',(-0.124219527514935,1.04139891857698,3.));
#5577=CARTESIAN_POINT('Ctrl Pts',(-0.0813365624751209,1.04956424200635,
3.));
#5578=CARTESIAN_POINT('Ctrl Pts',(-0.0533576851681146,1.05489168571715,
3.));
#5579=CARTESIAN_POINT('Ctrl Pts',(-0.0251514738670391,1.05904496514872,
3.));
#5580=CARTESIAN_POINT('Ctrl Pts',(0.00321395610350324,1.06205129880341,
3.));
#5581=CARTESIAN_POINT('Ctrl Pts',(0.0153709862306587,1.06333977173861,3.));
#5582=CARTESIAN_POINT('Ctrl Pts',(0.0275573071898277,1.06441746954279,3.));
#5583=CARTESIAN_POINT('Ctrl Pts',(0.0397677257430516,1.06528609753696,3.));
#5584=CARTESIAN_POINT('Ctrl Pts',(0.0495884851151497,1.06598472932239,3.));
#5585=CARTESIAN_POINT('Ctrl Pts',(0.0594231269281401,1.06654790332668,3.));
#5586=CARTESIAN_POINT('Ctrl Pts',(0.0692594761555359,1.0669763704622,3.));
#5587=CARTESIAN_POINT('Ctrl Pts',(0.115553067779829,1.06899289937326,3.));
#5588=CARTESIAN_POINT('Ctrl Pts',(0.161940286915599,1.06803401428737,3.));
#5589=CARTESIAN_POINT('Ctrl Pts',(0.20813465291203,1.06422104749927,3.));
#5590=CARTESIAN_POINT('Ctrl Pts',(0.239734684423662,1.06161272356067,3.));
#5591=CARTESIAN_POINT('Ctrl Pts',(0.271245064683572,1.05766780674625,3.));
#5592=CARTESIAN_POINT('Ctrl Pts',(0.302577810551294,1.05241183083284,3.));
#5593=CARTESIAN_POINT('Ctrl Pts',(0.313047149974113,1.0506556299538,3.));
#5594=CARTESIAN_POINT('Ctrl Pts',(0.323497532813789,1.04875266319943,3.));
#5595=CARTESIAN_POINT('Ctrl Pts',(0.33390924006819,1.04670724763995,3.));
#5596=CARTESIAN_POINT('Ctrl Pts',(0.381226575411455,1.03741159500782,3.));
#5597=CARTESIAN_POINT('Ctrl Pts',(0.427823245563887,1.02516565828586,3.));
#5598=CARTESIAN_POINT('Ctrl Pts',(0.473398786239222,1.01009747336045,3.));
#5599=CARTESIAN_POINT('Ctrl Pts',(0.519113895519588,0.994983144263853,3.));
#5600=CARTESIAN_POINT('Ctrl Pts',(0.563802851289649,0.977029197893674,3.));
#5601=CARTESIAN_POINT('Ctrl Pts',(0.60716772169754,0.956312546057956,3.));
#5602=CARTESIAN_POINT('Ctrl Pts',(0.628584640881403,0.946081064816286,3.));
#5603=CARTESIAN_POINT('Ctrl Pts',(0.649678561569846,0.93517492211204,3.));
#5604=CARTESIAN_POINT('Ctrl Pts',(0.670412625205725,0.923598765672158,3.));
#5605=CARTESIAN_POINT('Ctrl Pts',(0.681390663353658,0.91746955293146,3.));
#5606=CARTESIAN_POINT('Ctrl Pts',(0.692267803068835,0.911152459551263,3.));
#5607=CARTESIAN_POINT('Ctrl Pts',(0.703038424723955,0.90464783365582,3.));
#5608=CARTESIAN_POINT('Ctrl Pts',(0.713295560660111,0.898453313584484,3.));
#5609=CARTESIAN_POINT('Ctrl Pts',(0.72345949022629,0.892086303164848,3.));
#5610=CARTESIAN_POINT('Ctrl Pts',(0.733501984652686,0.885562629611577,3.));
#5611=CARTESIAN_POINT('Ctrl Pts',(0.767505318635156,0.863473829637597,3.));
#5612=CARTESIAN_POINT('Ctrl Pts',(0.800167239592293,0.83956194716203,3.));
#5613=CARTESIAN_POINT('Ctrl Pts',(0.831320409616573,0.813883828723516,3.));
#5614=CARTESIAN_POINT('Ctrl Pts',(0.86780775114541,0.783808999210058,3.));
#5615=CARTESIAN_POINT('Ctrl Pts',(0.902226996167492,0.751312656286455,3.));
#5616=CARTESIAN_POINT('Ctrl Pts',(0.934534464998876,0.716695527705934,3.));
#5617=CARTESIAN_POINT('Ctrl Pts',(0.965164024532938,0.683876262096203,3.));
#5618=CARTESIAN_POINT('Ctrl Pts',(0.993895649309053,0.649149822979897,3.));
#5619=CARTESIAN_POINT('Ctrl Pts',(1.02066982206868,0.612738254982326,3.));
#5620=CARTESIAN_POINT('Ctrl Pts',(1.02690002001017,0.604265489903032,3.));
#5621=CARTESIAN_POINT('Ctrl Pts',(1.03302412227549,0.595701361103132,3.));
#5622=CARTESIAN_POINT('Ctrl Pts',(1.03904117714222,0.587048462660312,3.));
#5623=CARTESIAN_POINT('Ctrl Pts',(1.04471756838578,0.578885459656348,3.));
#5624=CARTESIAN_POINT('Ctrl Pts',(1.050293961923,0.570650166031198,3.));
#5625=CARTESIAN_POINT('Ctrl Pts',(1.05576674374222,0.562350245958615,3.));
#5626=CARTESIAN_POINT('Ctrl Pts',(1.08338311504821,0.520467766059674,3.));
#5627=CARTESIAN_POINT('Ctrl Pts',(1.10839070708928,0.476904294031836,3.));
#5628=CARTESIAN_POINT('Ctrl Pts',(1.13074285778665,0.431992944680026,3.));
#5629=CARTESIAN_POINT('Ctrl Pts',(1.15358650619868,0.386094047155879,3.));
#5630=CARTESIAN_POINT('Ctrl Pts',(1.17365732091937,0.338786485631195,3.));
#5631=CARTESIAN_POINT('Ctrl Pts',(1.19087028945973,0.29038432904011,3.));
#5632=CARTESIAN_POINT('Ctrl Pts',(1.19980683195346,0.265255140652278,3.));
#5633=CARTESIAN_POINT('Ctrl Pts',(1.20797242845511,0.23983031769174,3.));
#5634=CARTESIAN_POINT('Ctrl Pts',(1.21535062469915,0.214150774445574,3.));
#5635=CARTESIAN_POINT('Ctrl Pts',(1.21944201280885,0.199910847175477,3.));
#5636=CARTESIAN_POINT('Ctrl Pts',(1.22329121887199,0.185592563757876,3.));
#5637=CARTESIAN_POINT('Ctrl Pts',(1.22689497344714,0.171202717979226,3.));
#5638=CARTESIAN_POINT('Ctrl Pts',(1.22992718737626,0.159095042526309,3.));
#5639=CARTESIAN_POINT('Ctrl Pts',(1.23278635127751,0.146932694744623,3.));
#5640=CARTESIAN_POINT('Ctrl Pts',(1.23546479290276,0.134746954609811,3.));
#5641=CARTESIAN_POINT('Ctrl Pts',(1.2468628678027,0.0828906895867663,3.));
#5642=CARTESIAN_POINT('Ctrl Pts',(1.25501591175959,0.0305245675491707,3.));
#5643=CARTESIAN_POINT('Ctrl Pts',(1.25984980254056,-0.0220130104651341,
3.));
#5644=CARTESIAN_POINT('Ctrl Pts',(1.26464125196257,-0.0740893107410169,
3.));
#5645=CARTESIAN_POINT('Ctrl Pts',(1.26617206271526,-0.12633521096413,3.));
#5646=CARTESIAN_POINT('Ctrl Pts',(1.26432554019306,-0.178444116573385,3.));
#5647=CARTESIAN_POINT('Ctrl Pts',(1.26305433544103,-0.214317542235421,3.));
#5648=CARTESIAN_POINT('Ctrl Pts',(1.26018156749404,-0.250126522561829,3.));
#5649=CARTESIAN_POINT('Ctrl Pts',(1.25565486757925,-0.285773170807864,3.));
#5650=CARTESIAN_POINT('Ctrl Pts',(1.25365268986403,-0.301539827772998,3.));
#5651=CARTESIAN_POINT('Ctrl Pts',(1.25132678165904,-0.317274728970271,3.));
#5652=CARTESIAN_POINT('Ctrl Pts',(1.24868261674489,-0.332971889204836,3.));
#5653=CARTESIAN_POINT('Ctrl Pts',(-1.03634306152727,-0.000556565766272864,
0.398038475772933));
#5654=CARTESIAN_POINT('Ctrl Pts',(-1.03701466873349,-0.137474203631299,
0.407458091465963));
#5655=CARTESIAN_POINT('Ctrl Pts',(-1.01181588758664,-0.274155384681978,
0.416877707158993));
#5656=CARTESIAN_POINT('Ctrl Pts',(-0.959589570165249,-0.399580795801476,
0.426297322852023));
#5657=CARTESIAN_POINT('Ctrl Pts',(-0.827462794090872,-0.716893139984422,
0.450127903195985));
#5658=CARTESIAN_POINT('Ctrl Pts',(-0.522350666901668,-0.962164758966398,
0.473958483539949));
#5659=CARTESIAN_POINT('Ctrl Pts',(-0.184062158805018,-1.02302750603838,
0.497789063883912));
#5660=CARTESIAN_POINT('Ctrl Pts',(0.154226349291632,-1.08389025311036,0.521619644227874));
#5661=CARTESIAN_POINT('Ctrl Pts',(0.525691238295728,-0.960344128272342,
0.545450224571837));
#5662=CARTESIAN_POINT('Ctrl Pts',(0.760133498023603,-0.70898994066662,0.5692808049158));
#5663=CARTESIAN_POINT('Ctrl Pts',(0.994575757751475,-0.4576357530609,0.593111385259763));
#5664=CARTESIAN_POINT('Ctrl Pts',(1.09199538820313,-0.078473502687475,0.616941965603726));
#5665=CARTESIAN_POINT('Ctrl Pts',(1.00775295677064,0.254762727778298,0.640772545947688));
#5666=CARTESIAN_POINT('Ctrl Pts',(0.923510525338159,0.587998958244075,0.664603126291651));
#5667=CARTESIAN_POINT('Ctrl Pts',(0.657606032021535,0.875309168802199,0.688433706635613));
#5668=CARTESIAN_POINT('Ctrl Pts',(0.33187673746976,0.985051342444182,0.712264286979576));
#5669=CARTESIAN_POINT('Ctrl Pts',(0.00614744291798835,1.09479351608616,
0.736094867323539));
#5670=CARTESIAN_POINT('Ctrl Pts',(-0.379406652868935,1.02696765281201,0.759925447667502));
#5671=CARTESIAN_POINT('Ctrl Pts',(-0.648127269279435,0.812650138776948,
0.783756028011465));
#5672=CARTESIAN_POINT('Ctrl Pts',(-0.889749850258867,0.619944601025646,
0.805183510598622));
#5673=CARTESIAN_POINT('Ctrl Pts',(-1.03691407699884,0.308802461757796,0.826610993185778));
#5674=CARTESIAN_POINT('Ctrl Pts',(-1.03902783181143,-0.000594436498083345,
0.848038475772934));
#5675=CARTESIAN_POINT('Origin',(0.,0.,10.));
#5676=CARTESIAN_POINT('Origin',(0.,0.,0.));
#5677=CARTESIAN_POINT('Origin',(0.,0.,3.));
#5678=CARTESIAN_POINT('Origin',(0.,-2.77555756156289E-16,4.));
#5679=UNCERTAINTY_MEASURE_WITH_UNIT(LENGTH_MEASURE(0.01),#5683,
'DISTANCE_ACCURACY_VALUE',
'Maximum model space distance between geometric entities at asserted c
onnectivities');
#5680=UNCERTAINTY_MEASURE_WITH_UNIT(LENGTH_MEASURE(0.01),#5683,
'DISTANCE_ACCURACY_VALUE',
'Maximum model space distance between geometric entities at asserted c
onnectivities');
#5681=(
GEOMETRIC_REPRESENTATION_CONTEXT(3)
GLOBAL_UNCERTAINTY_ASSIGNED_CONTEXT((#5679))
GLOBAL_UNIT_ASSIGNED_CONTEXT((#5683,#5685,#5686))
REPRESENTATION_CONTEXT('','3D')
);
#5682=(
GEOMETRIC_REPRESENTATION_CONTEXT(3)
GLOBAL_UNCERTAINTY_ASSIGNED_CONTEXT((#5680))
GLOBAL_UNIT_ASSIGNED_CONTEXT((#5683,#5685,#5686))
REPRESENTATION_CONTEXT('','3D')
);
#5683=(
LENGTH_UNIT()
NAMED_UNIT(*)
SI_UNIT(.MILLI.,.METRE.)
);
#5684=(
LENGTH_UNIT()
NAMED_UNIT(*)
SI_UNIT($,.METRE.)
);
#5685=(
NAMED_UNIT(*)
PLANE_ANGLE_UNIT()
SI_UNIT($,.RADIAN.)
);
#5686=(
NAMED_UNIT(*)
SI_UNIT($,.STERADIAN.)
SOLID_ANGLE_UNIT()
);
#5687=SHAPE_DEFINITION_REPRESENTATION(#5688,#5689);
#5688=PRODUCT_DEFINITION_SHAPE('',$,#5691);
#5689=SHAPE_REPRESENTATION('',(#1691),#5681);
#5690=PRODUCT_DEFINITION_CONTEXT('part definition',#5695,'design');
#5691=PRODUCT_DEFINITION('M2.5 X 4mm Male to Female Standoff',
'M2.5 X 4mm Male to Female Standoff v5',#5692,#5690);
#5692=PRODUCT_DEFINITION_FORMATION('',$,#5697);
#5693=PRODUCT_RELATED_PRODUCT_CATEGORY(
'M2.5 X 4mm Male to Female Standoff v5',
'M2.5 X 4mm Male to Female Standoff v5',(#5697));
#5694=APPLICATION_PROTOCOL_DEFINITION('international standard',
'automotive_design',2009,#5695);
#5695=APPLICATION_CONTEXT(
'Core Data for Automotive Mechanical Design Process');
#5696=PRODUCT_CONTEXT('part definition',#5695,'mechanical');
#5697=PRODUCT('M2.5 X 4mm Male to Female Standoff',
'M2.5 X 4mm Male to Female Standoff v5',$,(#5696));
#5698=PRESENTATION_STYLE_ASSIGNMENT((#5699));
#5699=SURFACE_STYLE_USAGE(.BOTH.,#5700);
#5700=SURFACE_SIDE_STYLE('',(#5701));
#5701=SURFACE_STYLE_FILL_AREA(#5702);
#5702=FILL_AREA_STYLE('Steel - Satin',(#5703));
#5703=FILL_AREA_STYLE_COLOUR('Steel - Satin',#5704);
#5704=COLOUR_RGB('Steel - Satin',0.627450980392157,0.627450980392157,0.627450980392157);
ENDSEC;
END-ISO-10303-21;
