ISO-10303-21;
HEADER;
/* Generated by software containing ST-Developer
 * from STEP Tools, Inc. (www.steptools.com) 
 */

FILE_DESCRIPTION(
/* description */ (''),
/* implementation_level */ '2;1');

FILE_NAME(
/* name */ 'M3 X 25mm Male to Female Brass Spacer.step',
/* time_stamp */ '2026-03-06T01:53:37+05:30',
/* author */ (''),
/* organization */ (''),
/* preprocessor_version */ 'ST-DEVELOPER v20.1',
/* originating_system */ 'Autodesk Translation Framework v14.24.0.0',
/* authorisation */ '');

FILE_SCHEMA (('AUTOMOTIVE_DESIGN { 1 0 10303 214 3 1 1 }'));
ENDSEC;

DATA;
#10=MECHANICAL_DESIGN_GEOMETRIC_PRESENTATION_REPRESENTATION('',(#13),#6863);
#11=SHAPE_REPRESENTATION_RELATIONSHIP('SRR','None',#6870,#12);
#12=ADVANCED_BREP_SHAPE_REPRESENTATION('',(#14),#6862);
#13=STYLED_ITEM('',(#6879),#14);
#14=MANIFOLD_SOLID_BREP('Body1',#1925);
#15=B_SPLINE_SURFACE_WITH_KNOTS('',3,3,((#4992,#4993,#4994,#4995,#4996,
#4997,#4998,#4999,#5000,#5001,#5002,#5003,#5004,#5005,#5006,#5007,#5008,
#5009,#5010,#5011,#5012,#5013,#5014,#5015,#5016,#5017,#5018,#5019,#5020,
#5021,#5022,#5023,#5024,#5025,#5026,#5027,#5028,#5029,#5030,#5031,#5032,
#5033,#5034,#5035,#5036,#5037,#5038,#5039,#5040,#5041,#5042,#5043,#5044,
#5045,#5046,#5047,#5048,#5049,#5050,#5051,#5052,#5053,#5054,#5055,#5056,
#5057,#5058,#5059,#5060,#5061,#5062,#5063,#5064,#5065,#5066,#5067,#5068,
#5069,#5070,#5071,#5072,#5073,#5074,#5075,#5076,#5077,#5078,#5079,#5080,
#5081,#5082,#5083,#5084,#5085,#5086,#5087,#5088,#5089,#5090,#5091,#5092,
#5093,#5094,#5095,#5096,#5097),(#5098,#5099,#5100,#5101,#5102,#5103,#5104,
#5105,#5106,#5107,#5108,#5109,#5110,#5111,#5112,#5113,#5114,#5115,#5116,
#5117,#5118,#5119,#5120,#5121,#5122,#5123,#5124,#5125,#5126,#5127,#5128,
#5129,#5130,#5131,#5132,#5133,#5134,#5135,#5136,#5137,#5138,#5139,#5140,
#5141,#5142,#5143,#5144,#5145,#5146,#5147,#5148,#5149,#5150,#5151,#5152,
#5153,#5154,#5155,#5156,#5157,#5158,#5159,#5160,#5161,#5162,#5163,#5164,
#5165,#5166,#5167,#5168,#5169,#5170,#5171,#5172,#5173,#5174,#5175,#5176,
#5177,#5178,#5179,#5180,#5181,#5182,#5183,#5184,#5185,#5186,#5187,#5188,
#5189,#5190,#5191,#5192,#5193,#5194,#5195,#5196,#5197,#5198,#5199,#5200,
#5201,#5202,#5203),(#5204,#5205,#5206,#5207,#5208,#5209,#5210,#5211,#5212,
#5213,#5214,#5215,#5216,#5217,#5218,#5219,#5220,#5221,#5222,#5223,#5224,
#5225,#5226,#5227,#5228,#5229,#5230,#5231,#5232,#5233,#5234,#5235,#5236,
#5237,#5238,#5239,#5240,#5241,#5242,#5243,#5244,#5245,#5246,#5247,#5248,
#5249,#5250,#5251,#5252,#5253,#5254,#5255,#5256,#5257,#5258,#5259,#5260,
#5261,#5262,#5263,#5264,#5265,#5266,#5267,#5268,#5269,#5270,#5271,#5272,
#5273,#5274,#5275,#5276,#5277,#5278,#5279,#5280,#5281,#5282,#5283,#5284,
#5285,#5286,#5287,#5288,#5289,#5290,#5291,#5292,#5293,#5294,#5295,#5296,
#5297,#5298,#5299,#5300,#5301,#5302,#5303,#5304,#5305,#5306,#5307,#5308,
#5309),(#5310,#5311,#5312,#5313,#5314,#5315,#5316,#5317,#5318,#5319,#5320,
#5321,#5322,#5323,#5324,#5325,#5326,#5327,#5328,#5329,#5330,#5331,#5332,
#5333,#5334,#5335,#5336,#5337,#5338,#5339,#5340,#5341,#5342,#5343,#5344,
#5345,#5346,#5347,#5348,#5349,#5350,#5351,#5352,#5353,#5354,#5355,#5356,
#5357,#5358,#5359,#5360,#5361,#5362,#5363,#5364,#5365,#5366,#5367,#5368,
#5369,#5370,#5371,#5372,#5373,#5374,#5375,#5376,#5377,#5378,#5379,#5380,
#5381,#5382,#5383,#5384,#5385,#5386,#5387,#5388,#5389,#5390,#5391,#5392,
#5393,#5394,#5395,#5396,#5397,#5398,#5399,#5400,#5401,#5402,#5403,#5404,
#5405,#5406,#5407,#5408,#5409,#5410,#5411,#5412,#5413,#5414,#5415)),
 .UNSPECIFIED.,.F.,.F.,.F.,(4,4),(4,1,1,1,1,1,1,1,1,1,1,1,1,1,1,1,1,1,1,
1,1,1,1,1,1,1,1,1,1,1,1,1,1,1,1,1,1,1,1,1,1,1,1,1,1,1,1,1,1,1,1,1,1,1,1,
1,1,1,1,1,1,1,1,1,1,1,1,1,1,1,1,1,1,1,1,1,1,1,1,1,1,1,1,1,1,1,1,1,1,1,1,
1,1,1,1,1,1,1,1,1,1,1,1,4),(0.,0.0321584099938621),(11.8553612635793,12.8510072578184,
13.8466532520575,14.8422992462967,15.8379452405358,16.8335912347749,17.829237229014,
18.8248832232532,19.8205292174923,20.8161752117314,21.8118212059706,22.8074672002097,
23.8031131944488,24.7987591886879,25.7944051829271,26.7900511771662,27.7856971714053,
28.7813431656445,29.7769891598836,30.7726351541227,31.7682811483619,32.763927142601,
33.7595731368401,34.7552191310792,35.7508651253184,36.7465111195575,37.7421571137966,
38.7378031080358,39.7334491022749,40.729095096514,41.7247410907531,42.7203870849923,
43.7160330792314,44.7116790734705,45.7073250677097,46.7029710619488,47.6986170561879,
48.6942630504271,49.6899090446662,50.6855550389053,51.6812010331444,52.6768470273836,
53.6724930216227,54.6681390158618,55.663785010101,56.6594310043401,57.6550769985792,
58.6507229928183,59.6463689870575,60.6420149812966,61.6376609755357,62.6333069697749,
63.628952964014,64.6245989582531,65.6202449524922,66.6158909467314,67.6115369409705,
68.6071829352096,69.6028289294488,70.5984749236879,71.594120917927,72.5897669121662,
73.5854129064053,74.5810589006444,75.5767048948835,76.5723508891227,77.5679968833618,
78.5636428776009,79.5592888718401,80.5549348660792,81.5505808603183,82.5462268545574,
83.5418728487966,84.5375188430357,85.5331648372748,86.528810831514,87.5244568257531,
88.5201028199922,89.5157488142313,90.5113948084705,91.5070408027096,92.5026867969487,
93.4983327911879,94.493978785427,95.4896247796661,96.4852707739053,97.4809167681444,
98.4765627623835,99.4722087566226,100.467854750862,101.463500745101,102.45914673934,
103.454792733579,104.450438727818,105.446084722057,106.441730716297,107.437376710536,
108.433022704775,109.428668699014,110.424314693253,111.419960687492,112.415606681731,
113.41125267597,114.40689867021),.UNSPECIFIED.);
#16=B_SPLINE_SURFACE_WITH_KNOTS('',3,3,((#5520,#5521,#5522,#5523,#5524,
#5525,#5526,#5527,#5528,#5529,#5530,#5531,#5532,#5533,#5534,#5535,#5536,
#5537,#5538,#5539,#5540,#5541,#5542,#5543,#5544,#5545,#5546,#5547,#5548,
#5549,#5550,#5551,#5552,#5553,#5554,#5555,#5556,#5557,#5558,#5559,#5560,
#5561,#5562,#5563,#5564,#5565,#5566,#5567,#5568,#5569,#5570,#5571,#5572,
#5573,#5574,#5575,#5576,#5577,#5578,#5579,#5580,#5581,#5582,#5583,#5584,
#5585,#5586,#5587,#5588,#5589,#5590,#5591,#5592,#5593,#5594,#5595,#5596,
#5597,#5598,#5599,#5600,#5601,#5602,#5603,#5604,#5605,#5606,#5607,#5608,
#5609,#5610,#5611,#5612,#5613,#5614,#5615,#5616,#5617,#5618,#5619,#5620,
#5621,#5622,#5623,#5624,#5625),(#5626,#5627,#5628,#5629,#5630,#5631,#5632,
#5633,#5634,#5635,#5636,#5637,#5638,#5639,#5640,#5641,#5642,#5643,#5644,
#5645,#5646,#5647,#5648,#5649,#5650,#5651,#5652,#5653,#5654,#5655,#5656,
#5657,#5658,#5659,#5660,#5661,#5662,#5663,#5664,#5665,#5666,#5667,#5668,
#5669,#5670,#5671,#5672,#5673,#5674,#5675,#5676,#5677,#5678,#5679,#5680,
#5681,#5682,#5683,#5684,#5685,#5686,#5687,#5688,#5689,#5690,#5691,#5692,
#5693,#5694,#5695,#5696,#5697,#5698,#5699,#5700,#5701,#5702,#5703,#5704,
#5705,#5706,#5707,#5708,#5709,#5710,#5711,#5712,#5713,#5714,#5715,#5716,
#5717,#5718,#5719,#5720,#5721,#5722,#5723,#5724,#5725,#5726,#5727,#5728,
#5729,#5730,#5731),(#5732,#5733,#5734,#5735,#5736,#5737,#5738,#5739,#5740,
#5741,#5742,#5743,#5744,#5745,#5746,#5747,#5748,#5749,#5750,#5751,#5752,
#5753,#5754,#5755,#5756,#5757,#5758,#5759,#5760,#5761,#5762,#5763,#5764,
#5765,#5766,#5767,#5768,#5769,#5770,#5771,#5772,#5773,#5774,#5775,#5776,
#5777,#5778,#5779,#5780,#5781,#5782,#5783,#5784,#5785,#5786,#5787,#5788,
#5789,#5790,#5791,#5792,#5793,#5794,#5795,#5796,#5797,#5798,#5799,#5800,
#5801,#5802,#5803,#5804,#5805,#5806,#5807,#5808,#5809,#5810,#5811,#5812,
#5813,#5814,#5815,#5816,#5817,#5818,#5819,#5820,#5821,#5822,#5823,#5824,
#5825,#5826,#5827,#5828,#5829,#5830,#5831,#5832,#5833,#5834,#5835,#5836,
#5837),(#5838,#5839,#5840,#5841,#5842,#5843,#5844,#5845,#5846,#5847,#5848,
#5849,#5850,#5851,#5852,#5853,#5854,#5855,#5856,#5857,#5858,#5859,#5860,
#5861,#5862,#5863,#5864,#5865,#5866,#5867,#5868,#5869,#5870,#5871,#5872,
#5873,#5874,#5875,#5876,#5877,#5878,#5879,#5880,#5881,#5882,#5883,#5884,
#5885,#5886,#5887,#5888,#5889,#5890,#5891,#5892,#5893,#5894,#5895,#5896,
#5897,#5898,#5899,#5900,#5901,#5902,#5903,#5904,#5905,#5906,#5907,#5908,
#5909,#5910,#5911,#5912,#5913,#5914,#5915,#5916,#5917,#5918,#5919,#5920,
#5921,#5922,#5923,#5924,#5925,#5926,#5927,#5928,#5929,#5930,#5931,#5932,
#5933,#5934,#5935,#5936,#5937,#5938,#5939,#5940,#5941,#5942,#5943)),
 .UNSPECIFIED.,.F.,.F.,.F.,(4,4),(4,1,1,1,1,1,1,1,1,1,1,1,1,1,1,1,1,1,1,
1,1,1,1,1,1,1,1,1,1,1,1,1,1,1,1,1,1,1,1,1,1,1,1,1,1,1,1,1,1,1,1,1,1,1,1,
1,1,1,1,1,1,1,1,1,1,1,1,1,1,1,1,1,1,1,1,1,1,1,1,1,1,1,1,1,1,1,1,1,1,1,1,
1,1,1,1,1,1,1,1,1,1,1,1,4),(0.,0.0321584099938621),(14.3984001269718,15.3940461212109,
16.38969211545,17.3853381096892,18.3809841039283,19.3766300981674,20.3722760924066,
21.3679220866457,22.3635680808848,23.3592140751239,24.3548600693631,25.3505060636022,
26.3461520578413,27.3417980520805,28.3374440463196,29.3330900405587,30.3287360347978,
31.324382029037,32.3200280232761,33.3156740175152,34.3113200117544,35.3069660059935,
36.3026120002326,37.2982579944717,38.2939039887109,39.28954998295,40.2851959771891,
41.2808419714283,42.2764879656674,43.2721339599065,44.2677799541456,45.2634259483848,
46.2590719426239,47.254717936863,48.2503639311022,49.2460099253413,50.2416559195804,
51.2373019138196,52.2329479080587,53.2285939022978,54.2242398965369,55.2198858907761,
56.2155318850152,57.2111778792543,58.2068238734935,59.2024698677326,60.1981158619717,
61.1937618562108,62.18940785045,63.1850538446891,64.1806998389282,65.1763458331674,
66.1719918274065,67.1676378216456,68.1632838158848,69.1589298101239,70.154575804363,
71.1502217986021,72.1458677928413,73.1415137870804,74.1371597813195,75.1328057755587,
76.1284517697978,77.1240977640369,78.119743758276,79.1153897525152,80.1110357467543,
81.1066817409934,82.1023277352326,83.0979737294717,84.0936197237108,85.0892657179499,
86.0849117121891,87.0805577064282,88.0762037006673,89.0718496949065,90.0674956891456,
91.0631416833847,92.0587876776239,93.054433671863,94.0500796661021,95.0457256603412,
96.0413716545804,97.0370176488195,98.0326636430586,99.0283096372978,100.023955631537,
101.019601625776,102.015247620015,103.010893614254,104.006539608493,105.002185602733,
105.997831596972,106.993477591211,107.98912358545,108.984769579689,109.980415573928,
110.976061568167,111.971707562406,112.967353556646,113.962999550885,114.958645545124,
115.954291539363,116.949937533602),.UNSPECIFIED.);
#17=B_SPLINE_SURFACE_WITH_KNOTS('',3,3,((#6048,#6049,#6050,#6051,#6052,
#6053,#6054,#6055,#6056,#6057,#6058,#6059,#6060,#6061,#6062,#6063,#6064,
#6065,#6066,#6067,#6068,#6069,#6070,#6071,#6072,#6073,#6074,#6075,#6076,
#6077,#6078,#6079,#6080,#6081,#6082,#6083,#6084,#6085,#6086,#6087,#6088,
#6089,#6090,#6091,#6092,#6093,#6094,#6095,#6096,#6097,#6098,#6099,#6100,
#6101,#6102,#6103,#6104,#6105,#6106,#6107,#6108,#6109,#6110,#6111,#6112,
#6113,#6114,#6115,#6116,#6117,#6118,#6119,#6120,#6121,#6122),(#6123,#6124,
#6125,#6126,#6127,#6128,#6129,#6130,#6131,#6132,#6133,#6134,#6135,#6136,
#6137,#6138,#6139,#6140,#6141,#6142,#6143,#6144,#6145,#6146,#6147,#6148,
#6149,#6150,#6151,#6152,#6153,#6154,#6155,#6156,#6157,#6158,#6159,#6160,
#6161,#6162,#6163,#6164,#6165,#6166,#6167,#6168,#6169,#6170,#6171,#6172,
#6173,#6174,#6175,#6176,#6177,#6178,#6179,#6180,#6181,#6182,#6183,#6184,
#6185,#6186,#6187,#6188,#6189,#6190,#6191,#6192,#6193,#6194,#6195,#6196,
#6197),(#6198,#6199,#6200,#6201,#6202,#6203,#6204,#6205,#6206,#6207,#6208,
#6209,#6210,#6211,#6212,#6213,#6214,#6215,#6216,#6217,#6218,#6219,#6220,
#6221,#6222,#6223,#6224,#6225,#6226,#6227,#6228,#6229,#6230,#6231,#6232,
#6233,#6234,#6235,#6236,#6237,#6238,#6239,#6240,#6241,#6242,#6243,#6244,
#6245,#6246,#6247,#6248,#6249,#6250,#6251,#6252,#6253,#6254,#6255,#6256,
#6257,#6258,#6259,#6260,#6261,#6262,#6263,#6264,#6265,#6266,#6267,#6268,
#6269,#6270,#6271,#6272),(#6273,#6274,#6275,#6276,#6277,#6278,#6279,#6280,
#6281,#6282,#6283,#6284,#6285,#6286,#6287,#6288,#6289,#6290,#6291,#6292,
#6293,#6294,#6295,#6296,#6297,#6298,#6299,#6300,#6301,#6302,#6303,#6304,
#6305,#6306,#6307,#6308,#6309,#6310,#6311,#6312,#6313,#6314,#6315,#6316,
#6317,#6318,#6319,#6320,#6321,#6322,#6323,#6324,#6325,#6326,#6327,#6328,
#6329,#6330,#6331,#6332,#6333,#6334,#6335,#6336,#6337,#6338,#6339,#6340,
#6341,#6342,#6343,#6344,#6345,#6346,#6347)),.UNSPECIFIED.,.F.,.F.,.F.,(4,
4),(4,1,1,1,1,1,1,1,1,1,1,1,1,1,1,1,1,1,1,1,1,1,1,1,1,1,1,1,1,1,1,1,1,1,
1,1,1,1,1,1,1,1,1,1,1,1,1,1,1,1,1,1,1,1,1,1,1,1,1,1,1,1,1,1,1,1,1,1,1,1,
1,1,4),(0.,0.0329955678841869),(8.30203615430838,9.29076130781248,10.2794864613166,
11.2682116148207,12.2569367683248,13.2456619218289,14.234387075333,15.2231122288371,
16.2118373823412,17.2005625358453,18.1892876893494,19.1780128428535,20.1667379963576,
21.1554631498617,22.1441883033658,23.1329134568699,24.121638610374,25.1103637638781,
26.0990889173822,27.0878140708863,28.0765392243904,29.0652643778945,30.0539895313986,
31.0427146849027,32.0314398384068,33.0201649919109,34.008890145415,34.9976152989191,
35.9863404524232,36.9750656059273,37.9637907594314,38.9525159129355,39.9412410664396,
40.9299662199437,41.9186913734478,42.9074165269518,43.896141680456,44.88486683396,
45.8735919874642,46.8623171409682,47.8510422944724,48.8397674479765,49.8284926014805,
50.8172177549847,51.8059429084887,52.7946680619929,53.7833932154969,54.772118369001,
55.7608435225051,56.7495686760092,57.7382938295133,58.7270189830174,59.7157441365215,
60.7044692900256,61.6931944435297,62.6819195970338,63.6706447505379,64.659369904042,
65.6480950575461,66.6368202110502,67.6255453645543,68.6142705180584,69.6029956715625,
70.5917208250666,71.5804459785707,72.5691711320748,73.5578962855789,74.546621439083,
75.5353465925871,76.5240717460912,77.5127968995953,78.5015220530994,79.4902472066035),
 .UNSPECIFIED.);
#18=B_SPLINE_SURFACE_WITH_KNOTS('',3,3,((#6462,#6463,#6464,#6465,#6466,
#6467,#6468,#6469,#6470,#6471,#6472,#6473,#6474,#6475,#6476,#6477,#6478,
#6479,#6480,#6481,#6482,#6483,#6484,#6485,#6486,#6487,#6488,#6489,#6490,
#6491,#6492,#6493,#6494,#6495,#6496,#6497,#6498,#6499,#6500,#6501,#6502,
#6503,#6504,#6505,#6506,#6507,#6508,#6509,#6510,#6511,#6512,#6513,#6514,
#6515,#6516,#6517,#6518,#6519,#6520,#6521,#6522,#6523,#6524,#6525,#6526,
#6527,#6528,#6529,#6530,#6531,#6532,#6533,#6534,#6535,#6536),(#6537,#6538,
#6539,#6540,#6541,#6542,#6543,#6544,#6545,#6546,#6547,#6548,#6549,#6550,
#6551,#6552,#6553,#6554,#6555,#6556,#6557,#6558,#6559,#6560,#6561,#6562,
#6563,#6564,#6565,#6566,#6567,#6568,#6569,#6570,#6571,#6572,#6573,#6574,
#6575,#6576,#6577,#6578,#6579,#6580,#6581,#6582,#6583,#6584,#6585,#6586,
#6587,#6588,#6589,#6590,#6591,#6592,#6593,#6594,#6595,#6596,#6597,#6598,
#6599,#6600,#6601,#6602,#6603,#6604,#6605,#6606,#6607,#6608,#6609,#6610,
#6611),(#6612,#6613,#6614,#6615,#6616,#6617,#6618,#6619,#6620,#6621,#6622,
#6623,#6624,#6625,#6626,#6627,#6628,#6629,#6630,#6631,#6632,#6633,#6634,
#6635,#6636,#6637,#6638,#6639,#6640,#6641,#6642,#6643,#6644,#6645,#6646,
#6647,#6648,#6649,#6650,#6651,#6652,#6653,#6654,#6655,#6656,#6657,#6658,
#6659,#6660,#6661,#6662,#6663,#6664,#6665,#6666,#6667,#6668,#6669,#6670,
#6671,#6672,#6673,#6674,#6675,#6676,#6677,#6678,#6679,#6680,#6681,#6682,
#6683,#6684,#6685,#6686),(#6687,#6688,#6689,#6690,#6691,#6692,#6693,#6694,
#6695,#6696,#6697,#6698,#6699,#6700,#6701,#6702,#6703,#6704,#6705,#6706,
#6707,#6708,#6709,#6710,#6711,#6712,#6713,#6714,#6715,#6716,#6717,#6718,
#6719,#6720,#6721,#6722,#6723,#6724,#6725,#6726,#6727,#6728,#6729,#6730,
#6731,#6732,#6733,#6734,#6735,#6736,#6737,#6738,#6739,#6740,#6741,#6742,
#6743,#6744,#6745,#6746,#6747,#6748,#6749,#6750,#6751,#6752,#6753,#6754,
#6755,#6756,#6757,#6758,#6759,#6760,#6761)),.UNSPECIFIED.,.F.,.F.,.F.,(4,
4),(4,1,1,1,1,1,1,1,1,1,1,1,1,1,1,1,1,1,1,1,1,1,1,1,1,1,1,1,1,1,1,1,1,1,
1,1,1,1,1,1,1,1,1,1,1,1,1,1,1,1,1,1,1,1,1,1,1,1,1,1,1,1,1,1,1,1,1,1,1,1,
1,1,4),(0.,0.0329955678841869),(11.6159397475004,12.6046649010045,13.5933900545086,
14.5821152080127,15.5708403615168,16.5595655150209,17.548290668525,18.5370158220291,
19.5257409755332,20.5144661290373,21.5031912825414,22.4919164360455,23.4806415895496,
24.4693667430537,25.4580918965578,26.4468170500619,27.435542203566,28.4242673570701,
29.4129925105742,30.4017176640783,31.3904428175824,32.3791679710865,33.3678931245906,
34.3566182780947,35.3453434315988,36.3340685851029,37.322793738607,38.3115188921111,
39.3002440456152,40.2889691991193,41.2776943526234,42.2664195061275,43.2551446596316,
44.2438698131357,45.2325949666398,46.2213201201439,47.210045273648,48.1987704271521,
49.1874955806562,50.1762207341603,51.1649458876644,52.1536710411685,53.1423961946726,
54.1311213481767,55.1198465016808,56.1085716551849,57.097296808689,58.0860219621931,
59.0747471156972,60.0634722692013,61.0521974227054,62.0409225762095,63.0296477297136,
64.0183728832177,65.0070980367218,65.9958231902259,66.98454834373,67.9732734972341,
68.9619986507382,69.9507238042423,70.9394489577464,71.9281741112505,72.9168992647546,
73.9056244182587,74.8943495717628,75.8830747252669,76.871799878771,77.8605250322751,
78.8492501857792,79.8379753392833,80.8267004927874,81.8154256462915,82.8041507997956),
 .UNSPECIFIED.);
#19=FACE_BOUND('',#243,.T.);
#20=FACE_BOUND('',#254,.T.);
#21=PLANE('',#2002);
#22=PLANE('',#2003);
#23=PLANE('',#2008);
#24=PLANE('',#2012);
#25=PLANE('',#2015);
#26=PLANE('',#2018);
#27=PLANE('',#2019);
#28=PLANE('',#2024);
#29=PLANE('',#2028);
#30=PLANE('',#2033);
#31=PLANE('',#2036);
#32=PLANE('',#2041);
#33=PLANE('',#2049);
#34=PLANE('',#2058);
#35=PLANE('',#2062);
#36=PLANE('',#2066);
#37=PLANE('',#2069);
#38=PLANE('',#2071);
#39=PLANE('',#2072);
#40=PLANE('',#2073);
#41=PLANE('',#2078);
#42=PLANE('',#2079);
#43=ELLIPSE('',#2000,0.223606797749979,0.1);
#44=ELLIPSE('',#2001,0.223606797749979,0.1);
#45=ELLIPSE('',#2004,0.223606797749979,0.1);
#46=ELLIPSE('',#2005,0.223606797749979,0.1);
#47=ELLIPSE('',#2007,0.223606797749979,0.1);
#48=ELLIPSE('',#2010,0.223606797749979,0.1);
#49=ELLIPSE('',#2011,0.223606797749979,0.1);
#50=ELLIPSE('',#2013,0.223606797749979,0.1);
#51=ELLIPSE('',#2014,0.223606797749979,0.1);
#52=ELLIPSE('',#2017,0.223606797749979,0.1);
#53=ELLIPSE('',#2020,0.223606797749979,0.1);
#54=ELLIPSE('',#2021,0.223606797749979,0.1);
#55=ELLIPSE('',#2023,0.223606797749979,0.1);
#56=ELLIPSE('',#2026,0.223606797749979,0.1);
#57=ELLIPSE('',#2027,0.223606797749979,0.1);
#58=ELLIPSE('',#2029,0.223606797749979,0.1);
#59=ELLIPSE('',#2031,0.223606797749979,0.1);
#60=ELLIPSE('',#2032,0.223606797749979,0.1);
#61=ELLIPSE('',#2034,0.223606797749979,0.1);
#62=ELLIPSE('',#2035,0.223606797749979,0.1);
#63=ELLIPSE('',#2039,0.223606797749979,0.1);
#64=ELLIPSE('',#2040,0.223606797749979,0.1);
#65=ELLIPSE('',#2042,0.223606797749979,0.1);
#66=ELLIPSE('',#2043,0.223606797749979,0.1);
#67=ELLIPSE('',#2045,0.223606797749979,0.1);
#68=ELLIPSE('',#2047,0.223606797749979,0.1);
#69=ELLIPSE('',#2048,0.223606797749979,0.1);
#70=ELLIPSE('',#2050,0.223606797749979,0.1);
#71=ELLIPSE('',#2051,0.223606797749979,0.1);
#72=ELLIPSE('',#2053,0.223606797749979,0.1);
#73=ELLIPSE('',#2055,0.223606797749979,0.1);
#74=ELLIPSE('',#2057,0.223606797749979,0.1);
#75=ELLIPSE('',#2060,0.223606797749979,0.1);
#76=ELLIPSE('',#2064,0.223606797749979,0.1);
#77=ELLIPSE('',#2065,0.223606797749979,0.1);
#78=ELLIPSE('',#2068,0.223606797749979,0.1);
#79=FACE_OUTER_BOUND('',#181,.T.);
#80=FACE_OUTER_BOUND('',#182,.T.);
#81=FACE_OUTER_BOUND('',#183,.T.);
#82=FACE_OUTER_BOUND('',#184,.T.);
#83=FACE_OUTER_BOUND('',#185,.T.);
#84=FACE_OUTER_BOUND('',#186,.T.);
#85=FACE_OUTER_BOUND('',#187,.T.);
#86=FACE_OUTER_BOUND('',#188,.T.);
#87=FACE_OUTER_BOUND('',#189,.T.);
#88=FACE_OUTER_BOUND('',#190,.T.);
#89=FACE_OUTER_BOUND('',#191,.T.);
#90=FACE_OUTER_BOUND('',#192,.T.);
#91=FACE_OUTER_BOUND('',#193,.T.);
#92=FACE_OUTER_BOUND('',#194,.T.);
#93=FACE_OUTER_BOUND('',#195,.T.);
#94=FACE_OUTER_BOUND('',#196,.T.);
#95=FACE_OUTER_BOUND('',#197,.T.);
#96=FACE_OUTER_BOUND('',#198,.T.);
#97=FACE_OUTER_BOUND('',#199,.T.);
#98=FACE_OUTER_BOUND('',#200,.T.);
#99=FACE_OUTER_BOUND('',#201,.T.);
#100=FACE_OUTER_BOUND('',#202,.T.);
#101=FACE_OUTER_BOUND('',#203,.T.);
#102=FACE_OUTER_BOUND('',#204,.T.);
#103=FACE_OUTER_BOUND('',#205,.T.);
#104=FACE_OUTER_BOUND('',#206,.T.);
#105=FACE_OUTER_BOUND('',#207,.T.);
#106=FACE_OUTER_BOUND('',#208,.T.);
#107=FACE_OUTER_BOUND('',#209,.T.);
#108=FACE_OUTER_BOUND('',#210,.T.);
#109=FACE_OUTER_BOUND('',#211,.T.);
#110=FACE_OUTER_BOUND('',#212,.T.);
#111=FACE_OUTER_BOUND('',#213,.T.);
#112=FACE_OUTER_BOUND('',#214,.T.);
#113=FACE_OUTER_BOUND('',#215,.T.);
#114=FACE_OUTER_BOUND('',#216,.T.);
#115=FACE_OUTER_BOUND('',#217,.T.);
#116=FACE_OUTER_BOUND('',#218,.T.);
#117=FACE_OUTER_BOUND('',#219,.T.);
#118=FACE_OUTER_BOUND('',#220,.T.);
#119=FACE_OUTER_BOUND('',#221,.T.);
#120=FACE_OUTER_BOUND('',#222,.T.);
#121=FACE_OUTER_BOUND('',#223,.T.);
#122=FACE_OUTER_BOUND('',#224,.T.);
#123=FACE_OUTER_BOUND('',#225,.T.);
#124=FACE_OUTER_BOUND('',#226,.T.);
#125=FACE_OUTER_BOUND('',#227,.T.);
#126=FACE_OUTER_BOUND('',#228,.T.);
#127=FACE_OUTER_BOUND('',#229,.T.);
#128=FACE_OUTER_BOUND('',#230,.T.);
#129=FACE_OUTER_BOUND('',#231,.T.);
#130=FACE_OUTER_BOUND('',#232,.T.);
#131=FACE_OUTER_BOUND('',#233,.T.);
#132=FACE_OUTER_BOUND('',#234,.T.);
#133=FACE_OUTER_BOUND('',#235,.T.);
#134=FACE_OUTER_BOUND('',#236,.T.);
#135=FACE_OUTER_BOUND('',#237,.T.);
#136=FACE_OUTER_BOUND('',#238,.T.);
#137=FACE_OUTER_BOUND('',#239,.T.);
#138=FACE_OUTER_BOUND('',#240,.T.);
#139=FACE_OUTER_BOUND('',#241,.T.);
#140=FACE_OUTER_BOUND('',#242,.T.);
#141=FACE_OUTER_BOUND('',#244,.T.);
#142=FACE_OUTER_BOUND('',#245,.T.);
#143=FACE_OUTER_BOUND('',#246,.T.);
#144=FACE_OUTER_BOUND('',#247,.T.);
#145=FACE_OUTER_BOUND('',#248,.T.);
#146=FACE_OUTER_BOUND('',#249,.T.);
#147=FACE_OUTER_BOUND('',#250,.T.);
#148=FACE_OUTER_BOUND('',#251,.T.);
#149=FACE_OUTER_BOUND('',#252,.T.);
#150=FACE_OUTER_BOUND('',#253,.T.);
#151=FACE_OUTER_BOUND('',#255,.T.);
#152=FACE_OUTER_BOUND('',#256,.T.);
#153=FACE_OUTER_BOUND('',#257,.T.);
#154=FACE_OUTER_BOUND('',#258,.T.);
#155=FACE_OUTER_BOUND('',#259,.T.);
#156=FACE_OUTER_BOUND('',#260,.T.);
#157=FACE_OUTER_BOUND('',#261,.T.);
#158=FACE_OUTER_BOUND('',#262,.T.);
#159=FACE_OUTER_BOUND('',#263,.T.);
#160=FACE_OUTER_BOUND('',#264,.T.);
#161=FACE_OUTER_BOUND('',#265,.T.);
#162=FACE_OUTER_BOUND('',#266,.T.);
#163=FACE_OUTER_BOUND('',#267,.T.);
#164=FACE_OUTER_BOUND('',#268,.T.);
#165=FACE_OUTER_BOUND('',#269,.T.);
#166=FACE_OUTER_BOUND('',#270,.T.);
#167=FACE_OUTER_BOUND('',#271,.T.);
#168=FACE_OUTER_BOUND('',#272,.T.);
#169=FACE_OUTER_BOUND('',#273,.T.);
#170=FACE_OUTER_BOUND('',#274,.T.);
#171=FACE_OUTER_BOUND('',#275,.T.);
#172=FACE_OUTER_BOUND('',#276,.T.);
#173=FACE_OUTER_BOUND('',#277,.T.);
#174=FACE_OUTER_BOUND('',#278,.T.);
#175=FACE_OUTER_BOUND('',#279,.T.);
#176=FACE_OUTER_BOUND('',#280,.T.);
#177=FACE_OUTER_BOUND('',#281,.T.);
#178=FACE_OUTER_BOUND('',#282,.T.);
#179=FACE_OUTER_BOUND('',#283,.T.);
#180=FACE_OUTER_BOUND('',#284,.T.);
#181=EDGE_LOOP('',(#1159,#1160,#1161,#1162));
#182=EDGE_LOOP('',(#1163,#1164,#1165,#1166));
#183=EDGE_LOOP('',(#1167,#1168,#1169,#1170));
#184=EDGE_LOOP('',(#1171,#1172,#1173,#1174));
#185=EDGE_LOOP('',(#1175,#1176,#1177,#1178));
#186=EDGE_LOOP('',(#1179,#1180,#1181,#1182));
#187=EDGE_LOOP('',(#1183,#1184,#1185,#1186));
#188=EDGE_LOOP('',(#1187,#1188,#1189,#1190));
#189=EDGE_LOOP('',(#1191,#1192,#1193,#1194));
#190=EDGE_LOOP('',(#1195,#1196,#1197,#1198));
#191=EDGE_LOOP('',(#1199,#1200,#1201,#1202));
#192=EDGE_LOOP('',(#1203,#1204,#1205,#1206));
#193=EDGE_LOOP('',(#1207,#1208,#1209,#1210));
#194=EDGE_LOOP('',(#1211,#1212,#1213,#1214));
#195=EDGE_LOOP('',(#1215,#1216,#1217,#1218));
#196=EDGE_LOOP('',(#1219,#1220,#1221,#1222));
#197=EDGE_LOOP('',(#1223,#1224,#1225,#1226));
#198=EDGE_LOOP('',(#1227,#1228,#1229,#1230));
#199=EDGE_LOOP('',(#1231,#1232,#1233,#1234));
#200=EDGE_LOOP('',(#1235,#1236,#1237,#1238));
#201=EDGE_LOOP('',(#1239,#1240,#1241,#1242));
#202=EDGE_LOOP('',(#1243,#1244,#1245,#1246));
#203=EDGE_LOOP('',(#1247,#1248,#1249,#1250));
#204=EDGE_LOOP('',(#1251,#1252,#1253,#1254));
#205=EDGE_LOOP('',(#1255,#1256,#1257,#1258));
#206=EDGE_LOOP('',(#1259,#1260,#1261,#1262));
#207=EDGE_LOOP('',(#1263,#1264,#1265,#1266));
#208=EDGE_LOOP('',(#1267,#1268,#1269,#1270));
#209=EDGE_LOOP('',(#1271,#1272,#1273,#1274));
#210=EDGE_LOOP('',(#1275,#1276,#1277,#1278));
#211=EDGE_LOOP('',(#1279,#1280,#1281,#1282));
#212=EDGE_LOOP('',(#1283,#1284,#1285,#1286));
#213=EDGE_LOOP('',(#1287,#1288,#1289,#1290));
#214=EDGE_LOOP('',(#1291,#1292,#1293,#1294));
#215=EDGE_LOOP('',(#1295,#1296,#1297,#1298));
#216=EDGE_LOOP('',(#1299,#1300,#1301,#1302));
#217=EDGE_LOOP('',(#1303,#1304,#1305,#1306));
#218=EDGE_LOOP('',(#1307,#1308,#1309,#1310));
#219=EDGE_LOOP('',(#1311,#1312,#1313,#1314));
#220=EDGE_LOOP('',(#1315,#1316,#1317,#1318));
#221=EDGE_LOOP('',(#1319,#1320,#1321,#1322));
#222=EDGE_LOOP('',(#1323,#1324,#1325,#1326));
#223=EDGE_LOOP('',(#1327,#1328,#1329,#1330));
#224=EDGE_LOOP('',(#1331,#1332,#1333,#1334));
#225=EDGE_LOOP('',(#1335,#1336,#1337,#1338));
#226=EDGE_LOOP('',(#1339,#1340,#1341,#1342));
#227=EDGE_LOOP('',(#1343,#1344,#1345,#1346));
#228=EDGE_LOOP('',(#1347,#1348,#1349,#1350));
#229=EDGE_LOOP('',(#1351,#1352,#1353,#1354));
#230=EDGE_LOOP('',(#1355,#1356,#1357,#1358));
#231=EDGE_LOOP('',(#1359,#1360,#1361,#1362));
#232=EDGE_LOOP('',(#1363,#1364,#1365,#1366));
#233=EDGE_LOOP('',(#1367,#1368,#1369,#1370));
#234=EDGE_LOOP('',(#1371,#1372,#1373,#1374));
#235=EDGE_LOOP('',(#1375,#1376,#1377,#1378));
#236=EDGE_LOOP('',(#1379,#1380,#1381,#1382,#1383,#1384,#1385,#1386));
#237=EDGE_LOOP('',(#1387,#1388,#1389,#1390,#1391,#1392));
#238=EDGE_LOOP('',(#1393,#1394,#1395,#1396));
#239=EDGE_LOOP('',(#1397,#1398,#1399,#1400,#1401,#1402,#1403,#1404));
#240=EDGE_LOOP('',(#1405,#1406,#1407,#1408));
#241=EDGE_LOOP('',(#1409,#1410,#1411,#1412,#1413,#1414));
#242=EDGE_LOOP('',(#1415,#1416,#1417,#1418,#1419,#1420,#1421,#1422,#1423,
#1424,#1425,#1426));
#243=EDGE_LOOP('',(#1427,#1428,#1429,#1430));
#244=EDGE_LOOP('',(#1431,#1432,#1433,#1434));
#245=EDGE_LOOP('',(#1435,#1436,#1437,#1438,#1439,#1440,#1441,#1442));
#246=EDGE_LOOP('',(#1443,#1444,#1445,#1446,#1447,#1448));
#247=EDGE_LOOP('',(#1449,#1450,#1451,#1452));
#248=EDGE_LOOP('',(#1453,#1454,#1455,#1456,#1457,#1458,#1459,#1460));
#249=EDGE_LOOP('',(#1461,#1462,#1463,#1464));
#250=EDGE_LOOP('',(#1465,#1466,#1467,#1468,#1469,#1470));
#251=EDGE_LOOP('',(#1471,#1472,#1473,#1474));
#252=EDGE_LOOP('',(#1475,#1476,#1477,#1478,#1479,#1480));
#253=EDGE_LOOP('',(#1481,#1482,#1483,#1484,#1485,#1486,#1487,#1488,#1489,
#1490,#1491,#1492));
#254=EDGE_LOOP('',(#1493,#1494,#1495,#1496));
#255=EDGE_LOOP('',(#1497,#1498,#1499,#1500));
#256=EDGE_LOOP('',(#1501,#1502,#1503,#1504,#1505,#1506));
#257=EDGE_LOOP('',(#1507,#1508,#1509,#1510));
#258=EDGE_LOOP('',(#1511,#1512,#1513,#1514));
#259=EDGE_LOOP('',(#1515,#1516,#1517,#1518,#1519,#1520));
#260=EDGE_LOOP('',(#1521,#1522,#1523,#1524));
#261=EDGE_LOOP('',(#1525,#1526,#1527,#1528));
#262=EDGE_LOOP('',(#1529,#1530,#1531,#1532));
#263=EDGE_LOOP('',(#1533,#1534,#1535,#1536,#1537,#1538,#1539,#1540));
#264=EDGE_LOOP('',(#1541,#1542,#1543,#1544));
#265=EDGE_LOOP('',(#1545,#1546,#1547,#1548));
#266=EDGE_LOOP('',(#1549,#1550,#1551,#1552,#1553,#1554,#1555,#1556));
#267=EDGE_LOOP('',(#1557,#1558,#1559,#1560));
#268=EDGE_LOOP('',(#1561,#1562,#1563,#1564,#1565,#1566));
#269=EDGE_LOOP('',(#1567,#1568,#1569,#1570));
#270=EDGE_LOOP('',(#1571,#1572,#1573,#1574,#1575,#1576));
#271=EDGE_LOOP('',(#1577,#1578,#1579,#1580));
#272=EDGE_LOOP('',(#1581,#1582,#1583,#1584,#1585,#1586));
#273=EDGE_LOOP('',(#1587,#1588,#1589,#1590,#1591,#1592));
#274=EDGE_LOOP('',(#1593,#1594,#1595,#1596,#1597,#1598));
#275=EDGE_LOOP('',(#1599,#1600,#1601,#1602));
#276=EDGE_LOOP('',(#1603,#1604,#1605,#1606,#1607,#1608,#1609,#1610,#1611,
#1612,#1613,#1614,#1615,#1616,#1617,#1618,#1619,#1620,#1621,#1622,#1623,
#1624,#1625,#1626,#1627,#1628,#1629,#1630,#1631,#1632,#1633,#1634,#1635,
#1636,#1637,#1638));
#277=EDGE_LOOP('',(#1639,#1640,#1641,#1642,#1643,#1644,#1645,#1646,#1647,
#1648,#1649,#1650,#1651,#1652,#1653,#1654,#1655,#1656,#1657,#1658,#1659,
#1660,#1661,#1662,#1663,#1664,#1665,#1666,#1667,#1668,#1669,#1670,#1671,
#1672,#1673,#1674));
#278=EDGE_LOOP('',(#1675,#1676,#1677,#1678,#1679,#1680,#1681,#1682,#1683,
#1684,#1685,#1686,#1687,#1688,#1689,#1690,#1691,#1692,#1693,#1694,#1695,
#1696,#1697,#1698,#1699,#1700));
#279=EDGE_LOOP('',(#1701,#1702,#1703,#1704));
#280=EDGE_LOOP('',(#1705,#1706,#1707,#1708,#1709,#1710,#1711,#1712,#1713,
#1714,#1715,#1716,#1717,#1718,#1719,#1720,#1721,#1722,#1723,#1724,#1725,
#1726,#1727,#1728,#1729,#1730));
#281=EDGE_LOOP('',(#1731,#1732,#1733,#1734));
#282=EDGE_LOOP('',(#1735,#1736,#1737,#1738));
#283=EDGE_LOOP('',(#1739,#1740,#1741,#1742));
#284=EDGE_LOOP('',(#1743,#1744,#1745,#1746));
#285=CIRCLE('',#1940,1.2645);
#286=CIRCLE('',#1956,1.2645);
#287=CIRCLE('',#1958,1.4635);
#288=CIRCLE('',#1970,1.17775);
#289=CIRCLE('',#1982,1.543);
#290=CIRCLE('',#1998,1.543);
#291=CIRCLE('',#2037,1.17775);
#292=CIRCLE('',#2077,1.4635);
#293=B_SPLINE_CURVE_WITH_KNOTS('',3,(#2499,#2500,#2501,#2502,#2503,#2504,
#2505,#2506,#2507,#2508,#2509,#2510,#2511),.UNSPECIFIED.,.F.,.F.,(4,3,3,
3,4),(-3.85260200436961,-2.98693798271739,-1.99129198847826,-0.99564599423913,
0.),.UNSPECIFIED.);
#294=B_SPLINE_CURVE_WITH_KNOTS('',3,(#2514,#2515,#2516,#2517,#2518,#2519,
#2520,#2521,#2522,#2523,#2524,#2525,#2526,#2527,#2528,#2529,#2530,#2531,
#2532),.UNSPECIFIED.,.F.,.F.,(4,3,3,3,3,3,4),(2.02057249175692,2.98693798271739,
3.98258397695652,4.97822997119565,5.97387596543478,6.96952195967391,7.59274844815661),
 .UNSPECIFIED.);
#295=B_SPLINE_CURVE_WITH_KNOTS('',3,(#2537,#2538,#2539,#2540,#2541,#2542,
#2543,#2544,#2545,#2546,#2547,#2548,#2549,#2550,#2551,#2552,#2553,#2554,
#2555,#2556,#2557,#2558,#2559,#2560,#2561),.UNSPECIFIED.,.F.,.F.,(4,3,3,
3,3,3,3,3,4),(-10.1357873115492,-9.95645994239129,-8.96081394815216,-7.96516795391303,
-6.96952195967391,-5.97387596543478,-4.97822997119565,-3.98258397695652,
-3.85260200436961),.UNSPECIFIED.);
#296=B_SPLINE_CURVE_WITH_KNOTS('',3,(#2562,#2563,#2564,#2565,#2566,#2567,
#2568,#2569,#2570,#2571,#2572,#2573,#2574,#2575,#2576,#2577,#2578,#2579,
#2580,#2581,#2582,#2583),.UNSPECIFIED.,.F.,.F.,(4,3,3,3,3,3,3,4),(7.59274844815661,
7.96516795391303,8.96081394815217,9.95645994239129,10.9521059366304,11.9477519308696,
12.9433979251087,13.8759337553362),.UNSPECIFIED.);
#297=B_SPLINE_CURVE_WITH_KNOTS('',3,(#2588,#2589,#2590,#2591,#2592,#2593,
#2594,#2595,#2596,#2597,#2598,#2599,#2600,#2601,#2602,#2603,#2604,#2605,
#2606,#2607,#2608,#2609),.UNSPECIFIED.,.F.,.F.,(4,3,3,3,3,3,3,4),(-16.4189726187288,
-15.9303359078261,-14.9346899135869,-13.9390439193478,-12.9433979251087,
-11.9477519308696,-10.9521059366304,-10.1357873115492),.UNSPECIFIED.);
#298=B_SPLINE_CURVE_WITH_KNOTS('',3,(#2610,#2611,#2612,#2613,#2614,#2615,
#2616,#2617,#2618,#2619,#2620,#2621,#2622,#2623,#2624,#2625,#2626,#2627,
#2628,#2629,#2630,#2631,#2632,#2633,#2634),.UNSPECIFIED.,.F.,.F.,(4,3,3,
3,3,3,3,3,4),(13.8759337553362,13.9390439193478,14.9346899135869,15.9303359078261,
16.9259819020652,17.9216278963043,18.9172738905435,19.9129198847826,20.1591190625158),
 .UNSPECIFIED.);
#299=B_SPLINE_CURVE_WITH_KNOTS('',3,(#2639,#2640,#2641,#2642,#2643,#2644,
#2645,#2646,#2647,#2648,#2649,#2650,#2651,#2652,#2653,#2654,#2655,#2656,
#2657,#2658,#2659,#2660),.UNSPECIFIED.,.F.,.F.,(4,3,3,3,3,3,3,4),(-22.7021579259084,
-21.9042118732608,-20.9085658790217,-19.9129198847826,-18.9172738905435,
-17.9216278963043,-16.9259819020652,-16.4189726187288),.UNSPECIFIED.);
#300=B_SPLINE_CURVE_WITH_KNOTS('',3,(#2661,#2662,#2663,#2664,#2665,#2666,
#2667,#2668,#2669,#2670,#2671,#2672,#2673,#2674,#2675,#2676,#2677,#2678,
#2679,#2680,#2681,#2682),.UNSPECIFIED.,.F.,.F.,(4,3,3,3,3,3,3,4),(20.1591190625158,
20.9085658790217,21.9042118732608,22.8998578675,23.8955038617391,24.8911498559782,
25.8867958502174,26.4423043696954),.UNSPECIFIED.);
#301=B_SPLINE_CURVE_WITH_KNOTS('',3,(#2687,#2688,#2689,#2690,#2691,#2692,
#2693,#2694,#2695,#2696,#2697,#2698,#2699,#2700,#2701,#2702,#2703,#2704,
#2705,#2706,#2707,#2708,#2709,#2710,#2711),.UNSPECIFIED.,.F.,.F.,(4,3,3,
3,3,3,3,3,4),(-28.9853432330879,-28.8737338329348,-27.8780878386956,-26.8824418444565,
-25.8867958502174,-24.8911498559782,-23.8955038617391,-22.8998578675,-22.7021579259084),
 .UNSPECIFIED.);
#302=B_SPLINE_CURVE_WITH_KNOTS('',3,(#2712,#2713,#2714,#2715,#2716,#2717,
#2718,#2719,#2720,#2721,#2722,#2723,#2724,#2725,#2726,#2727,#2728,#2729,
#2730,#2731,#2732,#2733),.UNSPECIFIED.,.F.,.F.,(4,3,3,3,3,3,3,4),(26.4423043696954,
26.8824418444565,27.8780878386956,28.8737338329347,29.8693798271739,30.865025821413,
31.8606718156521,32.725489676875),.UNSPECIFIED.);
#303=B_SPLINE_CURVE_WITH_KNOTS('',3,(#2738,#2739,#2740,#2741,#2742,#2743,
#2744,#2745,#2746,#2747,#2748,#2749,#2750,#2751,#2752,#2753,#2754,#2755,
#2756,#2757,#2758,#2759),.UNSPECIFIED.,.F.,.F.,(4,3,3,3,3,3,3,4),(-35.2685285402675,
-34.8476097983695,-33.8519638041304,-32.8563178098913,-31.8606718156521,
-30.865025821413,-29.8693798271739,-28.9853432330879),.UNSPECIFIED.);
#304=B_SPLINE_CURVE_WITH_KNOTS('',3,(#2760,#2761,#2762,#2763,#2764,#2765,
#2766,#2767,#2768,#2769,#2770,#2771,#2772,#2773,#2774,#2775,#2776,#2777,
#2778,#2779,#2780,#2781,#2782,#2783,#2784),.UNSPECIFIED.,.F.,.F.,(4,3,3,
3,3,3,3,3,4),(32.725489676875,32.8563178098913,33.8519638041304,34.8476097983695,
35.8432557926087,36.8389017868478,37.8345477810869,38.830193775326,39.0086749840545),
 .UNSPECIFIED.);
#305=B_SPLINE_CURVE_WITH_KNOTS('',3,(#2789,#2790,#2791,#2792,#2793,#2794,
#2795,#2796,#2797,#2798,#2799,#2800,#2801,#2802,#2803,#2804,#2805,#2806,
#2807,#2808,#2809,#2810),.UNSPECIFIED.,.F.,.F.,(4,3,3,3,3,3,3,4),(-41.5517138474471,
-40.8214857638043,-39.8258397695652,-38.830193775326,-37.8345477810869,
-36.8389017868478,-35.8432557926087,-35.2685285402675),.UNSPECIFIED.);
#306=B_SPLINE_CURVE_WITH_KNOTS('',3,(#2811,#2812,#2813,#2814,#2815,#2816,
#2817,#2818,#2819,#2820,#2821,#2822,#2823,#2824,#2825,#2826,#2827,#2828,
#2829,#2830,#2831,#2832),.UNSPECIFIED.,.F.,.F.,(4,3,3,3,3,3,3,4),(39.0086749840545,
39.8258397695652,40.8214857638043,41.8171317580434,42.8127777522825,43.8084237465217,
44.8040697407608,45.2918602912341),.UNSPECIFIED.);
#307=B_SPLINE_CURVE_WITH_KNOTS('',3,(#2837,#2838,#2839,#2840,#2841,#2842,
#2843,#2844,#2845,#2846,#2847,#2848,#2849,#2850,#2851,#2852,#2853,#2854,
#2855,#2856,#2857,#2858,#2859,#2860,#2861),.UNSPECIFIED.,.F.,.F.,(4,3,3,
3,3,3,3,3,4),(-47.8348991546267,-47.7910077234782,-46.7953617292391,-45.7997157349999,
-44.8040697407608,-43.8084237465217,-42.8127777522826,-41.8171317580434,
-41.5517138474471),.UNSPECIFIED.);
#308=B_SPLINE_CURVE_WITH_KNOTS('',3,(#2862,#2863,#2864,#2865,#2866,#2867,
#2868,#2869,#2870,#2871,#2872,#2873,#2874,#2875,#2876,#2877,#2878,#2879,
#2880,#2881,#2882,#2883),.UNSPECIFIED.,.F.,.F.,(4,3,3,3,3,3,3,4),(45.2918602912341,
45.7997157349999,46.7953617292391,47.7910077234782,48.7866537177173,49.7822997119565,
50.7779457061956,51.5750455984137),.UNSPECIFIED.);
#309=B_SPLINE_CURVE_WITH_KNOTS('',3,(#2888,#2889,#2890,#2891,#2892,#2893,
#2894,#2895,#2896,#2897,#2898,#2899,#2900,#2901,#2902,#2903,#2904,#2905,
#2906,#2907,#2908,#2909),.UNSPECIFIED.,.F.,.F.,(4,3,3,3,3,3,3,4),(-54.1180844618063,
-53.764883688913,-52.7692376946739,-51.7735917004347,-50.7779457061956,
-49.7822997119565,-48.7866537177173,-47.8348991546267),.UNSPECIFIED.);
#310=B_SPLINE_CURVE_WITH_KNOTS('',3,(#2910,#2911,#2912,#2913,#2914,#2915,
#2916,#2917,#2918,#2919,#2920,#2921,#2922,#2923,#2924,#2925,#2926,#2927,
#2928,#2929,#2930,#2931,#2932,#2933,#2934),.UNSPECIFIED.,.F.,.F.,(4,3,3,
3,3,3,3,3,4),(51.5750455984137,51.7735917004347,52.7692376946739,53.764883688913,
54.7605296831521,55.7561756773912,56.7518216716304,57.7474676658695,57.8582309055933),
 .UNSPECIFIED.);
#311=B_SPLINE_CURVE_WITH_KNOTS('',3,(#2939,#2940,#2941,#2942,#2943,#2944,
#2945,#2946,#2947,#2948,#2949,#2950,#2951,#2952,#2953,#2954,#2955,#2956,
#2957,#2958,#2959,#2960),.UNSPECIFIED.,.F.,.F.,(4,3,3,3,3,3,3,4),(-60.4012697689859,
-59.7387596543478,-58.7431136601086,-57.7474676658695,-56.7518216716304,
-55.7561756773912,-54.7605296831521,-54.1180844618063),.UNSPECIFIED.);
#312=B_SPLINE_CURVE_WITH_KNOTS('',3,(#2961,#2962,#2963,#2964,#2965,#2966,
#2967,#2968,#2969,#2970,#2971,#2972,#2973,#2974,#2975,#2976,#2977,#2978,
#2979,#2980,#2981,#2982),.UNSPECIFIED.,.F.,.F.,(4,3,3,3,3,3,3,4),(57.8582309055933,
58.7431136601086,59.7387596543478,60.7344056485869,61.730051642826,62.7256976370652,
63.7213436313043,64.1414162127729),.UNSPECIFIED.);
#313=B_SPLINE_CURVE_WITH_KNOTS('',3,(#2987,#2988,#2989,#2990,#2991,#2992,
#2993,#2994,#2995,#2996,#2997,#2998,#2999,#3000,#3001,#3002,#3003,#3004,
#3005,#3006,#3007,#3008),.UNSPECIFIED.,.F.,.F.,(4,3,3,3,3,3,3,4),(-66.6844550761655,
-65.7126356197825,-64.7169896255434,-63.7213436313043,-62.7256976370652,
-61.730051642826,-60.7344056485869,-60.4012697689859),.UNSPECIFIED.);
#314=B_SPLINE_CURVE_WITH_KNOTS('',3,(#3009,#3010,#3011,#3012,#3013,#3014,
#3015,#3016,#3017,#3018,#3019,#3020,#3021,#3022,#3023,#3024,#3025,#3026,
#3027,#3028,#3029,#3030),.UNSPECIFIED.,.F.,.F.,(4,3,3,3,3,3,3,4),(64.1414162127729,
64.7169896255434,65.7126356197825,66.7082816140217,67.7039276082608,68.6995736024999,
69.6952195967391,70.4246015199525),.UNSPECIFIED.);
#315=B_SPLINE_CURVE_WITH_KNOTS('',3,(#3035,#3036,#3037,#3038,#3039,#3040,
#3041,#3042,#3043,#3044,#3045,#3046,#3047,#3048,#3049,#3050,#3051,#3052,
#3053,#3054,#3055,#3056,#3057,#3058,#3059),.UNSPECIFIED.,.F.,.F.,(4,3,3,
3,3,3,3,3,4),(-72.9676403833451,-72.6821575794564,-71.6865115852173,-70.6908655909782,
-69.6952195967391,-68.6995736024999,-67.7039276082608,-66.7082816140217,
-66.6844550761655),.UNSPECIFIED.);
#316=B_SPLINE_CURVE_WITH_KNOTS('',3,(#3060,#3061,#3062,#3063,#3064,#3065,
#3066,#3067,#3068,#3069,#3070,#3071,#3072,#3073,#3074,#3075,#3076,#3077,
#3078,#3079,#3080,#3081,#3082,#3083,#3084),.UNSPECIFIED.,.F.,.F.,(4,3,3,
3,3,3,3,3,4),(70.4246015199525,70.6908655909782,71.6865115852173,72.6821575794564,
73.6778035736956,74.6734495679347,75.6690955621738,76.664741556413,76.7077868271321),
 .UNSPECIFIED.);
#317=B_SPLINE_CURVE_WITH_KNOTS('',3,(#3089,#3090,#3091,#3092,#3093,#3094,
#3095,#3096,#3097,#3098,#3099,#3100,#3101,#3102,#3103,#3104,#3105,#3106,
#3107,#3108,#3109,#3110),.UNSPECIFIED.,.F.,.F.,(4,3,3,3,3,3,3,4),(-79.2508256905247,
-78.6560335448912,-77.6603875506521,-76.6647415564129,-75.6690955621738,
-74.6734495679347,-73.6778035736956,-72.9676403833451),.UNSPECIFIED.);
#318=B_SPLINE_CURVE_WITH_KNOTS('',3,(#3111,#3112,#3113,#3114,#3115,#3116,
#3117,#3118,#3119,#3120,#3121,#3122,#3123,#3124,#3125,#3126,#3127,#3128,
#3129,#3130,#3131,#3132),.UNSPECIFIED.,.F.,.F.,(4,3,3,3,3,3,3,4),(76.7077868271321,
77.6603875506521,78.6560335448912,79.6516795391303,80.6473255333695,81.6429715276086,
82.6386175218477,82.9909721343117),.UNSPECIFIED.);
#319=B_SPLINE_CURVE_WITH_KNOTS('',3,(#3137,#3138,#3139,#3140,#3141,#3142,
#3143,#3144,#3145,#3146,#3147,#3148,#3149,#3150,#3151,#3152,#3153,#3154,
#3155,#3156,#3157,#3158),.UNSPECIFIED.,.F.,.F.,(4,3,3,3,3,3,3,4),(-85.5340109977043,
-84.629909510326,-83.6342635160869,-82.6386175218477,-81.6429715276086,
-80.6473255333695,-79.6516795391303,-79.2508256905247),.UNSPECIFIED.);
#320=B_SPLINE_CURVE_WITH_KNOTS('',3,(#3159,#3160,#3161,#3162,#3163,#3164,
#3165,#3166,#3167,#3168,#3169,#3170,#3171,#3172,#3173,#3174,#3175,#3176,
#3177,#3178,#3179,#3180),.UNSPECIFIED.,.F.,.F.,(4,3,3,3,3,3,3,4),(82.9909721343117,
83.6342635160869,84.629909510326,85.6255555045651,86.6212014988042,87.6168474930434,
88.6124934872825,89.2741574414913),.UNSPECIFIED.);
#321=B_SPLINE_CURVE_WITH_KNOTS('',3,(#3185,#3186,#3187,#3188,#3189,#3190,
#3191,#3192,#3193,#3194,#3195,#3196,#3197,#3198,#3199,#3200,#3201,#3202,
#3203,#3204,#3205,#3206,#3207,#3208,#3209),.UNSPECIFIED.,.F.,.F.,(4,3,3,
3,3,3,3,3,4),(-91.8171963048839,-91.5994314699999,-90.6037854757608,-89.6081394815216,
-88.6124934872825,-87.6168474930434,-86.6212014988043,-85.6255555045651,
-85.5340109977043),.UNSPECIFIED.);
#322=B_SPLINE_CURVE_WITH_KNOTS('',3,(#3210,#3211,#3212,#3213,#3214,#3215,
#3216,#3217,#3218,#3219,#3220,#3221,#3222,#3223,#3224,#3225,#3226,#3227,
#3228,#3229,#3230,#3231),.UNSPECIFIED.,.F.,.F.,(4,3,3,3,3,3,3,4),(89.2741574414913,
89.6081394815216,90.6037854757607,91.5994314699999,92.595077464239,93.5907234584781,
94.5863694527173,95.5573427486709),.UNSPECIFIED.);
#323=B_SPLINE_CURVE_WITH_KNOTS('',3,(#3237,#3238,#3239,#3240),
 .UNSPECIFIED.,.F.,.F.,(4,4),(101.84052805585,102.55153740663),
 .UNSPECIFIED.);
#324=B_SPLINE_CURVE_WITH_KNOTS('',3,(#3243,#3244,#3245,#3246,#3247,#3248,
#3249,#3250,#3251,#3252),.UNSPECIFIED.,.F.,.F.,(4,3,3,4),(-100.530964914873,
-99.5645994239129,-98.5689534296738,-98.1003816120635),.UNSPECIFIED.);
#325=B_SPLINE_CURVE_WITH_KNOTS('',3,(#3258,#3259,#3260,#3261,#3262,#3263,
#3264,#3265,#3266,#3267),.UNSPECIFIED.,.F.,.F.,(4,3,3,4),(-4.09202352044854,
-3.9549006140164,-2.9661754605123,-2.07317267331967),.UNSPECIFIED.);
#326=B_SPLINE_CURVE_WITH_KNOTS('',3,(#3270,#3271,#3272,#3273,#3274,#3275,
#3276),.UNSPECIFIED.,.F.,.F.,(4,3,4),(0.,0.988725153504098,1.12274180646091),
 .UNSPECIFIED.);
#327=B_SPLINE_CURVE_WITH_KNOTS('',3,(#3281,#3282,#3283,#3284,#3285,#3286,
#3287,#3288,#3289,#3290,#3291,#3292,#3293,#3294,#3295,#3296,#3297,#3298,
#3299,#3300,#3301,#3302),.UNSPECIFIED.,.F.,.F.,(4,3,3,3,3,3,3,4),(-10.3752088276281,
-9.887251535041,-8.8985263815369,-7.9098012280328,-6.9210760745287,-5.9323509210246,
-4.9436257675205,-4.09202352044854),.UNSPECIFIED.);
#328=B_SPLINE_CURVE_WITH_KNOTS('',3,(#3303,#3304,#3305,#3306,#3307,#3308,
#3309,#3310,#3311,#3312,#3313,#3314,#3315,#3316,#3317,#3318,#3319,#3320,
#3321,#3322,#3323,#3324),.UNSPECIFIED.,.F.,.F.,(4,3,3,3,3,3,3,4),(1.12274180646091,
1.9774503070082,2.9661754605123,3.9549006140164,4.9436257675205,5.9323509210246,
6.9210760745287,7.40592711364047),.UNSPECIFIED.);
#329=B_SPLINE_CURVE_WITH_KNOTS('',3,(#3329,#3330,#3331,#3332,#3333,#3334,
#3335,#3336,#3337,#3338,#3339,#3340,#3341,#3342,#3343,#3344,#3345,#3346,
#3347,#3348,#3349,#3350),.UNSPECIFIED.,.F.,.F.,(4,3,3,3,3,3,3,4),(-16.6583941348077,
-15.8196024560656,-14.8308773025615,-13.8421521490574,-12.8534269955533,
-11.8647018420492,-10.8759766885451,-10.3752088276281),.UNSPECIFIED.);
#330=B_SPLINE_CURVE_WITH_KNOTS('',3,(#3351,#3352,#3353,#3354,#3355,#3356,
#3357,#3358,#3359,#3360,#3361,#3362,#3363,#3364,#3365,#3366,#3367,#3368,
#3369,#3370,#3371,#3372),.UNSPECIFIED.,.F.,.F.,(4,3,3,3,3,3,3,4),(7.40592711364047,
7.9098012280328,8.89852638153689,9.88725153504099,10.8759766885451,11.8647018420492,
12.8534269955533,13.6891124208201),.UNSPECIFIED.);
#331=B_SPLINE_CURVE_WITH_KNOTS('',3,(#3377,#3378,#3379,#3380,#3381,#3382,
#3383,#3384,#3385,#3386,#3387,#3388,#3389,#3390,#3391,#3392,#3393,#3394,
#3395,#3396,#3397,#3398,#3399,#3400,#3401),.UNSPECIFIED.,.F.,.F.,(4,3,3,
3,3,3,3,3,4),(-22.9415794419873,-22.7406785305943,-21.7519533770902,-20.7632282235861,
-19.774503070082,-18.7857779165779,-17.7970527630738,-16.8083276095697,
-16.6583941348077),.UNSPECIFIED.);
#332=B_SPLINE_CURVE_WITH_KNOTS('',3,(#3402,#3403,#3404,#3405,#3406,#3407,
#3408,#3409,#3410,#3411,#3412,#3413,#3414,#3415,#3416,#3417,#3418,#3419,
#3420,#3421,#3422,#3423,#3424,#3425,#3426),.UNSPECIFIED.,.F.,.F.,(4,3,3,
3,3,3,3,3,4),(13.6891124208201,13.8421521490574,14.8308773025615,15.8196024560656,
16.8083276095697,17.7970527630738,18.7857779165779,19.774503070082,19.9722977279997),
 .UNSPECIFIED.);
#333=B_SPLINE_CURVE_WITH_KNOTS('',3,(#3431,#3432,#3433,#3434,#3435,#3436,
#3437,#3438,#3439,#3440,#3441,#3442,#3443,#3444,#3445,#3446,#3447,#3448,
#3449,#3450,#3451,#3452),.UNSPECIFIED.,.F.,.F.,(4,3,3,3,3,3,3,4),(-29.2247647491669,
-28.6730294516189,-27.6843042981148,-26.6955791446107,-25.7068539911066,
-24.7181288376025,-23.7294036840984,-22.9415794419873),.UNSPECIFIED.);
#334=B_SPLINE_CURVE_WITH_KNOTS('',3,(#3453,#3454,#3455,#3456,#3457,#3458,
#3459,#3460,#3461,#3462,#3463,#3464,#3465,#3466,#3467,#3468,#3469,#3470,
#3471,#3472,#3473,#3474),.UNSPECIFIED.,.F.,.F.,(4,3,3,3,3,3,3,4),(19.9722977279997,
20.7632282235861,21.7519533770902,22.7406785305943,23.7294036840984,24.7181288376025,
25.7068539911066,26.2554830351792),.UNSPECIFIED.);
#335=B_SPLINE_CURVE_WITH_KNOTS('',3,(#3479,#3480,#3481,#3482,#3483,#3484,
#3485,#3486,#3487,#3488,#3489,#3490,#3491,#3492,#3493,#3494,#3495,#3496,
#3497,#3498,#3499,#3500),.UNSPECIFIED.,.F.,.F.,(4,3,3,3,3,3,3,4),(-35.5079500563465,
-34.6053803726435,-33.6166552191394,-32.6279300656353,-31.6392049121312,
-30.6504797586271,-29.661754605123,-29.2247647491669),.UNSPECIFIED.);
#336=B_SPLINE_CURVE_WITH_KNOTS('',3,(#3501,#3502,#3503,#3504,#3505,#3506,
#3507,#3508,#3509,#3510,#3511,#3512,#3513,#3514,#3515,#3516,#3517,#3518,
#3519,#3520,#3521,#3522),.UNSPECIFIED.,.F.,.F.,(4,3,3,3,3,3,3,4),(26.2554830351792,
26.6955791446107,27.6843042981148,28.6730294516189,29.661754605123,30.6504797586271,
31.6392049121312,32.5386683423588),.UNSPECIFIED.);
#337=B_SPLINE_CURVE_WITH_KNOTS('',3,(#3527,#3528,#3529,#3530,#3531,#3532,
#3533,#3534,#3535,#3536,#3537,#3538,#3539,#3540,#3541,#3542,#3543,#3544,
#3545,#3546,#3547,#3548,#3549,#3550,#3551),.UNSPECIFIED.,.F.,.F.,(4,3,3,
3,3,3,3,3,4),(-41.791135363526,-41.5264564471722,-40.5377312936681,-39.549006140164,
-38.5602809866599,-37.5715558331558,-36.5828306796517,-35.5941055261476,
-35.5079500563465),.UNSPECIFIED.);
#338=B_SPLINE_CURVE_WITH_KNOTS('',3,(#3552,#3553,#3554,#3555,#3556,#3557,
#3558,#3559,#3560,#3561,#3562,#3563,#3564,#3565,#3566,#3567,#3568,#3569,
#3570,#3571,#3572,#3573,#3574,#3575,#3576),.UNSPECIFIED.,.F.,.F.,(4,3,3,
3,3,3,3,3,4),(32.5386683423588,32.6279300656353,33.6166552191394,34.6053803726435,
35.5941055261476,36.5828306796517,37.5715558331558,38.5602809866599,38.8218536495384),
 .UNSPECIFIED.);
#339=B_SPLINE_CURVE_WITH_KNOTS('',3,(#3581,#3582,#3583,#3584,#3585,#3586,
#3587,#3588,#3589,#3590,#3591,#3592,#3593,#3594,#3595,#3596,#3597,#3598,
#3599,#3600,#3601,#3602),.UNSPECIFIED.,.F.,.F.,(4,3,3,3,3,3,3,4),(-48.0743206707056,
-47.4588073681968,-46.4700822146927,-45.4813570611886,-44.4926319076845,
-43.5039067541804,-42.5151816006763,-41.791135363526),.UNSPECIFIED.);
#340=B_SPLINE_CURVE_WITH_KNOTS('',3,(#3603,#3604,#3605,#3606,#3607,#3608,
#3609,#3610,#3611,#3612,#3613,#3614,#3615,#3616,#3617,#3618,#3619,#3620,
#3621,#3622,#3623,#3624),.UNSPECIFIED.,.F.,.F.,(4,3,3,3,3,3,3,4),(38.8218536495384,
39.549006140164,40.5377312936681,41.5264564471722,42.5151816006763,43.5039067541804,
44.4926319076845,45.105038956718),.UNSPECIFIED.);
#341=B_SPLINE_CURVE_WITH_KNOTS('',3,(#3629,#3630,#3631,#3632,#3633,#3634,
#3635,#3636,#3637,#3638,#3639,#3640,#3641,#3642,#3643,#3644,#3645,#3646,
#3647,#3648,#3649,#3650),.UNSPECIFIED.,.F.,.F.,(4,3,3,3,3,3,3,4),(-54.3575059778852,
-53.3911582892214,-52.4024331357173,-51.4137079822132,-50.4249828287091,
-49.436257675205,-48.4475325217009,-48.0743206707056),.UNSPECIFIED.);
#342=B_SPLINE_CURVE_WITH_KNOTS('',3,(#3651,#3652,#3653,#3654,#3655,#3656,
#3657,#3658,#3659,#3660,#3661,#3662,#3663,#3664,#3665,#3666,#3667,#3668,
#3669,#3670,#3671,#3672),.UNSPECIFIED.,.F.,.F.,(4,3,3,3,3,3,3,4),(45.105038956718,
45.4813570611886,46.4700822146927,47.4588073681968,48.4475325217009,49.436257675205,
50.4249828287091,51.3882242638976),.UNSPECIFIED.);
#343=B_SPLINE_CURVE_WITH_KNOTS('',3,(#3677,#3678,#3679,#3680,#3681,#3682,
#3683,#3684,#3685,#3686,#3687,#3688,#3689,#3690,#3691,#3692,#3693,#3694,
#3695,#3696,#3697,#3698,#3699,#3700,#3701),.UNSPECIFIED.,.F.,.F.,(4,3,3,
3,3,3,3,3,4),(-60.6406912850648,-60.3122343637501,-59.323509210246,-58.3347840567419,
-57.3460589032378,-56.3573337497337,-55.3686085962296,-54.3798834427255,
-54.3575059778852),.UNSPECIFIED.);
#344=B_SPLINE_CURVE_WITH_KNOTS('',3,(#3702,#3703,#3704,#3705,#3706,#3707,
#3708,#3709,#3710,#3711,#3712,#3713,#3714,#3715,#3716,#3717,#3718,#3719,
#3720,#3721,#3722,#3723,#3724,#3725,#3726),.UNSPECIFIED.,.F.,.F.,(4,3,3,
3,3,3,3,3,4),(51.3882242638976,51.4137079822132,52.4024331357173,53.3911582892214,
54.3798834427255,55.3686085962296,56.3573337497337,57.3460589032378,57.6714095710772),
 .UNSPECIFIED.);
#345=B_SPLINE_CURVE_WITH_KNOTS('',3,(#3731,#3732,#3733,#3734,#3735,#3736,
#3737,#3738,#3739,#3740,#3741,#3742,#3743,#3744,#3745,#3746,#3747,#3748,
#3749,#3750,#3751,#3752),.UNSPECIFIED.,.F.,.F.,(4,3,3,3,3,3,3,4),(-66.9238765922444,
-66.2445852847747,-65.2558601312706,-64.2671349777665,-63.2784098242624,
-62.2896846707583,-61.3009595172542,-60.6406912850648),.UNSPECIFIED.);
#346=B_SPLINE_CURVE_WITH_KNOTS('',3,(#3753,#3754,#3755,#3756,#3757,#3758,
#3759,#3760,#3761,#3762,#3763,#3764,#3765,#3766,#3767,#3768,#3769,#3770,
#3771,#3772,#3773,#3774),.UNSPECIFIED.,.F.,.F.,(4,3,3,3,3,3,3,4),(57.6714095710772,
58.3347840567419,59.323509210246,60.3122343637501,61.3009595172542,62.2896846707583,
63.2784098242623,63.9545948782568),.UNSPECIFIED.);
#347=B_SPLINE_CURVE_WITH_KNOTS('',3,(#3780,#3781,#3782,#3783,#3784,#3785),
 .UNSPECIFIED.,.F.,.F.,(4,1,1,4),(78.5398163397448,78.8492501857792,79.8379753392833,
80.7309781264759),.UNSPECIFIED.);
#348=B_SPLINE_CURVE_WITH_KNOTS('',3,(#3788,#3789,#3790,#3791),
 .UNSPECIFIED.,.F.,.F.,(4,4),(78.5398163397448,79.4902472066035),
 .UNSPECIFIED.);
#349=B_SPLINE_CURVE_WITH_KNOTS('',3,(#3796,#3797,#3798,#3799,#3800,#3801,
#3802,#3803,#3804,#3805),.UNSPECIFIED.,.F.,.F.,(4,1,1,1,1,1,1,4),(72.2566310325653,
72.9168992647546,73.9056244182587,74.8943495717628,75.8830747252669,76.871799878771,
77.8605250322751,78.5398163397448),.UNSPECIFIED.);
#350=B_SPLINE_CURVE_WITH_KNOTS('',3,(#3806,#3807,#3808,#3809,#3810,#3811,
#3812,#3813,#3814,#3815,#3816),.UNSPECIFIED.,.F.,.F.,(4,1,1,1,1,1,1,1,4),
(72.2566310325653,72.5691711320748,73.5578962855789,74.546621439083,75.5353465925871,
76.5240717460912,77.5127968995953,78.5015220530994,78.5398163397448),
 .UNSPECIFIED.);
#351=B_SPLINE_CURVE_WITH_KNOTS('',3,(#3821,#3822,#3823,#3824,#3825,#3826,
#3827,#3828,#3829,#3830,#3831),.UNSPECIFIED.,.F.,.F.,(4,1,1,1,1,1,1,1,4),
(65.9734457253856,65.9958231902259,66.98454834373,67.9732734972341,68.9619986507382,
69.9507238042423,70.9394489577464,71.9281741112505,72.2566310325653),
 .UNSPECIFIED.);
#352=B_SPLINE_CURVE_WITH_KNOTS('',3,(#3832,#3833,#3834,#3835,#3836,#3837,
#3838,#3839,#3840,#3841),.UNSPECIFIED.,.F.,.F.,(4,1,1,1,1,1,1,4),(65.9734457253856,
66.6368202110502,67.6255453645543,68.6142705180584,69.6029956715625,70.5917208250666,
71.5804459785707,72.2566310325653),.UNSPECIFIED.);
#353=B_SPLINE_CURVE_WITH_KNOTS('',3,(#3846,#3847,#3848,#3849,#3850,#3851,
#3852,#3853,#3854,#3855),.UNSPECIFIED.,.F.,.F.,(4,1,1,1,1,1,1,4),(59.6902604182061,
60.0634722692013,61.0521974227054,62.0409225762095,63.0296477297136,64.0183728832177,
65.0070980367218,65.9734457253856),.UNSPECIFIED.);
#354=B_SPLINE_CURVE_WITH_KNOTS('',3,(#3856,#3857,#3858,#3859,#3860,#3861,
#3862,#3863,#3864,#3865,#3866),.UNSPECIFIED.,.F.,.F.,(4,1,1,1,1,1,1,1,4),
(59.690260418206,59.7157441365215,60.7044692900256,61.6931944435297,62.6819195970338,
63.6706447505379,64.659369904042,65.6480950575461,65.9734457253856),
 .UNSPECIFIED.);
#355=B_SPLINE_CURVE_WITH_KNOTS('',3,(#3871,#3872,#3873,#3874,#3875,#3876,
#3877,#3878,#3879,#3880),.UNSPECIFIED.,.F.,.F.,(4,1,1,1,1,1,1,4),(53.4070751110265,
54.1311213481767,55.1198465016808,56.1085716551849,57.097296808689,58.0860219621931,
59.0747471156972,59.6902604182061),.UNSPECIFIED.);
#356=B_SPLINE_CURVE_WITH_KNOTS('',3,(#3881,#3882,#3883,#3884,#3885,#3886,
#3887,#3888,#3889,#3890),.UNSPECIFIED.,.F.,.F.,(4,1,1,1,1,1,1,4),(53.4070751110265,
53.7833932154969,54.772118369001,55.7608435225051,56.7495686760092,57.7382938295133,
58.7270189830174,59.690260418206),.UNSPECIFIED.);
#357=B_SPLINE_CURVE_WITH_KNOTS('',3,(#3895,#3896,#3897,#3898,#3899,#3900,
#3901,#3902,#3903,#3904,#3905),.UNSPECIFIED.,.F.,.F.,(4,1,1,1,1,1,1,1,4),
(47.1238898038469,47.210045273648,48.1987704271521,49.1874955806562,50.1762207341603,
51.1649458876644,52.1536710411685,53.1423961946726,53.4070751110265),
 .UNSPECIFIED.);
#358=B_SPLINE_CURVE_WITH_KNOTS('',3,(#3906,#3907,#3908,#3909,#3910,#3911,
#3912,#3913,#3914,#3915),.UNSPECIFIED.,.F.,.F.,(4,1,1,1,1,1,1,4),(47.1238898038468,
47.8510422944724,48.8397674479765,49.8284926014805,50.8172177549847,51.8059429084887,
52.7946680619929,53.4070751110265),.UNSPECIFIED.);
#359=B_SPLINE_CURVE_WITH_KNOTS('',3,(#3920,#3921,#3922,#3923,#3924,#3925,
#3926,#3927,#3928,#3929),.UNSPECIFIED.,.F.,.F.,(4,1,1,1,1,1,1,4),(40.8407044966673,
41.2776943526234,42.2664195061275,43.2551446596316,44.2438698131357,45.2325949666398,
46.2213201201439,47.1238898038469),.UNSPECIFIED.);
#360=B_SPLINE_CURVE_WITH_KNOTS('',3,(#3930,#3931,#3932,#3933,#3934,#3935,
#3936,#3937,#3938,#3939,#3940),.UNSPECIFIED.,.F.,.F.,(4,1,1,1,1,1,1,1,4),
(40.8407044966673,40.9299662199437,41.9186913734478,42.9074165269518,43.896141680456,
44.88486683396,45.8735919874642,46.8623171409682,47.1238898038468),
 .UNSPECIFIED.);
#361=B_SPLINE_CURVE_WITH_KNOTS('',3,(#3945,#3946,#3947,#3948,#3949,#3950,
#3951,#3952,#3953,#3954),.UNSPECIFIED.,.F.,.F.,(4,1,1,1,1,1,1,4),(34.5575191894877,
35.3453434315988,36.3340685851029,37.322793738607,38.3115188921111,39.3002440456152,
40.2889691991193,40.8407044966673),.UNSPECIFIED.);
#362=B_SPLINE_CURVE_WITH_KNOTS('',3,(#3955,#3956,#3957,#3958,#3959,#3960,
#3961,#3962,#3963,#3964),.UNSPECIFIED.,.F.,.F.,(4,1,1,1,1,1,1,4),(34.5575191894877,
34.9976152989191,35.9863404524232,36.9750656059273,37.9637907594314,38.9525159129355,
39.9412410664396,40.8407044966673),.UNSPECIFIED.);
#363=B_SPLINE_CURVE_WITH_KNOTS('',3,(#3969,#3970,#3971,#3972,#3973,#3974,
#3975,#3976,#3977,#3978,#3979),.UNSPECIFIED.,.F.,.F.,(4,1,1,1,1,1,1,1,4),
(28.2743338823081,28.4242673570701,29.4129925105742,30.4017176640783,31.3904428175824,
32.3791679710865,33.3678931245906,34.3566182780947,34.5575191894877),
 .UNSPECIFIED.);
#364=B_SPLINE_CURVE_WITH_KNOTS('',3,(#3980,#3981,#3982,#3983,#3984,#3985,
#3986,#3987,#3988,#3989),.UNSPECIFIED.,.F.,.F.,(4,1,1,1,1,1,1,4),(28.2743338823081,
29.0652643778945,30.0539895313986,31.0427146849027,32.0314398384068,33.0201649919109,
34.008890145415,34.5575191894877),.UNSPECIFIED.);
#365=B_SPLINE_CURVE_WITH_KNOTS('',3,(#3994,#3995,#3996,#3997,#3998,#3999,
#4000,#4001,#4002,#4003),.UNSPECIFIED.,.F.,.F.,(4,1,1,1,1,1,1,4),(21.9911485751285,
22.4919164360455,23.4806415895496,24.4693667430537,25.4580918965578,26.4468170500619,
27.435542203566,28.2743338823081),.UNSPECIFIED.);
#366=B_SPLINE_CURVE_WITH_KNOTS('',3,(#4004,#4005,#4006,#4007,#4008,#4009,
#4010,#4011,#4012,#4013,#4014),.UNSPECIFIED.,.F.,.F.,(4,1,1,1,1,1,1,1,4),
(21.9911485751285,22.1441883033658,23.1329134568699,24.121638610374,25.1103637638781,
26.0990889173822,27.0878140708863,28.0765392243904,28.2743338823081),
 .UNSPECIFIED.);
#367=B_SPLINE_CURVE_WITH_KNOTS('',3,(#4019,#4020,#4021,#4022,#4023,#4024,
#4025,#4026,#4027,#4028),.UNSPECIFIED.,.F.,.F.,(4,1,1,1,1,1,1,4),(15.7079632679489,
16.5595655150209,17.548290668525,18.5370158220291,19.5257409755332,20.5144661290373,
21.5031912825414,21.9911485751285),.UNSPECIFIED.);
#368=B_SPLINE_CURVE_WITH_KNOTS('',3,(#4029,#4030,#4031,#4032,#4033,#4034,
#4035,#4036,#4037,#4038),.UNSPECIFIED.,.F.,.F.,(4,1,1,1,1,1,1,4),(15.7079632679489,
16.2118373823412,17.2005625358453,18.1892876893494,19.1780128428535,20.1667379963576,
21.1554631498617,21.9911485751285),.UNSPECIFIED.);
#369=B_SPLINE_CURVE_WITH_KNOTS('',3,(#4044,#4045,#4046,#4047,#4048,#4049,
#4050,#4051),.UNSPECIFIED.,.F.,.F.,(4,1,1,1,1,4),(109.955742875643,110.424314693253,
111.419960687492,112.415606681731,113.41125267597,114.40689867021),
 .UNSPECIFIED.);
#370=B_SPLINE_CURVE_WITH_KNOTS('',3,(#4054,#4055,#4056,#4057,#4058,#4059,
#4060,#4061,#4062),.UNSPECIFIED.,.F.,.F.,(4,1,1,1,1,1,4),(109.955742875643,
109.980415573928,110.976061568167,111.971707562406,112.967353556646,113.962999550885,
114.929365041845),.UNSPECIFIED.);
#371=B_SPLINE_CURVE_WITH_KNOTS('',3,(#4067,#4068,#4069,#4070,#4071,#4072,
#4073,#4074,#4075,#4076),.UNSPECIFIED.,.F.,.F.,(4,1,1,1,1,1,1,4),(103.672557568463,
104.450438727818,105.446084722057,106.441730716297,107.437376710536,108.433022704775,
109.428668699014,109.955742875643),.UNSPECIFIED.);
#372=B_SPLINE_CURVE_WITH_KNOTS('',3,(#4077,#4078,#4079,#4080,#4081,#4082,
#4083,#4084,#4085,#4086),.UNSPECIFIED.,.F.,.F.,(4,1,1,1,1,1,1,4),(103.672557568463,
104.006539608493,105.002185602733,105.997831596972,106.993477591211,107.98912358545,
108.984769579689,109.955742875643),.UNSPECIFIED.);
#373=B_SPLINE_CURVE_WITH_KNOTS('',3,(#4091,#4092,#4093,#4094,#4095,#4096,
#4097,#4098,#4099,#4100,#4101),.UNSPECIFIED.,.F.,.F.,(4,1,1,1,1,1,1,1,4),
(97.3893722612835,97.4809167681444,98.4765627623835,99.4722087566226,100.467854750862,
101.463500745101,102.45914673934,103.454792733579,103.672557568463),
 .UNSPECIFIED.);
#374=B_SPLINE_CURVE_WITH_KNOTS('',3,(#4102,#4103,#4104,#4105,#4106,#4107,
#4108,#4109,#4110,#4111),.UNSPECIFIED.,.F.,.F.,(4,1,1,1,1,1,1,4),(97.3893722612835,
98.0326636430586,99.0283096372978,100.023955631537,101.019601625776,102.015247620015,
103.010893614254,103.672557568463),.UNSPECIFIED.);
#375=B_SPLINE_CURVE_WITH_KNOTS('',3,(#4116,#4117,#4118,#4119,#4120,#4121,
#4122,#4123,#4124,#4125),.UNSPECIFIED.,.F.,.F.,(4,1,1,1,1,1,1,4),(91.106186954104,
91.5070408027096,92.5026867969487,93.4983327911879,94.493978785427,95.4896247796661,
96.4852707739053,97.3893722612835),.UNSPECIFIED.);
#376=B_SPLINE_CURVE_WITH_KNOTS('',3,(#4126,#4127,#4128,#4129,#4130,#4131,
#4132,#4133,#4134,#4135),.UNSPECIFIED.,.F.,.F.,(4,1,1,1,1,1,1,4),(91.106186954104,
92.0587876776239,93.054433671863,94.0500796661021,95.0457256603412,96.0413716545804,
97.0370176488195,97.3893722612835),.UNSPECIFIED.);
#377=B_SPLINE_CURVE_WITH_KNOTS('',3,(#4140,#4141,#4142,#4143,#4144,#4145,
#4146,#4147,#4148,#4149),.UNSPECIFIED.,.F.,.F.,(4,1,1,1,1,1,1,4),(84.8230016469244,
85.5331648372748,86.528810831514,87.5244568257531,88.5201028199922,89.5157488142313,
90.5113948084705,91.106186954104),.UNSPECIFIED.);
#378=B_SPLINE_CURVE_WITH_KNOTS('',3,(#4150,#4151,#4152,#4153,#4154,#4155,
#4156,#4157,#4158,#4159,#4160),.UNSPECIFIED.,.F.,.F.,(4,1,1,1,1,1,1,1,4),
(84.8230016469244,85.0892657179499,86.0849117121891,87.0805577064282,88.0762037006673,
89.0718496949065,90.0674956891456,91.0631416833847,91.106186954104),
 .UNSPECIFIED.);
#379=B_SPLINE_CURVE_WITH_KNOTS('',3,(#4165,#4166,#4167,#4168,#4169,#4170,
#4171,#4172,#4173,#4174,#4175),.UNSPECIFIED.,.F.,.F.,(4,1,1,1,1,1,1,1,4),
(78.5398163397448,78.5636428776009,79.5592888718401,80.5549348660792,81.5505808603183,
82.5462268545574,83.5418728487966,84.5375188430357,84.8230016469244),
 .UNSPECIFIED.);
#380=B_SPLINE_CURVE_WITH_KNOTS('',3,(#4176,#4177,#4178,#4179,#4180,#4181,
#4182,#4183,#4184,#4185),.UNSPECIFIED.,.F.,.F.,(4,1,1,1,1,1,1,4),(78.5398163397448,
79.1153897525152,80.1110357467543,81.1066817409934,82.1023277352326,83.0979737294717,
84.0936197237108,84.8230016469244),.UNSPECIFIED.);
#381=B_SPLINE_CURVE_WITH_KNOTS('',3,(#4190,#4191,#4192,#4193,#4194,#4195,
#4196,#4197,#4198,#4199),.UNSPECIFIED.,.F.,.F.,(4,1,1,1,1,1,1,4),(72.2566310325652,
72.5897669121662,73.5854129064053,74.5810589006444,75.5767048948835,76.5723508891227,
77.5679968833618,78.5398163397448),.UNSPECIFIED.);
#382=B_SPLINE_CURVE_WITH_KNOTS('',3,(#4200,#4201,#4202,#4203,#4204,#4205,
#4206,#4207,#4208,#4209),.UNSPECIFIED.,.F.,.F.,(4,1,1,1,1,1,1,4),(72.2566310325652,
73.1415137870804,74.1371597813195,75.1328057755587,76.1284517697978,77.1240977640369,
78.119743758276,78.5398163397448),.UNSPECIFIED.);
#383=B_SPLINE_CURVE_WITH_KNOTS('',3,(#4214,#4215,#4216,#4217,#4218,#4219,
#4220,#4221,#4222,#4223),.UNSPECIFIED.,.F.,.F.,(4,1,1,1,1,1,1,4),(65.9734457253856,
66.6158909467314,67.6115369409705,68.6071829352096,69.6028289294488,70.5984749236879,
71.594120917927,72.2566310325652),.UNSPECIFIED.);
#384=B_SPLINE_CURVE_WITH_KNOTS('',3,(#4224,#4225,#4226,#4227,#4228,#4229,
#4230,#4231,#4232,#4233,#4234),.UNSPECIFIED.,.F.,.F.,(4,1,1,1,1,1,1,1,4),
(65.9734457253856,66.1719918274065,67.1676378216456,68.1632838158848,69.1589298101239,
70.154575804363,71.1502217986021,72.1458677928413,72.2566310325652),
 .UNSPECIFIED.);
#385=B_SPLINE_CURVE_WITH_KNOTS('',3,(#4239,#4240,#4241,#4242,#4243,#4244,
#4245,#4246,#4247,#4248),.UNSPECIFIED.,.F.,.F.,(4,1,1,1,1,1,1,4),(59.690260418206,
60.6420149812966,61.6376609755357,62.6333069697749,63.628952964014,64.6245989582531,
65.6202449524922,65.9734457253856),.UNSPECIFIED.);
#386=B_SPLINE_CURVE_WITH_KNOTS('',3,(#4249,#4250,#4251,#4252,#4253,#4254,
#4255,#4256,#4257,#4258),.UNSPECIFIED.,.F.,.F.,(4,1,1,1,1,1,1,4),(59.690260418206,
60.1981158619717,61.1937618562108,62.18940785045,63.1850538446891,64.1806998389282,
65.1763458331674,65.9734457253856),.UNSPECIFIED.);
#387=B_SPLINE_CURVE_WITH_KNOTS('',3,(#4263,#4264,#4265,#4266,#4267,#4268,
#4269,#4270,#4271,#4272,#4273),.UNSPECIFIED.,.F.,.F.,(4,1,1,1,1,1,1,1,4),
(53.4070751110264,53.6724930216227,54.6681390158618,55.663785010101,56.6594310043401,
57.6550769985792,58.6507229928183,59.6463689870575,59.690260418206),
 .UNSPECIFIED.);
#388=B_SPLINE_CURVE_WITH_KNOTS('',3,(#4274,#4275,#4276,#4277,#4278,#4279,
#4280,#4281,#4282,#4283),.UNSPECIFIED.,.F.,.F.,(4,1,1,1,1,1,1,4),(53.4070751110264,
54.2242398965369,55.2198858907761,56.2155318850152,57.2111778792543,58.2068238734935,
59.2024698677326,59.690260418206),.UNSPECIFIED.);
#389=B_SPLINE_CURVE_WITH_KNOTS('',3,(#4288,#4289,#4290,#4291,#4292,#4293,
#4294,#4295,#4296,#4297),.UNSPECIFIED.,.F.,.F.,(4,1,1,1,1,1,1,4),(47.1238898038468,
47.6986170561879,48.6942630504271,49.6899090446662,50.6855550389053,51.6812010331444,
52.6768470273836,53.4070751110264),.UNSPECIFIED.);
#390=B_SPLINE_CURVE_WITH_KNOTS('',3,(#4298,#4299,#4300,#4301,#4302,#4303,
#4304,#4305,#4306,#4307,#4308),.UNSPECIFIED.,.F.,.F.,(4,1,1,1,1,1,1,1,4),
(47.1238898038468,47.254717936863,48.2503639311022,49.2460099253413,50.2416559195804,
51.2373019138196,52.2329479080587,53.2285939022978,53.4070751110264),
 .UNSPECIFIED.);
#391=B_SPLINE_CURVE_WITH_KNOTS('',3,(#4313,#4314,#4315,#4316,#4317,#4318,
#4319,#4320,#4321,#4322),.UNSPECIFIED.,.F.,.F.,(4,1,1,1,1,1,1,4),(40.8407044966672,
41.7247410907531,42.7203870849923,43.7160330792314,44.7116790734705,45.7073250677097,
46.7029710619488,47.1238898038468),.UNSPECIFIED.);
#392=B_SPLINE_CURVE_WITH_KNOTS('',3,(#4323,#4324,#4325,#4326,#4327,#4328,
#4329,#4330,#4331,#4332),.UNSPECIFIED.,.F.,.F.,(4,1,1,1,1,1,1,4),(40.8407044966672,
41.2808419714283,42.2764879656674,43.2721339599065,44.2677799541456,45.2634259483848,
46.2590719426239,47.1238898038468),.UNSPECIFIED.);
#393=B_SPLINE_CURVE_WITH_KNOTS('',3,(#4337,#4338,#4339,#4340,#4341,#4342,
#4343,#4344,#4345,#4346,#4347),.UNSPECIFIED.,.F.,.F.,(4,1,1,1,1,1,1,1,4),
(34.5575191894876,34.7552191310792,35.7508651253184,36.7465111195575,37.7421571137966,
38.7378031080358,39.7334491022749,40.729095096514,40.8407044966672),
 .UNSPECIFIED.);
#394=B_SPLINE_CURVE_WITH_KNOTS('',3,(#4348,#4349,#4350,#4351,#4352,#4353,
#4354,#4355,#4356,#4357),.UNSPECIFIED.,.F.,.F.,(4,1,1,1,1,1,1,4),(34.5575191894876,
35.3069660059935,36.3026120002326,37.2982579944717,38.2939039887109,39.28954998295,
40.2851959771891,40.8407044966672),.UNSPECIFIED.);
#395=B_SPLINE_CURVE_WITH_KNOTS('',3,(#4362,#4363,#4364,#4365,#4366,#4367,
#4368,#4369,#4370,#4371),.UNSPECIFIED.,.F.,.F.,(4,1,1,1,1,1,1,4),(28.274333882308,
28.7813431656445,29.7769891598836,30.7726351541227,31.7682811483619,32.763927142601,
33.7595731368401,34.5575191894876),.UNSPECIFIED.);
#396=B_SPLINE_CURVE_WITH_KNOTS('',3,(#4372,#4373,#4374,#4375,#4376,#4377,
#4378,#4379,#4380,#4381,#4382),.UNSPECIFIED.,.F.,.F.,(4,1,1,1,1,1,1,1,4),
(28.274333882308,28.3374440463196,29.3330900405587,30.3287360347978,31.324382029037,
32.3200280232761,33.3156740175152,34.3113200117544,34.5575191894876),
 .UNSPECIFIED.);
#397=B_SPLINE_CURVE_WITH_KNOTS('',3,(#4387,#4388,#4389,#4390,#4391,#4392,
#4393,#4394,#4395,#4396),.UNSPECIFIED.,.F.,.F.,(4,1,1,1,1,1,1,4),(21.9911485751285,
22.8074672002097,23.8031131944488,24.7987591886879,25.7944051829271,26.7900511771662,
27.7856971714053,28.274333882308),.UNSPECIFIED.);
#398=B_SPLINE_CURVE_WITH_KNOTS('',3,(#4397,#4398,#4399,#4400,#4401,#4402,
#4403,#4404,#4405,#4406),.UNSPECIFIED.,.F.,.F.,(4,1,1,1,1,1,1,4),(21.9911485751285,
22.3635680808848,23.3592140751239,24.3548600693631,25.3505060636022,26.3461520578413,
27.3417980520805,28.274333882308),.UNSPECIFIED.);
#399=B_SPLINE_CURVE_WITH_KNOTS('',3,(#4412,#4413,#4414,#4415,#4416),
 .UNSPECIFIED.,.F.,.F.,(4,1,4),(14.3984001269718,15.3940461212109,15.7079632679489),
 .UNSPECIFIED.);
#400=B_SPLINE_CURVE_WITH_KNOTS('',3,(#4419,#4420,#4421,#4422,#4423),
 .UNSPECIFIED.,.F.,.F.,(4,1,4),(13.8759337553362,14.8422992462967,15.7079632679489),
 .UNSPECIFIED.);
#401=B_SPLINE_CURVE_WITH_KNOTS('',3,(#4505,#4506,#4507,#4508,#4509,#4510,
#4511,#4512,#4513,#4514,#4515,#4516,#4517,#4518,#4519,#4520,#4521,#4522,
#4523,#4524,#4525,#4526,#4527,#4528,#4529,#4530,#4531,#4532,#4533,#4534,
#4535,#4536,#4537,#4538,#4539,#4540,#4541,#4542,#4543,#4544,#4545,#4546,
#4547,#4548,#4549,#4550,#4551,#4552,#4553,#4554,#4555,#4556,#4557,#4558,
#4559,#4560,#4561,#4562,#4563,#4564,#4565,#4566,#4567,#4568,#4569,#4570,
#4571,#4572,#4573,#4574,#4575,#4576,#4577,#4578,#4579,#4580,#4581,#4582,
#4583),.UNSPECIFIED.,.F.,.F.,(4,3,3,3,3,3,3,3,3,3,3,3,3,3,3,3,3,3,3,3,3,
3,3,3,3,3,4),(0.,0.0185076353823173,0.0367499124127537,0.0506638087434768,
0.0581466600552769,0.0612187123539071,0.0789740112595666,0.0963623620341933,
0.10928704229028,0.115868519364151,0.11895735837236,0.135794185443875,0.148061083058539,
0.164878708459078,0.169608401711562,0.173136062152489,0.189906583471471,
0.206665304786279,0.216788310221542,0.222100401023065,0.226216563752163,
0.242309919128092,0.253345996618662,0.258101216787119,0.273559268410475,
0.282602086262852,0.286347380332252),.UNSPECIFIED.);
#402=B_SPLINE_CURVE_WITH_KNOTS('',3,(#4584,#4585,#4586,#4587,#4588,#4589,
#4590,#4591,#4592,#4593,#4594,#4595,#4596,#4597,#4598,#4599,#4600,#4601,
#4602,#4603,#4604,#4605,#4606,#4607,#4608,#4609,#4610,#4611,#4612,#4613,
#4614,#4615,#4616,#4617,#4618,#4619,#4620,#4621,#4622,#4623,#4624,#4625,
#4626,#4627,#4628,#4629,#4630,#4631,#4632,#4633,#4634,#4635,#4636,#4637,
#4638,#4639,#4640,#4641,#4642,#4643,#4644,#4645,#4646,#4647,#4648,#4649,
#4650,#4651,#4652,#4653,#4654,#4655,#4656,#4657,#4658,#4659,#4660,#4661,
#4662),.UNSPECIFIED.,.F.,.F.,(4,3,3,3,3,3,3,3,3,3,3,3,3,3,3,3,3,3,3,3,3,
3,3,3,3,3,4),(0.,0.0151395545909836,0.0309597440588911,0.0438045486707048,
0.0497667563977452,0.0529192821701489,0.0692462072468253,0.0858507529359712,
0.0978176099403285,0.101773933227302,0.10461486304652,0.121692749805511,
0.1337181809534,0.150359431124648,0.154997918111007,0.158629198390804,0.175654516205077,
0.19308876583856,0.204031116425025,0.212667316046945,0.215921221425488,
0.233920922214498,0.246796227285536,0.251168369400462,0.269357845471886,
0.280627570530281,0.285142803995151),.UNSPECIFIED.);
#403=B_SPLINE_CURVE_WITH_KNOTS('',3,(#4748,#4749,#4750,#4751,#4752,#4753,
#4754,#4755,#4756,#4757,#4758,#4759,#4760,#4761,#4762,#4763,#4764,#4765,
#4766,#4767,#4768,#4769,#4770,#4771,#4772,#4773,#4774,#4775,#4776,#4777,
#4778,#4779,#4780,#4781,#4782,#4783,#4784,#4785,#4786,#4787,#4788,#4789,
#4790,#4791,#4792,#4793,#4794,#4795,#4796,#4797,#4798,#4799,#4800,#4801,
#4802,#4803,#4804,#4805,#4806,#4807,#4808,#4809,#4810,#4811,#4812,#4813,
#4814,#4815,#4816,#4817,#4818,#4819,#4820,#4821,#4822,#4823,#4824,#4825,
#4826,#4827,#4828,#4829),.UNSPECIFIED.,.F.,.F.,(4,3,3,3,3,3,3,3,3,3,3,3,
3,3,3,3,3,3,3,3,3,3,3,3,3,3,3,4),(-0.275362278356891,-0.261393451666961,
-0.244242316346956,-0.236803906866043,-0.233100844333609,-0.21590360355047,
-0.204438699245026,-0.200387568861086,-0.196891442995667,-0.180139295592106,
-0.163794817309691,-0.153892205258998,-0.149051707201462,-0.145946732747899,
-0.13006813034646,-0.12418436910692,-0.108207153216328,-0.100884773556955,
-0.0956468860170908,-0.0926023918620648,-0.0768381990170503,-0.0611482634988779,
-0.0532951909998297,-0.0475080787404162,-0.0447095454936855,-0.0296002772088077,
-0.0148001386044039,0.),.UNSPECIFIED.);
#404=B_SPLINE_CURVE_WITH_KNOTS('',3,(#4832,#4833,#4834,#4835,#4836,#4837,
#4838,#4839,#4840,#4841,#4842,#4843,#4844,#4845,#4846,#4847,#4848,#4849,
#4850,#4851,#4852,#4853,#4854,#4855,#4856,#4857,#4858,#4859,#4860,#4861,
#4862,#4863,#4864,#4865,#4866,#4867,#4868,#4869,#4870,#4871,#4872,#4873,
#4874,#4875,#4876,#4877,#4878,#4879,#4880,#4881,#4882,#4883,#4884,#4885,
#4886,#4887,#4888,#4889,#4890,#4891,#4892,#4893,#4894,#4895,#4896,#4897,
#4898,#4899,#4900,#4901,#4902,#4903,#4904,#4905,#4906,#4907,#4908,#4909,
#4910,#4911,#4912,#4913,#4914,#4915,#4916),.UNSPECIFIED.,.F.,.F.,(4,3,3,
3,3,3,3,3,3,3,3,3,3,3,3,3,3,3,3,3,3,3,3,3,3,3,3,3,4),(-0.276631791712722,
-0.265159330246314,-0.250489939752034,-0.24505601170838,-0.241820752536612,
-0.226556396907583,-0.215640232477861,-0.211648796547558,-0.208407836391488,
-0.19264641311874,-0.176600601392333,-0.167257221411702,-0.162450245541551,
-0.159559868677889,-0.143034497071009,-0.139227081469808,-0.123254355589841,
-0.115550958365476,-0.110650800397,-0.107719076402374,-0.0911716358430706,
-0.0742632819569198,-0.0647718977757451,-0.0584111488045342,-0.0537181390328119,
-0.0362607662593257,-0.0181303831296629,-0.00108285027798422,0.),
 .UNSPECIFIED.);
#405=B_SPLINE_CURVE_WITH_KNOTS('',3,(#4971,#4972,#4973,#4974,#4975,#4976,
#4977,#4978,#4979,#4980,#4981),.UNSPECIFIED.,.F.,.F.,(4,1,1,1,1,1,1,1,4),
(15.7079632679489,15.8379452405358,16.8335912347749,17.829237229014,18.8248832232532,
19.8205292174923,20.8161752117314,21.8118212059706,21.9911485751285),
 .UNSPECIFIED.);
#406=B_SPLINE_CURVE_WITH_KNOTS('',3,(#4982,#4983,#4984,#4985,#4986,#4987,
#4988,#4989,#4990,#4991),.UNSPECIFIED.,.F.,.F.,(4,1,1,1,1,1,1,4),(15.7079632679489,
16.38969211545,17.3853381096892,18.3809841039283,19.3766300981674,20.3722760924066,
21.3679220866457,21.9911485751285),.UNSPECIFIED.);
#407=B_SPLINE_CURVE_WITH_KNOTS('',3,(#5416,#5417,#5418,#5419,#5420,#5421,
#5422,#5423,#5424,#5425,#5426,#5427,#5428,#5429,#5430,#5431,#5432,#5433,
#5434,#5435,#5436,#5437,#5438,#5439,#5440,#5441,#5442,#5443,#5444,#5445,
#5446,#5447,#5448,#5449,#5450,#5451,#5452,#5453,#5454,#5455,#5456,#5457,
#5458,#5459,#5460,#5461,#5462,#5463,#5464,#5465,#5466,#5467,#5468,#5469,
#5470,#5471,#5472,#5473,#5474,#5475,#5476,#5477,#5478,#5479,#5480,#5481,
#5482,#5483,#5484,#5485,#5486,#5487,#5488,#5489,#5490,#5491,#5492,#5493,
#5494,#5495,#5496,#5497),.UNSPECIFIED.,.F.,.F.,(4,3,3,3,3,3,3,3,3,3,3,3,
3,3,3,3,3,3,3,3,3,3,3,3,3,3,3,4),(-0.285142803995171,-0.266732163041598,
-0.249182182054226,-0.245449323911178,-0.227471217190257,-0.216269524587299,
-0.212927986285303,-0.209453250009122,-0.191554356598488,-0.174432642788925,
-0.16504296550235,-0.156492593277091,-0.153497051360145,-0.137857676366588,
-0.120763757376057,-0.106134868918969,-0.102695102731016,-0.0997526537277676,
-0.0831389568923096,-0.0666277987246704,-0.0582425798328353,-0.0530610647294668,
-0.0502513686474152,-0.0472417380296244,-0.0313423565085307,-0.0160086301460131,
-0.00373264971935385,0.),.UNSPECIFIED.);
#408=B_SPLINE_CURVE_WITH_KNOTS('',3,(#5498,#5499,#5500,#5501,#5502,#5503,
#5504,#5505,#5506,#5507,#5508,#5509,#5510,#5511,#5512,#5513,#5514,#5515,
#5516,#5517,#5518,#5519),.UNSPECIFIED.,.F.,.F.,(4,3,3,3,3,3,3,4),(-98.1003816120635,
-97.5733074354347,-96.5776614411955,-95.5820154469564,-94.5863694527173,
-93.5907234584782,-92.595077464239,-91.8171963048839),.UNSPECIFIED.);
#409=B_SPLINE_CURVE_WITH_KNOTS('',3,(#5944,#5945,#5946,#5947,#5948,#5949,
#5950,#5951,#5952,#5953,#5954,#5955,#5956,#5957,#5958,#5959,#5960,#5961,
#5962,#5963,#5964,#5965,#5966,#5967,#5968,#5969,#5970,#5971,#5972,#5973,
#5974,#5975,#5976,#5977,#5978,#5979,#5980,#5981,#5982,#5983,#5984,#5985,
#5986,#5987,#5988,#5989,#5990,#5991,#5992,#5993,#5994,#5995,#5996,#5997,
#5998,#5999,#6000,#6001,#6002,#6003,#6004,#6005,#6006,#6007,#6008,#6009,
#6010,#6011,#6012,#6013,#6014,#6015,#6016,#6017,#6018,#6019,#6020,#6021,
#6022),.UNSPECIFIED.,.F.,.F.,(4,3,3,3,3,3,3,3,3,3,3,3,3,3,3,3,3,3,3,3,3,
3,3,3,3,3,4),(-0.286347380332241,-0.271023975354674,-0.260004260804268,
-0.255623043274424,-0.251877173942878,-0.235683055658575,-0.229212235094734,
-0.224229735049365,-0.220531751451219,-0.203453340687633,-0.186672107565667,
-0.178058607773469,-0.171531218817702,-0.16879238589694,-0.152218108396878,
-0.135628205471016,-0.119241361067652,-0.116122308025605,-0.113125312849058,
-0.0957950735150486,-0.0780946375481221,-0.0595883944472725,-0.0566804744391248,
-0.0384553483964999,-0.020411439723375,-0.00453345024410411,0.),
 .UNSPECIFIED.);
#410=B_SPLINE_CURVE_WITH_KNOTS('',3,(#6023,#6024,#6025,#6026,#6027,#6028,
#6029,#6030,#6031,#6032,#6033,#6034,#6035,#6036,#6037,#6038,#6039,#6040,
#6041,#6042,#6043,#6044,#6045,#6046,#6047),.UNSPECIFIED.,.F.,.F.,(4,3,3,
3,3,3,3,3,4),(95.5573427486709,95.5820154469564,96.5776614411955,97.5733074354347,
98.5689534296738,99.5645994239129,100.560245418152,101.555891412391,101.84052805585),
 .UNSPECIFIED.);
#411=B_SPLINE_CURVE_WITH_KNOTS('',3,(#6349,#6350,#6351,#6352,#6353,#6354,
#6355,#6356,#6357,#6358,#6359,#6360,#6361,#6362,#6363,#6364,#6365,#6366,
#6367,#6368,#6369,#6370,#6371,#6372,#6373,#6374,#6375,#6376,#6377,#6378,
#6379,#6380,#6381,#6382,#6383,#6384,#6385,#6386,#6387,#6388,#6389,#6390,
#6391,#6392,#6393,#6394,#6395,#6396,#6397,#6398,#6399,#6400,#6401,#6402,
#6403,#6404,#6405,#6406,#6407,#6408,#6409,#6410,#6411,#6412,#6413,#6414,
#6415,#6416,#6417,#6418,#6419,#6420,#6421,#6422,#6423,#6424),
 .UNSPECIFIED.,.F.,.F.,(4,3,3,3,3,3,3,3,3,3,3,3,3,3,3,3,3,3,3,3,3,3,3,3,
3,4),(0.,0.01403807487951,0.0315075791369552,0.0465711022420077,0.0540360874926325,
0.0580161087380755,0.0750391927984545,0.0919619140755963,0.106975376551041,
0.110180688234653,0.126530587322199,0.142361779365518,0.152015763977375,
0.16121169351779,0.164128440226217,0.180092600299899,0.196112462133199,
0.206177378330637,0.210635812443928,0.213734132347183,0.229458547188564,
0.2412518583196,0.244851614848439,0.259833218665447,0.274347485206997,0.276631791712709),
 .UNSPECIFIED.);
#412=B_SPLINE_CURVE_WITH_KNOTS('',3,(#6425,#6426,#6427,#6428,#6429,#6430,
#6431,#6432,#6433,#6434,#6435,#6436,#6437,#6438,#6439,#6440,#6441,#6442,
#6443),.UNSPECIFIED.,.F.,.F.,(4,3,3,3,3,3,4),(63.9545948782568,64.2671349777665,
65.2558601312706,66.2445852847746,67.2333104382787,68.2220355917829,69.1150383789755),
 .UNSPECIFIED.);
#413=B_SPLINE_CURVE_WITH_KNOTS('',3,(#6444,#6445,#6446,#6447,#6448,#6449,
#6450,#6451,#6452),.UNSPECIFIED.,.F.,.F.,(4,1,1,1,1,1,4),(10.375208827628,
11.2682116148207,12.2569367683248,13.2456619218289,14.234387075333,15.2231122288371,
15.7079632679489),.UNSPECIFIED.);
#414=B_SPLINE_CURVE_WITH_KNOTS('',3,(#6454,#6455,#6456,#6457,#6458,#6459,
#6460,#6461),.UNSPECIFIED.,.F.,.F.,(4,1,1,1,1,4),(11.6159397475004,12.6046649010045,
13.5933900545086,14.5821152080127,15.5708403615168,15.7079632679489),
 .UNSPECIFIED.);
#415=B_SPLINE_CURVE_WITH_KNOTS('',3,(#6763,#6764,#6765,#6766,#6767,#6768,
#6769,#6770,#6771,#6772,#6773,#6774,#6775,#6776,#6777,#6778,#6779,#6780,
#6781,#6782,#6783,#6784,#6785,#6786,#6787,#6788,#6789,#6790,#6791,#6792,
#6793,#6794,#6795,#6796,#6797,#6798,#6799,#6800,#6801,#6802,#6803,#6804,
#6805,#6806,#6807,#6808,#6809,#6810,#6811,#6812,#6813,#6814,#6815,#6816,
#6817,#6818,#6819,#6820,#6821,#6822,#6823,#6824,#6825,#6826,#6827,#6828,
#6829,#6830,#6831,#6832,#6833,#6834,#6835,#6836,#6837,#6838),
 .UNSPECIFIED.,.F.,.F.,(4,3,3,3,3,3,3,3,3,3,3,3,3,3,3,3,3,3,3,3,3,3,3,3,
3,4),(0.,0.0114338244145577,0.0259605542624882,0.0398297558839133,0.0453158073620652,
0.048759586651158,0.0641116240405642,0.0798149256147632,0.0941249519757554,
0.0974983223011472,0.11372365749998,0.129872981363513,0.136914167233889,
0.14327400505397,0.146424497563384,0.162541720162575,0.179042464012563,
0.191082440805607,0.198071327796111,0.201253660849644,0.218290571295521,
0.23255849806087,0.236485079847532,0.240195493203231,0.257778885780072,
0.275362278356914),.UNSPECIFIED.);
#416=B_SPLINE_CURVE_WITH_KNOTS('',3,(#6839,#6840,#6841,#6842,#6843,#6844,
#6845,#6846,#6847,#6848,#6849,#6850,#6851,#6852,#6853,#6854),
 .UNSPECIFIED.,.F.,.F.,(4,3,3,3,3,4),(-71.1882110522952,-70.1994858987911,
-69.210760745287,-68.2220355917829,-67.2333104382788,-66.9238765922444),
 .UNSPECIFIED.);
#417=LINE('',#2497,#543);
#418=LINE('',#2536,#544);
#419=LINE('',#2587,#545);
#420=LINE('',#2638,#546);
#421=LINE('',#2686,#547);
#422=LINE('',#2737,#548);
#423=LINE('',#2788,#549);
#424=LINE('',#2836,#550);
#425=LINE('',#2887,#551);
#426=LINE('',#2938,#552);
#427=LINE('',#2986,#553);
#428=LINE('',#3034,#554);
#429=LINE('',#3088,#555);
#430=LINE('',#3136,#556);
#431=LINE('',#3184,#557);
#432=LINE('',#3235,#558);
#433=LINE('',#3256,#559);
#434=LINE('',#3280,#560);
#435=LINE('',#3328,#561);
#436=LINE('',#3376,#562);
#437=LINE('',#3430,#563);
#438=LINE('',#3478,#564);
#439=LINE('',#3526,#565);
#440=LINE('',#3580,#566);
#441=LINE('',#3628,#567);
#442=LINE('',#3676,#568);
#443=LINE('',#3730,#569);
#444=LINE('',#3778,#570);
#445=LINE('',#3795,#571);
#446=LINE('',#3820,#572);
#447=LINE('',#3845,#573);
#448=LINE('',#3870,#574);
#449=LINE('',#3894,#575);
#450=LINE('',#3919,#576);
#451=LINE('',#3944,#577);
#452=LINE('',#3968,#578);
#453=LINE('',#3993,#579);
#454=LINE('',#4018,#580);
#455=LINE('',#4042,#581);
#456=LINE('',#4066,#582);
#457=LINE('',#4090,#583);
#458=LINE('',#4115,#584);
#459=LINE('',#4139,#585);
#460=LINE('',#4164,#586);
#461=LINE('',#4189,#587);
#462=LINE('',#4213,#588);
#463=LINE('',#4238,#589);
#464=LINE('',#4262,#590);
#465=LINE('',#4287,#591);
#466=LINE('',#4312,#592);
#467=LINE('',#4336,#593);
#468=LINE('',#4361,#594);
#469=LINE('',#4386,#595);
#470=LINE('',#4410,#596);
#471=LINE('',#4429,#597);
#472=LINE('',#4432,#598);
#473=LINE('',#4435,#599);
#474=LINE('',#4437,#600);
#475=LINE('',#4439,#601);
#476=LINE('',#4441,#602);
#477=LINE('',#4443,#603);
#478=LINE('',#4445,#604);
#479=LINE('',#4446,#605);
#480=LINE('',#4449,#606);
#481=LINE('',#4453,#607);
#482=LINE('',#4459,#608);
#483=LINE('',#4460,#609);
#484=LINE('',#4463,#610);
#485=LINE('',#4465,#611);
#486=LINE('',#4467,#612);
#487=LINE('',#4469,#613);
#488=LINE('',#4471,#614);
#489=LINE('',#4472,#615);
#490=LINE('',#4478,#616);
#491=LINE('',#4481,#617);
#492=LINE('',#4484,#618);
#493=LINE('',#4488,#619);
#494=LINE('',#4491,#620);
#495=LINE('',#4494,#621);
#496=LINE('',#4496,#622);
#497=LINE('',#4498,#623);
#498=LINE('',#4500,#624);
#499=LINE('',#4502,#625);
#500=LINE('',#4503,#626);
#501=LINE('',#4504,#627);
#502=LINE('',#4666,#628);
#503=LINE('',#4669,#629);
#504=LINE('',#4671,#630);
#505=LINE('',#4673,#631);
#506=LINE('',#4675,#632);
#507=LINE('',#4677,#633);
#508=LINE('',#4678,#634);
#509=LINE('',#4683,#635);
#510=LINE('',#4688,#636);
#511=LINE('',#4691,#637);
#512=LINE('',#4693,#638);
#513=LINE('',#4695,#639);
#514=LINE('',#4697,#640);
#515=LINE('',#4699,#641);
#516=LINE('',#4700,#642);
#517=LINE('',#4705,#643);
#518=LINE('',#4710,#644);
#519=LINE('',#4716,#645);
#520=LINE('',#4719,#646);
#521=LINE('',#4722,#647);
#522=LINE('',#4726,#648);
#523=LINE('',#4729,#649);
#524=LINE('',#4731,#650);
#525=LINE('',#4733,#651);
#526=LINE('',#4735,#652);
#527=LINE('',#4737,#653);
#528=LINE('',#4739,#654);
#529=LINE('',#4741,#655);
#530=LINE('',#4743,#656);
#531=LINE('',#4745,#657);
#532=LINE('',#4746,#658);
#533=LINE('',#4930,#659);
#534=LINE('',#4933,#660);
#535=LINE('',#4943,#661);
#536=LINE('',#4946,#662);
#537=LINE('',#4947,#663);
#538=LINE('',#4948,#664);
#539=LINE('',#4952,#665);
#540=LINE('',#4955,#666);
#541=LINE('',#4957,#667);
#542=LINE('',#4958,#668);
#543=VECTOR('',#2085,1.5);
#544=VECTOR('',#2090,1.5);
#545=VECTOR('',#2093,1.5);
#546=VECTOR('',#2096,1.5);
#547=VECTOR('',#2099,1.5);
#548=VECTOR('',#2102,1.5);
#549=VECTOR('',#2105,1.5);
#550=VECTOR('',#2108,1.5);
#551=VECTOR('',#2111,1.5);
#552=VECTOR('',#2114,1.5);
#553=VECTOR('',#2117,1.5);
#554=VECTOR('',#2120,1.5);
#555=VECTOR('',#2123,1.5);
#556=VECTOR('',#2126,1.5);
#557=VECTOR('',#2129,1.5);
#558=VECTOR('',#2132,1.5);
#559=VECTOR('',#2137,1.5);
#560=VECTOR('',#2142,1.5);
#561=VECTOR('',#2145,1.5);
#562=VECTOR('',#2148,1.5);
#563=VECTOR('',#2151,1.5);
#564=VECTOR('',#2154,1.5);
#565=VECTOR('',#2157,1.5);
#566=VECTOR('',#2160,1.5);
#567=VECTOR('',#2163,1.5);
#568=VECTOR('',#2166,1.5);
#569=VECTOR('',#2169,1.5);
#570=VECTOR('',#2172,1.17775);
#571=VECTOR('',#2177,1.17775);
#572=VECTOR('',#2180,1.17775);
#573=VECTOR('',#2183,1.17775);
#574=VECTOR('',#2186,1.17775);
#575=VECTOR('',#2189,1.17775);
#576=VECTOR('',#2192,1.17775);
#577=VECTOR('',#2195,1.17775);
#578=VECTOR('',#2198,1.17775);
#579=VECTOR('',#2201,1.17775);
#580=VECTOR('',#2204,1.17775);
#581=VECTOR('',#2207,1.543);
#582=VECTOR('',#2212,1.543);
#583=VECTOR('',#2215,1.543);
#584=VECTOR('',#2218,1.543);
#585=VECTOR('',#2221,1.543);
#586=VECTOR('',#2224,1.543);
#587=VECTOR('',#2227,1.543);
#588=VECTOR('',#2230,1.543);
#589=VECTOR('',#2233,1.543);
#590=VECTOR('',#2236,1.543);
#591=VECTOR('',#2239,1.543);
#592=VECTOR('',#2242,1.543);
#593=VECTOR('',#2245,1.543);
#594=VECTOR('',#2248,1.543);
#595=VECTOR('',#2251,1.543);
#596=VECTOR('',#2254,1.543);
#597=VECTOR('',#2261,10.);
#598=VECTOR('',#2264,10.);
#599=VECTOR('',#2267,10.);
#600=VECTOR('',#2268,10.);
#601=VECTOR('',#2269,10.);
#602=VECTOR('',#2270,10.);
#603=VECTOR('',#2271,10.);
#604=VECTOR('',#2272,10.);
#605=VECTOR('',#2273,10.);
#606=VECTOR('',#2276,10.);
#607=VECTOR('',#2279,10.);
#608=VECTOR('',#2286,10.);
#609=VECTOR('',#2287,10.);
#610=VECTOR('',#2290,10.);
#611=VECTOR('',#2291,10.);
#612=VECTOR('',#2292,10.);
#613=VECTOR('',#2293,10.);
#614=VECTOR('',#2294,10.);
#615=VECTOR('',#2295,10.);
#616=VECTOR('',#2300,10.);
#617=VECTOR('',#2303,10.);
#618=VECTOR('',#2306,10.);
#619=VECTOR('',#2309,10.);
#620=VECTOR('',#2312,10.);
#621=VECTOR('',#2315,10.);
#622=VECTOR('',#2316,10.);
#623=VECTOR('',#2317,10.);
#624=VECTOR('',#2318,10.);
#625=VECTOR('',#2319,10.);
#626=VECTOR('',#2320,10.);
#627=VECTOR('',#2321,10.);
#628=VECTOR('',#2326,10.);
#629=VECTOR('',#2329,10.);
#630=VECTOR('',#2330,10.);
#631=VECTOR('',#2331,10.);
#632=VECTOR('',#2332,10.);
#633=VECTOR('',#2333,10.);
#634=VECTOR('',#2334,10.);
#635=VECTOR('',#2339,10.);
#636=VECTOR('',#2346,10.);
#637=VECTOR('',#2349,10.);
#638=VECTOR('',#2350,10.);
#639=VECTOR('',#2351,10.);
#640=VECTOR('',#2352,10.);
#641=VECTOR('',#2353,10.);
#642=VECTOR('',#2354,10.);
#643=VECTOR('',#2359,10.);
#644=VECTOR('',#2366,10.);
#645=VECTOR('',#2371,10.);
#646=VECTOR('',#2374,10.);
#647=VECTOR('',#2377,10.);
#648=VECTOR('',#2382,10.);
#649=VECTOR('',#2385,10.);
#650=VECTOR('',#2386,10.);
#651=VECTOR('',#2387,10.);
#652=VECTOR('',#2388,10.);
#653=VECTOR('',#2389,10.);
#654=VECTOR('',#2390,10.);
#655=VECTOR('',#2391,10.);
#656=VECTOR('',#2392,10.);
#657=VECTOR('',#2393,10.);
#658=VECTOR('',#2394,10.);
#659=VECTOR('',#2419,10.);
#660=VECTOR('',#2422,10.);
#661=VECTOR('',#2439,10.);
#662=VECTOR('',#2442,10.);
#663=VECTOR('',#2443,10.);
#664=VECTOR('',#2444,10.);
#665=VECTOR('',#2451,10.);
#666=VECTOR('',#2454,10.);
#667=VECTOR('',#2455,10.);
#668=VECTOR('',#2456,10.);
#669=VERTEX_POINT('',#2495);
#670=VERTEX_POINT('',#2496);
#671=VERTEX_POINT('',#2498);
#672=VERTEX_POINT('',#2512);
#673=VERTEX_POINT('',#2534);
#674=VERTEX_POINT('',#2535);
#675=VERTEX_POINT('',#2585);
#676=VERTEX_POINT('',#2586);
#677=VERTEX_POINT('',#2636);
#678=VERTEX_POINT('',#2637);
#679=VERTEX_POINT('',#2684);
#680=VERTEX_POINT('',#2685);
#681=VERTEX_POINT('',#2735);
#682=VERTEX_POINT('',#2736);
#683=VERTEX_POINT('',#2786);
#684=VERTEX_POINT('',#2787);
#685=VERTEX_POINT('',#2834);
#686=VERTEX_POINT('',#2835);
#687=VERTEX_POINT('',#2885);
#688=VERTEX_POINT('',#2886);
#689=VERTEX_POINT('',#2936);
#690=VERTEX_POINT('',#2937);
#691=VERTEX_POINT('',#2984);
#692=VERTEX_POINT('',#2985);
#693=VERTEX_POINT('',#3032);
#694=VERTEX_POINT('',#3033);
#695=VERTEX_POINT('',#3086);
#696=VERTEX_POINT('',#3087);
#697=VERTEX_POINT('',#3134);
#698=VERTEX_POINT('',#3135);
#699=VERTEX_POINT('',#3182);
#700=VERTEX_POINT('',#3183);
#701=VERTEX_POINT('',#3233);
#702=VERTEX_POINT('',#3234);
#703=VERTEX_POINT('',#3236);
#704=VERTEX_POINT('',#3241);
#705=VERTEX_POINT('',#3254);
#706=VERTEX_POINT('',#3255);
#707=VERTEX_POINT('',#3257);
#708=VERTEX_POINT('',#3268);
#709=VERTEX_POINT('',#3278);
#710=VERTEX_POINT('',#3279);
#711=VERTEX_POINT('',#3326);
#712=VERTEX_POINT('',#3327);
#713=VERTEX_POINT('',#3374);
#714=VERTEX_POINT('',#3375);
#715=VERTEX_POINT('',#3428);
#716=VERTEX_POINT('',#3429);
#717=VERTEX_POINT('',#3476);
#718=VERTEX_POINT('',#3477);
#719=VERTEX_POINT('',#3524);
#720=VERTEX_POINT('',#3525);
#721=VERTEX_POINT('',#3578);
#722=VERTEX_POINT('',#3579);
#723=VERTEX_POINT('',#3626);
#724=VERTEX_POINT('',#3627);
#725=VERTEX_POINT('',#3674);
#726=VERTEX_POINT('',#3675);
#727=VERTEX_POINT('',#3728);
#728=VERTEX_POINT('',#3729);
#729=VERTEX_POINT('',#3776);
#730=VERTEX_POINT('',#3777);
#731=VERTEX_POINT('',#3779);
#732=VERTEX_POINT('',#3786);
#733=VERTEX_POINT('',#3793);
#734=VERTEX_POINT('',#3794);
#735=VERTEX_POINT('',#3818);
#736=VERTEX_POINT('',#3819);
#737=VERTEX_POINT('',#3843);
#738=VERTEX_POINT('',#3844);
#739=VERTEX_POINT('',#3868);
#740=VERTEX_POINT('',#3869);
#741=VERTEX_POINT('',#3892);
#742=VERTEX_POINT('',#3893);
#743=VERTEX_POINT('',#3917);
#744=VERTEX_POINT('',#3918);
#745=VERTEX_POINT('',#3942);
#746=VERTEX_POINT('',#3943);
#747=VERTEX_POINT('',#3966);
#748=VERTEX_POINT('',#3967);
#749=VERTEX_POINT('',#3991);
#750=VERTEX_POINT('',#3992);
#751=VERTEX_POINT('',#4016);
#752=VERTEX_POINT('',#4017);
#753=VERTEX_POINT('',#4040);
#754=VERTEX_POINT('',#4041);
#755=VERTEX_POINT('',#4043);
#756=VERTEX_POINT('',#4052);
#757=VERTEX_POINT('',#4064);
#758=VERTEX_POINT('',#4065);
#759=VERTEX_POINT('',#4088);
#760=VERTEX_POINT('',#4089);
#761=VERTEX_POINT('',#4113);
#762=VERTEX_POINT('',#4114);
#763=VERTEX_POINT('',#4137);
#764=VERTEX_POINT('',#4138);
#765=VERTEX_POINT('',#4162);
#766=VERTEX_POINT('',#4163);
#767=VERTEX_POINT('',#4187);
#768=VERTEX_POINT('',#4188);
#769=VERTEX_POINT('',#4211);
#770=VERTEX_POINT('',#4212);
#771=VERTEX_POINT('',#4236);
#772=VERTEX_POINT('',#4237);
#773=VERTEX_POINT('',#4260);
#774=VERTEX_POINT('',#4261);
#775=VERTEX_POINT('',#4285);
#776=VERTEX_POINT('',#4286);
#777=VERTEX_POINT('',#4310);
#778=VERTEX_POINT('',#4311);
#779=VERTEX_POINT('',#4334);
#780=VERTEX_POINT('',#4335);
#781=VERTEX_POINT('',#4359);
#782=VERTEX_POINT('',#4360);
#783=VERTEX_POINT('',#4384);
#784=VERTEX_POINT('',#4385);
#785=VERTEX_POINT('',#4408);
#786=VERTEX_POINT('',#4409);
#787=VERTEX_POINT('',#4411);
#788=VERTEX_POINT('',#4417);
#789=VERTEX_POINT('',#4425);
#790=VERTEX_POINT('',#4426);
#791=VERTEX_POINT('',#4428);
#792=VERTEX_POINT('',#4430);
#793=VERTEX_POINT('',#4434);
#794=VERTEX_POINT('',#4436);
#795=VERTEX_POINT('',#4438);
#796=VERTEX_POINT('',#4440);
#797=VERTEX_POINT('',#4442);
#798=VERTEX_POINT('',#4444);
#799=VERTEX_POINT('',#4448);
#800=VERTEX_POINT('',#4450);
#801=VERTEX_POINT('',#4452);
#802=VERTEX_POINT('',#4456);
#803=VERTEX_POINT('',#4457);
#804=VERTEX_POINT('',#4462);
#805=VERTEX_POINT('',#4464);
#806=VERTEX_POINT('',#4466);
#807=VERTEX_POINT('',#4468);
#808=VERTEX_POINT('',#4470);
#809=VERTEX_POINT('',#4474);
#810=VERTEX_POINT('',#4475);
#811=VERTEX_POINT('',#4477);
#812=VERTEX_POINT('',#4479);
#813=VERTEX_POINT('',#4483);
#814=VERTEX_POINT('',#4485);
#815=VERTEX_POINT('',#4487);
#816=VERTEX_POINT('',#4489);
#817=VERTEX_POINT('',#4493);
#818=VERTEX_POINT('',#4495);
#819=VERTEX_POINT('',#4497);
#820=VERTEX_POINT('',#4499);
#821=VERTEX_POINT('',#4501);
#822=VERTEX_POINT('',#4664);
#823=VERTEX_POINT('',#4668);
#824=VERTEX_POINT('',#4670);
#825=VERTEX_POINT('',#4672);
#826=VERTEX_POINT('',#4674);
#827=VERTEX_POINT('',#4676);
#828=VERTEX_POINT('',#4680);
#829=VERTEX_POINT('',#4682);
#830=VERTEX_POINT('',#4686);
#831=VERTEX_POINT('',#4690);
#832=VERTEX_POINT('',#4692);
#833=VERTEX_POINT('',#4694);
#834=VERTEX_POINT('',#4696);
#835=VERTEX_POINT('',#4698);
#836=VERTEX_POINT('',#4702);
#837=VERTEX_POINT('',#4704);
#838=VERTEX_POINT('',#4708);
#839=VERTEX_POINT('',#4712);
#840=VERTEX_POINT('',#4713);
#841=VERTEX_POINT('',#4715);
#842=VERTEX_POINT('',#4717);
#843=VERTEX_POINT('',#4721);
#844=VERTEX_POINT('',#4724);
#845=VERTEX_POINT('',#4728);
#846=VERTEX_POINT('',#4730);
#847=VERTEX_POINT('',#4732);
#848=VERTEX_POINT('',#4734);
#849=VERTEX_POINT('',#4736);
#850=VERTEX_POINT('',#4738);
#851=VERTEX_POINT('',#4740);
#852=VERTEX_POINT('',#4742);
#853=VERTEX_POINT('',#4744);
#854=VERTEX_POINT('',#4747);
#855=VERTEX_POINT('',#4830);
#856=VERTEX_POINT('',#4926);
#857=VERTEX_POINT('',#4928);
#858=VERTEX_POINT('',#4932);
#859=VERTEX_POINT('',#4941);
#860=VERTEX_POINT('',#4945);
#861=VERTEX_POINT('',#4954);
#862=VERTEX_POINT('',#4956);
#863=VERTEX_POINT('',#6348);
#864=VERTEX_POINT('',#6762);
#865=EDGE_CURVE('',#669,#670,#417,.T.);
#866=EDGE_CURVE('',#670,#671,#293,.T.);
#867=EDGE_CURVE('',#671,#672,#285,.F.);
#868=EDGE_CURVE('',#672,#669,#294,.T.);
#869=EDGE_CURVE('',#673,#674,#418,.T.);
#870=EDGE_CURVE('',#674,#670,#295,.T.);
#871=EDGE_CURVE('',#669,#673,#296,.T.);
#872=EDGE_CURVE('',#675,#676,#419,.T.);
#873=EDGE_CURVE('',#676,#674,#297,.T.);
#874=EDGE_CURVE('',#673,#675,#298,.T.);
#875=EDGE_CURVE('',#677,#678,#420,.T.);
#876=EDGE_CURVE('',#678,#676,#299,.T.);
#877=EDGE_CURVE('',#675,#677,#300,.T.);
#878=EDGE_CURVE('',#679,#680,#421,.T.);
#879=EDGE_CURVE('',#680,#678,#301,.T.);
#880=EDGE_CURVE('',#677,#679,#302,.T.);
#881=EDGE_CURVE('',#681,#682,#422,.T.);
#882=EDGE_CURVE('',#682,#680,#303,.T.);
#883=EDGE_CURVE('',#679,#681,#304,.T.);
#884=EDGE_CURVE('',#683,#684,#423,.T.);
#885=EDGE_CURVE('',#684,#682,#305,.T.);
#886=EDGE_CURVE('',#681,#683,#306,.T.);
#887=EDGE_CURVE('',#685,#686,#424,.T.);
#888=EDGE_CURVE('',#686,#684,#307,.T.);
#889=EDGE_CURVE('',#683,#685,#308,.T.);
#890=EDGE_CURVE('',#687,#688,#425,.T.);
#891=EDGE_CURVE('',#688,#686,#309,.T.);
#892=EDGE_CURVE('',#685,#687,#310,.T.);
#893=EDGE_CURVE('',#689,#690,#426,.T.);
#894=EDGE_CURVE('',#690,#688,#311,.T.);
#895=EDGE_CURVE('',#687,#689,#312,.T.);
#896=EDGE_CURVE('',#691,#692,#427,.T.);
#897=EDGE_CURVE('',#692,#690,#313,.T.);
#898=EDGE_CURVE('',#689,#691,#314,.T.);
#899=EDGE_CURVE('',#693,#694,#428,.T.);
#900=EDGE_CURVE('',#694,#692,#315,.T.);
#901=EDGE_CURVE('',#691,#693,#316,.T.);
#902=EDGE_CURVE('',#695,#696,#429,.T.);
#903=EDGE_CURVE('',#696,#694,#317,.T.);
#904=EDGE_CURVE('',#693,#695,#318,.T.);
#905=EDGE_CURVE('',#697,#698,#430,.T.);
#906=EDGE_CURVE('',#698,#696,#319,.T.);
#907=EDGE_CURVE('',#695,#697,#320,.T.);
#908=EDGE_CURVE('',#699,#700,#431,.T.);
#909=EDGE_CURVE('',#700,#698,#321,.T.);
#910=EDGE_CURVE('',#697,#699,#322,.T.);
#911=EDGE_CURVE('',#701,#702,#432,.T.);
#912=EDGE_CURVE('',#701,#703,#323,.T.);
#913=EDGE_CURVE('',#703,#704,#286,.F.);
#914=EDGE_CURVE('',#704,#702,#324,.T.);
#915=EDGE_CURVE('',#705,#706,#433,.T.);
#916=EDGE_CURVE('',#705,#707,#325,.T.);
#917=EDGE_CURVE('',#708,#707,#287,.T.);
#918=EDGE_CURVE('',#708,#706,#326,.T.);
#919=EDGE_CURVE('',#709,#710,#434,.T.);
#920=EDGE_CURVE('',#709,#705,#327,.T.);
#921=EDGE_CURVE('',#706,#710,#328,.T.);
#922=EDGE_CURVE('',#711,#712,#435,.T.);
#923=EDGE_CURVE('',#711,#709,#329,.T.);
#924=EDGE_CURVE('',#710,#712,#330,.T.);
#925=EDGE_CURVE('',#713,#714,#436,.T.);
#926=EDGE_CURVE('',#713,#711,#331,.T.);
#927=EDGE_CURVE('',#712,#714,#332,.T.);
#928=EDGE_CURVE('',#715,#716,#437,.T.);
#929=EDGE_CURVE('',#715,#713,#333,.T.);
#930=EDGE_CURVE('',#714,#716,#334,.T.);
#931=EDGE_CURVE('',#717,#718,#438,.T.);
#932=EDGE_CURVE('',#717,#715,#335,.T.);
#933=EDGE_CURVE('',#716,#718,#336,.T.);
#934=EDGE_CURVE('',#719,#720,#439,.T.);
#935=EDGE_CURVE('',#719,#717,#337,.T.);
#936=EDGE_CURVE('',#718,#720,#338,.T.);
#937=EDGE_CURVE('',#721,#722,#440,.T.);
#938=EDGE_CURVE('',#721,#719,#339,.T.);
#939=EDGE_CURVE('',#720,#722,#340,.T.);
#940=EDGE_CURVE('',#723,#724,#441,.T.);
#941=EDGE_CURVE('',#723,#721,#341,.T.);
#942=EDGE_CURVE('',#722,#724,#342,.T.);
#943=EDGE_CURVE('',#725,#726,#442,.T.);
#944=EDGE_CURVE('',#725,#723,#343,.T.);
#945=EDGE_CURVE('',#724,#726,#344,.T.);
#946=EDGE_CURVE('',#727,#728,#443,.T.);
#947=EDGE_CURVE('',#727,#725,#345,.T.);
#948=EDGE_CURVE('',#726,#728,#346,.T.);
#949=EDGE_CURVE('',#729,#730,#444,.T.);
#950=EDGE_CURVE('',#729,#731,#347,.T.);
#951=EDGE_CURVE('',#732,#731,#288,.T.);
#952=EDGE_CURVE('',#730,#732,#348,.T.);
#953=EDGE_CURVE('',#733,#734,#445,.T.);
#954=EDGE_CURVE('',#733,#729,#349,.T.);
#955=EDGE_CURVE('',#734,#730,#350,.T.);
#956=EDGE_CURVE('',#735,#736,#446,.T.);
#957=EDGE_CURVE('',#735,#733,#351,.T.);
#958=EDGE_CURVE('',#736,#734,#352,.T.);
#959=EDGE_CURVE('',#737,#738,#447,.T.);
#960=EDGE_CURVE('',#737,#735,#353,.T.);
#961=EDGE_CURVE('',#738,#736,#354,.T.);
#962=EDGE_CURVE('',#739,#740,#448,.T.);
#963=EDGE_CURVE('',#739,#737,#355,.T.);
#964=EDGE_CURVE('',#740,#738,#356,.T.);
#965=EDGE_CURVE('',#741,#742,#449,.T.);
#966=EDGE_CURVE('',#741,#739,#357,.T.);
#967=EDGE_CURVE('',#742,#740,#358,.T.);
#968=EDGE_CURVE('',#743,#744,#450,.T.);
#969=EDGE_CURVE('',#743,#741,#359,.T.);
#970=EDGE_CURVE('',#744,#742,#360,.T.);
#971=EDGE_CURVE('',#745,#746,#451,.T.);
#972=EDGE_CURVE('',#745,#743,#361,.T.);
#973=EDGE_CURVE('',#746,#744,#362,.T.);
#974=EDGE_CURVE('',#747,#748,#452,.T.);
#975=EDGE_CURVE('',#747,#745,#363,.T.);
#976=EDGE_CURVE('',#748,#746,#364,.T.);
#977=EDGE_CURVE('',#749,#750,#453,.T.);
#978=EDGE_CURVE('',#749,#747,#365,.T.);
#979=EDGE_CURVE('',#750,#748,#366,.T.);
#980=EDGE_CURVE('',#751,#752,#454,.T.);
#981=EDGE_CURVE('',#751,#749,#367,.T.);
#982=EDGE_CURVE('',#752,#750,#368,.T.);
#983=EDGE_CURVE('',#753,#754,#455,.T.);
#984=EDGE_CURVE('',#754,#755,#369,.T.);
#985=EDGE_CURVE('',#756,#755,#289,.T.);
#986=EDGE_CURVE('',#753,#756,#370,.T.);
#987=EDGE_CURVE('',#757,#758,#456,.T.);
#988=EDGE_CURVE('',#758,#754,#371,.T.);
#989=EDGE_CURVE('',#757,#753,#372,.T.);
#990=EDGE_CURVE('',#759,#760,#457,.T.);
#991=EDGE_CURVE('',#760,#758,#373,.T.);
#992=EDGE_CURVE('',#759,#757,#374,.T.);
#993=EDGE_CURVE('',#761,#762,#458,.T.);
#994=EDGE_CURVE('',#762,#760,#375,.T.);
#995=EDGE_CURVE('',#761,#759,#376,.T.);
#996=EDGE_CURVE('',#763,#764,#459,.T.);
#997=EDGE_CURVE('',#764,#762,#377,.T.);
#998=EDGE_CURVE('',#763,#761,#378,.T.);
#999=EDGE_CURVE('',#765,#766,#460,.T.);
#1000=EDGE_CURVE('',#766,#764,#379,.T.);
#1001=EDGE_CURVE('',#765,#763,#380,.T.);
#1002=EDGE_CURVE('',#767,#768,#461,.T.);
#1003=EDGE_CURVE('',#768,#766,#381,.T.);
#1004=EDGE_CURVE('',#767,#765,#382,.T.);
#1005=EDGE_CURVE('',#769,#770,#462,.T.);
#1006=EDGE_CURVE('',#770,#768,#383,.T.);
#1007=EDGE_CURVE('',#769,#767,#384,.T.);
#1008=EDGE_CURVE('',#771,#772,#463,.T.);
#1009=EDGE_CURVE('',#772,#770,#385,.T.);
#1010=EDGE_CURVE('',#771,#769,#386,.T.);
#1011=EDGE_CURVE('',#773,#774,#464,.T.);
#1012=EDGE_CURVE('',#774,#772,#387,.T.);
#1013=EDGE_CURVE('',#773,#771,#388,.T.);
#1014=EDGE_CURVE('',#775,#776,#465,.T.);
#1015=EDGE_CURVE('',#776,#774,#389,.T.);
#1016=EDGE_CURVE('',#775,#773,#390,.T.);
#1017=EDGE_CURVE('',#777,#778,#466,.T.);
#1018=EDGE_CURVE('',#778,#776,#391,.T.);
#1019=EDGE_CURVE('',#777,#775,#392,.T.);
#1020=EDGE_CURVE('',#779,#780,#467,.T.);
#1021=EDGE_CURVE('',#780,#778,#393,.T.);
#1022=EDGE_CURVE('',#779,#777,#394,.T.);
#1023=EDGE_CURVE('',#781,#782,#468,.T.);
#1024=EDGE_CURVE('',#782,#780,#395,.T.);
#1025=EDGE_CURVE('',#781,#779,#396,.T.);
#1026=EDGE_CURVE('',#783,#784,#469,.T.);
#1027=EDGE_CURVE('',#784,#782,#397,.T.);
#1028=EDGE_CURVE('',#783,#781,#398,.T.);
#1029=EDGE_CURVE('',#785,#786,#470,.T.);
#1030=EDGE_CURVE('',#787,#785,#399,.T.);
#1031=EDGE_CURVE('',#788,#787,#290,.T.);
#1032=EDGE_CURVE('',#788,#786,#400,.T.);
#1033=EDGE_CURVE('',#789,#790,#43,.T.);
#1034=EDGE_CURVE('',#790,#791,#471,.T.);
#1035=EDGE_CURVE('',#791,#792,#44,.T.);
#1036=EDGE_CURVE('',#792,#789,#472,.T.);
#1037=EDGE_CURVE('',#793,#790,#473,.T.);
#1038=EDGE_CURVE('',#794,#793,#474,.T.);
#1039=EDGE_CURVE('',#795,#794,#475,.T.);
#1040=EDGE_CURVE('',#796,#795,#476,.T.);
#1041=EDGE_CURVE('',#797,#796,#477,.T.);
#1042=EDGE_CURVE('',#798,#797,#478,.T.);
#1043=EDGE_CURVE('',#791,#798,#479,.T.);
#1044=EDGE_CURVE('',#789,#799,#480,.T.);
#1045=EDGE_CURVE('',#800,#799,#45,.T.);
#1046=EDGE_CURVE('',#800,#801,#481,.T.);
#1047=EDGE_CURVE('',#793,#801,#46,.T.);
#1048=EDGE_CURVE('',#802,#803,#47,.T.);
#1049=EDGE_CURVE('',#803,#800,#482,.T.);
#1050=EDGE_CURVE('',#799,#802,#483,.T.);
#1051=EDGE_CURVE('',#804,#803,#484,.T.);
#1052=EDGE_CURVE('',#805,#804,#485,.T.);
#1053=EDGE_CURVE('',#806,#805,#486,.T.);
#1054=EDGE_CURVE('',#807,#806,#487,.T.);
#1055=EDGE_CURVE('',#808,#807,#488,.T.);
#1056=EDGE_CURVE('',#801,#808,#489,.T.);
#1057=EDGE_CURVE('',#809,#810,#48,.T.);
#1058=EDGE_CURVE('',#810,#811,#490,.T.);
#1059=EDGE_CURVE('',#811,#812,#49,.T.);
#1060=EDGE_CURVE('',#812,#809,#491,.T.);
#1061=EDGE_CURVE('',#809,#813,#492,.T.);
#1062=EDGE_CURVE('',#814,#813,#50,.T.);
#1063=EDGE_CURVE('',#814,#815,#493,.T.);
#1064=EDGE_CURVE('',#816,#815,#51,.T.);
#1065=EDGE_CURVE('',#816,#810,#494,.T.);
#1066=EDGE_CURVE('',#817,#792,#495,.T.);
#1067=EDGE_CURVE('',#818,#817,#496,.T.);
#1068=EDGE_CURVE('',#818,#819,#497,.T.);
#1069=EDGE_CURVE('',#820,#819,#498,.T.);
#1070=EDGE_CURVE('',#821,#820,#499,.T.);
#1071=EDGE_CURVE('',#813,#821,#500,.T.);
#1072=EDGE_CURVE('',#802,#812,#501,.T.);
#1073=EDGE_CURVE('',#787,#672,#401,.T.);
#1074=EDGE_CURVE('',#671,#788,#402,.T.);
#1075=EDGE_CURVE('',#821,#822,#52,.T.);
#1076=EDGE_CURVE('',#822,#814,#502,.T.);
#1077=EDGE_CURVE('',#823,#822,#503,.T.);
#1078=EDGE_CURVE('',#824,#823,#504,.T.);
#1079=EDGE_CURVE('',#825,#824,#505,.T.);
#1080=EDGE_CURVE('',#826,#825,#506,.T.);
#1081=EDGE_CURVE('',#827,#826,#507,.T.);
#1082=EDGE_CURVE('',#815,#827,#508,.T.);
#1083=EDGE_CURVE('',#828,#820,#53,.T.);
#1084=EDGE_CURVE('',#828,#829,#509,.T.);
#1085=EDGE_CURVE('',#823,#829,#54,.T.);
#1086=EDGE_CURVE('',#819,#830,#55,.T.);
#1087=EDGE_CURVE('',#830,#828,#510,.T.);
#1088=EDGE_CURVE('',#830,#831,#511,.T.);
#1089=EDGE_CURVE('',#832,#831,#512,.T.);
#1090=EDGE_CURVE('',#832,#833,#513,.T.);
#1091=EDGE_CURVE('',#834,#833,#514,.T.);
#1092=EDGE_CURVE('',#835,#834,#515,.T.);
#1093=EDGE_CURVE('',#829,#835,#516,.T.);
#1094=EDGE_CURVE('',#817,#836,#56,.T.);
#1095=EDGE_CURVE('',#836,#837,#517,.T.);
#1096=EDGE_CURVE('',#837,#818,#57,.T.);
#1097=EDGE_CURVE('',#838,#798,#58,.T.);
#1098=EDGE_CURVE('',#838,#836,#518,.T.);
#1099=EDGE_CURVE('',#839,#840,#59,.T.);
#1100=EDGE_CURVE('',#840,#841,#519,.T.);
#1101=EDGE_CURVE('',#841,#842,#60,.T.);
#1102=EDGE_CURVE('',#842,#839,#520,.T.);
#1103=EDGE_CURVE('',#843,#841,#521,.T.);
#1104=EDGE_CURVE('',#833,#843,#61,.T.);
#1105=EDGE_CURVE('',#844,#832,#62,.T.);
#1106=EDGE_CURVE('',#842,#844,#522,.T.);
#1107=EDGE_CURVE('',#845,#840,#523,.T.);
#1108=EDGE_CURVE('',#846,#845,#524,.T.);
#1109=EDGE_CURVE('',#847,#846,#525,.T.);
#1110=EDGE_CURVE('',#848,#847,#526,.T.);
#1111=EDGE_CURVE('',#849,#848,#527,.T.);
#1112=EDGE_CURVE('',#850,#849,#528,.T.);
#1113=EDGE_CURVE('',#851,#850,#529,.T.);
#1114=EDGE_CURVE('',#852,#851,#530,.T.);
#1115=EDGE_CURVE('',#853,#852,#531,.T.);
#1116=EDGE_CURVE('',#843,#853,#532,.T.);
#1117=EDGE_CURVE('',#707,#854,#403,.T.);
#1118=EDGE_CURVE('',#854,#855,#291,.T.);
#1119=EDGE_CURVE('',#855,#708,#404,.T.);
#1120=EDGE_CURVE('',#795,#846,#63,.T.);
#1121=EDGE_CURVE('',#845,#796,#64,.T.);
#1122=EDGE_CURVE('',#808,#794,#65,.T.);
#1123=EDGE_CURVE('',#847,#807,#66,.T.);
#1124=EDGE_CURVE('',#806,#848,#67,.T.);
#1125=EDGE_CURVE('',#856,#850,#68,.T.);
#1126=EDGE_CURVE('',#849,#857,#69,.T.);
#1127=EDGE_CURVE('',#857,#856,#533,.T.);
#1128=EDGE_CURVE('',#856,#858,#534,.T.);
#1129=EDGE_CURVE('',#827,#858,#70,.T.);
#1130=EDGE_CURVE('',#851,#826,#71,.T.);
#1131=EDGE_CURVE('',#825,#852,#72,.T.);
#1132=EDGE_CURVE('',#853,#834,#73,.T.);
#1133=EDGE_CURVE('',#831,#859,#74,.T.);
#1134=EDGE_CURVE('',#859,#844,#535,.T.);
#1135=EDGE_CURVE('',#860,#838,#536,.T.);
#1136=EDGE_CURVE('',#839,#860,#537,.T.);
#1137=EDGE_CURVE('',#859,#837,#538,.T.);
#1138=EDGE_CURVE('',#835,#824,#75,.T.);
#1139=EDGE_CURVE('',#858,#816,#539,.T.);
#1140=EDGE_CURVE('',#861,#857,#540,.T.);
#1141=EDGE_CURVE('',#862,#861,#541,.T.);
#1142=EDGE_CURVE('',#811,#862,#542,.T.);
#1143=EDGE_CURVE('',#861,#805,#76,.T.);
#1144=EDGE_CURVE('',#804,#862,#77,.T.);
#1145=EDGE_CURVE('',#797,#860,#78,.T.);
#1146=EDGE_CURVE('',#786,#784,#405,.T.);
#1147=EDGE_CURVE('',#785,#783,#406,.T.);
#1148=EDGE_CURVE('',#755,#704,#407,.T.);
#1149=EDGE_CURVE('',#702,#700,#408,.T.);
#1150=EDGE_CURVE('',#703,#756,#409,.T.);
#1151=EDGE_CURVE('',#699,#701,#410,.T.);
#1152=EDGE_CURVE('',#863,#732,#411,.T.);
#1153=EDGE_CURVE('',#728,#863,#412,.T.);
#1154=EDGE_CURVE('',#855,#752,#413,.T.);
#1155=EDGE_CURVE('',#854,#751,#414,.T.);
#1156=EDGE_CURVE('',#731,#864,#415,.T.);
#1157=EDGE_CURVE('',#864,#727,#416,.T.);
#1158=EDGE_CURVE('',#864,#863,#292,.T.);
#1159=ORIENTED_EDGE('',*,*,#865,.T.);
#1160=ORIENTED_EDGE('',*,*,#866,.T.);
#1161=ORIENTED_EDGE('',*,*,#867,.T.);
#1162=ORIENTED_EDGE('',*,*,#868,.T.);
#1163=ORIENTED_EDGE('',*,*,#869,.T.);
#1164=ORIENTED_EDGE('',*,*,#870,.T.);
#1165=ORIENTED_EDGE('',*,*,#865,.F.);
#1166=ORIENTED_EDGE('',*,*,#871,.T.);
#1167=ORIENTED_EDGE('',*,*,#872,.T.);
#1168=ORIENTED_EDGE('',*,*,#873,.T.);
#1169=ORIENTED_EDGE('',*,*,#869,.F.);
#1170=ORIENTED_EDGE('',*,*,#874,.T.);
#1171=ORIENTED_EDGE('',*,*,#875,.T.);
#1172=ORIENTED_EDGE('',*,*,#876,.T.);
#1173=ORIENTED_EDGE('',*,*,#872,.F.);
#1174=ORIENTED_EDGE('',*,*,#877,.T.);
#1175=ORIENTED_EDGE('',*,*,#878,.T.);
#1176=ORIENTED_EDGE('',*,*,#879,.T.);
#1177=ORIENTED_EDGE('',*,*,#875,.F.);
#1178=ORIENTED_EDGE('',*,*,#880,.T.);
#1179=ORIENTED_EDGE('',*,*,#881,.T.);
#1180=ORIENTED_EDGE('',*,*,#882,.T.);
#1181=ORIENTED_EDGE('',*,*,#878,.F.);
#1182=ORIENTED_EDGE('',*,*,#883,.T.);
#1183=ORIENTED_EDGE('',*,*,#884,.T.);
#1184=ORIENTED_EDGE('',*,*,#885,.T.);
#1185=ORIENTED_EDGE('',*,*,#881,.F.);
#1186=ORIENTED_EDGE('',*,*,#886,.T.);
#1187=ORIENTED_EDGE('',*,*,#887,.T.);
#1188=ORIENTED_EDGE('',*,*,#888,.T.);
#1189=ORIENTED_EDGE('',*,*,#884,.F.);
#1190=ORIENTED_EDGE('',*,*,#889,.T.);
#1191=ORIENTED_EDGE('',*,*,#890,.T.);
#1192=ORIENTED_EDGE('',*,*,#891,.T.);
#1193=ORIENTED_EDGE('',*,*,#887,.F.);
#1194=ORIENTED_EDGE('',*,*,#892,.T.);
#1195=ORIENTED_EDGE('',*,*,#893,.T.);
#1196=ORIENTED_EDGE('',*,*,#894,.T.);
#1197=ORIENTED_EDGE('',*,*,#890,.F.);
#1198=ORIENTED_EDGE('',*,*,#895,.T.);
#1199=ORIENTED_EDGE('',*,*,#896,.T.);
#1200=ORIENTED_EDGE('',*,*,#897,.T.);
#1201=ORIENTED_EDGE('',*,*,#893,.F.);
#1202=ORIENTED_EDGE('',*,*,#898,.T.);
#1203=ORIENTED_EDGE('',*,*,#899,.T.);
#1204=ORIENTED_EDGE('',*,*,#900,.T.);
#1205=ORIENTED_EDGE('',*,*,#896,.F.);
#1206=ORIENTED_EDGE('',*,*,#901,.T.);
#1207=ORIENTED_EDGE('',*,*,#902,.T.);
#1208=ORIENTED_EDGE('',*,*,#903,.T.);
#1209=ORIENTED_EDGE('',*,*,#899,.F.);
#1210=ORIENTED_EDGE('',*,*,#904,.T.);
#1211=ORIENTED_EDGE('',*,*,#905,.T.);
#1212=ORIENTED_EDGE('',*,*,#906,.T.);
#1213=ORIENTED_EDGE('',*,*,#902,.F.);
#1214=ORIENTED_EDGE('',*,*,#907,.T.);
#1215=ORIENTED_EDGE('',*,*,#908,.T.);
#1216=ORIENTED_EDGE('',*,*,#909,.T.);
#1217=ORIENTED_EDGE('',*,*,#905,.F.);
#1218=ORIENTED_EDGE('',*,*,#910,.T.);
#1219=ORIENTED_EDGE('',*,*,#911,.F.);
#1220=ORIENTED_EDGE('',*,*,#912,.T.);
#1221=ORIENTED_EDGE('',*,*,#913,.T.);
#1222=ORIENTED_EDGE('',*,*,#914,.T.);
#1223=ORIENTED_EDGE('',*,*,#915,.F.);
#1224=ORIENTED_EDGE('',*,*,#916,.T.);
#1225=ORIENTED_EDGE('',*,*,#917,.F.);
#1226=ORIENTED_EDGE('',*,*,#918,.T.);
#1227=ORIENTED_EDGE('',*,*,#919,.F.);
#1228=ORIENTED_EDGE('',*,*,#920,.T.);
#1229=ORIENTED_EDGE('',*,*,#915,.T.);
#1230=ORIENTED_EDGE('',*,*,#921,.T.);
#1231=ORIENTED_EDGE('',*,*,#922,.F.);
#1232=ORIENTED_EDGE('',*,*,#923,.T.);
#1233=ORIENTED_EDGE('',*,*,#919,.T.);
#1234=ORIENTED_EDGE('',*,*,#924,.T.);
#1235=ORIENTED_EDGE('',*,*,#925,.F.);
#1236=ORIENTED_EDGE('',*,*,#926,.T.);
#1237=ORIENTED_EDGE('',*,*,#922,.T.);
#1238=ORIENTED_EDGE('',*,*,#927,.T.);
#1239=ORIENTED_EDGE('',*,*,#928,.F.);
#1240=ORIENTED_EDGE('',*,*,#929,.T.);
#1241=ORIENTED_EDGE('',*,*,#925,.T.);
#1242=ORIENTED_EDGE('',*,*,#930,.T.);
#1243=ORIENTED_EDGE('',*,*,#931,.F.);
#1244=ORIENTED_EDGE('',*,*,#932,.T.);
#1245=ORIENTED_EDGE('',*,*,#928,.T.);
#1246=ORIENTED_EDGE('',*,*,#933,.T.);
#1247=ORIENTED_EDGE('',*,*,#934,.F.);
#1248=ORIENTED_EDGE('',*,*,#935,.T.);
#1249=ORIENTED_EDGE('',*,*,#931,.T.);
#1250=ORIENTED_EDGE('',*,*,#936,.T.);
#1251=ORIENTED_EDGE('',*,*,#937,.F.);
#1252=ORIENTED_EDGE('',*,*,#938,.T.);
#1253=ORIENTED_EDGE('',*,*,#934,.T.);
#1254=ORIENTED_EDGE('',*,*,#939,.T.);
#1255=ORIENTED_EDGE('',*,*,#940,.F.);
#1256=ORIENTED_EDGE('',*,*,#941,.T.);
#1257=ORIENTED_EDGE('',*,*,#937,.T.);
#1258=ORIENTED_EDGE('',*,*,#942,.T.);
#1259=ORIENTED_EDGE('',*,*,#943,.F.);
#1260=ORIENTED_EDGE('',*,*,#944,.T.);
#1261=ORIENTED_EDGE('',*,*,#940,.T.);
#1262=ORIENTED_EDGE('',*,*,#945,.T.);
#1263=ORIENTED_EDGE('',*,*,#946,.F.);
#1264=ORIENTED_EDGE('',*,*,#947,.T.);
#1265=ORIENTED_EDGE('',*,*,#943,.T.);
#1266=ORIENTED_EDGE('',*,*,#948,.T.);
#1267=ORIENTED_EDGE('',*,*,#949,.F.);
#1268=ORIENTED_EDGE('',*,*,#950,.T.);
#1269=ORIENTED_EDGE('',*,*,#951,.F.);
#1270=ORIENTED_EDGE('',*,*,#952,.F.);
#1271=ORIENTED_EDGE('',*,*,#953,.F.);
#1272=ORIENTED_EDGE('',*,*,#954,.T.);
#1273=ORIENTED_EDGE('',*,*,#949,.T.);
#1274=ORIENTED_EDGE('',*,*,#955,.F.);
#1275=ORIENTED_EDGE('',*,*,#956,.F.);
#1276=ORIENTED_EDGE('',*,*,#957,.T.);
#1277=ORIENTED_EDGE('',*,*,#953,.T.);
#1278=ORIENTED_EDGE('',*,*,#958,.F.);
#1279=ORIENTED_EDGE('',*,*,#959,.F.);
#1280=ORIENTED_EDGE('',*,*,#960,.T.);
#1281=ORIENTED_EDGE('',*,*,#956,.T.);
#1282=ORIENTED_EDGE('',*,*,#961,.F.);
#1283=ORIENTED_EDGE('',*,*,#962,.F.);
#1284=ORIENTED_EDGE('',*,*,#963,.T.);
#1285=ORIENTED_EDGE('',*,*,#959,.T.);
#1286=ORIENTED_EDGE('',*,*,#964,.F.);
#1287=ORIENTED_EDGE('',*,*,#965,.F.);
#1288=ORIENTED_EDGE('',*,*,#966,.T.);
#1289=ORIENTED_EDGE('',*,*,#962,.T.);
#1290=ORIENTED_EDGE('',*,*,#967,.F.);
#1291=ORIENTED_EDGE('',*,*,#968,.F.);
#1292=ORIENTED_EDGE('',*,*,#969,.T.);
#1293=ORIENTED_EDGE('',*,*,#965,.T.);
#1294=ORIENTED_EDGE('',*,*,#970,.F.);
#1295=ORIENTED_EDGE('',*,*,#971,.F.);
#1296=ORIENTED_EDGE('',*,*,#972,.T.);
#1297=ORIENTED_EDGE('',*,*,#968,.T.);
#1298=ORIENTED_EDGE('',*,*,#973,.F.);
#1299=ORIENTED_EDGE('',*,*,#974,.F.);
#1300=ORIENTED_EDGE('',*,*,#975,.T.);
#1301=ORIENTED_EDGE('',*,*,#971,.T.);
#1302=ORIENTED_EDGE('',*,*,#976,.F.);
#1303=ORIENTED_EDGE('',*,*,#977,.F.);
#1304=ORIENTED_EDGE('',*,*,#978,.T.);
#1305=ORIENTED_EDGE('',*,*,#974,.T.);
#1306=ORIENTED_EDGE('',*,*,#979,.F.);
#1307=ORIENTED_EDGE('',*,*,#980,.F.);
#1308=ORIENTED_EDGE('',*,*,#981,.T.);
#1309=ORIENTED_EDGE('',*,*,#977,.T.);
#1310=ORIENTED_EDGE('',*,*,#982,.F.);
#1311=ORIENTED_EDGE('',*,*,#983,.T.);
#1312=ORIENTED_EDGE('',*,*,#984,.T.);
#1313=ORIENTED_EDGE('',*,*,#985,.F.);
#1314=ORIENTED_EDGE('',*,*,#986,.F.);
#1315=ORIENTED_EDGE('',*,*,#987,.T.);
#1316=ORIENTED_EDGE('',*,*,#988,.T.);
#1317=ORIENTED_EDGE('',*,*,#983,.F.);
#1318=ORIENTED_EDGE('',*,*,#989,.F.);
#1319=ORIENTED_EDGE('',*,*,#990,.T.);
#1320=ORIENTED_EDGE('',*,*,#991,.T.);
#1321=ORIENTED_EDGE('',*,*,#987,.F.);
#1322=ORIENTED_EDGE('',*,*,#992,.F.);
#1323=ORIENTED_EDGE('',*,*,#993,.T.);
#1324=ORIENTED_EDGE('',*,*,#994,.T.);
#1325=ORIENTED_EDGE('',*,*,#990,.F.);
#1326=ORIENTED_EDGE('',*,*,#995,.F.);
#1327=ORIENTED_EDGE('',*,*,#996,.T.);
#1328=ORIENTED_EDGE('',*,*,#997,.T.);
#1329=ORIENTED_EDGE('',*,*,#993,.F.);
#1330=ORIENTED_EDGE('',*,*,#998,.F.);
#1331=ORIENTED_EDGE('',*,*,#999,.T.);
#1332=ORIENTED_EDGE('',*,*,#1000,.T.);
#1333=ORIENTED_EDGE('',*,*,#996,.F.);
#1334=ORIENTED_EDGE('',*,*,#1001,.F.);
#1335=ORIENTED_EDGE('',*,*,#1002,.T.);
#1336=ORIENTED_EDGE('',*,*,#1003,.T.);
#1337=ORIENTED_EDGE('',*,*,#999,.F.);
#1338=ORIENTED_EDGE('',*,*,#1004,.F.);
#1339=ORIENTED_EDGE('',*,*,#1005,.T.);
#1340=ORIENTED_EDGE('',*,*,#1006,.T.);
#1341=ORIENTED_EDGE('',*,*,#1002,.F.);
#1342=ORIENTED_EDGE('',*,*,#1007,.F.);
#1343=ORIENTED_EDGE('',*,*,#1008,.T.);
#1344=ORIENTED_EDGE('',*,*,#1009,.T.);
#1345=ORIENTED_EDGE('',*,*,#1005,.F.);
#1346=ORIENTED_EDGE('',*,*,#1010,.F.);
#1347=ORIENTED_EDGE('',*,*,#1011,.T.);
#1348=ORIENTED_EDGE('',*,*,#1012,.T.);
#1349=ORIENTED_EDGE('',*,*,#1008,.F.);
#1350=ORIENTED_EDGE('',*,*,#1013,.F.);
#1351=ORIENTED_EDGE('',*,*,#1014,.T.);
#1352=ORIENTED_EDGE('',*,*,#1015,.T.);
#1353=ORIENTED_EDGE('',*,*,#1011,.F.);
#1354=ORIENTED_EDGE('',*,*,#1016,.F.);
#1355=ORIENTED_EDGE('',*,*,#1017,.T.);
#1356=ORIENTED_EDGE('',*,*,#1018,.T.);
#1357=ORIENTED_EDGE('',*,*,#1014,.F.);
#1358=ORIENTED_EDGE('',*,*,#1019,.F.);
#1359=ORIENTED_EDGE('',*,*,#1020,.T.);
#1360=ORIENTED_EDGE('',*,*,#1021,.T.);
#1361=ORIENTED_EDGE('',*,*,#1017,.F.);
#1362=ORIENTED_EDGE('',*,*,#1022,.F.);
#1363=ORIENTED_EDGE('',*,*,#1023,.T.);
#1364=ORIENTED_EDGE('',*,*,#1024,.T.);
#1365=ORIENTED_EDGE('',*,*,#1020,.F.);
#1366=ORIENTED_EDGE('',*,*,#1025,.F.);
#1367=ORIENTED_EDGE('',*,*,#1026,.T.);
#1368=ORIENTED_EDGE('',*,*,#1027,.T.);
#1369=ORIENTED_EDGE('',*,*,#1023,.F.);
#1370=ORIENTED_EDGE('',*,*,#1028,.F.);
#1371=ORIENTED_EDGE('',*,*,#1029,.F.);
#1372=ORIENTED_EDGE('',*,*,#1030,.F.);
#1373=ORIENTED_EDGE('',*,*,#1031,.F.);
#1374=ORIENTED_EDGE('',*,*,#1032,.T.);
#1375=ORIENTED_EDGE('',*,*,#1033,.T.);
#1376=ORIENTED_EDGE('',*,*,#1034,.T.);
#1377=ORIENTED_EDGE('',*,*,#1035,.T.);
#1378=ORIENTED_EDGE('',*,*,#1036,.T.);
#1379=ORIENTED_EDGE('',*,*,#1034,.F.);
#1380=ORIENTED_EDGE('',*,*,#1037,.F.);
#1381=ORIENTED_EDGE('',*,*,#1038,.F.);
#1382=ORIENTED_EDGE('',*,*,#1039,.F.);
#1383=ORIENTED_EDGE('',*,*,#1040,.F.);
#1384=ORIENTED_EDGE('',*,*,#1041,.F.);
#1385=ORIENTED_EDGE('',*,*,#1042,.F.);
#1386=ORIENTED_EDGE('',*,*,#1043,.F.);
#1387=ORIENTED_EDGE('',*,*,#1033,.F.);
#1388=ORIENTED_EDGE('',*,*,#1044,.T.);
#1389=ORIENTED_EDGE('',*,*,#1045,.F.);
#1390=ORIENTED_EDGE('',*,*,#1046,.T.);
#1391=ORIENTED_EDGE('',*,*,#1047,.F.);
#1392=ORIENTED_EDGE('',*,*,#1037,.T.);
#1393=ORIENTED_EDGE('',*,*,#1048,.T.);
#1394=ORIENTED_EDGE('',*,*,#1049,.T.);
#1395=ORIENTED_EDGE('',*,*,#1045,.T.);
#1396=ORIENTED_EDGE('',*,*,#1050,.T.);
#1397=ORIENTED_EDGE('',*,*,#1049,.F.);
#1398=ORIENTED_EDGE('',*,*,#1051,.F.);
#1399=ORIENTED_EDGE('',*,*,#1052,.F.);
#1400=ORIENTED_EDGE('',*,*,#1053,.F.);
#1401=ORIENTED_EDGE('',*,*,#1054,.F.);
#1402=ORIENTED_EDGE('',*,*,#1055,.F.);
#1403=ORIENTED_EDGE('',*,*,#1056,.F.);
#1404=ORIENTED_EDGE('',*,*,#1046,.F.);
#1405=ORIENTED_EDGE('',*,*,#1057,.T.);
#1406=ORIENTED_EDGE('',*,*,#1058,.T.);
#1407=ORIENTED_EDGE('',*,*,#1059,.T.);
#1408=ORIENTED_EDGE('',*,*,#1060,.T.);
#1409=ORIENTED_EDGE('',*,*,#1057,.F.);
#1410=ORIENTED_EDGE('',*,*,#1061,.T.);
#1411=ORIENTED_EDGE('',*,*,#1062,.F.);
#1412=ORIENTED_EDGE('',*,*,#1063,.T.);
#1413=ORIENTED_EDGE('',*,*,#1064,.F.);
#1414=ORIENTED_EDGE('',*,*,#1065,.T.);
#1415=ORIENTED_EDGE('',*,*,#1036,.F.);
#1416=ORIENTED_EDGE('',*,*,#1066,.F.);
#1417=ORIENTED_EDGE('',*,*,#1067,.F.);
#1418=ORIENTED_EDGE('',*,*,#1068,.T.);
#1419=ORIENTED_EDGE('',*,*,#1069,.F.);
#1420=ORIENTED_EDGE('',*,*,#1070,.F.);
#1421=ORIENTED_EDGE('',*,*,#1071,.F.);
#1422=ORIENTED_EDGE('',*,*,#1061,.F.);
#1423=ORIENTED_EDGE('',*,*,#1060,.F.);
#1424=ORIENTED_EDGE('',*,*,#1072,.F.);
#1425=ORIENTED_EDGE('',*,*,#1050,.F.);
#1426=ORIENTED_EDGE('',*,*,#1044,.F.);
#1427=ORIENTED_EDGE('',*,*,#1073,.T.);
#1428=ORIENTED_EDGE('',*,*,#867,.F.);
#1429=ORIENTED_EDGE('',*,*,#1074,.T.);
#1430=ORIENTED_EDGE('',*,*,#1031,.T.);
#1431=ORIENTED_EDGE('',*,*,#1075,.T.);
#1432=ORIENTED_EDGE('',*,*,#1076,.T.);
#1433=ORIENTED_EDGE('',*,*,#1062,.T.);
#1434=ORIENTED_EDGE('',*,*,#1071,.T.);
#1435=ORIENTED_EDGE('',*,*,#1076,.F.);
#1436=ORIENTED_EDGE('',*,*,#1077,.F.);
#1437=ORIENTED_EDGE('',*,*,#1078,.F.);
#1438=ORIENTED_EDGE('',*,*,#1079,.F.);
#1439=ORIENTED_EDGE('',*,*,#1080,.F.);
#1440=ORIENTED_EDGE('',*,*,#1081,.F.);
#1441=ORIENTED_EDGE('',*,*,#1082,.F.);
#1442=ORIENTED_EDGE('',*,*,#1063,.F.);
#1443=ORIENTED_EDGE('',*,*,#1075,.F.);
#1444=ORIENTED_EDGE('',*,*,#1070,.T.);
#1445=ORIENTED_EDGE('',*,*,#1083,.F.);
#1446=ORIENTED_EDGE('',*,*,#1084,.T.);
#1447=ORIENTED_EDGE('',*,*,#1085,.F.);
#1448=ORIENTED_EDGE('',*,*,#1077,.T.);
#1449=ORIENTED_EDGE('',*,*,#1086,.T.);
#1450=ORIENTED_EDGE('',*,*,#1087,.T.);
#1451=ORIENTED_EDGE('',*,*,#1083,.T.);
#1452=ORIENTED_EDGE('',*,*,#1069,.T.);
#1453=ORIENTED_EDGE('',*,*,#1087,.F.);
#1454=ORIENTED_EDGE('',*,*,#1088,.T.);
#1455=ORIENTED_EDGE('',*,*,#1089,.F.);
#1456=ORIENTED_EDGE('',*,*,#1090,.T.);
#1457=ORIENTED_EDGE('',*,*,#1091,.F.);
#1458=ORIENTED_EDGE('',*,*,#1092,.F.);
#1459=ORIENTED_EDGE('',*,*,#1093,.F.);
#1460=ORIENTED_EDGE('',*,*,#1084,.F.);
#1461=ORIENTED_EDGE('',*,*,#1094,.T.);
#1462=ORIENTED_EDGE('',*,*,#1095,.T.);
#1463=ORIENTED_EDGE('',*,*,#1096,.T.);
#1464=ORIENTED_EDGE('',*,*,#1067,.T.);
#1465=ORIENTED_EDGE('',*,*,#1035,.F.);
#1466=ORIENTED_EDGE('',*,*,#1043,.T.);
#1467=ORIENTED_EDGE('',*,*,#1097,.F.);
#1468=ORIENTED_EDGE('',*,*,#1098,.T.);
#1469=ORIENTED_EDGE('',*,*,#1094,.F.);
#1470=ORIENTED_EDGE('',*,*,#1066,.T.);
#1471=ORIENTED_EDGE('',*,*,#1099,.T.);
#1472=ORIENTED_EDGE('',*,*,#1100,.T.);
#1473=ORIENTED_EDGE('',*,*,#1101,.T.);
#1474=ORIENTED_EDGE('',*,*,#1102,.T.);
#1475=ORIENTED_EDGE('',*,*,#1101,.F.);
#1476=ORIENTED_EDGE('',*,*,#1103,.F.);
#1477=ORIENTED_EDGE('',*,*,#1104,.F.);
#1478=ORIENTED_EDGE('',*,*,#1090,.F.);
#1479=ORIENTED_EDGE('',*,*,#1105,.F.);
#1480=ORIENTED_EDGE('',*,*,#1106,.F.);
#1481=ORIENTED_EDGE('',*,*,#1100,.F.);
#1482=ORIENTED_EDGE('',*,*,#1107,.F.);
#1483=ORIENTED_EDGE('',*,*,#1108,.F.);
#1484=ORIENTED_EDGE('',*,*,#1109,.F.);
#1485=ORIENTED_EDGE('',*,*,#1110,.F.);
#1486=ORIENTED_EDGE('',*,*,#1111,.F.);
#1487=ORIENTED_EDGE('',*,*,#1112,.F.);
#1488=ORIENTED_EDGE('',*,*,#1113,.F.);
#1489=ORIENTED_EDGE('',*,*,#1114,.F.);
#1490=ORIENTED_EDGE('',*,*,#1115,.F.);
#1491=ORIENTED_EDGE('',*,*,#1116,.F.);
#1492=ORIENTED_EDGE('',*,*,#1103,.T.);
#1493=ORIENTED_EDGE('',*,*,#917,.T.);
#1494=ORIENTED_EDGE('',*,*,#1117,.T.);
#1495=ORIENTED_EDGE('',*,*,#1118,.T.);
#1496=ORIENTED_EDGE('',*,*,#1119,.T.);
#1497=ORIENTED_EDGE('',*,*,#1120,.T.);
#1498=ORIENTED_EDGE('',*,*,#1108,.T.);
#1499=ORIENTED_EDGE('',*,*,#1121,.T.);
#1500=ORIENTED_EDGE('',*,*,#1040,.T.);
#1501=ORIENTED_EDGE('',*,*,#1120,.F.);
#1502=ORIENTED_EDGE('',*,*,#1039,.T.);
#1503=ORIENTED_EDGE('',*,*,#1122,.F.);
#1504=ORIENTED_EDGE('',*,*,#1055,.T.);
#1505=ORIENTED_EDGE('',*,*,#1123,.F.);
#1506=ORIENTED_EDGE('',*,*,#1109,.T.);
#1507=ORIENTED_EDGE('',*,*,#1124,.T.);
#1508=ORIENTED_EDGE('',*,*,#1110,.T.);
#1509=ORIENTED_EDGE('',*,*,#1123,.T.);
#1510=ORIENTED_EDGE('',*,*,#1054,.T.);
#1511=ORIENTED_EDGE('',*,*,#1125,.T.);
#1512=ORIENTED_EDGE('',*,*,#1112,.T.);
#1513=ORIENTED_EDGE('',*,*,#1126,.T.);
#1514=ORIENTED_EDGE('',*,*,#1127,.T.);
#1515=ORIENTED_EDGE('',*,*,#1125,.F.);
#1516=ORIENTED_EDGE('',*,*,#1128,.T.);
#1517=ORIENTED_EDGE('',*,*,#1129,.F.);
#1518=ORIENTED_EDGE('',*,*,#1081,.T.);
#1519=ORIENTED_EDGE('',*,*,#1130,.F.);
#1520=ORIENTED_EDGE('',*,*,#1113,.T.);
#1521=ORIENTED_EDGE('',*,*,#1131,.T.);
#1522=ORIENTED_EDGE('',*,*,#1114,.T.);
#1523=ORIENTED_EDGE('',*,*,#1130,.T.);
#1524=ORIENTED_EDGE('',*,*,#1080,.T.);
#1525=ORIENTED_EDGE('',*,*,#1104,.T.);
#1526=ORIENTED_EDGE('',*,*,#1116,.T.);
#1527=ORIENTED_EDGE('',*,*,#1132,.T.);
#1528=ORIENTED_EDGE('',*,*,#1091,.T.);
#1529=ORIENTED_EDGE('',*,*,#1105,.T.);
#1530=ORIENTED_EDGE('',*,*,#1089,.T.);
#1531=ORIENTED_EDGE('',*,*,#1133,.T.);
#1532=ORIENTED_EDGE('',*,*,#1134,.T.);
#1533=ORIENTED_EDGE('',*,*,#1095,.F.);
#1534=ORIENTED_EDGE('',*,*,#1098,.F.);
#1535=ORIENTED_EDGE('',*,*,#1135,.F.);
#1536=ORIENTED_EDGE('',*,*,#1136,.F.);
#1537=ORIENTED_EDGE('',*,*,#1102,.F.);
#1538=ORIENTED_EDGE('',*,*,#1106,.T.);
#1539=ORIENTED_EDGE('',*,*,#1134,.F.);
#1540=ORIENTED_EDGE('',*,*,#1137,.T.);
#1541=ORIENTED_EDGE('',*,*,#1138,.T.);
#1542=ORIENTED_EDGE('',*,*,#1078,.T.);
#1543=ORIENTED_EDGE('',*,*,#1085,.T.);
#1544=ORIENTED_EDGE('',*,*,#1093,.T.);
#1545=ORIENTED_EDGE('',*,*,#1129,.T.);
#1546=ORIENTED_EDGE('',*,*,#1139,.T.);
#1547=ORIENTED_EDGE('',*,*,#1064,.T.);
#1548=ORIENTED_EDGE('',*,*,#1082,.T.);
#1549=ORIENTED_EDGE('',*,*,#1058,.F.);
#1550=ORIENTED_EDGE('',*,*,#1065,.F.);
#1551=ORIENTED_EDGE('',*,*,#1139,.F.);
#1552=ORIENTED_EDGE('',*,*,#1128,.F.);
#1553=ORIENTED_EDGE('',*,*,#1127,.F.);
#1554=ORIENTED_EDGE('',*,*,#1140,.F.);
#1555=ORIENTED_EDGE('',*,*,#1141,.F.);
#1556=ORIENTED_EDGE('',*,*,#1142,.F.);
#1557=ORIENTED_EDGE('',*,*,#1143,.T.);
#1558=ORIENTED_EDGE('',*,*,#1052,.T.);
#1559=ORIENTED_EDGE('',*,*,#1144,.T.);
#1560=ORIENTED_EDGE('',*,*,#1141,.T.);
#1561=ORIENTED_EDGE('',*,*,#1124,.F.);
#1562=ORIENTED_EDGE('',*,*,#1053,.T.);
#1563=ORIENTED_EDGE('',*,*,#1143,.F.);
#1564=ORIENTED_EDGE('',*,*,#1140,.T.);
#1565=ORIENTED_EDGE('',*,*,#1126,.F.);
#1566=ORIENTED_EDGE('',*,*,#1111,.T.);
#1567=ORIENTED_EDGE('',*,*,#1145,.T.);
#1568=ORIENTED_EDGE('',*,*,#1135,.T.);
#1569=ORIENTED_EDGE('',*,*,#1097,.T.);
#1570=ORIENTED_EDGE('',*,*,#1042,.T.);
#1571=ORIENTED_EDGE('',*,*,#1099,.F.);
#1572=ORIENTED_EDGE('',*,*,#1136,.T.);
#1573=ORIENTED_EDGE('',*,*,#1145,.F.);
#1574=ORIENTED_EDGE('',*,*,#1041,.T.);
#1575=ORIENTED_EDGE('',*,*,#1121,.F.);
#1576=ORIENTED_EDGE('',*,*,#1107,.T.);
#1577=ORIENTED_EDGE('',*,*,#1122,.T.);
#1578=ORIENTED_EDGE('',*,*,#1038,.T.);
#1579=ORIENTED_EDGE('',*,*,#1047,.T.);
#1580=ORIENTED_EDGE('',*,*,#1056,.T.);
#1581=ORIENTED_EDGE('',*,*,#1048,.F.);
#1582=ORIENTED_EDGE('',*,*,#1072,.T.);
#1583=ORIENTED_EDGE('',*,*,#1059,.F.);
#1584=ORIENTED_EDGE('',*,*,#1142,.T.);
#1585=ORIENTED_EDGE('',*,*,#1144,.F.);
#1586=ORIENTED_EDGE('',*,*,#1051,.T.);
#1587=ORIENTED_EDGE('',*,*,#1131,.F.);
#1588=ORIENTED_EDGE('',*,*,#1079,.T.);
#1589=ORIENTED_EDGE('',*,*,#1138,.F.);
#1590=ORIENTED_EDGE('',*,*,#1092,.T.);
#1591=ORIENTED_EDGE('',*,*,#1132,.F.);
#1592=ORIENTED_EDGE('',*,*,#1115,.T.);
#1593=ORIENTED_EDGE('',*,*,#1086,.F.);
#1594=ORIENTED_EDGE('',*,*,#1068,.F.);
#1595=ORIENTED_EDGE('',*,*,#1096,.F.);
#1596=ORIENTED_EDGE('',*,*,#1137,.F.);
#1597=ORIENTED_EDGE('',*,*,#1133,.F.);
#1598=ORIENTED_EDGE('',*,*,#1088,.F.);
#1599=ORIENTED_EDGE('',*,*,#1029,.T.);
#1600=ORIENTED_EDGE('',*,*,#1146,.T.);
#1601=ORIENTED_EDGE('',*,*,#1026,.F.);
#1602=ORIENTED_EDGE('',*,*,#1147,.F.);
#1603=ORIENTED_EDGE('',*,*,#1148,.F.);
#1604=ORIENTED_EDGE('',*,*,#984,.F.);
#1605=ORIENTED_EDGE('',*,*,#988,.F.);
#1606=ORIENTED_EDGE('',*,*,#991,.F.);
#1607=ORIENTED_EDGE('',*,*,#994,.F.);
#1608=ORIENTED_EDGE('',*,*,#997,.F.);
#1609=ORIENTED_EDGE('',*,*,#1000,.F.);
#1610=ORIENTED_EDGE('',*,*,#1003,.F.);
#1611=ORIENTED_EDGE('',*,*,#1006,.F.);
#1612=ORIENTED_EDGE('',*,*,#1009,.F.);
#1613=ORIENTED_EDGE('',*,*,#1012,.F.);
#1614=ORIENTED_EDGE('',*,*,#1015,.F.);
#1615=ORIENTED_EDGE('',*,*,#1018,.F.);
#1616=ORIENTED_EDGE('',*,*,#1021,.F.);
#1617=ORIENTED_EDGE('',*,*,#1024,.F.);
#1618=ORIENTED_EDGE('',*,*,#1027,.F.);
#1619=ORIENTED_EDGE('',*,*,#1146,.F.);
#1620=ORIENTED_EDGE('',*,*,#1032,.F.);
#1621=ORIENTED_EDGE('',*,*,#1074,.F.);
#1622=ORIENTED_EDGE('',*,*,#866,.F.);
#1623=ORIENTED_EDGE('',*,*,#870,.F.);
#1624=ORIENTED_EDGE('',*,*,#873,.F.);
#1625=ORIENTED_EDGE('',*,*,#876,.F.);
#1626=ORIENTED_EDGE('',*,*,#879,.F.);
#1627=ORIENTED_EDGE('',*,*,#882,.F.);
#1628=ORIENTED_EDGE('',*,*,#885,.F.);
#1629=ORIENTED_EDGE('',*,*,#888,.F.);
#1630=ORIENTED_EDGE('',*,*,#891,.F.);
#1631=ORIENTED_EDGE('',*,*,#894,.F.);
#1632=ORIENTED_EDGE('',*,*,#897,.F.);
#1633=ORIENTED_EDGE('',*,*,#900,.F.);
#1634=ORIENTED_EDGE('',*,*,#903,.F.);
#1635=ORIENTED_EDGE('',*,*,#906,.F.);
#1636=ORIENTED_EDGE('',*,*,#909,.F.);
#1637=ORIENTED_EDGE('',*,*,#1149,.F.);
#1638=ORIENTED_EDGE('',*,*,#914,.F.);
#1639=ORIENTED_EDGE('',*,*,#1150,.F.);
#1640=ORIENTED_EDGE('',*,*,#912,.F.);
#1641=ORIENTED_EDGE('',*,*,#1151,.F.);
#1642=ORIENTED_EDGE('',*,*,#910,.F.);
#1643=ORIENTED_EDGE('',*,*,#907,.F.);
#1644=ORIENTED_EDGE('',*,*,#904,.F.);
#1645=ORIENTED_EDGE('',*,*,#901,.F.);
#1646=ORIENTED_EDGE('',*,*,#898,.F.);
#1647=ORIENTED_EDGE('',*,*,#895,.F.);
#1648=ORIENTED_EDGE('',*,*,#892,.F.);
#1649=ORIENTED_EDGE('',*,*,#889,.F.);
#1650=ORIENTED_EDGE('',*,*,#886,.F.);
#1651=ORIENTED_EDGE('',*,*,#883,.F.);
#1652=ORIENTED_EDGE('',*,*,#880,.F.);
#1653=ORIENTED_EDGE('',*,*,#877,.F.);
#1654=ORIENTED_EDGE('',*,*,#874,.F.);
#1655=ORIENTED_EDGE('',*,*,#871,.F.);
#1656=ORIENTED_EDGE('',*,*,#868,.F.);
#1657=ORIENTED_EDGE('',*,*,#1073,.F.);
#1658=ORIENTED_EDGE('',*,*,#1030,.T.);
#1659=ORIENTED_EDGE('',*,*,#1147,.T.);
#1660=ORIENTED_EDGE('',*,*,#1028,.T.);
#1661=ORIENTED_EDGE('',*,*,#1025,.T.);
#1662=ORIENTED_EDGE('',*,*,#1022,.T.);
#1663=ORIENTED_EDGE('',*,*,#1019,.T.);
#1664=ORIENTED_EDGE('',*,*,#1016,.T.);
#1665=ORIENTED_EDGE('',*,*,#1013,.T.);
#1666=ORIENTED_EDGE('',*,*,#1010,.T.);
#1667=ORIENTED_EDGE('',*,*,#1007,.T.);
#1668=ORIENTED_EDGE('',*,*,#1004,.T.);
#1669=ORIENTED_EDGE('',*,*,#1001,.T.);
#1670=ORIENTED_EDGE('',*,*,#998,.T.);
#1671=ORIENTED_EDGE('',*,*,#995,.T.);
#1672=ORIENTED_EDGE('',*,*,#992,.T.);
#1673=ORIENTED_EDGE('',*,*,#989,.T.);
#1674=ORIENTED_EDGE('',*,*,#986,.T.);
#1675=ORIENTED_EDGE('',*,*,#1152,.F.);
#1676=ORIENTED_EDGE('',*,*,#1153,.F.);
#1677=ORIENTED_EDGE('',*,*,#948,.F.);
#1678=ORIENTED_EDGE('',*,*,#945,.F.);
#1679=ORIENTED_EDGE('',*,*,#942,.F.);
#1680=ORIENTED_EDGE('',*,*,#939,.F.);
#1681=ORIENTED_EDGE('',*,*,#936,.F.);
#1682=ORIENTED_EDGE('',*,*,#933,.F.);
#1683=ORIENTED_EDGE('',*,*,#930,.F.);
#1684=ORIENTED_EDGE('',*,*,#927,.F.);
#1685=ORIENTED_EDGE('',*,*,#924,.F.);
#1686=ORIENTED_EDGE('',*,*,#921,.F.);
#1687=ORIENTED_EDGE('',*,*,#918,.F.);
#1688=ORIENTED_EDGE('',*,*,#1119,.F.);
#1689=ORIENTED_EDGE('',*,*,#1154,.T.);
#1690=ORIENTED_EDGE('',*,*,#982,.T.);
#1691=ORIENTED_EDGE('',*,*,#979,.T.);
#1692=ORIENTED_EDGE('',*,*,#976,.T.);
#1693=ORIENTED_EDGE('',*,*,#973,.T.);
#1694=ORIENTED_EDGE('',*,*,#970,.T.);
#1695=ORIENTED_EDGE('',*,*,#967,.T.);
#1696=ORIENTED_EDGE('',*,*,#964,.T.);
#1697=ORIENTED_EDGE('',*,*,#961,.T.);
#1698=ORIENTED_EDGE('',*,*,#958,.T.);
#1699=ORIENTED_EDGE('',*,*,#955,.T.);
#1700=ORIENTED_EDGE('',*,*,#952,.T.);
#1701=ORIENTED_EDGE('',*,*,#980,.T.);
#1702=ORIENTED_EDGE('',*,*,#1154,.F.);
#1703=ORIENTED_EDGE('',*,*,#1118,.F.);
#1704=ORIENTED_EDGE('',*,*,#1155,.T.);
#1705=ORIENTED_EDGE('',*,*,#1156,.F.);
#1706=ORIENTED_EDGE('',*,*,#950,.F.);
#1707=ORIENTED_EDGE('',*,*,#954,.F.);
#1708=ORIENTED_EDGE('',*,*,#957,.F.);
#1709=ORIENTED_EDGE('',*,*,#960,.F.);
#1710=ORIENTED_EDGE('',*,*,#963,.F.);
#1711=ORIENTED_EDGE('',*,*,#966,.F.);
#1712=ORIENTED_EDGE('',*,*,#969,.F.);
#1713=ORIENTED_EDGE('',*,*,#972,.F.);
#1714=ORIENTED_EDGE('',*,*,#975,.F.);
#1715=ORIENTED_EDGE('',*,*,#978,.F.);
#1716=ORIENTED_EDGE('',*,*,#981,.F.);
#1717=ORIENTED_EDGE('',*,*,#1155,.F.);
#1718=ORIENTED_EDGE('',*,*,#1117,.F.);
#1719=ORIENTED_EDGE('',*,*,#916,.F.);
#1720=ORIENTED_EDGE('',*,*,#920,.F.);
#1721=ORIENTED_EDGE('',*,*,#923,.F.);
#1722=ORIENTED_EDGE('',*,*,#926,.F.);
#1723=ORIENTED_EDGE('',*,*,#929,.F.);
#1724=ORIENTED_EDGE('',*,*,#932,.F.);
#1725=ORIENTED_EDGE('',*,*,#935,.F.);
#1726=ORIENTED_EDGE('',*,*,#938,.F.);
#1727=ORIENTED_EDGE('',*,*,#941,.F.);
#1728=ORIENTED_EDGE('',*,*,#944,.F.);
#1729=ORIENTED_EDGE('',*,*,#947,.F.);
#1730=ORIENTED_EDGE('',*,*,#1157,.F.);
#1731=ORIENTED_EDGE('',*,*,#946,.T.);
#1732=ORIENTED_EDGE('',*,*,#1153,.T.);
#1733=ORIENTED_EDGE('',*,*,#1158,.F.);
#1734=ORIENTED_EDGE('',*,*,#1157,.T.);
#1735=ORIENTED_EDGE('',*,*,#1156,.T.);
#1736=ORIENTED_EDGE('',*,*,#1158,.T.);
#1737=ORIENTED_EDGE('',*,*,#1152,.T.);
#1738=ORIENTED_EDGE('',*,*,#951,.T.);
#1739=ORIENTED_EDGE('',*,*,#1150,.T.);
#1740=ORIENTED_EDGE('',*,*,#985,.T.);
#1741=ORIENTED_EDGE('',*,*,#1148,.T.);
#1742=ORIENTED_EDGE('',*,*,#913,.F.);
#1743=ORIENTED_EDGE('',*,*,#911,.T.);
#1744=ORIENTED_EDGE('',*,*,#1149,.T.);
#1745=ORIENTED_EDGE('',*,*,#908,.F.);
#1746=ORIENTED_EDGE('',*,*,#1151,.T.);
#1747=CYLINDRICAL_SURFACE('',#1939,1.2645);
#1748=CYLINDRICAL_SURFACE('',#1941,1.2645);
#1749=CYLINDRICAL_SURFACE('',#1942,1.2645);
#1750=CYLINDRICAL_SURFACE('',#1943,1.2645);
#1751=CYLINDRICAL_SURFACE('',#1944,1.2645);
#1752=CYLINDRICAL_SURFACE('',#1945,1.2645);
#1753=CYLINDRICAL_SURFACE('',#1946,1.2645);
#1754=CYLINDRICAL_SURFACE('',#1947,1.2645);
#1755=CYLINDRICAL_SURFACE('',#1948,1.2645);
#1756=CYLINDRICAL_SURFACE('',#1949,1.2645);
#1757=CYLINDRICAL_SURFACE('',#1950,1.2645);
#1758=CYLINDRICAL_SURFACE('',#1951,1.2645);
#1759=CYLINDRICAL_SURFACE('',#1952,1.2645);
#1760=CYLINDRICAL_SURFACE('',#1953,1.2645);
#1761=CYLINDRICAL_SURFACE('',#1954,1.2645);
#1762=CYLINDRICAL_SURFACE('',#1955,1.2645);
#1763=CYLINDRICAL_SURFACE('',#1957,1.4635);
#1764=CYLINDRICAL_SURFACE('',#1959,1.4635);
#1765=CYLINDRICAL_SURFACE('',#1960,1.4635);
#1766=CYLINDRICAL_SURFACE('',#1961,1.4635);
#1767=CYLINDRICAL_SURFACE('',#1962,1.4635);
#1768=CYLINDRICAL_SURFACE('',#1963,1.4635);
#1769=CYLINDRICAL_SURFACE('',#1964,1.4635);
#1770=CYLINDRICAL_SURFACE('',#1965,1.4635);
#1771=CYLINDRICAL_SURFACE('',#1966,1.4635);
#1772=CYLINDRICAL_SURFACE('',#1967,1.4635);
#1773=CYLINDRICAL_SURFACE('',#1968,1.4635);
#1774=CYLINDRICAL_SURFACE('',#1969,1.17775);
#1775=CYLINDRICAL_SURFACE('',#1971,1.17775);
#1776=CYLINDRICAL_SURFACE('',#1972,1.17775);
#1777=CYLINDRICAL_SURFACE('',#1973,1.17775);
#1778=CYLINDRICAL_SURFACE('',#1974,1.17775);
#1779=CYLINDRICAL_SURFACE('',#1975,1.17775);
#1780=CYLINDRICAL_SURFACE('',#1976,1.17775);
#1781=CYLINDRICAL_SURFACE('',#1977,1.17775);
#1782=CYLINDRICAL_SURFACE('',#1978,1.17775);
#1783=CYLINDRICAL_SURFACE('',#1979,1.17775);
#1784=CYLINDRICAL_SURFACE('',#1980,1.17775);
#1785=CYLINDRICAL_SURFACE('',#1981,1.543);
#1786=CYLINDRICAL_SURFACE('',#1983,1.543);
#1787=CYLINDRICAL_SURFACE('',#1984,1.543);
#1788=CYLINDRICAL_SURFACE('',#1985,1.543);
#1789=CYLINDRICAL_SURFACE('',#1986,1.543);
#1790=CYLINDRICAL_SURFACE('',#1987,1.543);
#1791=CYLINDRICAL_SURFACE('',#1988,1.543);
#1792=CYLINDRICAL_SURFACE('',#1989,1.543);
#1793=CYLINDRICAL_SURFACE('',#1990,1.543);
#1794=CYLINDRICAL_SURFACE('',#1991,1.543);
#1795=CYLINDRICAL_SURFACE('',#1992,1.543);
#1796=CYLINDRICAL_SURFACE('',#1993,1.543);
#1797=CYLINDRICAL_SURFACE('',#1994,1.543);
#1798=CYLINDRICAL_SURFACE('',#1995,1.543);
#1799=CYLINDRICAL_SURFACE('',#1996,1.543);
#1800=CYLINDRICAL_SURFACE('',#1997,1.543);
#1801=CYLINDRICAL_SURFACE('',#1999,0.1);
#1802=CYLINDRICAL_SURFACE('',#2006,0.1);
#1803=CYLINDRICAL_SURFACE('',#2009,0.1);
#1804=CYLINDRICAL_SURFACE('',#2016,0.1);
#1805=CYLINDRICAL_SURFACE('',#2022,0.1);
#1806=CYLINDRICAL_SURFACE('',#2025,0.1);
#1807=CYLINDRICAL_SURFACE('',#2030,0.1);
#1808=CYLINDRICAL_SURFACE('',#2038,0.1);
#1809=CYLINDRICAL_SURFACE('',#2044,0.1);
#1810=CYLINDRICAL_SURFACE('',#2046,0.1);
#1811=CYLINDRICAL_SURFACE('',#2052,0.1);
#1812=CYLINDRICAL_SURFACE('',#2054,0.1);
#1813=CYLINDRICAL_SURFACE('',#2056,0.1);
#1814=CYLINDRICAL_SURFACE('',#2059,0.1);
#1815=CYLINDRICAL_SURFACE('',#2061,0.1);
#1816=CYLINDRICAL_SURFACE('',#2063,0.1);
#1817=CYLINDRICAL_SURFACE('',#2067,0.1);
#1818=CYLINDRICAL_SURFACE('',#2070,0.1);
#1819=CYLINDRICAL_SURFACE('',#2074,1.543);
#1820=CYLINDRICAL_SURFACE('',#2075,1.17775);
#1821=CYLINDRICAL_SURFACE('',#2076,1.4635);
#1822=CYLINDRICAL_SURFACE('',#2080,1.2645);
#1823=ADVANCED_FACE('',(#79),#1747,.F.);
#1824=ADVANCED_FACE('',(#80),#1748,.F.);
#1825=ADVANCED_FACE('',(#81),#1749,.F.);
#1826=ADVANCED_FACE('',(#82),#1750,.F.);
#1827=ADVANCED_FACE('',(#83),#1751,.F.);
#1828=ADVANCED_FACE('',(#84),#1752,.F.);
#1829=ADVANCED_FACE('',(#85),#1753,.F.);
#1830=ADVANCED_FACE('',(#86),#1754,.F.);
#1831=ADVANCED_FACE('',(#87),#1755,.F.);
#1832=ADVANCED_FACE('',(#88),#1756,.F.);
#1833=ADVANCED_FACE('',(#89),#1757,.F.);
#1834=ADVANCED_FACE('',(#90),#1758,.F.);
#1835=ADVANCED_FACE('',(#91),#1759,.F.);
#1836=ADVANCED_FACE('',(#92),#1760,.F.);
#1837=ADVANCED_FACE('',(#93),#1761,.F.);
#1838=ADVANCED_FACE('',(#94),#1762,.F.);
#1839=ADVANCED_FACE('',(#95),#1763,.T.);
#1840=ADVANCED_FACE('',(#96),#1764,.T.);
#1841=ADVANCED_FACE('',(#97),#1765,.T.);
#1842=ADVANCED_FACE('',(#98),#1766,.T.);
#1843=ADVANCED_FACE('',(#99),#1767,.T.);
#1844=ADVANCED_FACE('',(#100),#1768,.T.);
#1845=ADVANCED_FACE('',(#101),#1769,.T.);
#1846=ADVANCED_FACE('',(#102),#1770,.T.);
#1847=ADVANCED_FACE('',(#103),#1771,.T.);
#1848=ADVANCED_FACE('',(#104),#1772,.T.);
#1849=ADVANCED_FACE('',(#105),#1773,.T.);
#1850=ADVANCED_FACE('',(#106),#1774,.T.);
#1851=ADVANCED_FACE('',(#107),#1775,.T.);
#1852=ADVANCED_FACE('',(#108),#1776,.T.);
#1853=ADVANCED_FACE('',(#109),#1777,.T.);
#1854=ADVANCED_FACE('',(#110),#1778,.T.);
#1855=ADVANCED_FACE('',(#111),#1779,.T.);
#1856=ADVANCED_FACE('',(#112),#1780,.T.);
#1857=ADVANCED_FACE('',(#113),#1781,.T.);
#1858=ADVANCED_FACE('',(#114),#1782,.T.);
#1859=ADVANCED_FACE('',(#115),#1783,.T.);
#1860=ADVANCED_FACE('',(#116),#1784,.T.);
#1861=ADVANCED_FACE('',(#117),#1785,.F.);
#1862=ADVANCED_FACE('',(#118),#1786,.F.);
#1863=ADVANCED_FACE('',(#119),#1787,.F.);
#1864=ADVANCED_FACE('',(#120),#1788,.F.);
#1865=ADVANCED_FACE('',(#121),#1789,.F.);
#1866=ADVANCED_FACE('',(#122),#1790,.F.);
#1867=ADVANCED_FACE('',(#123),#1791,.F.);
#1868=ADVANCED_FACE('',(#124),#1792,.F.);
#1869=ADVANCED_FACE('',(#125),#1793,.F.);
#1870=ADVANCED_FACE('',(#126),#1794,.F.);
#1871=ADVANCED_FACE('',(#127),#1795,.F.);
#1872=ADVANCED_FACE('',(#128),#1796,.F.);
#1873=ADVANCED_FACE('',(#129),#1797,.F.);
#1874=ADVANCED_FACE('',(#130),#1798,.F.);
#1875=ADVANCED_FACE('',(#131),#1799,.F.);
#1876=ADVANCED_FACE('',(#132),#1800,.F.);
#1877=ADVANCED_FACE('',(#133),#1801,.T.);
#1878=ADVANCED_FACE('',(#134),#21,.T.);
#1879=ADVANCED_FACE('',(#135),#22,.F.);
#1880=ADVANCED_FACE('',(#136),#1802,.T.);
#1881=ADVANCED_FACE('',(#137),#23,.T.);
#1882=ADVANCED_FACE('',(#138),#1803,.T.);
#1883=ADVANCED_FACE('',(#139),#24,.F.);
#1884=ADVANCED_FACE('',(#140,#19),#25,.F.);
#1885=ADVANCED_FACE('',(#141),#1804,.T.);
#1886=ADVANCED_FACE('',(#142),#26,.T.);
#1887=ADVANCED_FACE('',(#143),#27,.F.);
#1888=ADVANCED_FACE('',(#144),#1805,.T.);
#1889=ADVANCED_FACE('',(#145),#28,.T.);
#1890=ADVANCED_FACE('',(#146),#1806,.T.);
#1891=ADVANCED_FACE('',(#147),#29,.F.);
#1892=ADVANCED_FACE('',(#148),#1807,.T.);
#1893=ADVANCED_FACE('',(#149),#30,.F.);
#1894=ADVANCED_FACE('',(#150,#20),#31,.T.);
#1895=ADVANCED_FACE('',(#151),#1808,.T.);
#1896=ADVANCED_FACE('',(#152),#32,.F.);
#1897=ADVANCED_FACE('',(#153),#1809,.T.);
#1898=ADVANCED_FACE('',(#154),#1810,.T.);
#1899=ADVANCED_FACE('',(#155),#33,.F.);
#1900=ADVANCED_FACE('',(#156),#1811,.T.);
#1901=ADVANCED_FACE('',(#157),#1812,.T.);
#1902=ADVANCED_FACE('',(#158),#1813,.T.);
#1903=ADVANCED_FACE('',(#159),#34,.T.);
#1904=ADVANCED_FACE('',(#160),#1814,.T.);
#1905=ADVANCED_FACE('',(#161),#1815,.T.);
#1906=ADVANCED_FACE('',(#162),#35,.T.);
#1907=ADVANCED_FACE('',(#163),#1816,.T.);
#1908=ADVANCED_FACE('',(#164),#36,.F.);
#1909=ADVANCED_FACE('',(#165),#1817,.T.);
#1910=ADVANCED_FACE('',(#166),#37,.F.);
#1911=ADVANCED_FACE('',(#167),#1818,.T.);
#1912=ADVANCED_FACE('',(#168),#38,.F.);
#1913=ADVANCED_FACE('',(#169),#39,.F.);
#1914=ADVANCED_FACE('',(#170),#40,.F.);
#1915=ADVANCED_FACE('',(#171),#1819,.F.);
#1916=ADVANCED_FACE('',(#172),#15,.F.);
#1917=ADVANCED_FACE('',(#173),#16,.F.);
#1918=ADVANCED_FACE('',(#174),#17,.F.);
#1919=ADVANCED_FACE('',(#175),#1820,.T.);
#1920=ADVANCED_FACE('',(#176),#18,.F.);
#1921=ADVANCED_FACE('',(#177),#1821,.T.);
#1922=ADVANCED_FACE('',(#178),#41,.F.);
#1923=ADVANCED_FACE('',(#179),#42,.T.);
#1924=ADVANCED_FACE('',(#180),#1822,.F.);
#1925=CLOSED_SHELL('',(#1823,#1824,#1825,#1826,#1827,#1828,#1829,#1830,
#1831,#1832,#1833,#1834,#1835,#1836,#1837,#1838,#1839,#1840,#1841,#1842,
#1843,#1844,#1845,#1846,#1847,#1848,#1849,#1850,#1851,#1852,#1853,#1854,
#1855,#1856,#1857,#1858,#1859,#1860,#1861,#1862,#1863,#1864,#1865,#1866,
#1867,#1868,#1869,#1870,#1871,#1872,#1873,#1874,#1875,#1876,#1877,#1878,
#1879,#1880,#1881,#1882,#1883,#1884,#1885,#1886,#1887,#1888,#1889,#1890,
#1891,#1892,#1893,#1894,#1895,#1896,#1897,#1898,#1899,#1900,#1901,#1902,
#1903,#1904,#1905,#1906,#1907,#1908,#1909,#1910,#1911,#1912,#1913,#1914,
#1915,#1916,#1917,#1918,#1919,#1920,#1921,#1922,#1923,#1924));
#1926=DERIVED_UNIT_ELEMENT(#1928,1.);
#1927=DERIVED_UNIT_ELEMENT(#6865,-3.);
#1928=(
MASS_UNIT()
NAMED_UNIT(*)
SI_UNIT(.KILO.,.GRAM.)
);
#1929=DERIVED_UNIT((#1926,#1927));
#1930=MEASURE_REPRESENTATION_ITEM('density measure',
POSITIVE_RATIO_MEASURE(7850.),#1929);
#1931=PROPERTY_DEFINITION_REPRESENTATION(#1936,#1933);
#1932=PROPERTY_DEFINITION_REPRESENTATION(#1937,#1934);
#1933=REPRESENTATION('material name',(#1935),#6862);
#1934=REPRESENTATION('density',(#1930),#6862);
#1935=DESCRIPTIVE_REPRESENTATION_ITEM('Steel','Steel');
#1936=PROPERTY_DEFINITION('material property','material name',#6872);
#1937=PROPERTY_DEFINITION('material property','density of part',#6872);
#1938=AXIS2_PLACEMENT_3D('',#2493,#2081,#2082);
#1939=AXIS2_PLACEMENT_3D('',#2494,#2083,#2084);
#1940=AXIS2_PLACEMENT_3D('',#2513,#2086,#2087);
#1941=AXIS2_PLACEMENT_3D('',#2533,#2088,#2089);
#1942=AXIS2_PLACEMENT_3D('',#2584,#2091,#2092);
#1943=AXIS2_PLACEMENT_3D('',#2635,#2094,#2095);
#1944=AXIS2_PLACEMENT_3D('',#2683,#2097,#2098);
#1945=AXIS2_PLACEMENT_3D('',#2734,#2100,#2101);
#1946=AXIS2_PLACEMENT_3D('',#2785,#2103,#2104);
#1947=AXIS2_PLACEMENT_3D('',#2833,#2106,#2107);
#1948=AXIS2_PLACEMENT_3D('',#2884,#2109,#2110);
#1949=AXIS2_PLACEMENT_3D('',#2935,#2112,#2113);
#1950=AXIS2_PLACEMENT_3D('',#2983,#2115,#2116);
#1951=AXIS2_PLACEMENT_3D('',#3031,#2118,#2119);
#1952=AXIS2_PLACEMENT_3D('',#3085,#2121,#2122);
#1953=AXIS2_PLACEMENT_3D('',#3133,#2124,#2125);
#1954=AXIS2_PLACEMENT_3D('',#3181,#2127,#2128);
#1955=AXIS2_PLACEMENT_3D('',#3232,#2130,#2131);
#1956=AXIS2_PLACEMENT_3D('',#3242,#2133,#2134);
#1957=AXIS2_PLACEMENT_3D('',#3253,#2135,#2136);
#1958=AXIS2_PLACEMENT_3D('',#3269,#2138,#2139);
#1959=AXIS2_PLACEMENT_3D('',#3277,#2140,#2141);
#1960=AXIS2_PLACEMENT_3D('',#3325,#2143,#2144);
#1961=AXIS2_PLACEMENT_3D('',#3373,#2146,#2147);
#1962=AXIS2_PLACEMENT_3D('',#3427,#2149,#2150);
#1963=AXIS2_PLACEMENT_3D('',#3475,#2152,#2153);
#1964=AXIS2_PLACEMENT_3D('',#3523,#2155,#2156);
#1965=AXIS2_PLACEMENT_3D('',#3577,#2158,#2159);
#1966=AXIS2_PLACEMENT_3D('',#3625,#2161,#2162);
#1967=AXIS2_PLACEMENT_3D('',#3673,#2164,#2165);
#1968=AXIS2_PLACEMENT_3D('',#3727,#2167,#2168);
#1969=AXIS2_PLACEMENT_3D('',#3775,#2170,#2171);
#1970=AXIS2_PLACEMENT_3D('',#3787,#2173,#2174);
#1971=AXIS2_PLACEMENT_3D('',#3792,#2175,#2176);
#1972=AXIS2_PLACEMENT_3D('',#3817,#2178,#2179);
#1973=AXIS2_PLACEMENT_3D('',#3842,#2181,#2182);
#1974=AXIS2_PLACEMENT_3D('',#3867,#2184,#2185);
#1975=AXIS2_PLACEMENT_3D('',#3891,#2187,#2188);
#1976=AXIS2_PLACEMENT_3D('',#3916,#2190,#2191);
#1977=AXIS2_PLACEMENT_3D('',#3941,#2193,#2194);
#1978=AXIS2_PLACEMENT_3D('',#3965,#2196,#2197);
#1979=AXIS2_PLACEMENT_3D('',#3990,#2199,#2200);
#1980=AXIS2_PLACEMENT_3D('',#4015,#2202,#2203);
#1981=AXIS2_PLACEMENT_3D('',#4039,#2205,#2206);
#1982=AXIS2_PLACEMENT_3D('',#4053,#2208,#2209);
#1983=AXIS2_PLACEMENT_3D('',#4063,#2210,#2211);
#1984=AXIS2_PLACEMENT_3D('',#4087,#2213,#2214);
#1985=AXIS2_PLACEMENT_3D('',#4112,#2216,#2217);
#1986=AXIS2_PLACEMENT_3D('',#4136,#2219,#2220);
#1987=AXIS2_PLACEMENT_3D('',#4161,#2222,#2223);
#1988=AXIS2_PLACEMENT_3D('',#4186,#2225,#2226);
#1989=AXIS2_PLACEMENT_3D('',#4210,#2228,#2229);
#1990=AXIS2_PLACEMENT_3D('',#4235,#2231,#2232);
#1991=AXIS2_PLACEMENT_3D('',#4259,#2234,#2235);
#1992=AXIS2_PLACEMENT_3D('',#4284,#2237,#2238);
#1993=AXIS2_PLACEMENT_3D('',#4309,#2240,#2241);
#1994=AXIS2_PLACEMENT_3D('',#4333,#2243,#2244);
#1995=AXIS2_PLACEMENT_3D('',#4358,#2246,#2247);
#1996=AXIS2_PLACEMENT_3D('',#4383,#2249,#2250);
#1997=AXIS2_PLACEMENT_3D('',#4407,#2252,#2253);
#1998=AXIS2_PLACEMENT_3D('',#4418,#2255,#2256);
#1999=AXIS2_PLACEMENT_3D('',#4424,#2257,#2258);
#2000=AXIS2_PLACEMENT_3D('',#4427,#2259,#2260);
#2001=AXIS2_PLACEMENT_3D('',#4431,#2262,#2263);
#2002=AXIS2_PLACEMENT_3D('',#4433,#2265,#2266);
#2003=AXIS2_PLACEMENT_3D('',#4447,#2274,#2275);
#2004=AXIS2_PLACEMENT_3D('',#4451,#2277,#2278);
#2005=AXIS2_PLACEMENT_3D('',#4454,#2280,#2281);
#2006=AXIS2_PLACEMENT_3D('',#4455,#2282,#2283);
#2007=AXIS2_PLACEMENT_3D('',#4458,#2284,#2285);
#2008=AXIS2_PLACEMENT_3D('',#4461,#2288,#2289);
#2009=AXIS2_PLACEMENT_3D('',#4473,#2296,#2297);
#2010=AXIS2_PLACEMENT_3D('',#4476,#2298,#2299);
#2011=AXIS2_PLACEMENT_3D('',#4480,#2301,#2302);
#2012=AXIS2_PLACEMENT_3D('',#4482,#2304,#2305);
#2013=AXIS2_PLACEMENT_3D('',#4486,#2307,#2308);
#2014=AXIS2_PLACEMENT_3D('',#4490,#2310,#2311);
#2015=AXIS2_PLACEMENT_3D('',#4492,#2313,#2314);
#2016=AXIS2_PLACEMENT_3D('',#4663,#2322,#2323);
#2017=AXIS2_PLACEMENT_3D('',#4665,#2324,#2325);
#2018=AXIS2_PLACEMENT_3D('',#4667,#2327,#2328);
#2019=AXIS2_PLACEMENT_3D('',#4679,#2335,#2336);
#2020=AXIS2_PLACEMENT_3D('',#4681,#2337,#2338);
#2021=AXIS2_PLACEMENT_3D('',#4684,#2340,#2341);
#2022=AXIS2_PLACEMENT_3D('',#4685,#2342,#2343);
#2023=AXIS2_PLACEMENT_3D('',#4687,#2344,#2345);
#2024=AXIS2_PLACEMENT_3D('',#4689,#2347,#2348);
#2025=AXIS2_PLACEMENT_3D('',#4701,#2355,#2356);
#2026=AXIS2_PLACEMENT_3D('',#4703,#2357,#2358);
#2027=AXIS2_PLACEMENT_3D('',#4706,#2360,#2361);
#2028=AXIS2_PLACEMENT_3D('',#4707,#2362,#2363);
#2029=AXIS2_PLACEMENT_3D('',#4709,#2364,#2365);
#2030=AXIS2_PLACEMENT_3D('',#4711,#2367,#2368);
#2031=AXIS2_PLACEMENT_3D('',#4714,#2369,#2370);
#2032=AXIS2_PLACEMENT_3D('',#4718,#2372,#2373);
#2033=AXIS2_PLACEMENT_3D('',#4720,#2375,#2376);
#2034=AXIS2_PLACEMENT_3D('',#4723,#2378,#2379);
#2035=AXIS2_PLACEMENT_3D('',#4725,#2380,#2381);
#2036=AXIS2_PLACEMENT_3D('',#4727,#2383,#2384);
#2037=AXIS2_PLACEMENT_3D('',#4831,#2395,#2396);
#2038=AXIS2_PLACEMENT_3D('',#4917,#2397,#2398);
#2039=AXIS2_PLACEMENT_3D('',#4918,#2399,#2400);
#2040=AXIS2_PLACEMENT_3D('',#4919,#2401,#2402);
#2041=AXIS2_PLACEMENT_3D('',#4920,#2403,#2404);
#2042=AXIS2_PLACEMENT_3D('',#4921,#2405,#2406);
#2043=AXIS2_PLACEMENT_3D('',#4922,#2407,#2408);
#2044=AXIS2_PLACEMENT_3D('',#4923,#2409,#2410);
#2045=AXIS2_PLACEMENT_3D('',#4924,#2411,#2412);
#2046=AXIS2_PLACEMENT_3D('',#4925,#2413,#2414);
#2047=AXIS2_PLACEMENT_3D('',#4927,#2415,#2416);
#2048=AXIS2_PLACEMENT_3D('',#4929,#2417,#2418);
#2049=AXIS2_PLACEMENT_3D('',#4931,#2420,#2421);
#2050=AXIS2_PLACEMENT_3D('',#4934,#2423,#2424);
#2051=AXIS2_PLACEMENT_3D('',#4935,#2425,#2426);
#2052=AXIS2_PLACEMENT_3D('',#4936,#2427,#2428);
#2053=AXIS2_PLACEMENT_3D('',#4937,#2429,#2430);
#2054=AXIS2_PLACEMENT_3D('',#4938,#2431,#2432);
#2055=AXIS2_PLACEMENT_3D('',#4939,#2433,#2434);
#2056=AXIS2_PLACEMENT_3D('',#4940,#2435,#2436);
#2057=AXIS2_PLACEMENT_3D('',#4942,#2437,#2438);
#2058=AXIS2_PLACEMENT_3D('',#4944,#2440,#2441);
#2059=AXIS2_PLACEMENT_3D('',#4949,#2445,#2446);
#2060=AXIS2_PLACEMENT_3D('',#4950,#2447,#2448);
#2061=AXIS2_PLACEMENT_3D('',#4951,#2449,#2450);
#2062=AXIS2_PLACEMENT_3D('',#4953,#2452,#2453);
#2063=AXIS2_PLACEMENT_3D('',#4959,#2457,#2458);
#2064=AXIS2_PLACEMENT_3D('',#4960,#2459,#2460);
#2065=AXIS2_PLACEMENT_3D('',#4961,#2461,#2462);
#2066=AXIS2_PLACEMENT_3D('',#4962,#2463,#2464);
#2067=AXIS2_PLACEMENT_3D('',#4963,#2465,#2466);
#2068=AXIS2_PLACEMENT_3D('',#4964,#2467,#2468);
#2069=AXIS2_PLACEMENT_3D('',#4965,#2469,#2470);
#2070=AXIS2_PLACEMENT_3D('',#4966,#2471,#2472);
#2071=AXIS2_PLACEMENT_3D('',#4967,#2473,#2474);
#2072=AXIS2_PLACEMENT_3D('',#4968,#2475,#2476);
#2073=AXIS2_PLACEMENT_3D('',#4969,#2477,#2478);
#2074=AXIS2_PLACEMENT_3D('',#4970,#2479,#2480);
#2075=AXIS2_PLACEMENT_3D('',#6453,#2481,#2482);
#2076=AXIS2_PLACEMENT_3D('',#6855,#2483,#2484);
#2077=AXIS2_PLACEMENT_3D('',#6856,#2485,#2486);
#2078=AXIS2_PLACEMENT_3D('',#6857,#2487,#2488);
#2079=AXIS2_PLACEMENT_3D('',#6858,#2489,#2490);
#2080=AXIS2_PLACEMENT_3D('',#6859,#2491,#2492);
#2081=DIRECTION('axis',(0.,0.,1.));
#2082=DIRECTION('refdir',(1.,0.,0.));
#2083=DIRECTION('center_axis',(0.,0.,1.));
#2084=DIRECTION('ref_axis',(0.937375157695028,0.348321423022216,0.));
#2085=DIRECTION('',(0.,0.,-1.));
#2086=DIRECTION('center_axis',(0.,0.,1.));
#2087=DIRECTION('ref_axis',(1.,0.,0.));
#2088=DIRECTION('center_axis',(0.,0.,1.));
#2089=DIRECTION('ref_axis',(1.,0.,0.));
#2090=DIRECTION('',(0.,0.,-1.));
#2091=DIRECTION('center_axis',(0.,0.,1.));
#2092=DIRECTION('ref_axis',(1.,0.,0.));
#2093=DIRECTION('',(0.,0.,-1.));
#2094=DIRECTION('center_axis',(0.,0.,1.));
#2095=DIRECTION('ref_axis',(1.,0.,0.));
#2096=DIRECTION('',(0.,0.,-1.));
#2097=DIRECTION('center_axis',(0.,0.,1.));
#2098=DIRECTION('ref_axis',(1.,0.,0.));
#2099=DIRECTION('',(0.,0.,-1.));
#2100=DIRECTION('center_axis',(0.,0.,1.));
#2101=DIRECTION('ref_axis',(1.,0.,0.));
#2102=DIRECTION('',(0.,0.,-1.));
#2103=DIRECTION('center_axis',(0.,0.,1.));
#2104=DIRECTION('ref_axis',(1.,0.,0.));
#2105=DIRECTION('',(0.,0.,-1.));
#2106=DIRECTION('center_axis',(0.,0.,1.));
#2107=DIRECTION('ref_axis',(1.,0.,0.));
#2108=DIRECTION('',(0.,0.,-1.));
#2109=DIRECTION('center_axis',(0.,0.,1.));
#2110=DIRECTION('ref_axis',(1.,0.,0.));
#2111=DIRECTION('',(0.,0.,-1.));
#2112=DIRECTION('center_axis',(0.,0.,1.));
#2113=DIRECTION('ref_axis',(1.,0.,0.));
#2114=DIRECTION('',(0.,0.,-1.));
#2115=DIRECTION('center_axis',(0.,0.,1.));
#2116=DIRECTION('ref_axis',(1.,0.,0.));
#2117=DIRECTION('',(0.,0.,-1.));
#2118=DIRECTION('center_axis',(0.,0.,1.));
#2119=DIRECTION('ref_axis',(1.,0.,0.));
#2120=DIRECTION('',(0.,0.,-1.));
#2121=DIRECTION('center_axis',(0.,0.,1.));
#2122=DIRECTION('ref_axis',(1.,0.,0.));
#2123=DIRECTION('',(0.,0.,-1.));
#2124=DIRECTION('center_axis',(0.,0.,1.));
#2125=DIRECTION('ref_axis',(1.,0.,0.));
#2126=DIRECTION('',(0.,0.,-1.));
#2127=DIRECTION('center_axis',(0.,0.,1.));
#2128=DIRECTION('ref_axis',(1.,0.,0.));
#2129=DIRECTION('',(0.,0.,-1.));
#2130=DIRECTION('center_axis',(0.,0.,1.));
#2131=DIRECTION('ref_axis',(-0.348612802802595,-0.937266831655809,0.));
#2132=DIRECTION('',(0.,0.,-1.));
#2133=DIRECTION('center_axis',(0.,0.,-1.));
#2134=DIRECTION('ref_axis',(1.,0.,0.));
#2135=DIRECTION('center_axis',(0.,0.,1.));
#2136=DIRECTION('ref_axis',(1.,0.,0.));
#2137=DIRECTION('',(0.,0.,-1.));
#2138=DIRECTION('center_axis',(0.,0.,-1.));
#2139=DIRECTION('ref_axis',(1.,0.,0.));
#2140=DIRECTION('center_axis',(0.,0.,1.));
#2141=DIRECTION('ref_axis',(1.,0.,0.));
#2142=DIRECTION('',(0.,0.,-1.));
#2143=DIRECTION('center_axis',(0.,0.,1.));
#2144=DIRECTION('ref_axis',(1.,0.,0.));
#2145=DIRECTION('',(0.,0.,-1.));
#2146=DIRECTION('center_axis',(0.,0.,1.));
#2147=DIRECTION('ref_axis',(1.,0.,0.));
#2148=DIRECTION('',(0.,0.,-1.));
#2149=DIRECTION('center_axis',(0.,0.,1.));
#2150=DIRECTION('ref_axis',(1.,0.,0.));
#2151=DIRECTION('',(0.,0.,-1.));
#2152=DIRECTION('center_axis',(0.,0.,1.));
#2153=DIRECTION('ref_axis',(1.,0.,0.));
#2154=DIRECTION('',(0.,0.,-1.));
#2155=DIRECTION('center_axis',(0.,0.,1.));
#2156=DIRECTION('ref_axis',(1.,0.,0.));
#2157=DIRECTION('',(0.,0.,-1.));
#2158=DIRECTION('center_axis',(0.,0.,1.));
#2159=DIRECTION('ref_axis',(1.,0.,0.));
#2160=DIRECTION('',(0.,0.,-1.));
#2161=DIRECTION('center_axis',(0.,0.,1.));
#2162=DIRECTION('ref_axis',(1.,0.,0.));
#2163=DIRECTION('',(0.,0.,-1.));
#2164=DIRECTION('center_axis',(0.,0.,1.));
#2165=DIRECTION('ref_axis',(1.,0.,0.));
#2166=DIRECTION('',(0.,0.,-1.));
#2167=DIRECTION('center_axis',(0.,0.,1.));
#2168=DIRECTION('ref_axis',(1.,0.,0.));
#2169=DIRECTION('',(0.,0.,-1.));
#2170=DIRECTION('center_axis',(0.,0.,1.));
#2171=DIRECTION('ref_axis',(-0.457340805169811,-0.889291508970275,0.));
#2172=DIRECTION('',(0.,0.,1.));
#2173=DIRECTION('center_axis',(0.,0.,1.));
#2174=DIRECTION('ref_axis',(1.,6.21099593997486E-14,0.));
#2175=DIRECTION('center_axis',(0.,0.,1.));
#2176=DIRECTION('ref_axis',(1.,6.21099593997486E-14,0.));
#2177=DIRECTION('',(0.,0.,1.));
#2178=DIRECTION('center_axis',(0.,0.,1.));
#2179=DIRECTION('ref_axis',(1.,6.21099593997486E-14,0.));
#2180=DIRECTION('',(0.,0.,1.));
#2181=DIRECTION('center_axis',(0.,0.,1.));
#2182=DIRECTION('ref_axis',(1.,6.21099593997486E-14,0.));
#2183=DIRECTION('',(0.,0.,1.));
#2184=DIRECTION('center_axis',(0.,0.,1.));
#2185=DIRECTION('ref_axis',(1.,6.21099593997486E-14,0.));
#2186=DIRECTION('',(0.,0.,1.));
#2187=DIRECTION('center_axis',(0.,0.,1.));
#2188=DIRECTION('ref_axis',(1.,6.21099593997486E-14,0.));
#2189=DIRECTION('',(0.,0.,1.));
#2190=DIRECTION('center_axis',(0.,0.,1.));
#2191=DIRECTION('ref_axis',(1.,6.21099593997486E-14,0.));
#2192=DIRECTION('',(0.,0.,1.));
#2193=DIRECTION('center_axis',(0.,0.,1.));
#2194=DIRECTION('ref_axis',(1.,6.21099593997486E-14,0.));
#2195=DIRECTION('',(0.,0.,1.));
#2196=DIRECTION('center_axis',(0.,0.,1.));
#2197=DIRECTION('ref_axis',(1.,6.21099593997486E-14,0.));
#2198=DIRECTION('',(0.,0.,1.));
#2199=DIRECTION('center_axis',(0.,0.,1.));
#2200=DIRECTION('ref_axis',(1.,6.21099593997486E-14,0.));
#2201=DIRECTION('',(0.,0.,1.));
#2202=DIRECTION('center_axis',(0.,0.,1.));
#2203=DIRECTION('ref_axis',(1.,6.21099593997486E-14,0.));
#2204=DIRECTION('',(0.,0.,1.));
#2205=DIRECTION('center_axis',(0.,0.,1.));
#2206=DIRECTION('ref_axis',(1.,8.91852360097568E-14,0.));
#2207=DIRECTION('',(1.22464679914735E-16,1.09370389788816E-29,1.));
#2208=DIRECTION('center_axis',(0.,0.,-1.));
#2209=DIRECTION('ref_axis',(1.,8.91852360097567E-14,0.));
#2210=DIRECTION('center_axis',(0.,0.,1.));
#2211=DIRECTION('ref_axis',(1.,8.91852360097568E-14,0.));
#2212=DIRECTION('',(1.22464679914735E-16,1.09370389788816E-29,1.));
#2213=DIRECTION('center_axis',(0.,0.,1.));
#2214=DIRECTION('ref_axis',(1.,8.91852360097568E-14,0.));
#2215=DIRECTION('',(1.22464679914735E-16,1.09370389788816E-29,1.));
#2216=DIRECTION('center_axis',(0.,0.,1.));
#2217=DIRECTION('ref_axis',(1.,8.91852360097568E-14,0.));
#2218=DIRECTION('',(1.22464679914735E-16,1.09370389788816E-29,1.));
#2219=DIRECTION('center_axis',(0.,0.,1.));
#2220=DIRECTION('ref_axis',(1.,8.91852360097568E-14,0.));
#2221=DIRECTION('',(1.22464679914735E-16,1.09370389788816E-29,1.));
#2222=DIRECTION('center_axis',(0.,0.,1.));
#2223=DIRECTION('ref_axis',(1.,8.91852360097568E-14,0.));
#2224=DIRECTION('',(1.22464679914735E-16,1.09370389788816E-29,1.));
#2225=DIRECTION('center_axis',(0.,0.,1.));
#2226=DIRECTION('ref_axis',(1.,8.91852360097568E-14,0.));
#2227=DIRECTION('',(1.22464679914735E-16,1.09370389788816E-29,1.));
#2228=DIRECTION('center_axis',(0.,0.,1.));
#2229=DIRECTION('ref_axis',(1.,8.91852360097568E-14,0.));
#2230=DIRECTION('',(1.22464679914735E-16,1.09370389788816E-29,1.));
#2231=DIRECTION('center_axis',(0.,0.,1.));
#2232=DIRECTION('ref_axis',(1.,8.91852360097568E-14,0.));
#2233=DIRECTION('',(1.22464679914735E-16,1.09370389788816E-29,1.));
#2234=DIRECTION('center_axis',(0.,0.,1.));
#2235=DIRECTION('ref_axis',(1.,8.91852360097568E-14,0.));
#2236=DIRECTION('',(1.22464679914735E-16,1.09370389788816E-29,1.));
#2237=DIRECTION('center_axis',(0.,0.,1.));
#2238=DIRECTION('ref_axis',(1.,8.91852360097568E-14,0.));
#2239=DIRECTION('',(1.22464679914735E-16,1.09370389788816E-29,1.));
#2240=DIRECTION('center_axis',(0.,0.,1.));
#2241=DIRECTION('ref_axis',(1.,8.91852360097568E-14,0.));
#2242=DIRECTION('',(1.22464679914735E-16,1.09370389788816E-29,1.));
#2243=DIRECTION('center_axis',(0.,0.,1.));
#2244=DIRECTION('ref_axis',(1.,8.91852360097568E-14,0.));
#2245=DIRECTION('',(1.22464679914735E-16,1.09370389788816E-29,1.));
#2246=DIRECTION('center_axis',(0.,0.,1.));
#2247=DIRECTION('ref_axis',(1.,8.91852360097568E-14,0.));
#2248=DIRECTION('',(1.22464679914735E-16,1.09370389788816E-29,1.));
#2249=DIRECTION('center_axis',(0.,0.,1.));
#2250=DIRECTION('ref_axis',(1.,8.91852360097568E-14,0.));
#2251=DIRECTION('',(1.22464679914735E-16,1.09370389788816E-29,1.));
#2252=DIRECTION('center_axis',(0.,0.,1.));
#2253=DIRECTION('ref_axis',(-0.609204234478153,0.793013367285753,0.));
#2254=DIRECTION('',(1.22464679914735E-16,1.09370389788816E-29,1.));
#2255=DIRECTION('center_axis',(0.,0.,1.));
#2256=DIRECTION('ref_axis',(1.,8.91852360097568E-14,0.));
#2257=DIRECTION('center_axis',(1.,-5.76888797318756E-16,0.));
#2258=DIRECTION('ref_axis',(0.,-0.707106781186548,-0.707106781186547));
#2259=DIRECTION('center_axis',(-0.447213595499957,0.774596669241484,0.447213595499958));
#2260=DIRECTION('ref_axis',(-0.894427190999916,-0.387298334620741,-0.223606797749979));
#2261=DIRECTION('',(-1.,5.76888797318756E-16,0.));
#2262=DIRECTION('center_axis',(0.447213595499959,0.774596669241483,0.447213595499958));
#2263=DIRECTION('ref_axis',(0.894427190999916,-0.387298334620742,-0.223606797749979));
#2264=DIRECTION('',(1.,-5.76888797318756E-16,0.));
#2265=DIRECTION('center_axis',(-5.76888797318756E-16,-1.,0.));
#2266=DIRECTION('ref_axis',(1.,-5.76888797318756E-16,0.));
#2267=DIRECTION('',(-0.707106781186548,4.07921980574644E-16,-0.707106781186547));
#2268=DIRECTION('',(0.,0.,-1.));
#2269=DIRECTION('',(0.707106781186548,-4.07921980574645E-16,-0.707106781186547));
#2270=DIRECTION('',(1.,-5.76888797318756E-16,0.));
#2271=DIRECTION('',(0.707106781186548,-4.07921980574645E-16,0.707106781186547));
#2272=DIRECTION('',(0.,0.,1.));
#2273=DIRECTION('',(-0.707106781186547,4.07921980574644E-16,0.707106781186548));
#2274=DIRECTION('center_axis',(-0.447213595499957,0.774596669241484,0.447213595499958));
#2275=DIRECTION('ref_axis',(-0.223606797749979,0.387298334620742,-0.894427190999916));
#2276=DIRECTION('',(0.866025403784439,0.499999999999999,0.));
#2277=DIRECTION('center_axis',(-0.447213595499957,0.774596669241484,0.447213595499958));
#2278=DIRECTION('ref_axis',(0.782623792124927,0.580947501931112,-0.223606797749979));
#2279=DIRECTION('',(-0.353553390593274,-0.612372435695794,0.707106781186548));
#2280=DIRECTION('center_axis',(-0.447213595499957,0.774596669241484,0.447213595499958));
#2281=DIRECTION('ref_axis',(0.223606797749978,-0.387298334620742,0.894427190999916));
#2282=DIRECTION('center_axis',(0.5,0.866025403784438,0.));
#2283=DIRECTION('ref_axis',(0.612372435695794,-0.353553390593274,-0.707106781186548));
#2284=DIRECTION('center_axis',(-0.894427190999916,6.82852444312742E-16,
0.447213595499958));
#2285=DIRECTION('ref_axis',(-0.11180339887499,-0.968245836551854,-0.223606797749979));
#2286=DIRECTION('',(-0.5,-0.866025403784438,0.));
#2287=DIRECTION('',(0.5,0.866025403784438,0.));
#2288=DIRECTION('center_axis',(0.866025403784438,-0.5,0.));
#2289=DIRECTION('ref_axis',(0.5,0.866025403784438,0.));
#2290=DIRECTION('',(-0.353553390593274,-0.612372435695794,-0.707106781186547));
#2291=DIRECTION('',(0.,0.,-1.));
#2292=DIRECTION('',(0.353553390593274,0.612372435695795,-0.707106781186547));
#2293=DIRECTION('',(0.5,0.866025403784438,0.));
#2294=DIRECTION('',(0.353553390593274,0.612372435695794,0.707106781186547));
#2295=DIRECTION('',(0.,0.,1.));
#2296=DIRECTION('center_axis',(-0.5,0.866025403784439,0.));
#2297=DIRECTION('ref_axis',(0.612372435695794,0.353553390593272,-0.707106781186549));
#2298=DIRECTION('center_axis',(-0.447213595499959,-0.774596669241483,0.447213595499958));
#2299=DIRECTION('ref_axis',(0.782623792124926,-0.580947501931114,-0.223606797749979));
#2300=DIRECTION('',(0.499999999999999,-0.866025403784439,0.));
#2301=DIRECTION('center_axis',(-0.894427190999916,6.82852444312742E-16,
0.447213595499958));
#2302=DIRECTION('ref_axis',(-0.111803398874989,0.968245836551854,-0.223606797749979));
#2303=DIRECTION('',(-0.499999999999999,0.866025403784439,0.));
#2304=DIRECTION('center_axis',(-0.447213595499959,-0.774596669241483,0.447213595499958));
#2305=DIRECTION('ref_axis',(-0.223606797749979,-0.387298334620741,-0.894427190999916));
#2306=DIRECTION('',(-0.866025403784438,0.500000000000001,0.));
#2307=DIRECTION('center_axis',(-0.447213595499959,-0.774596669241483,0.447213595499958));
#2308=DIRECTION('ref_axis',(-0.894427190999915,0.387298334620743,-0.223606797749979));
#2309=DIRECTION('',(0.707106781186547,-4.07921980574644E-16,0.707106781186548));
#2310=DIRECTION('center_axis',(-0.447213595499959,-0.774596669241483,0.447213595499958));
#2311=DIRECTION('ref_axis',(0.223606797749979,0.387298334620742,0.894427190999916));
#2312=DIRECTION('',(0.353553390593274,-0.612372435695795,-0.707106781186547));
#2313=DIRECTION('center_axis',(0.,0.,1.));
#2314=DIRECTION('ref_axis',(1.,0.,0.));
#2315=DIRECTION('',(0.866025403784438,-0.500000000000001,0.));
#2316=DIRECTION('',(0.5,-0.866025403784439,0.));
#2317=DIRECTION('',(6.40987562127855E-16,1.,0.));
#2318=DIRECTION('',(-0.5,-0.866025403784438,0.));
#2319=DIRECTION('',(-0.866025403784439,-0.499999999999999,0.));
#2320=DIRECTION('',(-1.,5.76888797318756E-16,0.));
#2321=DIRECTION('',(7.6345224204259E-16,1.,0.));
#2322=DIRECTION('center_axis',(-1.,5.76888797318756E-16,0.));
#2323=DIRECTION('ref_axis',(0.,0.707106781186548,-0.707106781186547));
#2324=DIRECTION('center_axis',(0.447213595499957,-0.774596669241484,0.447213595499958));
#2325=DIRECTION('ref_axis',(0.894427190999917,0.387298334620741,-0.223606797749978));
#2326=DIRECTION('',(1.,-5.76888797318756E-16,0.));
#2327=DIRECTION('center_axis',(5.76888797318756E-16,1.,0.));
#2328=DIRECTION('ref_axis',(-1.,5.76888797318756E-16,0.));
#2329=DIRECTION('',(0.707106781186548,-4.07921980574644E-16,-0.707106781186547));
#2330=DIRECTION('',(0.,0.,-1.));
#2331=DIRECTION('',(-0.707106781186548,4.07921980574645E-16,-0.707106781186547));
#2332=DIRECTION('',(-1.,5.76888797318756E-16,0.));
#2333=DIRECTION('',(-0.707106781186548,4.07921980574644E-16,0.707106781186548));
#2334=DIRECTION('',(0.,0.,1.));
#2335=DIRECTION('center_axis',(0.447213595499957,-0.774596669241484,0.447213595499958));
#2336=DIRECTION('ref_axis',(0.223606797749979,-0.387298334620742,-0.894427190999916));
#2337=DIRECTION('center_axis',(0.447213595499957,-0.774596669241484,0.447213595499958));
#2338=DIRECTION('ref_axis',(-0.782623792124927,-0.580947501931111,-0.223606797749979));
#2339=DIRECTION('',(0.353553390593274,0.612372435695794,0.707106781186548));
#2340=DIRECTION('center_axis',(0.447213595499957,-0.774596669241484,0.447213595499958));
#2341=DIRECTION('ref_axis',(-0.22360679774998,0.387298334620741,0.894427190999916));
#2342=DIRECTION('center_axis',(-0.5,-0.866025403784439,0.));
#2343=DIRECTION('ref_axis',(-0.612372435695794,0.353553390593274,-0.707106781186548));
#2344=DIRECTION('center_axis',(0.894427190999916,-5.73316704659901E-16,
0.447213595499958));
#2345=DIRECTION('ref_axis',(0.11180339887499,0.968245836551854,-0.223606797749979));
#2346=DIRECTION('',(0.5,0.866025403784438,0.));
#2347=DIRECTION('center_axis',(-0.866025403784439,0.5,0.));
#2348=DIRECTION('ref_axis',(-0.5,-0.866025403784438,0.));
#2349=DIRECTION('',(-0.353553390593274,-0.612372435695794,0.707106781186547));
#2350=DIRECTION('',(0.,0.,-1.));
#2351=DIRECTION('',(0.353553390593274,0.612372435695795,0.707106781186547));
#2352=DIRECTION('',(-0.5,-0.866025403784438,0.));
#2353=DIRECTION('',(-0.353553390593274,-0.612372435695794,0.707106781186548));
#2354=DIRECTION('',(0.,0.,1.));
#2355=DIRECTION('center_axis',(0.5,-0.866025403784439,0.));
#2356=DIRECTION('ref_axis',(-0.612372435695794,-0.353553390593273,-0.707106781186548));
#2357=DIRECTION('center_axis',(0.447213595499959,0.774596669241483,0.447213595499958));
#2358=DIRECTION('ref_axis',(-0.782623792124926,0.580947501931113,-0.223606797749979));
#2359=DIRECTION('',(-0.5,0.866025403784439,0.));
#2360=DIRECTION('center_axis',(0.894427190999916,-5.73316704659901E-16,
0.447213595499958));
#2361=DIRECTION('ref_axis',(0.111803398874989,-0.968245836551854,-0.223606797749979));
#2362=DIRECTION('center_axis',(0.447213595499959,0.774596669241483,0.447213595499958));
#2363=DIRECTION('ref_axis',(0.223606797749979,0.387298334620742,-0.894427190999916));
#2364=DIRECTION('center_axis',(0.447213595499959,0.774596669241483,0.447213595499958));
#2365=DIRECTION('ref_axis',(-0.22360679774998,-0.387298334620741,0.894427190999916));
#2366=DIRECTION('',(-0.353553390593274,0.612372435695795,-0.707106781186547));
#2367=DIRECTION('center_axis',(0.5,-0.866025403784439,0.));
#2368=DIRECTION('ref_axis',(-0.612372435695803,-0.353553390593278,0.707106781186538));
#2369=DIRECTION('center_axis',(0.447213595499958,0.774596669241483,-0.447213595499958));
#2370=DIRECTION('ref_axis',(-0.782623792124926,0.580947501931113,0.223606797749979));
#2371=DIRECTION('',(-0.5,0.866025403784439,0.));
#2372=DIRECTION('center_axis',(0.894427190999916,-5.73316704659901E-16,
-0.447213595499958));
#2373=DIRECTION('ref_axis',(0.111803398874989,-0.968245836551854,0.223606797749979));
#2374=DIRECTION('',(0.5,-0.866025403784439,0.));
#2375=DIRECTION('center_axis',(0.894427190999916,-5.73316704659901E-16,
-0.447213595499958));
#2376=DIRECTION('ref_axis',(-0.447213595499958,0.,-0.894427190999916));
#2377=DIRECTION('',(-6.40987562127855E-16,-1.,0.));
#2378=DIRECTION('center_axis',(0.894427190999916,-5.73316704659901E-16,
-0.447213595499958));
#2379=DIRECTION('ref_axis',(0.11180339887499,0.968245836551854,0.223606797749979));
#2380=DIRECTION('center_axis',(0.894427190999916,-5.73316704659901E-16,
-0.447213595499958));
#2381=DIRECTION('ref_axis',(-0.447213595499958,2.46347021533552E-16,-0.894427190999916));
#2382=DIRECTION('',(-0.353553390593274,0.612372435695795,-0.707106781186547));
#2383=DIRECTION('center_axis',(0.,0.,1.));
#2384=DIRECTION('ref_axis',(1.,0.,0.));
#2385=DIRECTION('',(-0.866025403784438,0.500000000000001,0.));
#2386=DIRECTION('',(-1.,5.76888797318756E-16,0.));
#2387=DIRECTION('',(-0.866025403784439,-0.499999999999999,0.));
#2388=DIRECTION('',(-0.5,-0.866025403784438,0.));
#2389=DIRECTION('',(-7.6345224204259E-16,-1.,0.));
#2390=DIRECTION('',(0.499999999999999,-0.866025403784439,0.));
#2391=DIRECTION('',(0.866025403784438,-0.500000000000001,0.));
#2392=DIRECTION('',(1.,-5.76888797318756E-16,0.));
#2393=DIRECTION('',(0.866025403784439,0.499999999999999,0.));
#2394=DIRECTION('',(0.5,0.866025403784438,0.));
#2395=DIRECTION('center_axis',(0.,0.,-1.));
#2396=DIRECTION('ref_axis',(1.,6.21099593997486E-14,0.));
#2397=DIRECTION('center_axis',(1.,-5.76888797318756E-16,0.));
#2398=DIRECTION('ref_axis',(0.,-0.707106781186555,0.70710678118654));
#2399=DIRECTION('center_axis',(-0.447213595499957,0.774596669241484,-0.447213595499958));
#2400=DIRECTION('ref_axis',(-0.894427190999916,-0.387298334620741,0.223606797749979));
#2401=DIRECTION('center_axis',(0.447213595499958,0.774596669241483,-0.447213595499958));
#2402=DIRECTION('ref_axis',(0.894427190999916,-0.387298334620742,0.223606797749979));
#2403=DIRECTION('center_axis',(-0.447213595499957,0.774596669241484,-0.447213595499958));
#2404=DIRECTION('ref_axis',(0.223606797749979,-0.387298334620742,-0.894427190999916));
#2405=DIRECTION('center_axis',(-0.447213595499957,0.774596669241484,-0.447213595499958));
#2406=DIRECTION('ref_axis',(0.223606797749979,-0.387298334620742,-0.894427190999916));
#2407=DIRECTION('center_axis',(-0.447213595499957,0.774596669241484,-0.447213595499958));
#2408=DIRECTION('ref_axis',(0.782623792124927,0.580947501931112,0.223606797749979));
#2409=DIRECTION('center_axis',(0.5,0.866025403784438,0.));
#2410=DIRECTION('ref_axis',(0.6123724356958,-0.353553390593278,0.70710678118654));
#2411=DIRECTION('center_axis',(-0.894427190999916,6.82852444312741E-16,
-0.447213595499958));
#2412=DIRECTION('ref_axis',(-0.11180339887499,-0.968245836551854,0.223606797749979));
#2413=DIRECTION('center_axis',(-0.5,0.866025403784439,0.));
#2414=DIRECTION('ref_axis',(0.612372435695801,0.353553390593277,0.70710678118654));
#2415=DIRECTION('center_axis',(-0.447213595499959,-0.774596669241483,-0.447213595499958));
#2416=DIRECTION('ref_axis',(0.782623792124926,-0.580947501931113,0.223606797749979));
#2417=DIRECTION('center_axis',(-0.894427190999916,6.82852444312741E-16,
-0.447213595499958));
#2418=DIRECTION('ref_axis',(-0.111803398874989,0.968245836551854,0.223606797749979));
#2419=DIRECTION('',(-0.499999999999999,0.866025403784439,0.));
#2420=DIRECTION('center_axis',(-0.447213595499959,-0.774596669241483,-0.447213595499958));
#2421=DIRECTION('ref_axis',(0.223606797749979,0.387298334620742,-0.894427190999916));
#2422=DIRECTION('',(-0.353553390593274,0.612372435695795,-0.707106781186547));
#2423=DIRECTION('center_axis',(-0.447213595499959,-0.774596669241483,-0.447213595499958));
#2424=DIRECTION('ref_axis',(0.223606797749979,0.387298334620742,-0.894427190999916));
#2425=DIRECTION('center_axis',(-0.447213595499959,-0.774596669241483,-0.447213595499958));
#2426=DIRECTION('ref_axis',(-0.894427190999915,0.387298334620742,0.223606797749979));
#2427=DIRECTION('center_axis',(-1.,5.76888797318756E-16,0.));
#2428=DIRECTION('ref_axis',(0.,0.707106781186555,0.70710678118654));
#2429=DIRECTION('center_axis',(0.447213595499957,-0.774596669241484,-0.447213595499958));
#2430=DIRECTION('ref_axis',(0.894427190999917,0.38729833462074,0.223606797749979));
#2431=DIRECTION('center_axis',(-0.5,-0.866025403784439,0.));
#2432=DIRECTION('ref_axis',(-0.612372435695803,0.353553390593277,0.707106781186539));
#2433=DIRECTION('center_axis',(0.447213595499957,-0.774596669241484,-0.447213595499958));
#2434=DIRECTION('ref_axis',(-0.782623792124927,-0.580947501931112,0.22360679774998));
#2435=DIRECTION('center_axis',(0.,0.,1.));
#2436=DIRECTION('ref_axis',(-1.,5.50848686203626E-16,0.));
#2437=DIRECTION('center_axis',(0.894427190999916,-5.73316704659901E-16,
0.447213595499958));
#2438=DIRECTION('ref_axis',(-0.447213595499958,2.46347021533552E-16,0.894427190999916));
#2439=DIRECTION('',(0.,0.,1.));
#2440=DIRECTION('center_axis',(-0.866025403784439,-0.5,0.));
#2441=DIRECTION('ref_axis',(0.5,-0.866025403784439,0.));
#2442=DIRECTION('',(0.,0.,-1.));
#2443=DIRECTION('',(0.353553390593274,-0.612372435695795,-0.707106781186547));
#2444=DIRECTION('',(0.353553390593273,-0.612372435695794,-0.707106781186548));
#2445=DIRECTION('center_axis',(0.,0.,1.));
#2446=DIRECTION('ref_axis',(-0.500000000000002,0.866025403784438,0.));
#2447=DIRECTION('center_axis',(0.447213595499957,-0.774596669241484,-0.447213595499958));
#2448=DIRECTION('ref_axis',(-0.22360679774998,0.387298334620742,-0.894427190999916));
#2449=DIRECTION('center_axis',(0.,0.,1.));
#2450=DIRECTION('ref_axis',(0.499999999999999,0.866025403784439,0.));
#2451=DIRECTION('',(0.,0.,-1.));
#2452=DIRECTION('center_axis',(0.866025403784439,0.5,0.));
#2453=DIRECTION('ref_axis',(-0.499999999999999,0.866025403784439,0.));
#2454=DIRECTION('',(-0.353553390593274,0.612372435695795,0.707106781186547));
#2455=DIRECTION('',(0.,0.,1.));
#2456=DIRECTION('',(0.353553390593273,-0.612372435695794,0.707106781186548));
#2457=DIRECTION('center_axis',(0.,0.,1.));
#2458=DIRECTION('ref_axis',(1.,-7.51157299368581E-16,0.));
#2459=DIRECTION('center_axis',(-0.894427190999916,6.82852444312741E-16,
-0.447213595499958));
#2460=DIRECTION('ref_axis',(0.447213595499958,-3.35927756636662E-16,-0.894427190999916));
#2461=DIRECTION('center_axis',(-0.894427190999916,6.82852444312742E-16,
0.447213595499958));
#2462=DIRECTION('ref_axis',(0.447213595499958,-3.35927756636661E-16,0.894427190999916));
#2463=DIRECTION('center_axis',(-0.894427190999916,6.82852444312741E-16,
-0.447213595499958));
#2464=DIRECTION('ref_axis',(0.447213595499958,-5.47678698264203E-17,-0.894427190999916));
#2465=DIRECTION('center_axis',(0.,0.,1.));
#2466=DIRECTION('ref_axis',(-0.500000000000002,-0.866025403784438,0.));
#2467=DIRECTION('center_axis',(0.447213595499958,0.774596669241483,-0.447213595499958));
#2468=DIRECTION('ref_axis',(-0.22360679774998,-0.387298334620742,-0.894427190999916));
#2469=DIRECTION('center_axis',(0.447213595499958,0.774596669241483,-0.447213595499958));
#2470=DIRECTION('ref_axis',(-0.223606797749979,-0.387298334620742,-0.894427190999916));
#2471=DIRECTION('center_axis',(0.,0.,1.));
#2472=DIRECTION('ref_axis',(0.499999999999999,-0.866025403784439,0.));
#2473=DIRECTION('center_axis',(-0.894427190999916,6.82852444312742E-16,
0.447213595499958));
#2474=DIRECTION('ref_axis',(-0.447213595499958,5.47678698264203E-17,-0.894427190999916));
#2475=DIRECTION('center_axis',(0.447213595499957,-0.774596669241484,-0.447213595499958));
#2476=DIRECTION('ref_axis',(-0.223606797749979,0.387298334620742,-0.894427190999916));
#2477=DIRECTION('center_axis',(0.894427190999916,-5.73316704659901E-16,
0.447213595499958));
#2478=DIRECTION('ref_axis',(0.447213595499958,0.,-0.894427190999916));
#2479=DIRECTION('center_axis',(0.,0.,1.));
#2480=DIRECTION('ref_axis',(1.,8.91852360097568E-14,0.));
#2481=DIRECTION('center_axis',(0.,0.,1.));
#2482=DIRECTION('ref_axis',(1.,6.21099593997486E-14,0.));
#2483=DIRECTION('center_axis',(0.,0.,1.));
#2484=DIRECTION('ref_axis',(1.,0.,0.));
#2485=DIRECTION('center_axis',(0.,0.,1.));
#2486=DIRECTION('ref_axis',(1.,0.,0.));
#2487=DIRECTION('center_axis',(0.,0.,-1.));
#2488=DIRECTION('ref_axis',(-1.,0.,0.));
#2489=DIRECTION('center_axis',(0.,0.,-1.));
#2490=DIRECTION('ref_axis',(-1.,0.,0.));
#2491=DIRECTION('center_axis',(0.,0.,1.));
#2492=DIRECTION('ref_axis',(1.,0.,0.));
#2493=CARTESIAN_POINT('',(0.,0.,0.));
#2494=CARTESIAN_POINT('Origin',(0.,0.,0.));
#2495=CARTESIAN_POINT('',(-1.26296245042877,-0.000782408650180988,0.44341967361941));
#2496=CARTESIAN_POINT('',(-1.26574350572425,-0.00083387022518977,0.306580326380584));
#2497=CARTESIAN_POINT('',(-1.2645,-1.54856587752183E-16,0.));
#2498=CARTESIAN_POINT('',(0.958116152722389,-0.825211298936489,0.));
#2499=CARTESIAN_POINT('Ctrl Pts',(-1.26574350572425,-0.00083387022518977,
0.306580326380584));
#2500=CARTESIAN_POINT('Ctrl Pts',(-1.26286380371363,0.362914622378153,0.283617875030124));
#2501=CARTESIAN_POINT('Ctrl Pts',(-1.09748543908016,0.728842902137246,0.260655423679664));
#2502=CARTESIAN_POINT('Ctrl Pts',(-0.820888046334952,0.964373698597904,
0.237692972329204));
#2503=CARTESIAN_POINT('Ctrl Pts',(-0.502758749961827,1.23527012971956,0.211282642070403));
#2504=CARTESIAN_POINT('Ctrl Pts',(-0.0375031711636742,1.33367002602161,
0.184872311811602));
#2505=CARTESIAN_POINT('Ctrl Pts',(0.362781673493785,1.21373621981289,0.158461981552802));
#2506=CARTESIAN_POINT('Ctrl Pts',(0.763066518151243,1.09380241360417,0.132051651294002));
#2507=CARTESIAN_POINT('Ctrl Pts',(1.09838062866801,0.755534904884674,0.105641321035201));
#2508=CARTESIAN_POINT('Ctrl Pts',(1.21561123099304,0.355276852538998,0.0792309907764012));
#2509=CARTESIAN_POINT('Ctrl Pts',(1.33284183331808,-0.0449811998066786,
0.0528206605176008));
#2510=CARTESIAN_POINT('Ctrl Pts',(1.23198892745138,-0.507229795778538,0.0264103302588004));
#2511=CARTESIAN_POINT('Ctrl Pts',(0.958116152722389,-0.825211298936489,
0.));
#2512=CARTESIAN_POINT('',(-0.959921329073581,-0.826584711775247,-6.93253256713465E-17));
#2513=CARTESIAN_POINT('Origin',(0.,0.,0.));
#2514=CARTESIAN_POINT('Ctrl Pts',(-0.95992298551509,-0.826585972027761,
-6.93889390390723E-17));
#2515=CARTESIAN_POINT('Ctrl Pts',(-0.694623283631334,-1.13338657690105,
0.0256336407866307));
#2516=CARTESIAN_POINT('Ctrl Pts',(-0.268437980721062,-1.30248849581907,
0.0512672815732616));
#2517=CARTESIAN_POINT('Ctrl Pts',(0.134803069781134,-1.25924670881629,0.0769009223598925));
#2518=CARTESIAN_POINT('Ctrl Pts',(0.550262169263518,-1.21469471227276,0.103311252618693));
#2519=CARTESIAN_POINT('Ctrl Pts',(0.941365547908948,-0.944736198623857,
0.129721582877493));
#2520=CARTESIAN_POINT('Ctrl Pts',(1.1300006941715,-0.572056913715576,0.156131913136294));
#2521=CARTESIAN_POINT('Ctrl Pts',(1.31863584043404,-0.199377628807295,0.182542243395094));
#2522=CARTESIAN_POINT('Ctrl Pts',(1.30480275431371,0.276022427360358,0.208952573653894));
#2523=CARTESIAN_POINT('Ctrl Pts',(1.09468112376791,0.637119946210219,0.235362903912695));
#2524=CARTESIAN_POINT('Ctrl Pts',(0.884559493222112,0.998217465060081,0.261773234171495));
#2525=CARTESIAN_POINT('Ctrl Pts',(0.478149318250839,1.24501244659215,0.288183564430295));
#2526=CARTESIAN_POINT('Ctrl Pts',(0.0608571935762753,1.2650735398654,0.314593894689096));
#2527=CARTESIAN_POINT('Ctrl Pts',(-0.356434931098285,1.28513463313865,0.341004224947896));
#2528=CARTESIAN_POINT('Ctrl Pts',(-0.784609005476138,1.07846183815309,0.367414555206696));
#2529=CARTESIAN_POINT('Ctrl Pts',(-1.02843654331714,0.739244568634197,0.393824885465497));
#2530=CARTESIAN_POINT('Ctrl Pts',(-1.18106085063447,0.526910878810528,0.410356481516801));
#2531=CARTESIAN_POINT('Ctrl Pts',(-1.26145527883485,0.262644174388293,0.426888077568106));
#2532=CARTESIAN_POINT('Ctrl Pts',(-1.26296245042877,-0.000782408650180988,
0.44341967361941));
#2533=CARTESIAN_POINT('Origin',(0.,0.,0.));
#2534=CARTESIAN_POINT('',(-1.26633586320666,-0.000473491589804792,0.943419673619409));
#2535=CARTESIAN_POINT('',(-1.26516276379665,0.00106305751312999,0.806580326380583));
#2536=CARTESIAN_POINT('',(-1.2645,-1.54856587752183E-16,0.));
#2537=CARTESIAN_POINT('Ctrl Pts',(-1.26516276379665,0.00106305751312999,
0.806580326380583));
#2538=CARTESIAN_POINT('Ctrl Pts',(-1.26583951410168,0.0765251585434919,
0.801823520175059));
#2539=CARTESIAN_POINT('Ctrl Pts',(-1.25966565415108,0.151876620087483,0.797066713969534));
#2540=CARTESIAN_POINT('Ctrl Pts',(-1.24624445323448,0.225914178234726,0.79230990776401));
#2541=CARTESIAN_POINT('Ctrl Pts',(-1.17172841592659,0.636979140257566,0.76589957750521));
#2542=CARTESIAN_POINT('Ctrl Pts',(-0.873806065557497,1.00754175597673,0.73948924724641));
#2543=CARTESIAN_POINT('Ctrl Pts',(-0.488342392433758,1.16862133962142,0.71307891698761));
#2544=CARTESIAN_POINT('Ctrl Pts',(-0.102878719310018,1.32970092326612,0.68666858672881));
#2545=CARTESIAN_POINT('Ctrl Pts',(0.370126276568368,1.28129747483634,0.660258256470009));
#2546=CARTESIAN_POINT('Ctrl Pts',(0.714965291020687,1.04546521450107,0.633847926211208));
#2547=CARTESIAN_POINT('Ctrl Pts',(1.05980430547301,0.809632954165799,0.607437595952408));
#2548=CARTESIAN_POINT('Ctrl Pts',(1.27647733849926,0.386371881925043,0.581027265693608));
#2549=CARTESIAN_POINT('Ctrl Pts',(1.26617027281228,-0.0312571067724104,
0.554616935434808));
#2550=CARTESIAN_POINT('Ctrl Pts',(1.2558632071253,-0.448886095469864,0.528206605176007));
#2551=CARTESIAN_POINT('Ctrl Pts',(1.01857604272509,-0.860883000624015,0.501796274917207));
#2552=CARTESIAN_POINT('Ctrl Pts',(0.662526222752867,-1.07943203275949,0.475385944658407));
#2553=CARTESIAN_POINT('Ctrl Pts',(0.306476402780642,-1.29798106489497,0.448975614399606));
#2554=CARTESIAN_POINT('Ctrl Pts',(-0.1683360727636,-1.32308222401177,0.422565284140806));
#2555=CARTESIAN_POINT('Ctrl Pts',(-0.545388114251792,-1.14315368378313,
0.396154953882005));
#2556=CARTESIAN_POINT('Ctrl Pts',(-0.922440155739984,-0.963225143554477,
0.369744623623205));
#2557=CARTESIAN_POINT('Ctrl Pts',(-1.20173176317213,-0.578266903980376,
0.343334293364405));
#2558=CARTESIAN_POINT('Ctrl Pts',(-1.25587605991415,-0.164091301222695,
0.316923963105604));
#2559=CARTESIAN_POINT('Ctrl Pts',(-1.2629446189558,-0.110020514863577,0.313476084197264));
#2560=CARTESIAN_POINT('Ctrl Pts',(-1.26617590136326,-0.0554517651723041,
0.310028205288924));
#2561=CARTESIAN_POINT('Ctrl Pts',(-1.26574350572425,-0.00083387022518977,
0.306580326380584));
#2562=CARTESIAN_POINT('Ctrl Pts',(-1.26296245042877,-0.000782408650180988,
0.44341967361941));
#2563=CARTESIAN_POINT('Ctrl Pts',(-1.26386308624972,-0.15819740892903,0.453298407826906));
#2564=CARTESIAN_POINT('Ctrl Pts',(-1.23659417364632,-0.315312413479542,
0.463177142034402));
#2565=CARTESIAN_POINT('Ctrl Pts',(-1.17973514231762,-0.460866539201393,
0.473055876241898));
#2566=CARTESIAN_POINT('Ctrl Pts',(-1.02772520217297,-0.849998633465875,
0.499466206500698));
#2567=CARTESIAN_POINT('Ctrl Pts',(-0.664224320579521,-1.15650107794262,
0.525876536759499));
#2568=CARTESIAN_POINT('Ctrl Pts',(-0.255012963495035,-1.24061381042709,
0.552286867018299));
#2569=CARTESIAN_POINT('Ctrl Pts',(0.15419839358945,-1.32472654291155,0.578697197277099));
#2570=CARTESIAN_POINT('Ctrl Pts',(0.609120226164969,-1.18644956340374,0.605107527535899));
#2571=CARTESIAN_POINT('Ctrl Pts',(0.902295603736575,-0.888833614811356,
0.631517857794699));
#2572=CARTESIAN_POINT('Ctrl Pts',(1.19547098130818,-0.591217666218969,0.6579281880535));
#2573=CARTESIAN_POINT('Ctrl Pts',(1.32689990387588,-0.134262748542007,0.684338518312301));
#2574=CARTESIAN_POINT('Ctrl Pts',(1.23664291593778,0.273637131804299,0.710748848571102));
#2575=CARTESIAN_POINT('Ctrl Pts',(1.14638592799969,0.681537012150601,0.737159178829902));
#2576=CARTESIAN_POINT('Ctrl Pts',(0.834443029555814,1.04038185516625,0.763569509088702));
#2577=CARTESIAN_POINT('Ctrl Pts',(0.443073804825882,1.18652687935998,0.789979839347502));
#2578=CARTESIAN_POINT('Ctrl Pts',(0.0517045800959473,1.33267190355371,0.816390169606302));
#2579=CARTESIAN_POINT('Ctrl Pts',(-0.419090970920041,1.26611710892553,0.842800499865103));
#2580=CARTESIAN_POINT('Ctrl Pts',(-0.754612446169797,1.01721277460058,0.869210830123903));
#2581=CARTESIAN_POINT('Ctrl Pts',(-1.06886650764503,0.784085527165289,0.893947111289072));
#2582=CARTESIAN_POINT('Ctrl Pts',(-1.26445199375296,0.390992965074352,0.91868339245424));
#2583=CARTESIAN_POINT('Ctrl Pts',(-1.26633586320666,-0.000473491589804792,
0.943419673619409));
#2584=CARTESIAN_POINT('Origin',(0.,0.,0.));
#2585=CARTESIAN_POINT('',(-1.26431769346796,0.00114389772712152,1.44341967361941));
#2586=CARTESIAN_POINT('',(-1.26244541766669,6.32733712633421E-5,1.30658032638058));
#2587=CARTESIAN_POINT('',(-1.2645,-1.54856587752183E-16,0.));
#2588=CARTESIAN_POINT('Ctrl Pts',(-1.26244541766669,6.32733712633421E-5,
1.30658032638058));
#2589=CARTESIAN_POINT('Ctrl Pts',(-1.26253801195171,0.206809327399162,1.29361883506119));
#2590=CARTESIAN_POINT('Ctrl Pts',(-1.2145795692548,0.413514909343376,1.28065734374181));
#2591=CARTESIAN_POINT('Ctrl Pts',(-1.11833463274875,0.594549521174696,1.26769585242242));
#2592=CARTESIAN_POINT('Ctrl Pts',(-0.922225983193928,0.963425584038459,
1.24128552216362));
#2593=CARTESIAN_POINT('Ctrl Pts',(-0.525640871833056,1.22572059590058,1.21487519190482));
#2594=CARTESIAN_POINT('Ctrl Pts',(-0.109437615309413,1.2618180067965,1.18846486164602));
#2595=CARTESIAN_POINT('Ctrl Pts',(0.306765641214227,1.29791541769243,1.16205453138722));
#2596=CARTESIAN_POINT('Ctrl Pts',(0.742587042900637,1.10781522762217,1.13564420112842));
#2597=CARTESIAN_POINT('Ctrl Pts',(0.999275039290211,0.778210130102886,1.10923387086962));
#2598=CARTESIAN_POINT('Ctrl Pts',(1.25596303567978,0.448605032583602,1.08282354061081));
#2599=CARTESIAN_POINT('Ctrl Pts',(1.33351762677252,-0.0205049723847044,
1.05641321035201));
#2600=CARTESIAN_POINT('Ctrl Pts',(1.19657083139075,-0.415186606204978,1.03000288009321));
#2601=CARTESIAN_POINT('Ctrl Pts',(1.05962403600898,-0.809868240025255,1.00359254983441));
#2602=CARTESIAN_POINT('Ctrl Pts',(0.708175854152694,-1.1301215026975,0.977182219575613));
#2603=CARTESIAN_POINT('Ctrl Pts',(0.302500494669196,-1.22989990654552,0.950771889316813));
#2604=CARTESIAN_POINT('Ctrl Pts',(-0.1031748648143,-1.32967831039354,0.924361559058013));
#2605=CARTESIAN_POINT('Ctrl Pts',(-0.563077401925011,-1.20898185541734,
0.897951228799213));
#2606=CARTESIAN_POINT('Ctrl Pts',(-0.867473808357026,-0.922849973765989,
0.871540898540413));
#2607=CARTESIAN_POINT('Ctrl Pts',(-1.11704489829863,-0.688253756261959,
0.849887374487136));
#2608=CARTESIAN_POINT('Ctrl Pts',(-1.26208211926863,-0.342449027943298,
0.82823385043386));
#2609=CARTESIAN_POINT('Ctrl Pts',(-1.26516276379665,0.00106305751312999,
0.806580326380583));
#2610=CARTESIAN_POINT('Ctrl Pts',(-1.26633586320666,-0.000473491589804792,
0.943419673619409));
#2611=CARTESIAN_POINT('Ctrl Pts',(-1.2664633556915,-0.0269663205882302,
0.945093722713041));
#2612=CARTESIAN_POINT('Ctrl Pts',(-1.26570369051331,-0.0534517019880488,
0.946767771806672));
#2613=CARTESIAN_POINT('Ctrl Pts',(-1.26403361066133,-0.0798795494095288,
0.948441820900304));
#2614=CARTESIAN_POINT('Ctrl Pts',(-1.23768590041959,-0.496813665072978,
0.974852151159104));
#2615=CARTESIAN_POINT('Ctrl Pts',(-0.984743080452585,-0.899428022378169,
1.00126248141791));
#2616=CARTESIAN_POINT('Ctrl Pts',(-0.620557165807746,-1.10411511128929,
1.02767281167671));
#2617=CARTESIAN_POINT('Ctrl Pts',(-0.256371251162905,-1.30880220020042,
1.05408314193551));
#2618=CARTESIAN_POINT('Ctrl Pts',(0.219057758159777,-1.31556202071748,1.08049347219431));
#2619=CARTESIAN_POINT('Ctrl Pts',(0.588915775261749,-1.12131164011038,1.10690380245311));
#2620=CARTESIAN_POINT('Ctrl Pts',(0.958773792363719,-0.927061259503293,
1.13331413271191));
#2621=CARTESIAN_POINT('Ctrl Pts',(1.22306081724499,-0.531800677772064,1.15972446297071));
#2622=CARTESIAN_POINT('Ctrl Pts',(1.26125158602846,-0.115784258390087,1.18613479322951));
#2623=CARTESIAN_POINT('Ctrl Pts',(1.29944235481194,0.300232160991891,1.21254512348831));
#2624=CARTESIAN_POINT('Ctrl Pts',(1.11153686749761,0.737004418024615,1.23895545374711));
#2625=CARTESIAN_POINT('Ctrl Pts',(0.783227396024073,0.995347357044747,1.26536578400591));
#2626=CARTESIAN_POINT('Ctrl Pts',(0.454917924550533,1.25369029606488,1.29177611426471));
#2627=CARTESIAN_POINT('Ctrl Pts',(-0.0137955310822237,1.33360391707242,
1.31818644452351));
#2628=CARTESIAN_POINT('Ctrl Pts',(-0.409161344416985,1.19864445987072,1.34459677478231));
#2629=CARTESIAN_POINT('Ctrl Pts',(-0.804527157751745,1.06368500266902,1.37100710504111));
#2630=CARTESIAN_POINT('Ctrl Pts',(-1.12654532878851,0.713852467258083,1.39741743529991));
#2631=CARTESIAN_POINT('Ctrl Pts',(-1.22836298582032,0.308684168009367,1.42382776555871));
#2632=CARTESIAN_POINT('Ctrl Pts',(-1.25354003025679,0.208495845356767,1.43035840157895));
#2633=CARTESIAN_POINT('Ctrl Pts',(-1.26525284155378,0.104923999152328,1.43688903759918));
#2634=CARTESIAN_POINT('Ctrl Pts',(-1.26431769346796,0.00114389772712152,
1.44341967361941));
#2635=CARTESIAN_POINT('Origin',(0.,0.,0.));
#2636=CARTESIAN_POINT('',(-1.26255616444177,-0.000389669270487876,1.94341967361941));
#2637=CARTESIAN_POINT('',(-1.26493252074864,-0.00110397394839507,1.80658032638058));
#2638=CARTESIAN_POINT('',(-1.2645,-1.54856587752183E-16,0.));
#2639=CARTESIAN_POINT('Ctrl Pts',(-1.26493252074864,-0.00110397394839507,
1.80658032638058));
#2640=CARTESIAN_POINT('Ctrl Pts',(-1.26186482647442,0.334834452003376,1.78541414994733));
#2641=CARTESIAN_POINT('Ctrl Pts',(-1.12398161589441,0.672997782902127,1.76424797351408));
#2642=CARTESIAN_POINT('Ctrl Pts',(-0.884281624694352,0.906756553626785,
1.74308179708082));
#2643=CARTESIAN_POINT('Ctrl Pts',(-0.58519331507035,1.19843163982848,1.71667146682202));
#2644=CARTESIAN_POINT('Ctrl Pts',(-0.127585685298582,1.32755847221252,1.69026113656322));
#2645=CARTESIAN_POINT('Ctrl Pts',(0.279854312072135,1.23525017651807,1.66385080630442));
#2646=CARTESIAN_POINT('Ctrl Pts',(0.687294309442851,1.14294188082362,1.63744047604562));
#2647=CARTESIAN_POINT('Ctrl Pts',(1.04456667441252,0.829198457050689,1.61103014578682));
#2648=CARTESIAN_POINT('Ctrl Pts',(1.18874125503167,0.437099151590481,1.58461981552802));
#2649=CARTESIAN_POINT('Ctrl Pts',(1.33291583565082,0.0449998461302736,1.55820948526922));
#2650=CARTESIAN_POINT('Ctrl Pts',(1.26399263191947,-0.425455341017211,1.53179915501042));
#2651=CARTESIAN_POINT('Ctrl Pts',(1.01340331546387,-0.759720452793625,1.50538882475162));
#2652=CARTESIAN_POINT('Ctrl Pts',(0.762813999008276,-1.09398556457004,1.47897849449282));
#2653=CARTESIAN_POINT('Ctrl Pts',(0.330558569828448,-1.29206060097538,1.45256816423402));
#2654=CARTESIAN_POINT('Ctrl Pts',(-0.0862376111697595,-1.26361564118458,
1.42615783397522));
#2655=CARTESIAN_POINT('Ctrl Pts',(-0.503033792167967,-1.23517068139378,
1.39974750371642));
#2656=CARTESIAN_POINT('Ctrl Pts',(-0.904370724984555,-0.980205725406825,
1.37333717345762));
#2657=CARTESIAN_POINT('Ctrl Pts',(-1.10722309751846,-0.614994690480647,
1.34692684319882));
#2658=CARTESIAN_POINT('Ctrl Pts',(-1.21052089273542,-0.429019568644319,
1.33347800425941));
#2659=CARTESIAN_POINT('Ctrl Pts',(-1.26234934186837,-0.214456361249862,
1.32002916531999));
#2660=CARTESIAN_POINT('Ctrl Pts',(-1.26244541766669,6.32733712633421E-5,
1.30658032638058));
#2661=CARTESIAN_POINT('Ctrl Pts',(-1.26431769346796,0.00114389772712152,
1.44341967361941));
#2662=CARTESIAN_POINT('Ctrl Pts',(-1.26147103994809,-0.314769694454185,
1.46329936785798));
#2663=CARTESIAN_POINT('Ctrl Pts',(-1.14142403759715,-0.632613051254511,
1.48317906209655));
#2664=CARTESIAN_POINT('Ctrl Pts',(-0.927201625885599,-0.862820190026176,
1.50305875633511));
#2665=CARTESIAN_POINT('Ctrl Pts',(-0.642605465892216,-1.1686521857265,1.52946908659391));
#2666=CARTESIAN_POINT('Ctrl Pts',(-0.191796002878598,-1.31981211404065,
1.55587941685271));
#2667=CARTESIAN_POINT('Ctrl Pts',(0.219640042861666,-1.2473651396704,1.58228974711151));
#2668=CARTESIAN_POINT('Ctrl Pts',(0.631076088601931,-1.17491816530014,1.60870007737031));
#2669=CARTESIAN_POINT('Ctrl Pts',(1.00313871706884,-0.878864288245486,1.63511040762911));
#2670=CARTESIAN_POINT('Ctrl Pts',(1.16615283659484,-0.494215641711991,1.66152073788791));
#2671=CARTESIAN_POINT('Ctrl Pts',(1.32916695612083,-0.109566995178497,1.68793106814671));
#2672=CARTESIAN_POINT('Ctrl Pts',(1.28313256670592,0.363676420833833,1.71434139840552));
#2673=CARTESIAN_POINT('Ctrl Pts',(1.04904314856392,0.709697126023109,1.74075172866432));
#2674=CARTESIAN_POINT('Ctrl Pts',(0.814953730421917,1.05571783121238,1.76716205892312));
#2675=CARTESIAN_POINT('Ctrl Pts',(0.392809283552826,1.2745158255786,1.79357238918192));
#2676=CARTESIAN_POINT('Ctrl Pts',(-0.0248758366905407,1.26631067738875,
1.81998271944072));
#2677=CARTESIAN_POINT('Ctrl Pts',(-0.442560956933912,1.25810552919889,1.84639304969952));
#2678=CARTESIAN_POINT('Ctrl Pts',(-0.855786750551558,1.02289723845295,1.87280337995832));
#2679=CARTESIAN_POINT('Ctrl Pts',(-1.07610611589121,0.667949972698994,1.89921371021712));
#2680=CARTESIAN_POINT('Ctrl Pts',(-1.19903061431767,0.469911481877339,1.91394903135122));
#2681=CARTESIAN_POINT('Ctrl Pts',(-1.26190438898834,0.234598898247094,1.92868435248531));
#2682=CARTESIAN_POINT('Ctrl Pts',(-1.26255616444177,-0.000389669270487876,
1.94341967361941));
#2683=CARTESIAN_POINT('Origin',(0.,0.,0.));
#2684=CARTESIAN_POINT('',(-1.26573152132279,-0.000877496055523648,2.44341967361941));
#2685=CARTESIAN_POINT('',(-1.2659314417202,0.000778469262779843,2.30658032638058));
#2686=CARTESIAN_POINT('',(-1.2645,-1.54856587752183E-16,0.));
#2687=CARTESIAN_POINT('Ctrl Pts',(-1.2659314417202,0.000778469262779843,
2.30658032638058));
#2688=CARTESIAN_POINT('Ctrl Pts',(-1.26627108214533,0.0476701672134682,
2.30361979509227));
#2689=CARTESIAN_POINT('Ctrl Pts',(-1.26389049002326,0.0945270376501813,
2.30065926380395));
#2690=CARTESIAN_POINT('Ctrl Pts',(-1.25867461290734,0.141066143102814,2.29769873251563));
#2691=CARTESIAN_POINT('Ctrl Pts',(-1.21214477626477,0.556232552525166,2.27128840225683));
#2692=CARTESIAN_POINT('Ctrl Pts',(-0.939980664098069,0.946110967221202,
2.24487807199803));
#2693=CARTESIAN_POINT('Ctrl Pts',(-0.566299741611705,1.13290160234586,2.21846774173923));
#2694=CARTESIAN_POINT('Ctrl Pts',(-0.192618819125338,1.31969223747052,2.19205741148043));
#2695=CARTESIAN_POINT('Ctrl Pts',(0.282578913680702,1.30339509302381,2.16564708122163));
#2696=CARTESIAN_POINT('Ctrl Pts',(0.642584730585754,1.09144230349942,2.13923675096283));
#2697=CARTESIAN_POINT('Ctrl Pts',(1.0025905474908,0.87948951397503,2.11282642070403));
#2698=CARTESIAN_POINT('Ctrl Pts',(1.24740444849487,0.471881079372967,2.08641609044523));
#2699=CARTESIAN_POINT('Ctrl Pts',(1.26538173292568,0.0545023658646147,2.06000576018643));
#2700=CARTESIAN_POINT('Ctrl Pts',(1.28335901735649,-0.362876347643739,2.03359542992763));
#2701=CARTESIAN_POINT('Ctrl Pts',(1.07449968521404,-0.790025340058379,2.00718509966883));
#2702=CARTESIAN_POINT('Ctrl Pts',(0.734051749460198,-1.03214798709042,1.98077476941003));
#2703=CARTESIAN_POINT('Ctrl Pts',(0.393603813706355,-1.27427063412245,1.95436443915123));
#2704=CARTESIAN_POINT('Ctrl Pts',(-0.0784327256588876,-1.33136693577189,
1.92795410889243));
#2705=CARTESIAN_POINT('Ctrl Pts',(-0.466790770049291,-1.17739874912866,
1.90154377863363));
#2706=CARTESIAN_POINT('Ctrl Pts',(-0.855148814439694,-1.02343056248543,
1.87513344837483));
#2707=CARTESIAN_POINT('Ctrl Pts',(-1.15982836385526,-0.658397887549528,
1.84872311811603));
#2708=CARTESIAN_POINT('Ctrl Pts',(-1.24188364382492,-0.248769880071899,
1.82231278785723));
#2709=CARTESIAN_POINT('Ctrl Pts',(-1.258176908852,-0.167432302638564,1.81706863403168));
#2710=CARTESIAN_POINT('Ctrl Pts',(-1.26569257586367,-0.0843364267798647,
1.81182448020613));
#2711=CARTESIAN_POINT('Ctrl Pts',(-1.26493252074864,-0.00110397394839507,
1.80658032638058));
#2712=CARTESIAN_POINT('Ctrl Pts',(-1.26255616444177,-0.000389669270487876,
1.94341967361941));
#2713=CARTESIAN_POINT('Ctrl Pts',(-1.26307257560763,-0.186574527069087,
1.95509468274411));
#2714=CARTESIAN_POINT('Ctrl Pts',(-1.22452835996016,-0.372555979759887,
1.96676969186882));
#2715=CARTESIAN_POINT('Ctrl Pts',(-1.14584355718909,-0.539633283887019,
1.97844470099352));
#2716=CARTESIAN_POINT('Ctrl Pts',(-0.967848696085668,-0.917583033957122,
2.00485503125232));
#2717=CARTESIAN_POINT('Ctrl Pts',(-0.584446036817181,-1.19879629333536,
2.03126536151112));
#2718=CARTESIAN_POINT('Ctrl Pts',(-0.170482166724246,-1.25502883216137,
2.05767569176992));
#2719=CARTESIAN_POINT('Ctrl Pts',(0.243481703368684,-1.31126137098738,2.08408602202872));
#2720=CARTESIAN_POINT('Ctrl Pts',(0.688006784286063,-1.14251318926117,2.11049635228752));
#2721=CARTESIAN_POINT('Ctrl Pts',(0.960372277047798,-0.82574004878385,2.13690668254632));
#2722=CARTESIAN_POINT('Ctrl Pts',(1.23273776980954,-0.508966908306529,2.16331701280512));
#2723=CARTESIAN_POINT('Ctrl Pts',(1.33294367441563,-0.0441688090781026,
2.18972734306392));
#2724=CARTESIAN_POINT('Ctrl Pts',(1.21529218458356,0.356688161807472,2.21613767332272));
#2725=CARTESIAN_POINT('Ctrl Pts',(1.09764069475149,0.757545132693045,2.24254800358152));
#2726=CARTESIAN_POINT('Ctrl Pts',(0.762131810481257,1.09446097523577,2.26895833384032));
#2727=CARTESIAN_POINT('Ctrl Pts',(0.361770687143977,1.21378890612009,2.29536866409912));
#2728=CARTESIAN_POINT('Ctrl Pts',(-0.038590436193302,1.33311683700441,2.32177899435792));
#2729=CARTESIAN_POINT('Ctrl Pts',(-0.503803798597627,1.23485685623033,2.34818932461672));
#2730=CARTESIAN_POINT('Ctrl Pts',(-0.821713936719967,0.963819352830433,
2.37459965487552));
#2731=CARTESIAN_POINT('Ctrl Pts',(-1.09785060306805,0.728396245262365,2.39753966112349));
#2732=CARTESIAN_POINT('Ctrl Pts',(-1.26285206498959,0.362618453396464,2.42047966737145));
#2733=CARTESIAN_POINT('Ctrl Pts',(-1.26573152132279,-0.000877496055523648,
2.44341967361941));
#2734=CARTESIAN_POINT('Origin',(0.,0.,0.));
#2735=CARTESIAN_POINT('',(-1.2651731305033,0.00105876705994221,2.94341967361941));
#2736=CARTESIAN_POINT('',(-1.26264326578877,0.000511583187528669,2.80658032638058));
#2737=CARTESIAN_POINT('',(-1.2645,-1.54856587752183E-16,0.));
#2738=CARTESIAN_POINT('Ctrl Pts',(-1.26264326578877,0.000511583187528669,
2.80658032638058));
#2739=CARTESIAN_POINT('Ctrl Pts',(-1.26329423285385,0.17853589825707,2.7954151099784));
#2740=CARTESIAN_POINT('Ctrl Pts',(-1.22816683631991,0.356314892525492,2.78424989357622));
#2741=CARTESIAN_POINT('Ctrl Pts',(-1.15600234268938,0.517513305730015,2.77308467717404));
#2742=CARTESIAN_POINT('Ctrl Pts',(-0.98530362614957,0.898813871395197,2.74667434691524));
#2743=CARTESIAN_POINT('Ctrl Pts',(-0.60737601309918,1.18734324852976,2.72026401665644));
#2744=CARTESIAN_POINT('Ctrl Pts',(-0.194569256011412,1.25152077191197,2.69385368639764));
#2745=CARTESIAN_POINT('Ctrl Pts',(0.218237501076354,1.31569829529418,2.66744335613884));
#2746=CARTESIAN_POINT('Ctrl Pts',(0.665923402201496,1.15552396492403,2.64103302588004));
#2747=CARTESIAN_POINT('Ctrl Pts',(0.944326190941466,0.844043531467519,2.61462269562124));
#2748=CARTESIAN_POINT('Ctrl Pts',(1.22272897968144,0.532563098011004,2.58821236536244));
#2749=CARTESIAN_POINT('Ctrl Pts',(1.33184865603623,0.0697765614681212,2.56180203510364));
#2750=CARTESIAN_POINT('Ctrl Pts',(1.2219223856424,-0.333267342198622,2.53539170484484));
#2751=CARTESIAN_POINT('Ctrl Pts',(1.11199611524856,-0.736311245865367,2.50898137458603));
#2752=CARTESIAN_POINT('Ctrl Pts',(0.783023898106099,-1.07961251665597,2.48257104432723));
#2753=CARTESIAN_POINT('Ctrl Pts',(0.385029914076452,-1.20661236657966,2.45616071406843));
#2754=CARTESIAN_POINT('Ctrl Pts',(-0.0129640699531961,-1.33361221650335,
2.42975038380963));
#2755=CARTESIAN_POINT('Ctrl Pts',(-0.479979820870027,-1.24431064556011,
2.40334005355083));
#2756=CARTESIAN_POINT('Ctrl Pts',(-0.803039915769209,-0.979432658014155,
2.37692972329203));
#2757=CARTESIAN_POINT('Ctrl Pts',(-1.08988579033932,-0.744246823577683,
2.35347992432155));
#2758=CARTESIAN_POINT('Ctrl Pts',(-1.26324121523179,-0.370641652074056,
2.33003012535107));
#2759=CARTESIAN_POINT('Ctrl Pts',(-1.2659314417202,0.000778469262779843,
2.30658032638058));
#2760=CARTESIAN_POINT('Ctrl Pts',(-1.26573152132279,-0.000877496055523648,
2.44341967361941));
#2761=CARTESIAN_POINT('Ctrl Pts',(-1.26616712043917,-0.0558665273395786,
2.44688999763025));
#2762=CARTESIAN_POINT('Ctrl Pts',(-1.26289253977604,-0.110803338411125,
2.45036032164109));
#2763=CARTESIAN_POINT('Ctrl Pts',(-1.25573126204574,-0.165228739059997,
2.45383064565192));
#2764=CARTESIAN_POINT('Ctrl Pts',(-1.20123153540881,-0.579424301524815,
2.48024097591072));
#2765=CARTESIAN_POINT('Ctrl Pts',(-0.921625168294606,-0.964000400428729,
2.50665130616953));
#2766=CARTESIAN_POINT('Ctrl Pts',(-0.54442358484259,-1.14357531407392,2.53306163642833));
#2767=CARTESIAN_POINT('Ctrl Pts',(-0.167222001390579,-1.32315022771911,
2.55947196668713));
#2768=CARTESIAN_POINT('Ctrl Pts',(0.307574798399236,-1.29772395610558,2.58588229694593));
#2769=CARTESIAN_POINT('Ctrl Pts',(0.663440929427847,-1.07889187217765,2.61229262720473));
#2770=CARTESIAN_POINT('Ctrl Pts',(1.01930706045646,-0.860059788249722,2.63870295746353));
#2771=CARTESIAN_POINT('Ctrl Pts',(1.25624252272387,-0.447821892007382,2.66511328772233));
#2772=CARTESIAN_POINT('Ctrl Pts',(1.26619549132047,-0.0301747651341501,
2.69152361798113));
#2773=CARTESIAN_POINT('Ctrl Pts',(1.27614845991707,0.387472361739073,2.71793394823993));
#2774=CARTESIAN_POINT('Ctrl Pts',(1.05911893484287,0.810528719243192,2.74434427849873));
#2775=CARTESIAN_POINT('Ctrl Pts',(0.714080856170599,1.04606408481607,2.77075460875753));
#2776=CARTESIAN_POINT('Ctrl Pts',(0.369042777498323,1.28159945038895,2.79716493901633));
#2777=CARTESIAN_POINT('Ctrl Pts',(-0.104003854772024,1.32961382403059,2.82357526927513));
#2778=CARTESIAN_POINT('Ctrl Pts',(-0.489331300288034,1.1682107760373,2.84998559953393));
#2779=CARTESIAN_POINT('Ctrl Pts',(-0.874658745804048,1.00680772804401,2.87639592979273));
#2780=CARTESIAN_POINT('Ctrl Pts',(-1.17226700456572,0.635987258415782,2.90280626005153));
#2781=CARTESIAN_POINT('Ctrl Pts',(-1.24643508673172,0.224857984637796,2.92921659031033));
#2782=CARTESIAN_POINT('Ctrl Pts',(-1.25973058435905,0.151158245822851,2.93395095141336));
#2783=CARTESIAN_POINT('Ctrl Pts',(-1.26584588496481,0.0761631931574209,
2.93868531251638));
#2784=CARTESIAN_POINT('Ctrl Pts',(-1.2651731305033,0.00105876705994221,
2.94341967361941));
#2785=CARTESIAN_POINT('Origin',(0.,0.,0.));
#2786=CARTESIAN_POINT('',(-1.26244601455838,6.90667879064814E-5,3.44341967361941));
#2787=CARTESIAN_POINT('',(-1.26407954278985,-0.00113056309934731,3.30658032638059));
#2788=CARTESIAN_POINT('',(-1.2645,-1.54856587752183E-16,0.));
#2789=CARTESIAN_POINT('Ctrl Pts',(-1.26407954278985,-0.00113056309934731,
3.30658032638059));
#2790=CARTESIAN_POINT('Ctrl Pts',(-1.26138158046601,0.306829532840398,3.28721042486454));
#2791=CARTESIAN_POINT('Ctrl Pts',(-1.14799145030463,0.616568719986996,3.26784052334849));
#2792=CARTESIAN_POINT('Ctrl Pts',(-0.943611656726854,0.84484228066565,3.24847062183244));
#2793=CARTESIAN_POINT('Ctrl Pts',(-0.664945405267449,1.15608702921954,3.22206029157364));
#2794=CARTESIAN_POINT('Ctrl Pts',(-0.217124131247161,1.315882488198,3.19564996131484));
#2795=CARTESIAN_POINT('Ctrl Pts',(0.195628173584099,1.25135568708953,3.16923963105604));
#2796=CARTESIAN_POINT('Ctrl Pts',(0.608380478415365,1.18682888598106,3.14282930079724));
#2797=CARTESIAN_POINT('Ctrl Pts',(0.986063814057603,0.897979824785662,3.11641897053844));
#2798=CARTESIAN_POINT('Ctrl Pts',(1.15643982807651,0.516534957141814,3.09000864027964));
#2799=CARTESIAN_POINT('Ctrl Pts',(1.32681584209542,0.13509008949797,3.06359831002084));
#2800=CARTESIAN_POINT('Ctrl Pts',(1.28988453449101,-0.33895058459432,3.03718797976204));
#2801=CARTESIAN_POINT('Ctrl Pts',(1.06248802397686,-0.689406002887165,3.01077764950324));
#2802=CARTESIAN_POINT('Ctrl Pts',(0.835091513462706,-1.03986142118001,2.98436731924444));
#2803=CARTESIAN_POINT('Ctrl Pts',(0.417229800038821,-1.26673158367341,2.95795698898564));
#2804=CARTESIAN_POINT('Ctrl Pts',(-0.00053585432354758,-1.2665548352801,
2.93154665872684));
#2805=CARTESIAN_POINT('Ctrl Pts',(-0.418301508685917,-1.26637808688679,
2.90513632846804));
#2806=CARTESIAN_POINT('Ctrl Pts',(-0.83597110398677,-1.03915442760677,2.87872599820924));
#2807=CARTESIAN_POINT('Ctrl Pts',(-1.06307099162259,-0.688506720868868,
2.85231566795044));
#2808=CARTESIAN_POINT('Ctrl Pts',(-1.19416225818029,-0.486098641893772,
2.83707055409382));
#2809=CARTESIAN_POINT('Ctrl Pts',(-1.26175442793139,-0.242564847642006,
2.8218254402372));
#2810=CARTESIAN_POINT('Ctrl Pts',(-1.26264326578877,0.000511583187528669,
2.80658032638058));
#2811=CARTESIAN_POINT('Ctrl Pts',(-1.2651731305033,0.00105876705994221,
2.94341967361941));
#2812=CARTESIAN_POINT('Ctrl Pts',(-1.26209296727966,-0.342802038680103,
2.96509564277518));
#2813=CARTESIAN_POINT('Ctrl Pts',(-1.11672107848417,-0.688955538604812,
2.98677161193096));
#2814=CARTESIAN_POINT('Ctrl Pts',(-0.866692708703243,-0.923582853550211,
3.00844758108673));
#2815=CARTESIAN_POINT('Ctrl Pts',(-0.562054342938411,-1.2094563400325,3.03485791134553));
#2816=CARTESIAN_POINT('Ctrl Pts',(-0.102049705838399,-1.32976523506933,
3.06126824160433));
#2817=CARTESIAN_POINT('Ctrl Pts',(0.303541121430336,-1.22964398355463,3.08767857186313));
#2818=CARTESIAN_POINT('Ctrl Pts',(0.709131948699068,-1.12952273203993,3.11408890212193));
#2819=CARTESIAN_POINT('Ctrl Pts',(1.06030896613653,-0.8089713339737,3.14049923238073));
#2820=CARTESIAN_POINT('Ctrl Pts',(1.19692173768135,-0.41417374682271,3.16690956263953));
#2821=CARTESIAN_POINT('Ctrl Pts',(1.33353450922617,-0.0193761596717197,
3.19331989289833));
#2822=CARTESIAN_POINT('Ctrl Pts',(1.25558303487835,0.449667616564024,3.21973022315714));
#2823=CARTESIAN_POINT('Ctrl Pts',(0.998616231533211,0.779055300225668,3.24614055341594));
#2824=CARTESIAN_POINT('Ctrl Pts',(0.741649428188071,1.10844298388731,3.27255088367474));
#2825=CARTESIAN_POINT('Ctrl Pts',(0.305667295845593,1.29817457497486,3.29896121393354));
#2826=CARTESIAN_POINT('Ctrl Pts',(-0.110505284757102,1.26172505750344,3.32537154419234));
#2827=CARTESIAN_POINT('Ctrl Pts',(-0.526677865359796,1.22527554003202,3.35178187445114));
#2828=CARTESIAN_POINT('Ctrl Pts',(-0.923040894222709,0.96264491400165,3.37819220470994));
#2829=CARTESIAN_POINT('Ctrl Pts',(-1.11883734922009,0.59360300258797,3.40460253496874));
#2830=CARTESIAN_POINT('Ctrl Pts',(-1.21476266917971,0.412800630903874,3.41754158118563));
#2831=CARTESIAN_POINT('Ctrl Pts',(-1.26254695448499,0.206456867757982,3.43048062740252));
#2832=CARTESIAN_POINT('Ctrl Pts',(-1.26244601455838,6.90667879064814E-5,
3.44341967361941));
#2833=CARTESIAN_POINT('Origin',(0.,0.,0.));
#2834=CARTESIAN_POINT('',(-1.26492186390065,-0.00110558298306923,3.94341967361941));
#2835=CARTESIAN_POINT('',(-1.26644509582343,0.000335327296648764,3.80658032638059));
#2836=CARTESIAN_POINT('',(-1.2645,-1.54856587752183E-16,0.));
#2837=CARTESIAN_POINT('Ctrl Pts',(-1.26644509582343,0.000335327296648764,
3.80658032638059));
#2838=CARTESIAN_POINT('Ctrl Pts',(-1.26651049273625,0.0187561356071667,
3.80541607000947));
#2839=CARTESIAN_POINT('Ctrl Pts',(-1.26614323008922,0.0371742788671584,
3.80425181363836));
#2840=CARTESIAN_POINT('Ctrl Pts',(-1.26533516219132,0.0555730621201649,
3.80308755726725));
#2841=CARTESIAN_POINT('Ctrl Pts',(-1.24700471489062,0.472936414496206,3.77667722700845));
#2842=CARTESIAN_POINT('Ctrl Pts',(-1.00184599943349,0.880337551473903,3.75026689674965));
#2843=CARTESIAN_POINT('Ctrl Pts',(-0.64166096536438,1.0919856425058,3.72385656649085));
#2844=CARTESIAN_POINT('Ctrl Pts',(-0.281475931295265,1.30363373353769,3.69744623623205));
#2845=CARTESIAN_POINT('Ctrl Pts',(0.193735421385835,1.3195287786238,3.67103590597325));
#2846=CARTESIAN_POINT('Ctrl Pts',(0.567258155270632,1.13242201638351,3.64462557571445));
#2847=CARTESIAN_POINT('Ctrl Pts',(0.940780889155419,0.945315254143234,3.61821524545565));
#2848=CARTESIAN_POINT('Ctrl Pts',(1.2126150042439,0.555206684576574,3.59180491519685));
#2849=CARTESIAN_POINT('Ctrl Pts',(1.25879352688431,0.140001052086413,3.56539458493805));
#2850=CARTESIAN_POINT('Ctrl Pts',(1.30497204952472,-0.275204580403754,3.53898425467925));
#2851=CARTESIAN_POINT('Ctrl Pts',(1.12549497971705,-0.715507275817424,3.51257392442045));
#2852=CARTESIAN_POINT('Ctrl Pts',(0.802210871226165,-0.980111807906474,
3.48616359416165));
#2853=CARTESIAN_POINT('Ctrl Pts',(0.478926762735278,-1.24471633999553,3.45975326390285));
#2854=CARTESIAN_POINT('Ctrl Pts',(0.0118356155611731,-1.33362270875996,
3.43334293364404));
#2855=CARTESIAN_POINT('Ctrl Pts',(-0.386050763754277,-1.20628613757926,
3.40693260338524));
#2856=CARTESIAN_POINT('Ctrl Pts',(-0.783937143069721,-1.07894956639856,
3.38052227312644));
#2857=CARTESIAN_POINT('Ctrl Pts',(-1.11261875452651,-0.735370055272733,
3.35411194286765));
#2858=CARTESIAN_POINT('Ctrl Pts',(-1.22220394580565,-0.332233280645158,
3.32770161260885));
#2859=CARTESIAN_POINT('Ctrl Pts',(-1.25141701216648,-0.224765645536604,
3.32066118386609));
#2860=CARTESIAN_POINT('Ctrl Pts',(-1.26506017820898,-0.113065624270378,
3.31362075512334));
#2861=CARTESIAN_POINT('Ctrl Pts',(-1.26407954278985,-0.00113056309934731,
3.30658032638059));
#2862=CARTESIAN_POINT('Ctrl Pts',(-1.26244601455838,6.90667879064814E-5,
3.44341967361941));
#2863=CARTESIAN_POINT('Ctrl Pts',(-1.26234092254466,-0.214808339401701,
3.45689095766132));
#2864=CARTESIAN_POINT('Ctrl Pts',(-1.21033013763032,-0.429733480853429,
3.47036224170323));
#2865=CARTESIAN_POINT('Ctrl Pts',(-1.10670235312861,-0.615931360032019,
3.48383352574514));
#2866=CARTESIAN_POINT('Ctrl Pts',(-0.903541020907899,-0.980970614441338,
3.51024385600394));
#2867=CARTESIAN_POINT('Ctrl Pts',(-0.501988475334628,-1.23559592646298,
3.53665418626274));
#2868=CARTESIAN_POINT('Ctrl Pts',(-0.0851683608442324,-1.26368820877715,
3.56306451652154));
#2869=CARTESIAN_POINT('Ctrl Pts',(0.33165175364616,-1.29178049109132,3.58947484678034));
#2870=CARTESIAN_POINT('Ctrl Pts',(0.763739437053678,-1.09333974369801,3.61588517703914));
#2871=CARTESIAN_POINT('Ctrl Pts',(1.01404582946315,-0.758862698015713,3.64229550729794));
#2872=CARTESIAN_POINT('Ctrl Pts',(1.26435222187263,-0.424385652333413,3.66870583755674));
#2873=CARTESIAN_POINT('Ctrl Pts',(1.33287732328405,0.0461276916378794,3.69511616781554));
#2874=CARTESIAN_POINT('Ctrl Pts',(1.18837101103203,0.438104871954192,3.72152649807434));
#2875=CARTESIAN_POINT('Ctrl Pts',(1.04386469878001,0.830082052270502,3.74793682833314));
#2876=CARTESIAN_POINT('Ctrl Pts',(0.686326972864552,1.14352306893183,3.77434715859194));
#2877=CARTESIAN_POINT('Ctrl Pts',(0.278809000846601,1.23548657610604,3.80075748885074));
#2878=CARTESIAN_POINT('Ctrl Pts',(-0.12870897117135,1.32745008328024,3.82716781910954));
#2879=CARTESIAN_POINT('Ctrl Pts',(-0.586207189291788,1.19793608096731,3.85357814936834));
#2880=CARTESIAN_POINT('Ctrl Pts',(-0.885048597297515,0.906008012720085,
3.87998847962714));
#2881=CARTESIAN_POINT('Ctrl Pts',(-1.12429673919731,0.672294591401957,3.9011322109579));
#2882=CARTESIAN_POINT('Ctrl Pts',(-1.26185580125843,0.334483924552581,3.92227594228866));
#2883=CARTESIAN_POINT('Ctrl Pts',(-1.26492186390065,-0.00110558298306923,
3.94341967361941));
#2884=CARTESIAN_POINT('Origin',(0.,0.,0.));
#2885=CARTESIAN_POINT('',(-1.26593984522207,0.00077379576521329,4.44341967361941));
#2886=CARTESIAN_POINT('',(-1.26312854327928,0.000877753396267208,4.30658032638059));
#2887=CARTESIAN_POINT('',(-1.2645,-1.54856587752183E-16,0.));
#2888=CARTESIAN_POINT('Ctrl Pts',(-1.26312854327928,0.000877753396267208,
4.30658032638059));
#2889=CARTESIAN_POINT('Ctrl Pts',(-1.26408807272414,0.15011738917669,4.29721138489561));
#2890=CARTESIAN_POINT('Ctrl Pts',(-1.23963391240535,0.299052785973519,4.28784244341063));
#2891=CARTESIAN_POINT('Ctrl Pts',(-1.18837097370281,0.438104858192391,4.27847350192566));
#2892=CARTESIAN_POINT('Ctrl Pts',(-1.04386466599004,0.830082026195877,4.25206317166686));
#2893=CARTESIAN_POINT('Ctrl Pts',(-0.686326951305589,1.14352303301137,4.22565284140806));
#2894=CARTESIAN_POINT('Ctrl Pts',(-0.278808992088634,1.23548653729681,4.19924251114926));
#2895=CARTESIAN_POINT('Ctrl Pts',(0.128708967128322,1.32745004158225,4.17283218089046));
#2896=CARTESIAN_POINT('Ctrl Pts',(0.586207170877784,1.19793604333763,4.14642185063166));
#2897=CARTESIAN_POINT('Ctrl Pts',(0.885048569496277,0.906007984260478,4.12001152037286));
#2898=CARTESIAN_POINT('Ctrl Pts',(1.18388996811477,0.614079925183325,4.09360119011406));
#2899=CARTESIAN_POINT('Ctrl Pts',(1.3240745616023,0.159737805273642,4.06719085985526));
#2900=CARTESIAN_POINT('Ctrl Pts',(1.24167270006338,-0.249820623304911,4.04078052959646));
#2901=CARTESIAN_POINT('Ctrl Pts',(1.15927083852447,-0.659379051883464,4.01437019933766));
#2902=CARTESIAN_POINT('Ctrl Pts',(0.854282521959105,-1.02415378913088,3.98795986907886));
#2903=CARTESIAN_POINT('Ctrl Pts',(0.465794334814033,-1.17779330765899,3.96154953882005));
#2904=CARTESIAN_POINT('Ctrl Pts',(0.0773061476689627,-1.33143282618709,
3.93513920856125));
#2905=CARTESIAN_POINT('Ctrl Pts',(-0.394681910055821,-1.27393712599588,
3.90872887830245));
#2906=CARTESIAN_POINT('Ctrl Pts',(-0.734924849346067,-1.03152649201308,
3.88231854804365));
#2907=CARTESIAN_POINT('Ctrl Pts',(-1.06016873311855,-0.799802135796354,
3.85707247415596));
#2908=CARTESIAN_POINT('Ctrl Pts',(-1.26502701013887,-0.399106839581582,
3.83182640026827));
#2909=CARTESIAN_POINT('Ctrl Pts',(-1.26644509582343,0.000335327296648764,
3.80658032638059));
#2910=CARTESIAN_POINT('Ctrl Pts',(-1.26492186390065,-0.00110558298306923,
3.94341967361941));
#2911=CARTESIAN_POINT('Ctrl Pts',(-1.26568557594239,-0.0846960956036761,
3.94868627254746));
#2912=CARTESIAN_POINT('Ctrl Pts',(-1.25810485350962,-0.168148799428056,
3.9539528714755));
#2913=CARTESIAN_POINT('Ctrl Pts',(-1.24167273906692,-0.249820631152309,
3.95921947040355));
#2914=CARTESIAN_POINT('Ctrl Pts',(-1.15927087493959,-0.659379072595954,
3.98562980066235));
#2915=CARTESIAN_POINT('Ctrl Pts',(-0.854282548793902,-1.02415382130171,
4.01204013092114));
#2916=CARTESIAN_POINT('Ctrl Pts',(-0.465794349445595,-1.17779334465595,
4.03845046117994));
#2917=CARTESIAN_POINT('Ctrl Pts',(-0.0773061500972935,-1.33143286801019,
4.06486079143875));
#2918=CARTESIAN_POINT('Ctrl Pts',(0.394681922453626,-1.27393716601291,4.09127112169755));
#2919=CARTESIAN_POINT('Ctrl Pts',(0.734924872431613,-1.03152652441548,4.11768145195635));
#2920=CARTESIAN_POINT('Ctrl Pts',(1.0751678224096,-0.789115882818042,4.14409178221515));
#2921=CARTESIAN_POINT('Ctrl Pts',(1.28366564981466,-0.361790301620452,4.17050211247395));
#2922=CARTESIAN_POINT('Ctrl Pts',(1.26533520193815,0.0555730638658487,4.19691244273275));
#2923=CARTESIAN_POINT('Ctrl Pts',(1.24700475406164,0.47293642935214,4.22332277299155));
#2924=CARTESIAN_POINT('Ctrl Pts',(1.00184603090358,0.88033757912714,4.24973310325035));
#2925=CARTESIAN_POINT('Ctrl Pts',(0.641660985520313,1.09198567680735,4.27614343350915));
#2926=CARTESIAN_POINT('Ctrl Pts',(0.281475940137035,1.30363377448756,4.30255376376795));
#2927=CARTESIAN_POINT('Ctrl Pts',(-0.193735427471462,1.31952882007297,4.32896409402675));
#2928=CARTESIAN_POINT('Ctrl Pts',(-0.567258173089393,1.13242205195527,4.35537442428555));
#2929=CARTESIAN_POINT('Ctrl Pts',(-0.940780918707324,0.945315283837572,
4.38178475454435));
#2930=CARTESIAN_POINT('Ctrl Pts',(-1.21261504233469,0.555206702016767,4.40819508480315));
#2931=CARTESIAN_POINT('Ctrl Pts',(-1.25879356642566,0.140001056484114,4.43460541506195));
#2932=CARTESIAN_POINT('Ctrl Pts',(-1.26393081697814,0.0938104197347975,
4.43754350124777));
#2933=CARTESIAN_POINT('Ctrl Pts',(-1.26627534677222,0.0473091809399433,
4.44048158743359));
#2934=CARTESIAN_POINT('Ctrl Pts',(-1.26593984522207,0.00077379576521329,
4.44341967361941));
#2935=CARTESIAN_POINT('Origin',(0.,0.,0.));
#2936=CARTESIAN_POINT('',(-1.26264768686213,0.000516808893599013,4.94341967361941));
#2937=CARTESIAN_POINT('',(-1.26331934599996,-0.000960928124749405,4.80658032638058));
#2938=CARTESIAN_POINT('',(-1.2645,-1.54856587752183E-16,0.));
#2939=CARTESIAN_POINT('Ctrl Pts',(-1.26331934599996,-0.000960928124749405,
4.80658032638058));
#2940=CARTESIAN_POINT('Ctrl Pts',(-1.26132930825495,0.278866259745743,4.78900669978175));
#2941=CARTESIAN_POINT('Ctrl Pts',(-1.16960378207595,0.559878312786262,4.77143307318291));
#2942=CARTESIAN_POINT('Ctrl Pts',(-0.998616200164581,0.779055275753909,
4.75385944658407));
#2943=CARTESIAN_POINT('Ctrl Pts',(-0.741649404891304,1.1084429490688,4.72744911632527));
#2944=CARTESIAN_POINT('Ctrl Pts',(-0.305667286243944,1.29817453419647,4.70103878606646));
#2945=CARTESIAN_POINT('Ctrl Pts',(0.1105052812859,1.26172501787001,4.67462845580766));
#2946=CARTESIAN_POINT('Ctrl Pts',(0.526677848815743,1.22527550154354,4.64821812554886));
#2947=CARTESIAN_POINT('Ctrl Pts',(0.923040865228073,0.962644883762943,4.62180779529006));
#2948=CARTESIAN_POINT('Ctrl Pts',(1.11883731407507,0.593602983941638,4.59539746503126));
#2949=CARTESIAN_POINT('Ctrl Pts',(1.31463376292207,0.224561084120341,4.56898713477246));
#2950=CARTESIAN_POINT('Ctrl Pts',(1.30986364420376,-0.250892097741652,4.54257680451366));
#2951=CARTESIAN_POINT('Ctrl Pts',(1.10670231836477,-0.615931340684317,4.51616647425486));
#2952=CARTESIAN_POINT('Ctrl Pts',(0.903540992525788,-0.980970583626984,
4.48975614399606));
#2953=CARTESIAN_POINT('Ctrl Pts',(0.50198845956613,-1.23559588765032,4.46334581373726));
#2954=CARTESIAN_POINT('Ctrl Pts',(0.0851683581689325,-1.26368816908205,
4.43693548347846));
#2955=CARTESIAN_POINT('Ctrl Pts',(-0.331651743228265,-1.29178045051379,
4.41052515321966));
#2956=CARTESIAN_POINT('Ctrl Pts',(-0.763739413063006,-1.09333970935393,
4.38411482296086));
#2957=CARTESIAN_POINT('Ctrl Pts',(-1.01404579760983,-0.758862674178258,
4.35770449270206));
#2958=CARTESIAN_POINT('Ctrl Pts',(-1.17555715963499,-0.543039807273906,
4.34066310392824));
#2959=CARTESIAN_POINT('Ctrl Pts',(-1.26138323252715,-0.270577742176722,
4.32362171515441));
#2960=CARTESIAN_POINT('Ctrl Pts',(-1.26312854327928,0.000877753396267208,
4.30658032638059));
#2961=CARTESIAN_POINT('Ctrl Pts',(-1.26593984522207,0.00077379576521329,
4.44341967361941));
#2962=CARTESIAN_POINT('Ctrl Pts',(-1.26325953777909,-0.370995393349565,
4.46689191769239));
#2963=CARTESIAN_POINT('Ctrl Pts',(-1.08953042872257,-0.744943921661182,
4.49036416176537));
#2964=CARTESIAN_POINT('Ctrl Pts',(-0.802210896425273,-0.980111838693859,
4.51383640583835));
#2965=CARTESIAN_POINT('Ctrl Pts',(-0.478926777779352,-1.24471637909469,
4.54024673609715));
#2966=CARTESIAN_POINT('Ctrl Pts',(-0.0118356159329398,-1.33362275065184,
4.56665706635595));
#2967=CARTESIAN_POINT('Ctrl Pts',(0.38605077588095,-1.20628617547123,4.59306739661475));
#2968=CARTESIAN_POINT('Ctrl Pts',(0.783937167694839,-1.07894960029062,4.61947772687355));
#2969=CARTESIAN_POINT('Ctrl Pts',(1.11261878947621,-0.735370078372243,4.64588805713235));
#2970=CARTESIAN_POINT('Ctrl Pts',(1.22220398419764,-0.332233291081295,4.67229838739115));
#2971=CARTESIAN_POINT('Ctrl Pts',(1.33178917891908,0.0709034962096528,4.69870871764995));
#2972=CARTESIAN_POINT('Ctrl Pts',(1.22227794658058,0.533597548873168,4.72511904790876));
#2973=CARTESIAN_POINT('Ctrl Pts',(0.943611686367684,0.844842307203912,4.75152937816756));
#2974=CARTESIAN_POINT('Ctrl Pts',(0.664945426154783,1.15608706553466,4.77793970842636));
#2975=CARTESIAN_POINT('Ctrl Pts',(0.217124138067477,1.31588252953263,4.80435003868516));
#2976=CARTESIAN_POINT('Ctrl Pts',(-0.195628179729207,1.25135572639724,4.83076036894396));
#2977=CARTESIAN_POINT('Ctrl Pts',(-0.608380497525886,1.18682892326184,4.85717069920276));
#2978=CARTESIAN_POINT('Ctrl Pts',(-0.986063845031944,0.897979852993084,
4.88358102946156));
#2979=CARTESIAN_POINT('Ctrl Pts',(-1.15643986440272,0.516534973367255,4.90999135972036));
#2980=CARTESIAN_POINT('Ctrl Pts',(-1.2283231388713,0.355599725096739,4.92113413102004));
#2981=CARTESIAN_POINT('Ctrl Pts',(-1.26330411428668,0.178181710497106,4.93227690231973));
#2982=CARTESIAN_POINT('Ctrl Pts',(-1.26264768686213,0.000516808893599013,
4.94341967361941));
#2983=CARTESIAN_POINT('Origin',(0.,0.,0.));
#2984=CARTESIAN_POINT('',(-1.2640692544538,-0.00112960451111065,5.44341967361941));
#2985=CARTESIAN_POINT('',(-1.2665213884523,-0.0001843109997203,5.30658032638059));
#2986=CARTESIAN_POINT('',(-1.2645,-1.54856587752183E-16,0.));
#2987=CARTESIAN_POINT('Ctrl Pts',(-1.2665213884523,-0.0001843109997203,
5.30658032638059));
#2988=CARTESIAN_POINT('Ctrl Pts',(-1.26568776125051,0.407613056387728,5.28080201466788));
#2989=CARTESIAN_POINT('Ctrl Pts',(-1.05086188790359,0.816165227410664,5.25502370295518));
#2990=CARTESIAN_POINT('Ctrl Pts',(-0.714080833739829,1.046064051957,5.22924539124248));
#2991=CARTESIAN_POINT('Ctrl Pts',(-0.369042765905923,1.28159941013122,5.20283506098368));
#2992=CARTESIAN_POINT('Ctrl Pts',(0.104003851505046,1.32961378226463,5.17642473072487));
#2993=CARTESIAN_POINT('Ctrl Pts',(0.489331284917114,1.16821073934135,5.15001440046607));
#2994=CARTESIAN_POINT('Ctrl Pts',(0.874658718329185,1.00680769641807,5.12360407020727));
#2995=CARTESIAN_POINT('Ctrl Pts',(1.17226696774235,0.635987238438088,5.09719373994847));
#2996=CARTESIAN_POINT('Ctrl Pts',(1.24643504757858,0.224857977574535,5.07078340968967));
#2997=CARTESIAN_POINT('Ctrl Pts',(1.32060312741481,-0.18627128328901,5.04437307943087));
#2998=CARTESIAN_POINT('Ctrl Pts',(1.17133103767411,-0.637709347036125,5.01796274917207));
#2999=CARTESIAN_POINT('Ctrl Pts',(0.86669268147862,-0.923582824538526,4.99155241891327));
#3000=CARTESIAN_POINT('Ctrl Pts',(0.562054325283121,-1.20945630204093,4.96514208865447));
#3001=CARTESIAN_POINT('Ctrl Pts',(0.102049702632813,-1.32976519329862,4.93873175839567));
#3002=CARTESIAN_POINT('Ctrl Pts',(-0.303541111895465,-1.22964394492894,
4.91232142813687));
#3003=CARTESIAN_POINT('Ctrl Pts',(-0.709131926423741,-1.12952269655926,
4.88591109787807));
#3004=CARTESIAN_POINT('Ctrl Pts',(-1.06030893282999,-0.808971308562223,
4.85950076761926));
#3005=CARTESIAN_POINT('Ctrl Pts',(-1.19692170008352,-0.414173733812652,
4.83309043736046));
#3006=CARTESIAN_POINT('Ctrl Pts',(-1.24263133447874,-0.282077348059557,
4.8242537337005));
#3007=CARTESIAN_POINT('Ctrl Pts',(-1.26432001445766,-0.141668932889966,
4.81541703004054));
#3008=CARTESIAN_POINT('Ctrl Pts',(-1.26331934599996,-0.000960928124749405,
4.80658032638058));
#3009=CARTESIAN_POINT('Ctrl Pts',(-1.26264768686213,0.000516808893599013,
4.94341967361941));
#3010=CARTESIAN_POINT('Ctrl Pts',(-1.26174826569147,-0.242915393674697,
4.95868723257853));
#3011=CARTESIAN_POINT('Ctrl Pts',(-1.19394380615949,-0.486811097596873,
4.97395479153765));
#3012=CARTESIAN_POINT('Ctrl Pts',(-1.06248805735183,-0.689406024542861,
4.98922235049676));
#3013=CARTESIAN_POINT('Ctrl Pts',(-0.83509153969468,-1.03986145384424,5.01563268075556));
#3014=CARTESIAN_POINT('Ctrl Pts',(-0.41722981314489,-1.26673162346411,5.04204301101436));
#3015=CARTESIAN_POINT('Ctrl Pts',(0.000535854340369991,-1.26655487506525,
5.06845334127316));
#3016=CARTESIAN_POINT('Ctrl Pts',(0.418301521825642,-1.26637812666639,5.09486367153196));
#3017=CARTESIAN_POINT('Ctrl Pts',(0.835971130246396,-1.03915446024878,5.12127400179077));
#3018=CARTESIAN_POINT('Ctrl Pts',(1.06307102501589,-0.688506742496288,5.14768433204957));
#3019=CARTESIAN_POINT('Ctrl Pts',(1.29017091978539,-0.337859024743797,5.17409466230837));
#3020=CARTESIAN_POINT('Ctrl Pts',(1.32670110090364,0.136212744343583,5.20050499256716));
#3021=CARTESIAN_POINT('Ctrl Pts',(1.15600237900183,0.517513321986211,5.22691532282596));
#3022=CARTESIAN_POINT('Ctrl Pts',(0.985303657100012,0.898813899628839,5.25332565308476));
#3023=CARTESIAN_POINT('Ctrl Pts',(0.607376032178126,1.18734328582671,5.27973598334356));
#3024=CARTESIAN_POINT('Ctrl Pts',(0.194569262123232,1.25152081122487,5.30614631360236));
#3025=CARTESIAN_POINT('Ctrl Pts',(-0.218237507931667,1.31569833662302,5.33255664386116));
#3026=CARTESIAN_POINT('Ctrl Pts',(-0.665923423119567,1.15552400122146,5.35896697411997));
#3027=CARTESIAN_POINT('Ctrl Pts',(-0.94432622060475,0.84404355798068,5.38537730437877));
#3028=CARTESIAN_POINT('Ctrl Pts',(-1.14827618779457,0.615861848769909,5.40472476079231));
#3029=CARTESIAN_POINT('Ctrl Pts',(-1.26137849641555,0.306480042284831,5.42407221720586));
#3030=CARTESIAN_POINT('Ctrl Pts',(-1.2640692544538,-0.00112960451111065,
5.44341967361941));
#3031=CARTESIAN_POINT('Origin',(0.,0.,0.));
#3032=CARTESIAN_POINT('',(-1.26644916723364,0.000329081369181282,5.94341967361942));
#3033=CARTESIAN_POINT('',(-1.26383916835509,0.00109959292702175,5.80658032638059));
#3034=CARTESIAN_POINT('',(-1.2645,-1.54856587752183E-16,0.));
#3035=CARTESIAN_POINT('Ctrl Pts',(-1.26383916835509,0.00109959292702175,
5.80658032638059));
#3036=CARTESIAN_POINT('Ctrl Pts',(-1.26484975626872,0.121554823597752,5.79900765981282));
#3037=CARTESIAN_POINT('Ctrl Pts',(-1.24902650213173,0.24174994056245,5.79143499324505));
#3038=CARTESIAN_POINT('Ctrl Pts',(-1.21529214640868,0.356688150603111,5.78386232667728));
#3039=CARTESIAN_POINT('Ctrl Pts',(-1.0976406602723,0.757545108896922,5.75745199641848));
#3040=CARTESIAN_POINT('Ctrl Pts',(-0.76213178654111,1.09446094085645,5.73104166615968));
#3041=CARTESIAN_POINT('Ctrl Pts',(-0.361770675780012,1.21378886799244,5.70463133590088));
#3042=CARTESIAN_POINT('Ctrl Pts',(0.0385904349810807,1.33311679512843,5.67822100564207));
#3043=CARTESIAN_POINT('Ctrl Pts',(0.503803782772084,1.23485681744089,5.65181067538328));
#3044=CARTESIAN_POINT('Ctrl Pts',(0.821713910908203,0.963819322554848,5.62540034512448));
#3045=CARTESIAN_POINT('Ctrl Pts',(1.13962403904432,0.692781827668805,5.59899001486568));
#3046=CARTESIAN_POINT('Ctrl Pts',(1.31023094752556,0.248966815584257,5.57257968460688));
#3047=CARTESIAN_POINT('Ctrl Pts',(1.25573122260058,-0.165228733869806,5.54616935434808));
#3048=CARTESIAN_POINT('Ctrl Pts',(1.20123149767561,-0.579424283323868,5.51975902408928));
#3049=CARTESIAN_POINT('Ctrl Pts',(0.921625139344437,-0.964000370147444,
5.49334869383048));
#3050=CARTESIAN_POINT('Ctrl Pts',(0.544423567741119,-1.14357527815182,5.46693836357168));
#3051=CARTESIAN_POINT('Ctrl Pts',(0.167221996137802,-1.32315018615619,5.44052803331288));
#3052=CARTESIAN_POINT('Ctrl Pts',(-0.307574788737657,-1.29772391534135,
5.41411770305408));
#3053=CARTESIAN_POINT('Ctrl Pts',(-0.663440908587769,-1.0788918382874,5.38770737279527));
#3054=CARTESIAN_POINT('Ctrl Pts',(-1.01930702843789,-0.860059761233447,
5.36129704253647));
#3055=CARTESIAN_POINT('Ctrl Pts',(-1.25624248326265,-0.447821877940364,
5.33488671227767));
#3056=CARTESIAN_POINT('Ctrl Pts',(-1.26619545154661,-0.0301747641863054,
5.30847638201887));
#3057=CARTESIAN_POINT('Ctrl Pts',(-1.26643363336723,-0.0201801628682151,
5.30784436347278));
#3058=CARTESIAN_POINT('Ctrl Pts',(-1.26654182686805,-0.0101824637922768,
5.30721234492668));
#3059=CARTESIAN_POINT('Ctrl Pts',(-1.2665213884523,-0.0001843109997203,
5.30658032638059));
#3060=CARTESIAN_POINT('Ctrl Pts',(-1.2640692544538,-0.00112960451111065,
5.44341967361941));
#3061=CARTESIAN_POINT('Ctrl Pts',(-1.2650515274806,-0.113423855624155,5.45048254746466));
#3062=CARTESIAN_POINT('Ctrl Pts',(-1.25131983772127,-0.225481940397904,
5.45754542130991));
#3063=CARTESIAN_POINT('Ctrl Pts',(-1.22192242402554,-0.333267352667261,
5.46460829515516));
#3064=CARTESIAN_POINT('Ctrl Pts',(-1.11199615017869,-0.736311268994459,
5.49101862541397));
#3065=CARTESIAN_POINT('Ctrl Pts',(-0.783023922702509,-1.07961255056886,
5.51742895567277));
#3066=CARTESIAN_POINT('Ctrl Pts',(-0.385029926171032,-1.20661240448188,
5.54383928593157));
#3067=CARTESIAN_POINT('Ctrl Pts',(0.0129640703604382,-1.3336122583949,5.57024961619037));
#3068=CARTESIAN_POINT('Ctrl Pts',(0.479979835947207,-1.24431068464654,5.59665994644917));
#3069=CARTESIAN_POINT('Ctrl Pts',(0.803039940994382,-0.9794326887802,5.62307027670797));
#3070=CARTESIAN_POINT('Ctrl Pts',(1.12610004604156,-0.714554692913859,5.64948060696677));
#3071=CARTESIAN_POINT('Ctrl Pts',(1.30520449054914,-0.27410027492955,5.67589093722557));
#3072=CARTESIAN_POINT('Ctrl Pts',(1.25867465244496,0.141066147534025,5.70230126748437));
#3073=CARTESIAN_POINT('Ctrl Pts',(1.21214481434078,0.556232569997606,5.72871159774317));
#3074=CARTESIAN_POINT('Ctrl Pts',(0.939980693624817,0.946110996940445,5.75512192800197));
#3075=CARTESIAN_POINT('Ctrl Pts',(0.566299759400353,1.13290163793263,5.78153225826077));
#3076=CARTESIAN_POINT('Ctrl Pts',(0.192618825175899,1.31969227892481,5.80794258851957));
#3077=CARTESIAN_POINT('Ctrl Pts',(-0.282578922557058,1.30339513396635,5.83435291877837));
#3078=CARTESIAN_POINT('Ctrl Pts',(-0.642584750770657,1.09144233778402,5.86076324903717));
#3079=CARTESIAN_POINT('Ctrl Pts',(-1.00259057898427,0.879489541601672,5.88717357929597));
#3080=CARTESIAN_POINT('Ctrl Pts',(-1.24740448767852,0.471881094195426,5.91358390955478));
#3081=CARTESIAN_POINT('Ctrl Pts',(-1.265381772674,0.0545023675764592,5.93999423981358));
#3082=CARTESIAN_POINT('Ctrl Pts',(-1.26615899379869,0.0364576203634138,
5.94113605108219));
#3083=CARTESIAN_POINT('Ctrl Pts',(-1.26651222634261,0.0183946111662609,
5.9422778623508));
#3084=CARTESIAN_POINT('Ctrl Pts',(-1.26644916723364,0.000329081369181282,
5.94341967361942));
#3085=CARTESIAN_POINT('Origin',(0.,0.,0.));
#3086=CARTESIAN_POINT('',(-1.26313623980554,0.000881527820288948,6.44341967361941));
#3087=CARTESIAN_POINT('',(-1.26275917829042,-0.000631712789782718,6.30658032638059));
#3088=CARTESIAN_POINT('',(-1.2645,-1.54856587752183E-16,0.));
#3089=CARTESIAN_POINT('Ctrl Pts',(-1.26275917829042,-0.000631712789782718,
6.30658032638059));
#3090=CARTESIAN_POINT('Ctrl Pts',(-1.26161713985268,0.25087321882362,6.29080297469895));
#3091=CARTESIAN_POINT('Ctrl Pts',(-1.18888653758919,0.502986694207629,6.27502562301732));
#3092=CARTESIAN_POINT('Ctrl Pts',(-1.04904311561105,0.709697103729468,6.25924827133569));
#3093=CARTESIAN_POINT('Ctrl Pts',(-0.814953704822114,1.0557177980491,6.23283794107688));
#3094=CARTESIAN_POINT('Ctrl Pts',(-0.392809271213905,1.27451578554345,6.20642761081809));
#3095=CARTESIAN_POINT('Ctrl Pts',(0.0248758359090079,1.26631063761156,6.18001728055929));
#3096=CARTESIAN_POINT('Ctrl Pts',(0.442560943031909,1.25810548967968,6.15360695030049));
#3097=CARTESIAN_POINT('Ctrl Pts',(0.855786723669513,1.02289720632157,6.12719662004168));
#3098=CARTESIAN_POINT('Ctrl Pts',(1.07610608208852,0.667949951717131,6.10078628978288));
#3099=CARTESIAN_POINT('Ctrl Pts',(1.29642544050754,0.313002697112693,6.07437595952408));
#3100=CARTESIAN_POINT('Ctrl Pts',(1.32383837670795,-0.161683528738074,6.04796562926528));
#3101=CARTESIAN_POINT('Ctrl Pts',(1.1458435211957,-0.539633266935912,6.02155529900648));
#3102=CARTESIAN_POINT('Ctrl Pts',(0.967848665683447,-0.917583005133749,
5.99514496874768));
#3103=CARTESIAN_POINT('Ctrl Pts',(0.584446018458522,-1.19879625567866,5.96873463848889));
#3104=CARTESIAN_POINT('Ctrl Pts',(0.170482161369082,-1.25502879273833,5.94232430823008));
#3105=CARTESIAN_POINT('Ctrl Pts',(-0.243481695720358,-1.311261329798,5.91591397797128));
#3106=CARTESIAN_POINT('Ctrl Pts',(-0.688006762674312,-1.14251315337244,
5.88950364771248));
#3107=CARTESIAN_POINT('Ctrl Pts',(-0.96037224688049,-0.82574002284561,5.86309331745368));
#3108=CARTESIAN_POINT('Ctrl Pts',(-1.1546420398836,-0.599795642720676,5.84425565376265));
#3109=CARTESIAN_POINT('Ctrl Pts',(-1.26132524342829,-0.298543221779554,
5.82541799007162));
#3110=CARTESIAN_POINT('Ctrl Pts',(-1.26383916835509,0.00109959292702175,
5.80658032638059));
#3111=CARTESIAN_POINT('Ctrl Pts',(-1.26644916723364,0.000329081369181282,
5.94341967361942));
#3112=CARTESIAN_POINT('Ctrl Pts',(-1.26505365613971,-0.399464820909953,
5.9686881926096));
#3113=CARTESIAN_POINT('Ctrl Pts',(-1.05978095938157,-0.800493177004622,
5.99395671159978));
#3114=CARTESIAN_POINT('Ctrl Pts',(-0.734051772518242,-1.03214801951204,
6.01922523058997));
#3115=CARTESIAN_POINT('Ctrl Pts',(-0.393603826070255,-1.27427067414991,
6.04563556084877));
#3116=CARTESIAN_POINT('Ctrl Pts',(0.0784327281224526,-1.33136697759395,
6.07204589110758));
#3117=CARTESIAN_POINT('Ctrl Pts',(0.466790784712087,-1.17739878611379,6.09845622136638));
#3118=CARTESIAN_POINT('Ctrl Pts',(0.855148841301711,-1.02343059463364,6.12486655162518));
#3119=CARTESIAN_POINT('Ctrl Pts',(1.15982840028827,-0.658397908229295,6.15127688188397));
#3120=CARTESIAN_POINT('Ctrl Pts',(1.24188368283529,-0.248769887885219,6.17768721214277));
#3121=CARTESIAN_POINT('Ctrl Pts',(1.32393896538232,0.160858132458858,6.20409754240157));
#3122=CARTESIAN_POINT('Ctrl Pts',(1.18336997148981,0.615081486742667,6.23050787266037));
#3123=CARTESIAN_POINT('Ctrl Pts',(0.884281652471132,0.90675658210798,6.25691820291917));
#3124=CARTESIAN_POINT('Ctrl Pts',(0.585193333452443,1.19843167747331,6.28332853317798));
#3125=CARTESIAN_POINT('Ctrl Pts',(0.12758568930757,1.32755851392012,6.30973886343678));
#3126=CARTESIAN_POINT('Ctrl Pts',(-0.279854320862275,1.23525021532337,6.33614919369558));
#3127=CARTESIAN_POINT('Ctrl Pts',(-0.687294331032108,1.14294191672661,6.36255952395438));
#3128=CARTESIAN_POINT('Ctrl Pts',(-1.04456670722692,0.829198483086309,6.38896985421318));
#3129=CARTESIAN_POINT('Ctrl Pts',(-1.18874129237382,0.437099165314313,6.41538018447198));
#3130=CARTESIAN_POINT('Ctrl Pts',(-1.23976402572536,0.298336990846355,6.42472668085446));
#3131=CARTESIAN_POINT('Ctrl Pts',(-1.26409796393001,0.149761368149489,6.43407317723693));
#3132=CARTESIAN_POINT('Ctrl Pts',(-1.26313623980554,0.000881527820288948,
6.44341967361941));
#3133=CARTESIAN_POINT('Origin',(0.,0.,0.));
#3134=CARTESIAN_POINT('',(-1.26331098203396,-0.00095795114667947,6.94341967361941));
#3135=CARTESIAN_POINT('',(-1.2661183323331,-0.000660998829375287,6.80658032638059));
#3136=CARTESIAN_POINT('',(-1.2645,-1.54856587752183E-16,0.));
#3137=CARTESIAN_POINT('Ctrl Pts',(-1.2661183323331,-0.000660998829375287,
6.80658032638059));
#3138=CARTESIAN_POINT('Ctrl Pts',(-1.2637014824029,0.3790416403491,6.78259828958509));
#3139=CARTESIAN_POINT('Ctrl Pts',(-1.08135047327713,0.760757693075668,6.75861625278959));
#3140=CARTESIAN_POINT('Ctrl Pts',(-0.783227371413226,0.995347325759058,
6.73463421599409));
#3141=CARTESIAN_POINT('Ctrl Pts',(-0.45491791024679,1.25369025664898,6.70822388573529));
#3142=CARTESIAN_POINT('Ctrl Pts',(0.0137955306476629,1.33360387518362,6.68181355547649));
#3143=CARTESIAN_POINT('Ctrl Pts',(0.409161331559863,1.19864442222966,6.65540322521769));
#3144=CARTESIAN_POINT('Ctrl Pts',(0.804527132472063,1.0636849692757,6.62899289495889));
#3145=CARTESIAN_POINT('Ctrl Pts',(1.12654529340201,0.713852444833149,6.60258256470009));
#3146=CARTESIAN_POINT('Ctrl Pts',(1.22836294723738,0.308684158306988,6.57617223444129));
#3147=CARTESIAN_POINT('Ctrl Pts',(1.33018060107275,-0.0964841282191797,
6.54976190418249));
#3148=CARTESIAN_POINT('Ctrl Pts',(1.21179774781352,-0.55698817682895,6.52335157392369));
#3149=CARTESIAN_POINT('Ctrl Pts',(0.927201596758853,-0.862820162919898,
6.49694124366489));
#3150=CARTESIAN_POINT('Ctrl Pts',(0.642605445704194,-1.16865214901084,6.47053091340609));
#3151=CARTESIAN_POINT('Ctrl Pts',(0.191795996854095,-1.31981207258297,6.44412058314729));
#3152=CARTESIAN_POINT('Ctrl Pts',(-0.219640035961507,-1.24736510048984,
6.41771025288849));
#3153=CARTESIAN_POINT('Ctrl Pts',(-0.63107606877712,-1.17491812839672,6.39129992262969));
#3154=CARTESIAN_POINT('Ctrl Pts',(-1.00313868555824,-0.878864260638321,
6.36488959237089));
#3155=CARTESIAN_POINT('Ctrl Pts',(-1.16615279996395,-0.494215626186674,
6.33847926211209));
#3156=CARTESIAN_POINT('Ctrl Pts',(-1.2317833910723,-0.339353469985585,6.32784628353492));
#3157=CARTESIAN_POINT('Ctrl Pts',(-1.26352884296469,-0.170130789939098,
6.31721330495776));
#3158=CARTESIAN_POINT('Ctrl Pts',(-1.26275917829042,-0.000631712789782718,
6.30658032638059));
#3159=CARTESIAN_POINT('Ctrl Pts',(-1.26313623980554,0.000881527820288948,
6.44341967361941));
#3160=CARTESIAN_POINT('Ctrl Pts',(-1.26138042671544,-0.270927368149919,
6.46048350749574));
#3161=CARTESIAN_POINT('Ctrl Pts',(-1.17531024355686,-0.543750268722983,
6.47754734137206));
#3162=CARTESIAN_POINT('Ctrl Pts',(-1.01340334729459,-0.759720476646523,
6.49461117524838));
#3163=CARTESIAN_POINT('Ctrl Pts',(-0.762814022969457,-1.09398559893168,
6.52102150550718));
#3164=CARTESIAN_POINT('Ctrl Pts',(-0.330558580220204,-1.2920606415983,6.54743183576598));
#3165=CARTESIAN_POINT('Ctrl Pts',(0.0862376138741831,-1.26361568089823,
6.57384216602478));
#3166=CARTESIAN_POINT('Ctrl Pts',(0.503033807968564,-1.23517072019816,6.60025249628358));
#3167=CARTESIAN_POINT('Ctrl Pts',(0.904370753408077,-0.98020575613141,6.62666282654238));
#3168=CARTESIAN_POINT('Ctrl Pts',(1.10722313230703,-0.614994709761363,6.65307315680118));
#3169=CARTESIAN_POINT('Ctrl Pts',(1.31007551120598,-0.249783663391306,6.67948348705998));
#3170=CARTESIAN_POINT('Ctrl Pts',(1.31444332356436,0.225673465282054,6.70589381731878));
#3171=CARTESIAN_POINT('Ctrl Pts',(1.11833466786235,0.594549539783174,6.73230414757758));
#3172=CARTESIAN_POINT('Ctrl Pts',(0.92222601216034,0.9634256142843,6.75871447783638));
#3173=CARTESIAN_POINT('Ctrl Pts',(0.525640888397943,1.22572063461317,6.78512480809518));
#3174=CARTESIAN_POINT('Ctrl Pts',(0.109437618776244,1.26181804655398,6.81153513835398));
#3175=CARTESIAN_POINT('Ctrl Pts',(-0.306765650845437,1.29791545849478,6.83794546861279));
#3176=CARTESIAN_POINT('Ctrl Pts',(-0.742587066326426,1.10781526204751,6.86435579887159));
#3177=CARTESIAN_POINT('Ctrl Pts',(-0.999275070733954,0.778210154331748,
6.89076612913039));
#3178=CARTESIAN_POINT('Ctrl Pts',(-1.16985899411331,0.559168627362829,6.90831731062673));
#3179=CARTESIAN_POINT('Ctrl Pts',(-1.2613310482109,0.278516626734629,6.92586849212307));
#3180=CARTESIAN_POINT('Ctrl Pts',(-1.26331098203396,-0.00095795114667947,
6.94341967361941));
#3181=CARTESIAN_POINT('Origin',(0.,0.,0.));
#3182=CARTESIAN_POINT('',(-1.26651990709509,-0.000202375712092318,7.44341967361942));
#3183=CARTESIAN_POINT('',(-1.26467777126479,0.00113348070255002,7.30658032638059));
#3184=CARTESIAN_POINT('',(-1.2645,-1.54856587752183E-16,0.));
#3185=CARTESIAN_POINT('Ctrl Pts',(-1.26467777126479,0.00113348070255002,
7.30658032638059));
#3186=CARTESIAN_POINT('Ctrl Pts',(-1.2655195457402,0.0928610920054721,7.30080393473002));
#3187=CARTESIAN_POINT('Ctrl Pts',(-1.25638362621994,0.184422435642413,7.29502754307946));
#3188=CARTESIAN_POINT('Ctrl Pts',(-1.23664287747757,0.273637124398925,7.2892511514289));
#3189=CARTESIAN_POINT('Ctrl Pts',(-1.14638589260171,0.681536992782317,7.2628408211701));
#3190=CARTESIAN_POINT('Ctrl Pts',(-0.834443003257725,1.04038182230117,7.2364304909113));
#3191=CARTESIAN_POINT('Ctrl Pts',(-0.443073790680221,1.18652684141912,7.2100201606525));
#3192=CARTESIAN_POINT('Ctrl Pts',(-0.0517045781027167,1.33267186053708,
7.1836098303937));
#3193=CARTESIAN_POINT('Ctrl Pts',(0.4190909577083,1.26611706925414,7.1571995001349));
#3194=CARTESIAN_POINT('Ctrl Pts',(0.754612422332784,1.01721274302292,7.1307891698761));
#3195=CARTESIAN_POINT('Ctrl Pts',(1.09013388695726,0.768308416791695,7.1043788396173));
#3196=CARTESIAN_POINT('Ctrl Pts',(1.29038128039521,0.337054555612196,7.0779685093585));
#3197=CARTESIAN_POINT('Ctrl Pts',(1.26403357103233,-0.0798795471097021,
7.0515581790997));
#3198=CARTESIAN_POINT('Ctrl Pts',(1.23768586166946,-0.496813649831606,7.0251478488409));
#3199=CARTESIAN_POINT('Ctrl Pts',(0.984743049505746,-0.899427994095923,
6.9987375185821));
#3200=CARTESIAN_POINT('Ctrl Pts',(0.620557146270615,-1.10411507649021,6.9723271883233));
#3201=CARTESIAN_POINT('Ctrl Pts',(0.25637124303548,-1.3088021588845,6.9459168580645));
#3202=CARTESIAN_POINT('Ctrl Pts',(-0.219057751271079,-1.31556197940877,
6.9195065278057));
#3203=CARTESIAN_POINT('Ctrl Pts',(-0.588915756737505,-1.12131160495227,
6.8930961975469));
#3204=CARTESIAN_POINT('Ctrl Pts',(-0.958773762203927,-0.927061230495781,
6.8666858672881));
#3205=CARTESIAN_POINT('Ctrl Pts',(-1.22306077883021,-0.531800661058533,
6.84027553702929));
#3206=CARTESIAN_POINT('Ctrl Pts',(-1.26125154642415,-0.115784254717306,
6.81386520677049));
#3207=CARTESIAN_POINT('Ctrl Pts',(-1.26476299025685,-0.0775336947945183,
6.81143691330719));
#3208=CARTESIAN_POINT('Ctrl Pts',(-1.26636304969957,-0.0391076680834538,
6.80900861984389));
#3209=CARTESIAN_POINT('Ctrl Pts',(-1.2661183323331,-0.000660998829375287,
6.80658032638059));
#3210=CARTESIAN_POINT('Ctrl Pts',(-1.26331098203396,-0.00095795114667947,
6.94341967361941));
#3211=CARTESIAN_POINT('Ctrl Pts',(-1.26431037505385,-0.142025768221642,
6.95227882238187));
#3212=CARTESIAN_POINT('Ctrl Pts',(-1.24250865376199,-0.282793597425463,
6.96113797114433));
#3213=CARTESIAN_POINT('Ctrl Pts',(-1.1965708688761,-0.415186618862001,6.96999711990679));
#3214=CARTESIAN_POINT('Ctrl Pts',(-1.05962406927664,-0.809868265355699,
6.99640745016558));
#3215=CARTESIAN_POINT('Ctrl Pts',(-0.70817587674363,-1.13012153935882,7.02281778042438));
#3216=CARTESIAN_POINT('Ctrl Pts',(-0.302500504360457,-1.22989994586075,
7.04922811068318));
#3217=CARTESIAN_POINT('Ctrl Pts',(0.103174868022727,-1.32967835236269,7.07563844094199));
#3218=CARTESIAN_POINT('Ctrl Pts',(0.563077420256075,-1.20898189136341,7.10204877120079));
#3219=CARTESIAN_POINT('Ctrl Pts',(0.867473835958441,-0.922850001554282,
7.12845910145959));
#3220=CARTESIAN_POINT('Ctrl Pts',(1.17187025166081,-0.636718111745154,7.15486943171839));
#3221=CARTESIAN_POINT('Ctrl Pts',(1.32076053083218,-0.185150793126172,7.18127976197719));
#3222=CARTESIAN_POINT('Ctrl Pts',(1.24624449172564,0.225914183229972,7.20769009223599));
#3223=CARTESIAN_POINT('Ctrl Pts',(1.17172845261911,0.636979159586104,7.23410042249479));
#3224=CARTESIAN_POINT('Ctrl Pts',(0.873806095234653,1.00754179367941,7.26051075275359));
#3225=CARTESIAN_POINT('Ctrl Pts',(0.488342408994771,1.16862137998161,7.28692108301239));
#3226=CARTESIAN_POINT('Ctrl Pts',(0.102878722754884,1.32970096628381,7.31333141327119));
#3227=CARTESIAN_POINT('Ctrl Pts',(-0.370126292340438,1.28129750479491,7.33974174352999));
#3228=CARTESIAN_POINT('Ctrl Pts',(-0.714965315751541,1.04546524105154,7.36615207378879));
#3229=CARTESIAN_POINT('Ctrl Pts',(-1.05125902362789,0.815477040683104,7.391907940399));
#3230=CARTESIAN_POINT('Ctrl Pts',(-1.26566009451658,0.407234135973733,7.41766380700921));
#3231=CARTESIAN_POINT('Ctrl Pts',(-1.26651990709509,-0.000202375712092318,
7.44341967361942));
#3232=CARTESIAN_POINT('Origin',(0.,0.,0.));
#3233=CARTESIAN_POINT('',(-1.26373535226032,0.00161811701248246,7.94341967361942));
#3234=CARTESIAN_POINT('',(-1.26244128220478,-0.000253358193937209,7.80658032638059));
#3235=CARTESIAN_POINT('',(-1.2645,-1.54856587752183E-16,0.));
#3236=CARTESIAN_POINT('',(-0.958116152722384,-0.825211298936495,8.));
#3237=CARTESIAN_POINT('Ctrl Pts',(-1.26373535226032,0.00161811701248246,
7.94341967361942));
#3238=CARTESIAN_POINT('Ctrl Pts',(-1.2610371627523,-0.297486895001255,7.96227978241295));
#3239=CARTESIAN_POINT('Ctrl Pts',(-1.15369380269339,-0.598134784363557,
7.98113989120647));
#3240=CARTESIAN_POINT('Ctrl Pts',(-0.958116152722384,-0.825211298936495,
8.));
#3241=CARTESIAN_POINT('',(0.959921278911969,-0.826584842451385,8.));
#3242=CARTESIAN_POINT('Origin',(0.,0.,8.));
#3243=CARTESIAN_POINT('Ctrl Pts',(0.959922932069669,-0.82658610036014,8.));
#3244=CARTESIAN_POINT('Ctrl Pts',(0.694623216560011,-1.13338675640483,7.97436635921337));
#3245=CARTESIAN_POINT('Ctrl Pts',(0.26843795892748,-1.30248841595108,7.94873271842674));
#3246=CARTESIAN_POINT('Ctrl Pts',(-0.134803065125172,-1.25924657982298,
7.92309907764011));
#3247=CARTESIAN_POINT('Ctrl Pts',(-0.550262137356601,-1.21469453266565,
7.89668874738131));
#3248=CARTESIAN_POINT('Ctrl Pts',(-0.941365508737533,-0.944736191583202,
7.87027841712251));
#3249=CARTESIAN_POINT('Ctrl Pts',(-1.13000065413661,-0.572056950533145,
7.84386808686371));
#3250=CARTESIAN_POINT('Ctrl Pts',(-1.21877629674076,-0.396666309306379,
7.83143883336934));
#3251=CARTESIAN_POINT('Ctrl Pts',(-1.26270845968836,-0.198524628672501,
7.81900957987496));
#3252=CARTESIAN_POINT('Ctrl Pts',(-1.26244128220478,-0.000253358193937209,
7.80658032638059));
#3253=CARTESIAN_POINT('Origin',(0.,0.,8.));
#3254=CARTESIAN_POINT('',(-1.46477976148756,0.00110673369905567,25.1606550458429));
#3255=CARTESIAN_POINT('',(-1.46459452398343,0.0015421313853548,25.0893449541571));
#3256=CARTESIAN_POINT('',(-1.4635,-1.79227059055215E-16,8.));
#3257=CARTESIAN_POINT('',(0.634007094575221,1.31904027763685,25.));
#3258=CARTESIAN_POINT('Ctrl Pts',(-1.46477976148756,0.00110673369905567,
25.1606550458429));
#3259=CARTESIAN_POINT('Ctrl Pts',(-1.46531090639321,0.0678261645628454,
25.1570177477813));
#3260=CARTESIAN_POINT('Ctrl Pts',(-1.46114011564558,0.134475682889399,25.1533804497196));
#3261=CARTESIAN_POINT('Ctrl Pts',(-1.45203846305682,0.200440601594737,25.149743151658));
#3262=CARTESIAN_POINT('Ctrl Pts',(-1.38641096808085,0.676080857988349,25.1235164024014));
#3263=CARTESIAN_POINT('Ctrl Pts',(-1.06442127887528,1.1161278516385,25.0972896531449));
#3264=CARTESIAN_POINT('Ctrl Pts',(-0.63093424483513,1.32295152017553,25.0710629038883));
#3265=CARTESIAN_POINT('Ctrl Pts',(-0.239414793511578,1.50975177685597,25.0473752692589));
#3266=CARTESIAN_POINT('Ctrl Pts',(0.243058068267376,1.50630125358951,25.0236876346294));
#3267=CARTESIAN_POINT('Ctrl Pts',(0.635543989235703,1.32062327348135,25.));
#3268=CARTESIAN_POINT('',(-0.634007094575267,1.31904027763682,25.));
#3269=CARTESIAN_POINT('Origin',(0.,0.,25.));
#3270=CARTESIAN_POINT('Ctrl Pts',(-0.634007094575265,1.31904027763682,25.));
#3271=CARTESIAN_POINT('Ctrl Pts',(-1.06872986157011,1.11008735700129,25.0262267492566));
#3272=CARTESIAN_POINT('Ctrl Pts',(-1.38854602210379,0.671334717678832,25.0524534985132));
#3273=CARTESIAN_POINT('Ctrl Pts',(-1.45248477107795,0.196182768305812,25.0786802477697));
#3274=CARTESIAN_POINT('Ctrl Pts',(-1.46115134247182,0.131778344411873,25.0822351498989));
#3275=CARTESIAN_POINT('Ctrl Pts',(-1.46511682655053,0.0667051771000746,
25.085790052028));
#3276=CARTESIAN_POINT('Ctrl Pts',(-1.46459452398343,0.0015421313853548,
25.0893449541571));
#3277=CARTESIAN_POINT('Origin',(0.,0.,8.));
#3278=CARTESIAN_POINT('',(-1.46120133456201,5.06463453157913E-5,25.6606550458429));
#3279=CARTESIAN_POINT('',(-1.46120046435837,8.11184056303879E-5,25.5893449541571));
#3280=CARTESIAN_POINT('',(-1.4635,-1.79227059055215E-16,8.));
#3281=CARTESIAN_POINT('Ctrl Pts',(-1.46120133456201,5.06463453157913E-5,
25.6606550458429));
#3282=CARTESIAN_POINT('Ctrl Pts',(-1.46127463254164,0.238977068315659,25.6477115766541));
#3283=CARTESIAN_POINT('Ctrl Pts',(-1.40585110965515,0.477871150394269,25.6347681074652));
#3284=CARTESIAN_POINT('Ctrl Pts',(-1.29474181441435,0.687207962266015,25.6218246382764));
#3285=CARTESIAN_POINT('Ctrl Pts',(-1.0696062202515,1.11137740208437,25.5955978890198));
#3286=CARTESIAN_POINT('Ctrl Pts',(-0.615841378296032,1.41419346619301,25.5693711397633));
#3287=CARTESIAN_POINT('Ctrl Pts',(-0.137750459138634,1.45932420196863,25.5431443905067));
#3288=CARTESIAN_POINT('Ctrl Pts',(0.340340460018764,1.50445493774425,25.5169176412501));
#3289=CARTESIAN_POINT('Ctrl Pts',(0.842757456378096,1.29190034518686,25.4906908919935));
#3290=CARTESIAN_POINT('Ctrl Pts',(1.14328587038178,0.917343822437927,25.4644641427369));
#3291=CARTESIAN_POINT('Ctrl Pts',(1.44381428438546,0.542787299688998,25.4382373934803));
#3292=CARTESIAN_POINT('Ctrl Pts',(1.54245411603349,0.00622884674853656,
25.4120106442238));
#3293=CARTESIAN_POINT('Ctrl Pts',(1.39480109629649,-0.450713662525557,25.3857838949672));
#3294=CARTESIAN_POINT('Ctrl Pts',(1.2471480765595,-0.90765617179965,25.3595571457106));
#3295=CARTESIAN_POINT('Ctrl Pts',(0.853202205437492,-1.28498273740737,25.333330396454));
#3296=CARTESIAN_POINT('Ctrl Pts',(0.390320454236319,-1.41287225188756,25.3071036471975));
#3297=CARTESIAN_POINT('Ctrl Pts',(-0.0725612969648541,-1.54076176636774,
25.2808768979409));
#3298=CARTESIAN_POINT('Ctrl Pts',(-0.604378928245189,-1.41921422972038,
25.2546501486843));
#3299=CARTESIAN_POINT('Ctrl Pts',(-0.965655093512173,-1.10282370182817,
25.2284233994278));
#3300=CARTESIAN_POINT('Ctrl Pts',(-1.27682710432279,-0.830312293020182,
25.2058339482328));
#3301=CARTESIAN_POINT('Ctrl Pts',(-1.46148108435959,-0.413254504152065,
25.1832444970378));
#3302=CARTESIAN_POINT('Ctrl Pts',(-1.46477976148756,0.00110673369905567,
25.1606550458429));
#3303=CARTESIAN_POINT('Ctrl Pts',(-1.46459452398343,0.0015421313853548,
25.0893449541571));
#3304=CARTESIAN_POINT('Ctrl Pts',(-1.4612634719529,-0.414043602664212,25.1120168012846));
#3305=CARTESIAN_POINT('Ctrl Pts',(-1.2753955017774,-0.833285064575163,25.134688648412));
#3306=CARTESIAN_POINT('Ctrl Pts',(-0.962321800350146,-1.10602197391573,
25.1573604955395));
#3307=CARTESIAN_POINT('Ctrl Pts',(-0.600158743233541,-1.42152350734064,
25.1835872447961));
#3308=CARTESIAN_POINT('Ctrl Pts',(-0.0677712915856939,-1.54097531476689,
25.2098139940526));
#3309=CARTESIAN_POINT('Ctrl Pts',(0.394758244064862,-1.41154000378615,25.2360407433092));
#3310=CARTESIAN_POINT('Ctrl Pts',(0.857287779715415,-1.2821046928054,25.2622674925658));
#3311=CARTESIAN_POINT('Ctrl Pts',(1.24995939936868,-0.903782263417682,25.2884942418224));
#3312=CARTESIAN_POINT('Ctrl Pts',(1.39616807132137,-0.446438084035354,25.3147209910789));
#3313=CARTESIAN_POINT('Ctrl Pts',(1.54237674327406,0.0109060953469749,25.3409477403355));
#3314=CARTESIAN_POINT('Ctrl Pts',(1.44212246752619,0.547272024723911,25.3671744895921));
#3315=CARTESIAN_POINT('Ctrl Pts',(1.14044454222731,0.920921407955278,25.3934012388487));
#3316=CARTESIAN_POINT('Ctrl Pts',(0.838766616928442,1.29457079118665,25.4196279881053));
#3317=CARTESIAN_POINT('Ctrl Pts',(0.335665042078574,1.50550362827245,25.4458547373619));
#3318=CARTESIAN_POINT('Ctrl Pts',(-0.142289867529346,1.45887350522389,25.4720814866184));
#3319=CARTESIAN_POINT('Ctrl Pts',(-0.620244777137265,1.41224338217534,25.498308235875));
#3320=CARTESIAN_POINT('Ctrl Pts',(-1.07305302150324,1.10805029899243,25.5245349851316));
#3321=CARTESIAN_POINT('Ctrl Pts',(-1.29686662564919,0.683191064615512,25.5507617343881));
#3322=CARTESIAN_POINT('Ctrl Pts',(-1.4066203404737,0.4748485939766,25.5636228076444));
#3323=CARTESIAN_POINT('Ctrl Pts',(-1.46130713188843,0.237489227136227,25.5764838809008));
#3324=CARTESIAN_POINT('Ctrl Pts',(-1.46120046435837,8.11184056303879E-5,
25.5893449541571));
#3325=CARTESIAN_POINT('Origin',(0.,0.,8.));
#3326=CARTESIAN_POINT('',(-1.46463441235787,-0.00107765121858228,26.1606550458429));
#3327=CARTESIAN_POINT('',(-1.4645934193001,-0.00109130309316785,26.0893449541571));
#3328=CARTESIAN_POINT('',(-1.4635,-1.79227059055215E-16,8.));
#3329=CARTESIAN_POINT('Ctrl Pts',(-1.46463441235787,-0.00107765121858228,
26.1606550458429));
#3330=CARTESIAN_POINT('Ctrl Pts',(-1.46125505793448,0.407183498049329,26.1384054055269));
#3331=CARTESIAN_POINT('Ctrl Pts',(-1.28272880110817,0.818038422146845,26.1161557652108));
#3332=CARTESIAN_POINT('Ctrl Pts',(-0.979694378555823,1.09032518220246,26.0939061248948));
#3333=CARTESIAN_POINT('Ctrl Pts',(-0.62249274727065,1.41128302603426,26.0676793756382));
#3334=CARTESIAN_POINT('Ctrl Pts',(-0.0922932387764865,1.53970732728106,
26.0414526263817));
#3335=CARTESIAN_POINT('Ctrl Pts',(0.372184624977406,1.41777589311196,26.0152258771251));
#3336=CARTESIAN_POINT('Ctrl Pts',(0.836662488731298,1.29584445894285,25.9889991278685));
#3337=CARTESIAN_POINT('Ctrl Pts',(1.23541870774492,0.923557289357857,25.9627723786119));
#3338=CARTESIAN_POINT('Ctrl Pts',(1.38891529907187,0.468534393784041,25.9365456293554));
#3339=CARTESIAN_POINT('Ctrl Pts',(1.54241189039882,0.0135114982102243,25.9103188800988));
#3340=CARTESIAN_POINT('Ctrl Pts',(1.4506488540391,-0.524247123352412,25.8840921308422));
#3341=CARTESIAN_POINT('Ctrl Pts',(1.15494216633787,-0.902617789078875,25.8578653815856));
#3342=CARTESIAN_POINT('Ctrl Pts',(0.859235478636629,-1.28098845480534,25.831638632329));
#3343=CARTESIAN_POINT('Ctrl Pts',(0.359585139593877,-1.49997116469563,25.8054118830724));
#3344=CARTESIAN_POINT('Ctrl Pts',(-0.119044180238965,-1.46097139197787,
25.7791851338159));
#3345=CARTESIAN_POINT('Ctrl Pts',(-0.597673500071808,-1.4219716192601,25.7529583845593));
#3346=CARTESIAN_POINT('Ctrl Pts',(-1.05528180069474,-1.12498936393429,25.7267316353028));
#3347=CARTESIAN_POINT('Ctrl Pts',(-1.28583277782109,-0.703736828507345,
25.7005048860462));
#3348=CARTESIAN_POINT('Ctrl Pts',(-1.40260185084276,-0.490381549414876,
25.6872216059784));
#3349=CARTESIAN_POINT('Ctrl Pts',(-1.46112611225664,-0.245148421409746,
25.6739383259107));
#3350=CARTESIAN_POINT('Ctrl Pts',(-1.46120133456201,5.06463453157913E-5,
25.6606550458429));
#3351=CARTESIAN_POINT('Ctrl Pts',(-1.46120046435837,8.11184056303879E-5,
25.5893449541571));
#3352=CARTESIAN_POINT('Ctrl Pts',(-1.46108961173992,-0.246641670423141,
25.6027106301574));
#3353=CARTESIAN_POINT('Ctrl Pts',(-1.40180132218725,-0.493417100939267,
25.6160763061576));
#3354=CARTESIAN_POINT('Ctrl Pts',(-1.28364252761738,-0.707731803863076,
25.6294419821579));
#3355=CARTESIAN_POINT('Ctrl Pts',(-1.0517858615137,-1.12827005239382,25.6556687314145));
#3356=CARTESIAN_POINT('Ctrl Pts',(-0.593253565380404,-1.4238211638844,25.681895480671));
#3357=CARTESIAN_POINT('Ctrl Pts',(-0.114504500475562,-1.46133200688371,
25.7081222299276));
#3358=CARTESIAN_POINT('Ctrl Pts',(0.364244564429283,-1.49884284988303,25.7343489791842));
#3359=CARTESIAN_POINT('Ctrl Pts',(0.863210398105675,-1.27831342439108,25.7605757284408));
#3360=CARTESIAN_POINT('Ctrl Pts',(1.15773989890946,-0.899027062837019,25.7868024776974));
#3361=CARTESIAN_POINT('Ctrl Pts',(1.45226939971324,-0.519740701282961,25.813029226954));
#3362=CARTESIAN_POINT('Ctrl Pts',(1.54236256764442,0.0183025963332054,25.8392559762105));
#3363=CARTESIAN_POINT('Ctrl Pts',(1.38745353339684,0.472847051824494,25.8654827254671));
#3364=CARTESIAN_POINT('Ctrl Pts',(1.23254449914926,0.927391507315783,25.8917094747237));
#3365=CARTESIAN_POINT('Ctrl Pts',(0.832633262722927,1.2984371206822,25.9179362239802));
#3366=CARTESIAN_POINT('Ctrl Pts',(0.367778747561156,1.41892491247339,25.9441629732368));
#3367=CARTESIAN_POINT('Ctrl Pts',(-0.0970757676006145,1.53941270426458,
25.9703897224934));
#3368=CARTESIAN_POINT('Ctrl Pts',(-0.626873561497823,1.40934267448055,25.99661647175));
#3369=CARTESIAN_POINT('Ctrl Pts',(-0.983076446862716,1.08727695041901,26.0228432210066));
#3370=CARTESIAN_POINT('Ctrl Pts',(-1.28414450271469,0.815062138625908,26.0450104653901));
#3371=CARTESIAN_POINT('Ctrl Pts',(-1.4611983421763,0.405687799647037,26.0671777097736));
#3372=CARTESIAN_POINT('Ctrl Pts',(-1.4645934193001,-0.00109130309316785,
26.0893449541571));
#3373=CARTESIAN_POINT('Origin',(0.,0.,8.));
#3374=CARTESIAN_POINT('',(-1.46392752408207,0.00124110801009374,26.6606550458429));
#3375=CARTESIAN_POINT('',(-1.46397203031245,0.00123488444364087,26.5893449541571));
#3376=CARTESIAN_POINT('',(-1.4635,-1.79227059055215E-16,8.));
#3377=CARTESIAN_POINT('Ctrl Pts',(-1.46392752408207,0.00124110801009374,
26.6606550458429));
#3378=CARTESIAN_POINT('Ctrl Pts',(-1.46480340957172,0.0991470885197622,
26.6553259836563));
#3379=CARTESIAN_POINT('Ctrl Pts',(-1.45580363821756,0.196893000984201,26.6499969214696));
#3380=CARTESIAN_POINT('Ctrl Pts',(-1.43633215391247,0.292506368635228,26.644667859283));
#3381=CARTESIAN_POINT('Ctrl Pts',(-1.34050408536361,0.763063425605853,26.6184411100264));
#3382=CARTESIAN_POINT('Ctrl Pts',(-0.991043412669899,1.1819686757502,26.5922143607698));
#3383=CARTESIAN_POINT('Ctrl Pts',(-0.545292980191659,1.36061221479274,26.5659876115133));
#3384=CARTESIAN_POINT('Ctrl Pts',(-0.0995425477134181,1.53925575383527,
26.5397608622567));
#3385=CARTESIAN_POINT('Ctrl Pts',(0.442497644549346,1.477637581776,26.5135341130001));
#3386=CARTESIAN_POINT('Ctrl Pts',(0.83677682980143,1.20350096237749,26.4873073637435));
#3387=CARTESIAN_POINT('Ctrl Pts',(1.23105601505351,0.929364342978974,26.4610806144869));
#3388=CARTESIAN_POINT('Ctrl Pts',(1.47757419329491,0.442709276241212,26.4348538652303));
#3389=CARTESIAN_POINT('Ctrl Pts',(1.46533783994851,-0.0373503405556905,
26.4086271159738));
#3390=CARTESIAN_POINT('Ctrl Pts',(1.45310148660211,-0.517409957352595,26.3824003667172));
#3391=CARTESIAN_POINT('Ctrl Pts',(1.1821106016679,-0.990874124208643,26.3561736174606));
#3392=CARTESIAN_POINT('Ctrl Pts',(0.774377419543742,-1.24456805839555,26.329946868204));
#3393=CARTESIAN_POINT('Ctrl Pts',(0.366644237419588,-1.49826199258246,26.3037201189475));
#3394=CARTESIAN_POINT('Ctrl Pts',(-0.177831241894507,-1.53218569410022,
26.2774933696909));
#3395=CARTESIAN_POINT('Ctrl Pts',(-0.613901781015681,-1.33106521799994,
26.2512666204343));
#3396=CARTESIAN_POINT('Ctrl Pts',(-1.04997232013685,-1.12994474189966,26.2250398711777));
#3397=CARTESIAN_POINT('Ctrl Pts',(-1.37763791906511,-0.693780088181334,
26.1988131219211));
#3398=CARTESIAN_POINT('Ctrl Pts',(-1.44936884149114,-0.218952068113758,
26.1725863726646));
#3399=CARTESIAN_POINT('Ctrl Pts',(-1.46024635017908,-0.146947613983308,
26.168609263724));
#3400=CARTESIAN_POINT('Ctrl Pts',(-1.46523846979429,-0.0740540698829618,
26.1646321547835));
#3401=CARTESIAN_POINT('Ctrl Pts',(-1.46463441235787,-0.00107765121858228,
26.1606550458429));
#3402=CARTESIAN_POINT('Ctrl Pts',(-1.4645934193001,-0.00109130309316785,
26.0893449541571));
#3403=CARTESIAN_POINT('Ctrl Pts',(-1.46521516244012,-0.0755850796432356,
26.0934044590302));
#3404=CARTESIAN_POINT('Ctrl Pts',(-1.46001293171755,-0.149991820055203,
26.0974639639032));
#3405=CARTESIAN_POINT('Ctrl Pts',(-1.44868182840155,-0.223453201442172,
26.1015234687763));
#3406=CARTESIAN_POINT('Ctrl Pts',(-1.37547634774291,-0.69805621090277,26.1277502180329));
#3407=CARTESIAN_POINT('Ctrl Pts',(-1.04645740959306,-1.13320081148492,26.1539769672894));
#3408=CARTESIAN_POINT('Ctrl Pts',(-0.609764208154074,-1.33296574457319,
26.180203716546));
#3409=CARTESIAN_POINT('Ctrl Pts',(-0.173071006715095,-1.53273067766146,
26.2064304658026));
#3410=CARTESIAN_POINT('Ctrl Pts',(0.371296458013006,-1.49711594325586,26.2326572150592));
#3411=CARTESIAN_POINT('Ctrl Pts',(0.778239645677399,-1.24215672091918,26.2588839643158));
#3412=CARTESIAN_POINT('Ctrl Pts',(1.18518283334179,-0.987197498582491,26.2851107135723));
#3413=CARTESIAN_POINT('Ctrl Pts',(1.45470174394248,-0.512893788314722,26.3113374628289));
#3414=CARTESIAN_POINT('Ctrl Pts',(1.4654468587756,-0.0327984473139257,26.3375642120855));
#3415=CARTESIAN_POINT('Ctrl Pts',(1.47619197360872,0.447296893686873,26.3637909613421));
#3416=CARTESIAN_POINT('Ctrl Pts',(1.22816329267428,0.9331838654207,26.3900177105987));
#3417=CARTESIAN_POINT('Ctrl Pts',(0.833034453581173,1.20609443981404,26.4162444598552));
#3418=CARTESIAN_POINT('Ctrl Pts',(0.437905614488065,1.47900501420738,26.4424712091118));
#3419=CARTESIAN_POINT('Ctrl Pts',(-0.104323382763708,1.53893919126023,26.4686979583684));
#3420=CARTESIAN_POINT('Ctrl Pts',(-0.549516771738091,1.35891189732009,26.494924707625));
#3421=CARTESIAN_POINT('Ctrl Pts',(-0.994710160712474,1.17888460337994,26.5211514568815));
#3422=CARTESIAN_POINT('Ctrl Pts',(-1.34286794140947,0.758895838446806,26.5473782061381));
#3423=CARTESIAN_POINT('Ctrl Pts',(-1.437233885235,0.288043363927662,26.5736049553947));
#3424=CARTESIAN_POINT('Ctrl Pts',(-1.45611181052283,0.193849235461181,26.5788516216489));
#3425=CARTESIAN_POINT('Ctrl Pts',(-1.46483296625306,0.0976195372794649,
26.584098287903));
#3426=CARTESIAN_POINT('Ctrl Pts',(-1.46397203031245,0.00123488444364087,
26.5893449541571));
#3427=CARTESIAN_POINT('Origin',(0.,0.,8.));
#3428=CARTESIAN_POINT('',(-1.46132776879827,-0.000435385824991141,27.1606550458429));
#3429=CARTESIAN_POINT('',(-1.46131445888861,-0.000412668913644826,27.0893449541571));
#3430=CARTESIAN_POINT('',(-1.4635,-1.79227059055215E-16,8.));
#3431=CARTESIAN_POINT('Ctrl Pts',(-1.46132776879827,-0.000435385824991141,
27.1606550458429));
#3432=CARTESIAN_POINT('Ctrl Pts',(-1.46059464616941,0.269660620904591,27.1460198125291));
#3433=CARTESIAN_POINT('Ctrl Pts',(-1.38877319404642,0.540119147791076,27.1313845792152));
#3434=CARTESIAN_POINT('Ctrl Pts',(-1.24831079048092,0.76832948817926,27.1167493459014));
#3435=CARTESIAN_POINT('Ctrl Pts',(-0.996598217179792,1.17728882943279,27.0905225966448));
#3436=CARTESIAN_POINT('Ctrl Pts',(-0.524454516218113,1.4505738364045,27.0642958473882));
#3437=CARTESIAN_POINT('Ctrl Pts',(-0.0444599247452242,1.46513936100332,
27.0380690981317));
#3438=CARTESIAN_POINT('Ctrl Pts',(0.435534666727665,1.47970488560214,27.0118423488751));
#3439=CARTESIAN_POINT('Ctrl Pts',(0.923380148711765,1.23555092782807,26.9856155996185));
#3440=CARTESIAN_POINT('Ctrl Pts',(1.19942663912487,0.842606532943087,26.9593888503619));
#3441=CARTESIAN_POINT('Ctrl Pts',(1.47547312953797,0.449662138058099,26.9331621011053));
#3442=CARTESIAN_POINT('Ctrl Pts',(1.53972062838008,-0.0920726939378032,
26.9069353518488));
#3443=CARTESIAN_POINT('Ctrl Pts',(1.36324203459096,-0.53868468248974,26.8807086025922));
#3444=CARTESIAN_POINT('Ctrl Pts',(1.18676344080185,-0.985296671041675,26.8544818533356));
#3445=CARTESIAN_POINT('Ctrl Pts',(0.76955875438151,-1.33678581614964,26.828255104079));
#3446=CARTESIAN_POINT('Ctrl Pts',(0.299472207966258,-1.43489596448223,26.8020283548224));
#3447=CARTESIAN_POINT('Ctrl Pts',(-0.170614338448995,-1.53300611281481,
26.7758016055659));
#3448=CARTESIAN_POINT('Ctrl Pts',(-0.693582744859163,-1.37773726437201,
26.7495748563093));
#3449=CARTESIAN_POINT('Ctrl Pts',(-1.03396921586225,-1.03899840825216,26.7233481070527));
#3450=CARTESIAN_POINT('Ctrl Pts',(-1.30519192380336,-0.769088533247551,
26.7024504199828));
#3451=CARTESIAN_POINT('Ctrl Pts',(-1.46049277698574,-0.382692963559589,
26.6815527329128));
#3452=CARTESIAN_POINT('Ctrl Pts',(-1.46392752408207,0.00124110801009374,
26.6606550458429));
#3453=CARTESIAN_POINT('Ctrl Pts',(-1.46397203031245,0.00123488444364087,
26.5893449541571));
#3454=CARTESIAN_POINT('Ctrl Pts',(-1.46052936660586,-0.384182811043833,
26.6103250371596));
#3455=CARTESIAN_POINT('Ctrl Pts',(-1.30386938799851,-0.77207822609915,26.631305120162));
#3456=CARTESIAN_POINT('Ctrl Pts',(-1.03073688491718,-1.04220520563943,26.6522852031644));
#3457=CARTESIAN_POINT('Ctrl Pts',(-0.689299833819768,-1.37988511658222,
26.678511952421));
#3458=CARTESIAN_POINT('Ctrl Pts',(-0.16585162467088,-1.53352875436266,26.7047387016776));
#3459=CARTESIAN_POINT('Ctrl Pts',(0.303927919663583,-1.43395886976612,26.7309654509342));
#3460=CARTESIAN_POINT('Ctrl Pts',(0.773707463998048,-1.33438898516958,26.7571922001908));
#3461=CARTESIAN_POINT('Ctrl Pts',(1.18981834351809,-0.981605578196063,26.7834189494473));
#3462=CARTESIAN_POINT('Ctrl Pts',(1.36490880580794,-0.534447538239276,26.8096456987039));
#3463=CARTESIAN_POINT('Ctrl Pts',(1.53999926809779,-0.087289498282489,26.8358724479605));
#3464=CARTESIAN_POINT('Ctrl Pts',(1.47406931315745,0.454243174657569,26.8620991972171));
#3465=CARTESIAN_POINT('Ctrl Pts',(1.19680355944838,0.846328221815207,26.8883259464736));
#3466=CARTESIAN_POINT('Ctrl Pts',(0.919537805739305,1.23841326897284,26.9145526957302));
#3467=CARTESIAN_POINT('Ctrl Pts',(0.430936253261502,1.48105069034806,26.9407794449868));
#3468=CARTESIAN_POINT('Ctrl Pts',(-0.0490107992765076,1.46499425290064,
26.9670061942434));
#3469=CARTESIAN_POINT('Ctrl Pts',(-0.528957851814519,1.44893781545323,26.9932329435));
#3470=CARTESIAN_POINT('Ctrl Pts',(-1.00025040441274,1.17418751918318,27.0194596927565));
#3471=CARTESIAN_POINT('Ctrl Pts',(-1.2506914449437,0.764448251235052,27.0456864420131));
#3472=CARTESIAN_POINT('Ctrl Pts',(-1.38965749448346,0.537089958491393,27.0602392793944));
#3473=CARTESIAN_POINT('Ctrl Pts',(-1.46062387458216,0.26816887377779,27.0747921167758));
#3474=CARTESIAN_POINT('Ctrl Pts',(-1.46131445888861,-0.000412668913644826,
27.0893449541571));
#3475=CARTESIAN_POINT('Origin',(0.,0.,8.));
#3476=CARTESIAN_POINT('',(-1.46536937808717,-0.000704153053650985,27.6606550458429));
#3477=CARTESIAN_POINT('',(-1.4653397340662,-0.000726087648549452,27.5893449541571));
#3478=CARTESIAN_POINT('',(-1.4635,-1.79227059055215E-16,8.));
#3479=CARTESIAN_POINT('Ctrl Pts',(-1.46536937808717,-0.000704153053650985,
27.6606550458429));
#3480=CARTESIAN_POINT('Ctrl Pts',(-1.46274067472783,0.438021195871284,27.6367136414019));
#3481=CARTESIAN_POINT('Ctrl Pts',(-1.25229744899317,0.878936782231496,27.6127722369608));
#3482=CARTESIAN_POINT('Ctrl Pts',(-0.908210910941649,1.15054898778287,27.5888308325198));
#3483=CARTESIAN_POINT('Ctrl Pts',(-0.53127933291887,1.44808814124256,27.5626040832632));
#3484=CARTESIAN_POINT('Ctrl Pts',(0.00602733500662554,1.5424592914005,27.5363773340066));
#3485=CARTESIAN_POINT('Ctrl Pts',(0.461789569916284,1.39117232044014,27.5101505847501));
#3486=CARTESIAN_POINT('Ctrl Pts',(0.917551804825942,1.23988534947978,27.4839238354935));
#3487=CARTESIAN_POINT('Ctrl Pts',(1.29176960671976,0.842940257401128,27.4576970862369));
#3488=CARTESIAN_POINT('Ctrl Pts',(1.41595336341576,0.379059500174915,27.4314703369803));
#3489=CARTESIAN_POINT('Ctrl Pts',(1.54013712011176,-0.0848212570512952,
27.4052435877238));
#3490=CARTESIAN_POINT('Ctrl Pts',(1.41428683160993,-0.615637679425068,27.3790168384672));
#3491=CARTESIAN_POINT('Ctrl Pts',(1.09506593346891,-0.974392443216095,27.3527900892106));
#3492=CARTESIAN_POINT('Ctrl Pts',(0.775845035327887,-1.33314720700712,27.326563339954));
#3493=CARTESIAN_POINT('Ctrl Pts',(0.263253527547667,-1.51984031221541,27.3003365906974));
#3494=CARTESIAN_POINT('Ctrl Pts',(-0.211916938814212,-1.45041416260643,
27.2741098414409));
#3495=CARTESIAN_POINT('Ctrl Pts',(-0.687087405176105,-1.38098801299745,
27.2478830921843));
#3496=CARTESIAN_POINT('Ctrl Pts',(-1.12483683011965,-1.05544260857119,27.2216563429277));
#3497=CARTESIAN_POINT('Ctrl Pts',(-1.32807081977114,-0.620353068590386,
27.1954295936711));
#3498=CARTESIAN_POINT('Ctrl Pts',(-1.41789476280368,-0.428055224512689,
27.1838380777284));
#3499=CARTESIAN_POINT('Ctrl Pts',(-1.46190842251646,-0.214359011156989,
27.1722465617856));
#3500=CARTESIAN_POINT('Ctrl Pts',(-1.46132776879827,-0.000435385824991141,
27.1606550458429));
#3501=CARTESIAN_POINT('Ctrl Pts',(-1.46131445888861,-0.000412668913644826,
27.0893449541571));
#3502=CARTESIAN_POINT('Ctrl Pts',(-1.4618684278587,-0.215861875040525,27.1010188660323));
#3503=CARTESIAN_POINT('Ctrl Pts',(-1.41720107627307,-0.431092591451942,
27.1126927779076));
#3504=CARTESIAN_POINT('Ctrl Pts',(-1.32613749962639,-0.624475420919319,
27.1243666897829));
#3505=CARTESIAN_POINT('Ctrl Pts',(-1.1215529853144,-1.05893158549936,27.1505934390394));
#3506=CARTESIAN_POINT('Ctrl Pts',(-0.682794428226714,-1.38311567503325,
27.176820188296));
#3507=CARTESIAN_POINT('Ctrl Pts',(-0.207410578695018,-1.45106549513165,
27.2030469375526));
#3508=CARTESIAN_POINT('Ctrl Pts',(0.26797327083667,-1.51901531523005,27.2292736868092));
#3509=CARTESIAN_POINT('Ctrl Pts',(0.779982412812368,-1.33073086589297,27.2555004360657));
#3510=CARTESIAN_POINT('Ctrl Pts',(1.09808740332663,-0.970986237770186,27.2817271853223));
#3511=CARTESIAN_POINT('Ctrl Pts',(1.41619239384089,-0.611241609647394,27.3079539345789));
#3512=CARTESIAN_POINT('Ctrl Pts',(1.54039323289372,-0.0800368027388874,
27.3341806838355));
#3513=CARTESIAN_POINT('Ctrl Pts',(1.41476914093821,0.383455991129182,27.3604074330921));
#3514=CARTESIAN_POINT('Ctrl Pts',(1.2891450489827,0.846948784997244,27.3866341823486));
#3515=CARTESIAN_POINT('Ctrl Pts',(0.913696026018873,1.24272956582487,27.4128609316052));
#3516=CARTESIAN_POINT('Ctrl Pts',(0.45746603508632,1.39260010269814,27.4390876808618));
#3517=CARTESIAN_POINT('Ctrl Pts',(0.00123604415375789,1.54247063957141,
27.4653144301184));
#3518=CARTESIAN_POINT('Ctrl Pts',(-0.535774914747529,1.44643093249032,27.4915411793749));
#3519=CARTESIAN_POINT('Ctrl Pts',(-0.911780460142163,1.14772235832126,27.5177679286315));
#3520=CARTESIAN_POINT('Ctrl Pts',(-1.25384037077219,0.875981078342388,27.54162693714));
#3521=CARTESIAN_POINT('Ctrl Pts',(-1.46265362056551,0.436512830636971,27.5654859456486));
#3522=CARTESIAN_POINT('Ctrl Pts',(-1.4653397340662,-0.000726087648549452,
27.5893449541571));
#3523=CARTESIAN_POINT('Origin',(0.,0.,8.));
#3524=CARTESIAN_POINT('',(-1.4630207900525,0.00125998432276432,28.1606550458429));
#3525=CARTESIAN_POINT('',(-1.46306374495011,0.00126380777377194,28.0893449541571));
#3526=CARTESIAN_POINT('',(-1.4635,-1.79227059055215E-16,8.));
#3527=CARTESIAN_POINT('Ctrl Pts',(-1.4630207900525,0.00125998432276432,
28.1606550458429));
#3528=CARTESIAN_POINT('Ctrl Pts',(-1.46412460590235,0.130452212856758,28.1536342195312));
#3529=CARTESIAN_POINT('Ctrl Pts',(-1.44839829056392,0.259380274880934,28.1466133932196));
#3530=CARTESIAN_POINT('Ctrl Pts',(-1.41476907929117,0.383455974420415,28.1395925669079));
#3531=CARTESIAN_POINT('Ctrl Pts',(-1.28914499280962,0.846948748092275,28.1133658176514));
#3532=CARTESIAN_POINT('Ctrl Pts',(-0.9136959862056,1.24272951167422,28.0871390683948));
#3533=CARTESIAN_POINT('Ctrl Pts',(-0.457466015152786,1.39260004201706,28.0609123191382));
#3534=CARTESIAN_POINT('Ctrl Pts',(-0.00123604409997168,1.54247057235991,
28.0346855698816));
#3535=CARTESIAN_POINT('Ctrl Pts',(0.535774891401638,1.44643086946366,28.008458820625));
#3536=CARTESIAN_POINT('Ctrl Pts',(0.911780420412244,1.14772230831052,27.9822320713685));
#3537=CARTESIAN_POINT('Ctrl Pts',(1.28778594942285,0.849013747157386,27.9560053221119));
#3538=CARTESIAN_POINT('Ctrl Pts',(1.50278607194246,0.347636327747362,27.9297785728553));
#3539=CARTESIAN_POINT('Ctrl Pts',(1.45997810493781,-0.130667383625266,27.9035518235987));
#3540=CARTESIAN_POINT('Ctrl Pts',(1.41717013793316,-0.608971094997885,27.8773250743422));
#3541=CARTESIAN_POINT('Ctrl Pts',(1.11655408140427,-1.06420109833311,27.8510983250856));
#3542=CARTESIAN_POINT('Ctrl Pts',(0.693480745825166,-1.29139246056806,27.824871575829));
#3543=CARTESIAN_POINT('Ctrl Pts',(0.270407410246061,-1.51858382280302,27.7986448265724));
#3544=CARTESIAN_POINT('Ctrl Pts',(-0.275123204383264,-1.5177365439377,27.7724180773159));
#3545=CARTESIAN_POINT('Ctrl Pts',(-0.697488786063252,-1.2892321068596,27.7461913280593));
#3546=CARTESIAN_POINT('Ctrl Pts',(-1.11985436774324,-1.06072766978151,27.7199645788027));
#3547=CARTESIAN_POINT('Ctrl Pts',(-1.4190549164739,-0.604566074490638,27.6937378295461));
#3548=CARTESIAN_POINT('Ctrl Pts',(-1.4603769467792,-0.126131698464472,27.6675110802895));
#3549=CARTESIAN_POINT('Ctrl Pts',(-1.46397766323864,-0.0844419141098794,
27.665225735474));
#3550=CARTESIAN_POINT('Ctrl Pts',(-1.46562030294869,-0.0425830120855852,
27.6629403906584));
#3551=CARTESIAN_POINT('Ctrl Pts',(-1.46536937808717,-0.000704153053650985,
27.6606550458429));
#3552=CARTESIAN_POINT('Ctrl Pts',(-1.4653397340662,-0.000726087648549452,
27.5893449541571));
#3553=CARTESIAN_POINT('Ctrl Pts',(-1.46560630090141,-0.044117178401195,
27.5917126949051));
#3554=CARTESIAN_POINT('Ctrl Pts',(-1.46384285537677,-0.0874863139355321,
27.5940804356532));
#3555=CARTESIAN_POINT('Ctrl Pts',(-1.4599781685548,-0.130667389319003,27.5964481764013));
#3556=CARTESIAN_POINT('Ctrl Pts',(-1.41717019968482,-0.608971121533204,
27.6226749256578));
#3557=CARTESIAN_POINT('Ctrl Pts',(-1.11655413005689,-1.06420114470458,27.6489016749144));
#3558=CARTESIAN_POINT('Ctrl Pts',(-0.693480776042796,-1.29139251683914,
27.675128424171));
#3559=CARTESIAN_POINT('Ctrl Pts',(-0.27040742202871,-1.5185838889737,27.7013551734276));
#3560=CARTESIAN_POINT('Ctrl Pts',(0.275123216371529,-1.51773661007144,27.7275819226842));
#3561=CARTESIAN_POINT('Ctrl Pts',(0.69748881645564,-1.28923216303649,27.7538086719407));
#3562=CARTESIAN_POINT('Ctrl Pts',(1.11985441653976,-1.06072771600154,27.7800354211973));
#3563=CARTESIAN_POINT('Ctrl Pts',(1.41905497830774,-0.604566100833895,27.8062621704539));
#3564=CARTESIAN_POINT('Ctrl Pts',(1.46037701041357,-0.126131703960453,27.8324889197105));
#3565=CARTESIAN_POINT('Ctrl Pts',(1.50169904251941,0.352302692912983,27.8587156689671));
#3566=CARTESIAN_POINT('Ctrl Pts',(1.28514254496311,0.853009871492219,27.8849424182236));
#3567=CARTESIAN_POINT('Ctrl Pts',(0.908210950515931,1.15054903791685,27.9111691674802));
#3568=CARTESIAN_POINT('Ctrl Pts',(0.531279356068748,1.44808820434148,27.9373959167368));
#3569=CARTESIAN_POINT('Ctrl Pts',(-0.00602733526931507,1.54245935861152,
27.9636226659933));
#3570=CARTESIAN_POINT('Ctrl Pts',(-0.461789590038323,1.39117238105897,27.9898494152499));
#3571=CARTESIAN_POINT('Ctrl Pts',(-0.917551844807327,1.23988540350643,28.0160761645065));
#3572=CARTESIAN_POINT('Ctrl Pts',(-1.29176966300728,0.842940294131315,28.0423029137631));
#3573=CARTESIAN_POINT('Ctrl Pts',(-1.41595342511443,0.379059516691989,28.0685296630197));
#3574=CARTESIAN_POINT('Ctrl Pts',(-1.44880692057323,0.256337312464717,28.0754680933988));
#3575=CARTESIAN_POINT('Ctrl Pts',(-1.46416063125028,0.128930307280127,28.082406523778));
#3576=CARTESIAN_POINT('Ctrl Pts',(-1.46306374495011,0.00126380777377194,
28.0893449541571));
#3577=CARTESIAN_POINT('Origin',(0.,0.,8.));
#3578=CARTESIAN_POINT('',(-1.46175511584655,-0.000857628115281395,28.6606550458429));
#3579=CARTESIAN_POINT('',(-1.46172798584556,-0.000839510089611989,28.5893449541571));
#3580=CARTESIAN_POINT('',(-1.4635,-1.79227059055215E-16,8.));
#3581=CARTESIAN_POINT('Ctrl Pts',(-1.46175511584655,-0.000857628115281395,
28.6606550458429));
#3582=CARTESIAN_POINT('Ctrl Pts',(-1.46011481672394,0.300239137917943,28.6443280484041));
#3583=CARTESIAN_POINT('Ctrl Pts',(-1.36941037554422,0.60224260577568,28.6280010509652));
#3584=CARTESIAN_POINT('Ctrl Pts',(-1.19680350729886,0.846328184936827,28.6116740535264));
#3585=CARTESIAN_POINT('Ctrl Pts',(-0.919537765671263,1.23841321500941,28.5854473042698));
#3586=CARTESIAN_POINT('Ctrl Pts',(-0.430936234484005,1.48105062581287,28.5592205550132));
#3587=CARTESIAN_POINT('Ctrl Pts',(0.0490107971407701,1.46499418906533,28.5329938057566));
#3588=CARTESIAN_POINT('Ctrl Pts',(0.528957828765549,1.44893775231779,28.5067670565));
#3589=CARTESIAN_POINT('Ctrl Pts',(1.00025036082785,1.17418746801923,28.4805403072435));
#3590=CARTESIAN_POINT('Ctrl Pts',(1.25069139044616,0.764448217924956,28.4543135579869));
#3591=CARTESIAN_POINT('Ctrl Pts',(1.50113242006447,0.354708967830681,28.4280868087303));
#3592=CARTESIAN_POINT('Ctrl Pts',(1.5307219472388,-0.190019248059314,28.4018600594737));
#3593=CARTESIAN_POINT('Ctrl Pts',(1.32613744184136,-0.624475393708341,28.3756333102172));
#3594=CARTESIAN_POINT('Ctrl Pts',(1.12155293644393,-1.05893153935737,28.3494065609606));
#3595=CARTESIAN_POINT('Ctrl Pts',(0.682794398474742,-1.38311561476543,28.323179811704));
#3596=CARTESIAN_POINT('Ctrl Pts',(0.207410569657407,-1.45106543190304,28.2969530624474));
#3597=CARTESIAN_POINT('Ctrl Pts',(-0.267973259159928,-1.51901524904066,
28.2707263131908));
#3598=CARTESIAN_POINT('Ctrl Pts',(-0.779982378825406,-1.33073080790783,
28.2444995639342));
#3599=CARTESIAN_POINT('Ctrl Pts',(-1.0980873554786,-0.970986195460524,28.2182728146777));
#3600=CARTESIAN_POINT('Ctrl Pts',(-1.33103653306172,-0.707544194359993,
28.1990668917327));
#3601=CARTESIAN_POINT('Ctrl Pts',(-1.46000123064219,-0.352153684690613,
28.1798609687878));
#3602=CARTESIAN_POINT('Ctrl Pts',(-1.4630207900525,0.00125998432276432,
28.1606550458429));
#3603=CARTESIAN_POINT('Ctrl Pts',(-1.46306374495011,0.00126380777377194,
28.0893449541571));
#3604=CARTESIAN_POINT('Ctrl Pts',(-1.46001448285855,-0.35363953749133,28.1086332730345));
#3605=CARTESIAN_POINT('Ctrl Pts',(-1.32983524990949,-0.710548251048487,
28.1279215919119));
#3606=CARTESIAN_POINT('Ctrl Pts',(-1.09506598118521,-0.974392485674251,
28.1472099107894));
#3607=CARTESIAN_POINT('Ctrl Pts',(-0.775845069134454,-1.33314726509763,
28.173436660046));
#3608=CARTESIAN_POINT('Ctrl Pts',(-0.263253539018584,-1.51984037844083,
28.1996634093026));
#3609=CARTESIAN_POINT('Ctrl Pts',(0.21191694804835,-1.45041422580666,28.2258901585592));
#3610=CARTESIAN_POINT('Ctrl Pts',(0.687087435115273,-1.38098807317249,28.2521169078157));
#3611=CARTESIAN_POINT('Ctrl Pts',(1.12483687913326,-1.05544265456095,28.2783436570723));
#3612=CARTESIAN_POINT('Ctrl Pts',(1.32807087764043,-0.620353095621583,28.3045704063289));
#3613=CARTESIAN_POINT('Ctrl Pts',(1.5313048761476,-0.185263536682206,28.3307971555854));
#3614=CARTESIAN_POINT('Ctrl Pts',(1.50002342914395,0.359370162585007,28.357023904842));
#3615=CARTESIAN_POINT('Ctrl Pts',(1.2483108448747,0.768329521658474,28.3832506540986));
#3616=CARTESIAN_POINT('Ctrl Pts',(0.996598260605449,1.17728888073194,28.4094774033552));
#3617=CARTESIAN_POINT('Ctrl Pts',(0.524454539070612,1.45057389961166,28.4357041526118));
#3618=CARTESIAN_POINT('Ctrl Pts',(0.0444599266824695,1.46513942484517,28.4619309018683));
#3619=CARTESIAN_POINT('Ctrl Pts',(-0.43553468570568,1.47970495007869,28.4881576511249));
#3620=CARTESIAN_POINT('Ctrl Pts',(-0.923380188947137,1.23555098166599,28.5143844003815));
#3621=CARTESIAN_POINT('Ctrl Pts',(-1.19942669138865,0.842606569658791,28.5406111496381));
#3622=CARTESIAN_POINT('Ctrl Pts',(-1.37040729540899,0.599220501307342,28.5568557511444));
#3623=CARTESIAN_POINT('Ctrl Pts',(-1.46013233657142,0.298751768748379,28.5731003526508));
#3624=CARTESIAN_POINT('Ctrl Pts',(-1.46172798584556,-0.000839510089611989,
28.5893449541571));
#3625=CARTESIAN_POINT('Origin',(0.,0.,8.));
#3626=CARTESIAN_POINT('',(-1.46578000044386,-0.000194602010753359,29.1606550458429));
#3627=CARTESIAN_POINT('',(-1.4657702713472,-0.000221317640374028,29.0893449541571));
#3628=CARTESIAN_POINT('',(-1.4635,-1.79227059055215E-16,8.));
#3629=CARTESIAN_POINT('Ctrl Pts',(-1.46578000044386,-0.000194602010753359,
29.1606550458429));
#3630=CARTESIAN_POINT('Ctrl Pts',(-1.46488946981814,0.4691815931289,29.1350218772769));
#3631=CARTESIAN_POINT('Ctrl Pts',(-1.21922042902671,0.939360512476912,29.1093887087108));
#3632=CARTESIAN_POINT('Ctrl Pts',(-0.833034417278014,1.20609438724079,29.0837555401448));
#3633=CARTESIAN_POINT('Ctrl Pts',(-0.437905595398868,1.47900494972718,29.0575287908882));
#3634=CARTESIAN_POINT('Ctrl Pts',(0.104323378217168,1.53893912420456,29.0313020416316));
#3635=CARTESIAN_POINT('Ctrl Pts',(0.549516747790822,1.35891183811721,29.005075292375));
#3636=CARTESIAN_POINT('Ctrl Pts',(0.994710117364476,1.17888455202985,28.9788485431184));
#3637=CARTESIAN_POINT('Ctrl Pts',(1.34286788289575,0.758895805377761,28.9526217938619));
#3638=CARTESIAN_POINT('Ctrl Pts',(1.43723382261048,0.288043351371024,28.9263950446053));
#3639=CARTESIAN_POINT('Ctrl Pts',(1.53159976232522,-0.18280910263571,28.9001682953487));
#3640=CARTESIAN_POINT('Ctrl Pts',(1.37217387622342,-0.704525263997086,28.8739415460921));
#3641=CARTESIAN_POINT('Ctrl Pts',(1.03073684000318,-1.04220516022342,28.8477147968356));
#3642=CARTESIAN_POINT('Ctrl Pts',(0.689299803782935,-1.37988505644976,28.821488047579));
#3643=CARTESIAN_POINT('Ctrl Pts',(0.165851617444249,-1.53352868754106,28.7952612983224));
#3644=CARTESIAN_POINT('Ctrl Pts',(-0.303927906419741,-1.43395880728451,
28.7690345490658));
#3645=CARTESIAN_POINT('Ctrl Pts',(-0.773707430283727,-1.33438892702796,
28.7428077998093));
#3646=CARTESIAN_POINT('Ctrl Pts',(-1.18981829167302,-0.981605535423563,
28.7165810505527));
#3647=CARTESIAN_POINT('Ctrl Pts',(-1.3649087463337,-0.534447514950518,28.6903543012961));
#3648=CARTESIAN_POINT('Ctrl Pts',(-1.43099974487251,-0.365659786716143,
28.6804545494784));
#3649=CARTESIAN_POINT('Ctrl Pts',(-1.46274969885434,-0.183425382413897,
28.6705547976606));
#3650=CARTESIAN_POINT('Ctrl Pts',(-1.46175511584655,-0.000857628115281395,
28.6606550458429));
#3651=CARTESIAN_POINT('Ctrl Pts',(-1.46172798584556,-0.000839510089611989,
28.5893449541571));
#3652=CARTESIAN_POINT('Ctrl Pts',(-1.46270849662052,-0.184935402431382,
28.5993271019073));
#3653=CARTESIAN_POINT('Ctrl Pts',(-1.43041151165429,-0.368699969867385,
28.6093092496576));
#3654=CARTESIAN_POINT('Ctrl Pts',(-1.36324209399275,-0.538684705962537,
28.6192913974078));
#3655=CARTESIAN_POINT('Ctrl Pts',(-1.18676349251376,-0.985296713974998,
28.6455181466644));
#3656=CARTESIAN_POINT('Ctrl Pts',(-0.769558787914207,-1.33678587439823,
28.671744895921));
#3657=CARTESIAN_POINT('Ctrl Pts',(-0.299472221015406,-1.43489602700605,
28.6979716451775));
#3658=CARTESIAN_POINT('Ctrl Pts',(0.170614345883389,-1.53300617961387,28.7241983944341));
#3659=CARTESIAN_POINT('Ctrl Pts',(0.693582775081429,-1.37773732440629,28.7504251436907));
#3660=CARTESIAN_POINT('Ctrl Pts',(1.03396926091644,-1.03899845352585,28.7766518929473));
#3661=CARTESIAN_POINT('Ctrl Pts',(1.37435574675146,-0.700259582645405,28.8028786422039));
#3662=CARTESIAN_POINT('Ctrl Pts',(1.53216028922344,-0.178050696092096,28.8291053914604));
#3663=CARTESIAN_POINT('Ctrl Pts',(1.43633221649902,0.292506381381822,28.855332140717));
#3664=CARTESIAN_POINT('Ctrl Pts',(1.3405041437746,0.763063458855733,28.8815588899736));
#3665=CARTESIAN_POINT('Ctrl Pts',(0.991043455853782,1.18196872725025,28.9077856392302));
#3666=CARTESIAN_POINT('Ctrl Pts',(0.545293003952334,1.36061227407833,28.9340123884868));
#3667=CARTESIAN_POINT('Ctrl Pts',(0.0995425520508795,1.53925582090641,28.9602391377434));
#3668=CARTESIAN_POINT('Ctrl Pts',(-0.442497663831208,1.47763764616804,28.9864658869999));
#3669=CARTESIAN_POINT('Ctrl Pts',(-0.836776866263402,1.2035010148218,29.0126926362565));
#3670=CARTESIAN_POINT('Ctrl Pts',(-1.22089379043569,0.936430068684892,29.03824340889));
#3671=CARTESIAN_POINT('Ctrl Pts',(-1.46476842045111,0.46765452395661,29.0637941815236));
#3672=CARTESIAN_POINT('Ctrl Pts',(-1.4657702713472,-0.000221317640374028,
29.0893449541571));
#3673=CARTESIAN_POINT('Origin',(0.,0.,8.));
#3674=CARTESIAN_POINT('',(-1.46220994851931,0.00108171362466936,29.6606550458429));
#3675=CARTESIAN_POINT('',(-1.46224574679895,0.00109482591944356,29.5893449541571));
#3676=CARTESIAN_POINT('',(-1.4635,-1.79227059055215E-16,8.));
#3677=CARTESIAN_POINT('Ctrl Pts',(-1.46220994851931,0.00108171362466936,
29.6606550458429));
#3678=CARTESIAN_POINT('Ctrl Pts',(-1.46333772393348,0.161630674410956,29.6519424554062));
#3679=CARTESIAN_POINT('Ctrl Pts',(-1.43891463204038,0.321846255670466,29.6432298649696));
#3680=CARTESIAN_POINT('Ctrl Pts',(-1.38745347315161,0.472847032512855,29.6345172745329));
#3681=CARTESIAN_POINT('Ctrl Pts',(-1.23254444575729,0.927391469162659,29.6082905252763));
#3682=CARTESIAN_POINT('Ctrl Pts',(-0.832633226384356,1.29843706393112,29.5820637760197));
#3683=CARTESIAN_POINT('Ctrl Pts',(-0.367778731407071,1.41892484993079,29.5558370267632));
#3684=CARTESIAN_POINT('Ctrl Pts',(0.0970757635702161,1.53941263593046,29.5296102775066));
#3685=CARTESIAN_POINT('Ctrl Pts',(0.626873534151856,1.40934261316135,29.50338352825));
#3686=CARTESIAN_POINT('Ctrl Pts',(0.983076403949745,1.0872769034354,29.4771567789935));
#3687=CARTESIAN_POINT('Ctrl Pts',(1.33927927374763,0.765211193709464,29.4509300297369));
#3688=CARTESIAN_POINT('Ctrl Pts',(1.52188724276176,0.251149797026701,29.4247032804803));
#3689=CARTESIAN_POINT('Ctrl Pts',(1.44868176532142,-0.22345319192101,29.3984765312237));
#3690=CARTESIAN_POINT('Ctrl Pts',(1.37547628788108,-0.698056180868728,29.3722497819671));
#3691=CARTESIAN_POINT('Ctrl Pts',(1.04645736398627,-1.1332007620814,29.3460230327106));
#3692=CARTESIAN_POINT('Ctrl Pts',(0.609764181558614,-1.33296568637273,29.319796283454));
#3693=CARTESIAN_POINT('Ctrl Pts',(0.173070999130963,-1.53273061066407,29.2935695341974));
#3694=CARTESIAN_POINT('Ctrl Pts',(-0.371296441829518,-1.49711587803407,
29.2673427849408));
#3695=CARTESIAN_POINT('Ctrl Pts',(-0.778239611751705,-1.24215666685779,
29.2411160356842));
#3696=CARTESIAN_POINT('Ctrl Pts',(-1.18518278167389,-0.987197455681506,
29.2148892864277));
#3697=CARTESIAN_POINT('Ctrl Pts',(-1.45470168055778,-0.512893765958926,
29.1886625371711));
#3698=CARTESIAN_POINT('Ctrl Pts',(-1.4654467949286,-0.032798445849945,29.1624357879145));
#3699=CARTESIAN_POINT('Ctrl Pts',(-1.46568998528153,-0.0219326191764307,
29.161842207224));
#3700=CARTESIAN_POINT('Ctrl Pts',(-1.46580062223248,-0.0110638258178936,
29.1612486265335));
#3701=CARTESIAN_POINT('Ctrl Pts',(-1.46578000044386,-0.000194602010753359,
29.1606550458429));
#3702=CARTESIAN_POINT('Ctrl Pts',(-1.4657702713472,-0.000221317640374028,
29.0893449541571));
#3703=CARTESIAN_POINT('Ctrl Pts',(-1.46579677652555,-0.0125995394634219,
29.0900209307801));
#3704=CARTESIAN_POINT('Ctrl Pts',(-1.46565328749683,-0.0249771315562836,
29.0906969074032));
#3705=CARTESIAN_POINT('Ctrl Pts',(-1.46533790379858,-0.0373503421889105,
29.0913728840262));
#3706=CARTESIAN_POINT('Ctrl Pts',(-1.45310154991927,-0.517409979899301,
29.1175996332828));
#3707=CARTESIAN_POINT('Ctrl Pts',(-1.18211065317834,-0.990874167365969,
29.1438263825394));
#3708=CARTESIAN_POINT('Ctrl Pts',(-0.774377453287165,-1.24456811261578,
29.170053131796));
#3709=CARTESIAN_POINT('Ctrl Pts',(-0.366644253395997,-1.49826205786559,
29.1962798810525));
#3710=CARTESIAN_POINT('Ctrl Pts',(0.177831249645409,-1.53218576089855,29.2225066303091));
#3711=CARTESIAN_POINT('Ctrl Pts',(0.613901807767168,-1.33106527601911,29.2487333795657));
#3712=CARTESIAN_POINT('Ctrl Pts',(1.04997236588893,-1.12994479113966,29.2749601288223));
#3713=CARTESIAN_POINT('Ctrl Pts',(1.37763797909105,-0.693780118347799,29.3011868780789));
#3714=CARTESIAN_POINT('Ctrl Pts',(1.44936890464368,-0.218952077618509,29.3274136273354));
#3715=CARTESIAN_POINT('Ctrl Pts',(1.52109983019631,0.255875963110778,29.353640376592));
#3716=CARTESIAN_POINT('Ctrl Pts',(1.33689606809946,0.769367371777497,29.3798671258486));
#3717=CARTESIAN_POINT('Ctrl Pts',(0.979694421248348,1.09032522964647,29.4060938751052));
#3718=CARTESIAN_POINT('Ctrl Pts',(0.622492774397238,1.41128308751544,29.4323206243617));
#3719=CARTESIAN_POINT('Ctrl Pts',(0.0922932427918709,1.53970739458668,29.4585473736183));
#3720=CARTESIAN_POINT('Ctrl Pts',(-0.372184641200119,1.41777595501055,29.4847741228749));
#3721=CARTESIAN_POINT('Ctrl Pts',(-0.836662525192115,1.29584451543441,29.5110008721315));
#3722=CARTESIAN_POINT('Ctrl Pts',(-1.23541876157073,0.923557329210896,29.5372276213881));
#3723=CARTESIAN_POINT('Ctrl Pts',(-1.38891535958541,0.46853441397976,29.5634543706446));
#3724=CARTESIAN_POINT('Ctrl Pts',(-1.43942506948625,0.31880421967042,29.5720845651488));
#3725=CARTESIAN_POINT('Ctrl Pts',(-1.46337782162557,0.16011531827303,29.5807147596529));
#3726=CARTESIAN_POINT('Ctrl Pts',(-1.46224574679895,0.00109482591944356,
29.5893449541571));
#3727=CARTESIAN_POINT('Origin',(0.,0.,8.));
#3728=CARTESIAN_POINT('',(-1.46240228632645,-0.00123407841183185,30.1606550458429));
#3729=CARTESIAN_POINT('',(-1.46239479542474,-0.00115497324439293,30.0893449541571));
#3730=CARTESIAN_POINT('',(-1.4635,-1.79227059055215E-16,8.));
#3731=CARTESIAN_POINT('Ctrl Pts',(-1.46240228632645,-0.00123407841183185,
30.1606550458429));
#3732=CARTESIAN_POINT('Ctrl Pts',(-1.45989650411198,0.330693478603812,30.142636284279));
#3733=CARTESIAN_POINT('Ctrl Pts',(-1.34770854930352,0.664210244400988,30.1246175227152));
#3734=CARTESIAN_POINT('Ctrl Pts',(-1.14044449182961,0.920921407067669,30.1065987611513));
#3735=CARTESIAN_POINT('Ctrl Pts',(-0.838766574287712,1.29457079860674,30.0803720118948));
#3736=CARTESIAN_POINT('Ctrl Pts',(-0.335665024931385,1.50550355481336,30.0541452626382));
#3737=CARTESIAN_POINT('Ctrl Pts',(0.142289861990144,1.45887341888318,30.0279185133816));
#3738=CARTESIAN_POINT('Ctrl Pts',(0.620244748911673,1.41224328295299,30.001691764125));
#3739=CARTESIAN_POINT('Ctrl Pts',(1.07305297339842,1.10805025488598,29.9754650148684));
#3740=CARTESIAN_POINT('Ctrl Pts',(1.29686656827138,0.683191047890064,29.9492382656118));
#3741=CARTESIAN_POINT('Ctrl Pts',(1.52068016314434,0.258331840894143,29.9230115163553));
#3742=CARTESIAN_POINT('Ctrl Pts',(1.51549912840354,-0.287193545030682,29.8967847670987));
#3743=CARTESIAN_POINT('Ctrl Pts',(1.28364247240426,-0.707731780422158,29.8705580178421));
#3744=CARTESIAN_POINT('Ctrl Pts',(1.05178581640499,-1.12827001581363,29.8443312685856));
#3745=CARTESIAN_POINT('Ctrl Pts',(0.593253539147266,-1.42382110067174,29.818104519329));
#3746=CARTESIAN_POINT('Ctrl Pts',(0.114504494973919,-1.46133193904569,29.7918777700724));
#3747=CARTESIAN_POINT('Ctrl Pts',(-0.364244549199435,-1.49884277741965,
29.7656510208158));
#3748=CARTESIAN_POINT('Ctrl Pts',(-0.863210360288406,-1.27831336930944,
29.7394242715592));
#3749=CARTESIAN_POINT('Ctrl Pts',(-1.15773984812503,-0.89902702598876,29.7131975223027));
#3750=CARTESIAN_POINT('Ctrl Pts',(-1.35442591762809,-0.645740536300122,
29.6956833634827));
#3751=CARTESIAN_POINT('Ctrl Pts',(-1.45994288020473,-0.321655825574963,
29.6781692046628));
#3752=CARTESIAN_POINT('Ctrl Pts',(-1.46220994851931,0.00108171362466936,
29.6606550458429));
#3753=CARTESIAN_POINT('Ctrl Pts',(-1.46224574679895,0.00109482591944356,
29.5893449541571));
#3754=CARTESIAN_POINT('Ctrl Pts',(-1.45993750025121,-0.323140369372232,
29.6069415089095));
#3755=CARTESIAN_POINT('Ctrl Pts',(-1.3533434404181,-0.648754096498787,29.6245380636619));
#3756=CARTESIAN_POINT('Ctrl Pts',(-1.15494221667106,-0.902617828008967,
29.6421346184144));
#3757=CARTESIAN_POINT('Ctrl Pts',(-0.859235516091289,-1.28098851052782,
29.6683613676709));
#3758=CARTESIAN_POINT('Ctrl Pts',(-0.359585155280993,-1.49997123132678,
29.6945881169275));
#3759=CARTESIAN_POINT('Ctrl Pts',(0.119044185430439,-1.46097145636404,29.7208148661841));
#3760=CARTESIAN_POINT('Ctrl Pts',(0.597673526141872,-1.4219716814013,29.7470416154407));
#3761=CARTESIAN_POINT('Ctrl Pts',(1.05528184675445,-1.12498941067686,29.7732683646973));
#3762=CARTESIAN_POINT('Ctrl Pts',(1.28583283386307,-0.703736857862482,29.7994951139539));
#3763=CARTESIAN_POINT('Ctrl Pts',(1.51638382097169,-0.282484305048105,29.8257218632104));
#3764=CARTESIAN_POINT('Ctrl Pts',(1.51987747457637,0.263038529856203,29.851948612467));
#3765=CARTESIAN_POINT('Ctrl Pts',(1.29474187076464,0.687207989861241,29.8781753617236));
#3766=CARTESIAN_POINT('Ctrl Pts',(1.0696062669529,1.11137744986628,29.9044021109802));
#3767=CARTESIAN_POINT('Ctrl Pts',(0.615841405724756,1.41419353497204,29.9306288602367));
#3768=CARTESIAN_POINT('Ctrl Pts',(0.137750465349814,1.45932426974537,29.9568556094933));
#3769=CARTESIAN_POINT('Ctrl Pts',(-0.340340475025129,1.5044550045187,29.9830823587499));
#3770=CARTESIAN_POINT('Ctrl Pts',(-0.842757494546868,1.2919003889596,30.0093091080065));
#3771=CARTESIAN_POINT('Ctrl Pts',(-1.14328592075815,0.917343854998447,30.0355358572631));
#3772=CARTESIAN_POINT('Ctrl Pts',(-1.3488160717656,0.661186186466491,30.0534722228944));
#3773=CARTESIAN_POINT('Ctrl Pts',(-1.459920188488,0.329258022680494,30.0714085885257));
#3774=CARTESIAN_POINT('Ctrl Pts',(-1.46239479542474,-0.00115497324439293,
30.0893449541571));
#3775=CARTESIAN_POINT('Origin',(0.,0.,24.0756328852638));
#3776=CARTESIAN_POINT('',(-1.17686661614006,-0.000993123231725297,30.3256328852639));
#3777=CARTESIAN_POINT('',(-1.17944247377804,6.09302869089123E-5,30.4243671147362));
#3778=CARTESIAN_POINT('',(-1.17775,-7.32942374598235E-14,24.0756328852638));
#3779=CARTESIAN_POINT('',(0.686101347744096,-0.959338184298565,30.5));
#3780=CARTESIAN_POINT('Ctrl Pts',(-1.17686661614006,-0.000993123231725311,
30.3256328852639));
#3781=CARTESIAN_POINT('Ctrl Pts',(-1.17778519292771,-0.122672073341501,
30.3338408729566));
#3782=CARTESIAN_POINT('Ctrl Pts',(-1.10480016995433,-0.632034973898438,
30.3682756099059));
#3783=CARTESIAN_POINT('Ctrl Pts',(-0.404492650249458,-1.30675109837078,
30.4263979814846));
#3784=CARTESIAN_POINT('Ctrl Pts',(0.400546340777769,-1.16070547254383,30.4763123653706));
#3785=CARTESIAN_POINT('Ctrl Pts',(0.686101347744095,-0.959338184298565,
30.5));
#3786=CARTESIAN_POINT('',(-0.684664424539434,-0.958295198918416,30.5));
#3787=CARTESIAN_POINT('Origin',(0.,0.,30.5));
#3788=CARTESIAN_POINT('Ctrl Pts',(-1.17944247377804,6.09302869089014E-5,
30.4243671147362));
#3789=CARTESIAN_POINT('Ctrl Pts',(-1.17837907099788,-0.370775602845073,
30.4495780764908));
#3790=CARTESIAN_POINT('Ctrl Pts',(-0.988262203410952,-0.741386464744308,
30.4747890382454));
#3791=CARTESIAN_POINT('Ctrl Pts',(-0.684664424539434,-0.958295198918416,
30.5));
#3792=CARTESIAN_POINT('Origin',(0.,0.,24.0756328852638));
#3793=CARTESIAN_POINT('',(-1.17671183250333,0.00087050783832184,29.8256328852638));
#3794=CARTESIAN_POINT('',(-1.17686058784523,-0.000929463436079858,29.9243671147362));
#3795=CARTESIAN_POINT('',(-1.17775,-7.32942374598235E-14,24.0756328852638));
#3796=CARTESIAN_POINT('Ctrl Pts',(-1.17671183250333,0.000870507838321849,
29.8256328852638));
#3797=CARTESIAN_POINT('Ctrl Pts',(-1.1748874117944,-0.258852168480332,29.8431470440838));
#3798=CARTESIAN_POINT('Ctrl Pts',(-0.962816463438409,-0.910206702129224,
29.8868879521603));
#3799=CARTESIAN_POINT('Ctrl Pts',(0.10841678591761,-1.38366285719698,29.9568556094933));
#3800=CARTESIAN_POINT('Ctrl Pts',(1.21542680889053,-0.670129635075388,30.0355358572631));
#3801=CARTESIAN_POINT('Ctrl Pts',(1.22793510475519,0.646903210718191,30.1142161050327));
#3802=CARTESIAN_POINT('Ctrl Pts',(0.1347443571175,1.38130021544503,30.1928963528026));
#3803=CARTESIAN_POINT('Ctrl Pts',(-0.953157646258206,0.925181230424314,
30.2633686128795));
#3804=CARTESIAN_POINT('Ctrl Pts',(-1.17485009068528,0.266125209720239,30.3076141237));
#3805=CARTESIAN_POINT('Ctrl Pts',(-1.17686661614006,-0.000993123231725311,
30.3256328852639));
#3806=CARTESIAN_POINT('Ctrl Pts',(-1.17686058784523,-0.000929463436079858,
29.9243671147362));
#3807=CARTESIAN_POINT('Ctrl Pts',(-1.1777810518102,-0.123831105630011,29.9326574983614));
#3808=CARTESIAN_POINT('Ctrl Pts',(-1.10385477787621,-0.634449301640557,
29.9671746312432));
#3809=CARTESIAN_POINT('Ctrl Pts',(-0.369586053017215,-1.33774168706573,
30.0279185133816));
#3810=CARTESIAN_POINT('Ctrl Pts',(0.914352985902962,-1.0442957697786,30.1065987611513));
#3811=CARTESIAN_POINT('Ctrl Pts',(1.37483353413417,0.189947823091507,30.185279008921));
#3812=CARTESIAN_POINT('Ctrl Pts',(0.597471148269755,1.25233031796227,30.2639592566908));
#3813=CARTESIAN_POINT('Ctrl Pts',(-0.718256019323965,1.18859428484957,30.3426395044605));
#3814=CARTESIAN_POINT('Ctrl Pts',(-1.17240334617813,0.415731970894974,30.3961087904757));
#3815=CARTESIAN_POINT('Ctrl Pts',(-1.1794853198727,0.0150024909974495,30.4233513272342));
#3816=CARTESIAN_POINT('Ctrl Pts',(-1.17944247377804,6.09302869089014E-5,
30.4243671147362));
#3817=CARTESIAN_POINT('Origin',(0.,0.,24.0756328852638));
#3818=CARTESIAN_POINT('',(-1.17958482782559,-0.000156605752124735,29.3256328852638));
#3819=CARTESIAN_POINT('',(-1.17674064112912,0.000881059942949361,29.4243671147361));
#3820=CARTESIAN_POINT('',(-1.17775,-7.32942374598235E-14,24.0756328852638));
#3821=CARTESIAN_POINT('Ctrl Pts',(-1.17958482782559,-0.000156605752124733,
29.3256328852638));
#3822=CARTESIAN_POINT('Ctrl Pts',(-1.17960142318708,-0.00890360154224654,
29.3262264659544));
#3823=CARTESIAN_POINT('Ctrl Pts',(-1.17557847039563,-0.404111913125294,
29.3530467959015));
#3824=CARTESIAN_POINT('Ctrl Pts',(-0.736879492966119,-1.17614142398337,
29.4060938751052));
#3825=CARTESIAN_POINT('Ctrl Pts',(0.577357788054483,-1.26212417360066,29.4847741228749));
#3826=CARTESIAN_POINT('Ctrl Pts',(1.37169062908716,-0.211577817898809,29.5634543706446));
#3827=CARTESIAN_POINT('Ctrl Pts',(0.93082994817209,1.02949319667541,29.6421346184144));
#3828=CARTESIAN_POINT('Ctrl Pts',(-0.348232554668763,1.34351431587525,29.7208148661841));
#3829=CARTESIAN_POINT('Ctrl Pts',(-1.09880086166062,0.647122090823783,29.7819809551339));
#3830=CARTESIAN_POINT('Ctrl Pts',(-1.17761940851566,0.130072105765254,29.8169202948272));
#3831=CARTESIAN_POINT('Ctrl Pts',(-1.17671183250333,0.000870507838321849,
29.8256328852638));
#3832=CARTESIAN_POINT('Ctrl Pts',(-1.17674064112912,0.000881059942949396,
29.4243671147361));
#3833=CARTESIAN_POINT('Ctrl Pts',(-1.17488308228277,-0.260046853452841,
29.4419636694886));
#3834=CARTESIAN_POINT('Ctrl Pts',(-0.961248841303731,-0.912637078048306,
29.4857869734976));
#3835=CARTESIAN_POINT('Ctrl Pts',(0.112717318628049,-1.3833262843294,29.5558370267631));
#3836=CARTESIAN_POINT('Ctrl Pts',(1.21749668234814,-0.666337826497411,29.6345172745329));
#3837=CARTESIAN_POINT('Ctrl Pts',(1.22593122392568,0.650688860503394,29.7131975223026));
#3838=CARTESIAN_POINT('Ctrl Pts',(0.130430919221625,1.38176158527272,29.7918777700724));
#3839=CARTESIAN_POINT('Ctrl Pts',(-0.954720622611744,0.922672900304745,
29.8622676342169));
#3840=CARTESIAN_POINT('Ctrl Pts',(-1.17486915066059,0.264970028159794,29.9064307491048));
#3841=CARTESIAN_POINT('Ctrl Pts',(-1.17686058784523,-0.000929463436079858,
29.9243671147362));
#3842=CARTESIAN_POINT('Origin',(0.,0.,24.0756328852638));
#3843=CARTESIAN_POINT('',(-1.17634580641495,-0.000690175273610057,28.8256328852638));
#3844=CARTESIAN_POINT('',(-1.17957699834586,-0.00017810512543126,28.9243671147362));
#3845=CARTESIAN_POINT('',(-1.17775,-7.32942374598235E-14,24.0756328852638));
#3846=CARTESIAN_POINT('Ctrl Pts',(-1.17634580641495,-0.000690175273610136,
28.8256328852638));
#3847=CARTESIAN_POINT('Ctrl Pts',(-1.17714619598611,-0.147611372830935,
28.8355326370816));
#3848=CARTESIAN_POINT('Ctrl Pts',(-1.08390559149837,-0.682782101749934,
28.8716591381559));
#3849=CARTESIAN_POINT('Ctrl Pts',(-0.287775441759753,-1.35775005006441,
28.9340123884867));
#3850=CARTESIAN_POINT('Ctrl Pts',(0.975957598473357,-0.98681642549772,29.0126926362565));
#3851=CARTESIAN_POINT('Ctrl Pts',(1.3608510129381,0.272735079203405,29.0913728840262));
#3852=CARTESIAN_POINT('Ctrl Pts',(0.520312287237126,1.28669151180231,29.170053131796));
#3853=CARTESIAN_POINT('Ctrl Pts',(-0.778886266939414,1.14308724752349,29.2481397988752));
#3854=CARTESIAN_POINT('Ctrl Pts',(-1.17886817429337,0.377573366113774,29.2999997166978));
#3855=CARTESIAN_POINT('Ctrl Pts',(-1.17958482782559,-0.000156605752124733,
29.3256328852638));
#3856=CARTESIAN_POINT('Ctrl Pts',(-1.17957699834586,-0.000178105125431366,
28.9243671147362));
#3857=CARTESIAN_POINT('Ctrl Pts',(-1.1795983283587,-0.0101394653933276,
28.9250430913592));
#3858=CARTESIAN_POINT('Ctrl Pts',(-1.17500271279842,-0.406564581173141,
28.9519458172388));
#3859=CARTESIAN_POINT('Ctrl Pts',(-0.733222612329444,-1.1784246651207,29.005075292375));
#3860=CARTESIAN_POINT('Ctrl Pts',(0.581275557210065,-1.26032485216627,29.0837555401448));
#3861=CARTESIAN_POINT('Ctrl Pts',(1.37234117241085,-0.207315743767324,29.1624357879145));
#3862=CARTESIAN_POINT('Ctrl Pts',(0.927627853361505,1.0323791791378,29.2411160356842));
#3863=CARTESIAN_POINT('Ctrl Pts',(-0.352404599692608,1.34242713469601,29.319796283454));
#3864=CARTESIAN_POINT('Ctrl Pts',(-1.09979703212717,0.644645883165613,29.3808799764712));
#3865=CARTESIAN_POINT('Ctrl Pts',(-1.17765167708885,0.128852624595815,29.415736920232));
#3866=CARTESIAN_POINT('Ctrl Pts',(-1.17674064112912,0.000881059942949396,
29.4243671147361));
#3867=CARTESIAN_POINT('Origin',(0.,0.,24.0756328852638));
#3868=CARTESIAN_POINT('',(-1.17736435632684,0.00101397098466271,28.3256328852638));
#3869=CARTESIAN_POINT('',(-1.17632397357677,-0.000675594812561686,28.4243671147362));
#3870=CARTESIAN_POINT('',(-1.17775,-7.32942374598235E-14,24.0756328852638));
#3871=CARTESIAN_POINT('Ctrl Pts',(-1.17736435632684,0.00101397098466265,
28.3256328852638));
#3872=CARTESIAN_POINT('Ctrl Pts',(-1.17493436924415,-0.283395286740301,
28.3448388082088));
#3873=CARTESIAN_POINT('Ctrl Pts',(-0.929427114853241,-0.959944372671877,
28.3902714804103));
#3874=CARTESIAN_POINT('Ctrl Pts',(0.196387587776178,-1.37394752996366,28.4619309018683));
#3875=CARTESIAN_POINT('Ctrl Pts',(1.25565892653916,-0.591287205784951,28.5406111496381));
#3876=CARTESIAN_POINT('Ctrl Pts',(1.18422250912289,0.72382107490745,28.6192913974078));
#3877=CARTESIAN_POINT('Ctrl Pts',(0.0464060834931559,1.38713603356672,28.6979716451776));
#3878=CARTESIAN_POINT('Ctrl Pts',(-0.984777638336305,0.875054649541142,
28.7667521411296));
#3879=CARTESIAN_POINT('Ctrl Pts',(-1.17502577751735,0.241617112868293,28.809305887825));
#3880=CARTESIAN_POINT('Ctrl Pts',(-1.17634580641495,-0.000690175273610136,
28.8256328852638));
#3881=CARTESIAN_POINT('Ctrl Pts',(-1.17632397357677,-0.000675594812561738,
28.4243671147362));
#3882=CARTESIAN_POINT('Ctrl Pts',(-1.1771130385342,-0.14882655976335,28.4343492624864));
#3883=CARTESIAN_POINT('Ctrl Pts',(-1.08283432033263,-0.685257062079316,
28.4705581594932));
#3884=CARTESIAN_POINT('Ctrl Pts',(-0.28355655731043,-1.35863745969318,28.5329938057566));
#3885=CARTESIAN_POINT('Ctrl Pts',(0.979018230843984,-0.983780143217465,
28.6116740535264));
#3886=CARTESIAN_POINT('Ctrl Pts',(1.35999732185123,0.276960921636973,28.6903543012961));
#3887=CARTESIAN_POINT('Ctrl Pts',(0.516313020111391,1.28830157046166,28.7690345490658));
#3888=CARTESIAN_POINT('Ctrl Pts',(-0.781062845816907,1.14081817261446,28.8470388202125));
#3889=CARTESIAN_POINT('Ctrl Pts',(-1.17877075994967,0.376344458892936,28.8988163421026));
#3890=CARTESIAN_POINT('Ctrl Pts',(-1.17957699834586,-0.000178105125431366,
28.9243671147362));
#3891=CARTESIAN_POINT('Origin',(0.,0.,24.0756328852638));
#3892=CARTESIAN_POINT('',(-1.17925437993998,-0.000566666388115399,27.8256328852638));
#3893=CARTESIAN_POINT('',(-1.17739892423299,0.00101704790259068,27.9243671147362));
#3894=CARTESIAN_POINT('',(-1.17775,-7.32942374598235E-14,24.0756328852638));
#3895=CARTESIAN_POINT('Ctrl Pts',(-1.17925437993998,-0.000566666388115544,
27.8256328852638));
#3896=CARTESIAN_POINT('Ctrl Pts',(-1.17945631144367,-0.0342686316937802,
27.8279182300794));
#3897=CARTESIAN_POINT('Ctrl Pts',(-1.16296405486734,-0.454535929486597,
27.8564303241515));
#3898=CARTESIAN_POINT('Ctrl Pts',(-0.660420249635852,-1.22071495178613,
27.9111691674802));
#3899=CARTESIAN_POINT('Ctrl Pts',(0.65662521954015,-1.22276049196438,27.9898494152499));
#3900=CARTESIAN_POINT('Ctrl Pts',(1.38238653264618,-0.123722972808785,28.0685296630197));
#3901=CARTESIAN_POINT('Ctrl Pts',(0.863323203030604,1.08672579188574,28.1472099107894));
#3902=CARTESIAN_POINT('Ctrl Pts',(-0.433153659190836,1.3185893246894,28.2258901585592));
#3903=CARTESIAN_POINT('Ctrl Pts',(-1.11832060292738,0.59631841331855,28.2853644833839));
#3904=CARTESIAN_POINT('Ctrl Pts',(-1.17825265090639,0.104981273448572,28.3186120589522));
#3905=CARTESIAN_POINT('Ctrl Pts',(-1.17736435632684,0.00101397098466265,
28.3256328852638));
#3906=CARTESIAN_POINT('Ctrl Pts',(-1.17739892423299,0.0010170479025907,
27.9243671147362));
#3907=CARTESIAN_POINT('Ctrl Pts',(-1.17494503395055,-0.284591025131879,
27.9436554336136));
#3908=CARTESIAN_POINT('Ctrl Pts',(-0.927736810086962,-0.962354806352035,
27.9891705017476));
#3909=CARTESIAN_POINT('Ctrl Pts',(0.200654471482641,-1.3733309326605,28.0609123191382));
#3910=CARTESIAN_POINT('Ctrl Pts',(1.25748960853529,-0.587383990187493,28.139592566908));
#3911=CARTESIAN_POINT('Ctrl Pts',(1.18196847930695,0.727496104063179,28.2182728146777));
#3912=CARTESIAN_POINT('Ctrl Pts',(0.0420970723284778,1.38727355056592,28.2969530624474));
#3913=CARTESIAN_POINT('Ctrl Pts',(-0.98625766753749,0.872608786811764,28.3656511624669));
#3914=CARTESIAN_POINT('Ctrl Pts',(-1.17503987659516,0.240420154180594,28.4081225132298));
#3915=CARTESIAN_POINT('Ctrl Pts',(-1.17632397357677,-0.000675594812561738,
28.4243671147362));
#3916=CARTESIAN_POINT('Origin',(0.,0.,24.0756328852638));
#3917=CARTESIAN_POINT('',(-1.17600189935235,-0.000350376259269478,27.3256328852638));
#3918=CARTESIAN_POINT('',(-1.17923052394702,-0.000584318229046588,27.4243671147362));
#3919=CARTESIAN_POINT('',(-1.17775,-7.32942374598235E-14,24.0756328852638));
#3920=CARTESIAN_POINT('Ctrl Pts',(-1.17600189935235,-0.000350376259269421,
27.3256328852638));
#3921=CARTESIAN_POINT('Ctrl Pts',(-1.17646917978733,-0.172505176214686,
27.3372244012066));
#3922=CARTESIAN_POINT('Ctrl Pts',(-1.06090872730158,-0.733577154119265,
27.3750426664059));
#3923=CARTESIAN_POINT('Ctrl Pts',(-0.200654462739245,-1.3733308728191,27.4390876808618));
#3924=CARTESIAN_POINT('Ctrl Pts',(1.0368678774483,-0.92260766545512,27.5177679286315));
#3925=CARTESIAN_POINT('Ctrl Pts',(1.3407015172495,0.358914114081713,27.5964481764013));
#3926=CARTESIAN_POINT('Ctrl Pts',(0.437247435567659,1.31723748038637,27.675128424171));
#3927=CARTESIAN_POINT('Ctrl Pts',(-0.822265220118348,1.09601994289611,27.7515233271252));
#3928=CARTESIAN_POINT('Ctrl Pts',(-1.17713893383035,0.352497071019711,27.8016914808228));
#3929=CARTESIAN_POINT('Ctrl Pts',(-1.17925437993998,-0.000566666388115544,
27.8256328852638));
#3930=CARTESIAN_POINT('Ctrl Pts',(-1.17923052394702,-0.000584318229046653,
27.4243671147362));
#3931=CARTESIAN_POINT('Ctrl Pts',(-1.17944504331168,-0.0355032503328332,
27.4267348554842));
#3932=CARTESIAN_POINT('Ctrl Pts',(-1.16230662885164,-0.456995272156796,
27.4553293454888));
#3933=CARTESIAN_POINT('Ctrl Pts',(-0.656625248151818,-1.22276054524491,
27.5101505847501));
#3934=CARTESIAN_POINT('Ctrl Pts',(0.66042027841304,-1.22071500497744,27.5888308325198));
#3935=CARTESIAN_POINT('Ctrl Pts',(1.38276423800763,-0.1194283450587,27.6675110802895));
#3936=CARTESIAN_POINT('Ctrl Pts',(0.859943435144079,1.08940229294271,27.7461913280593));
#3937=CARTESIAN_POINT('Ctrl Pts',(-0.437247454620333,1.31723753778356,27.824871575829));
#3938=CARTESIAN_POINT('Ctrl Pts',(-1.11922144981947,0.593845360956023,27.8842635047213));
#3939=CARTESIAN_POINT('Ctrl Pts',(-1.17828164226514,0.103756521625612,27.917428684357));
#3940=CARTESIAN_POINT('Ctrl Pts',(-1.17739892423299,0.0010170479025907,
27.9243671147362));
#3941=CARTESIAN_POINT('Origin',(0.,0.,24.0756328852638));
#3942=CARTESIAN_POINT('',(-1.17809404953034,0.000998780293017043,26.8256328852638));
#3943=CARTESIAN_POINT('',(-1.17599118821733,-0.000332094850129735,26.9243671147361));
#3944=CARTESIAN_POINT('',(-1.17775,-7.32942374598235E-14,24.0756328852638));
#3945=CARTESIAN_POINT('Ctrl Pts',(-1.17809404953034,0.000998780293017115,
26.8256328852638));
#3946=CARTESIAN_POINT('Ctrl Pts',(-1.17532994061834,-0.307971737500753,
26.8465305723338));
#3947=CARTESIAN_POINT('Ctrl Pts',(-0.89350321512665,-1.00916941876376,26.8936550086603));
#3948=CARTESIAN_POINT('Ctrl Pts',(0.283556544954762,-1.35863740049275,26.9670061942434));
#3949=CARTESIAN_POINT('Ctrl Pts',(1.29079156941301,-0.510055902745749,27.0456864420131));
#3950=CARTESIAN_POINT('Ctrl Pts',(1.13568225934543,0.797825610851469,27.1243666897829));
#3951=CARTESIAN_POINT('Ctrl Pts',(-0.0420970704942187,1.38727349011707,
27.2030469375526));
#3952=CARTESIAN_POINT('Ctrl Pts',(-1.0140376270572,0.824697348075158,27.2701356693796));
#3953=CARTESIAN_POINT('Ctrl Pts',(-1.1754119197308,0.217009085254757,27.31099765195));
#3954=CARTESIAN_POINT('Ctrl Pts',(-1.17600189935235,-0.000350376259269421,
27.3256328852638));
#3955=CARTESIAN_POINT('Ctrl Pts',(-1.17599118821733,-0.000332094850129805,
26.9243671147361));
#3956=CARTESIAN_POINT('Ctrl Pts',(-1.1764369941309,-0.17371460425628,26.9360410266114));
#3957=CARTESIAN_POINT('Ctrl Pts',(-1.05973427785694,-0.736049471651442,
26.9739416877433));
#3958=CARTESIAN_POINT('Ctrl Pts',(-0.196387596333428,-1.37394758983186,
27.0380690981317));
#3959=CARTESIAN_POINT('Ctrl Pts',(1.03972876915044,-0.9193824852058,27.1167493459014));
#3960=CARTESIAN_POINT('Ctrl Pts',(1.33958023111379,0.363076950400265,27.1954295936711));
#3961=CARTESIAN_POINT('Ctrl Pts',(0.433153678064946,1.31858938214554,27.2741098414409));
#3962=CARTESIAN_POINT('Ctrl Pts',(-0.824308096233947,1.09370335613886,27.3504223484625));
#3963=CARTESIAN_POINT('Ctrl Pts',(-1.1770688770899,0.351283215772189,27.4005081062276));
#3964=CARTESIAN_POINT('Ctrl Pts',(-1.17923052394702,-0.000584318229046653,
27.4243671147362));
#3965=CARTESIAN_POINT('Origin',(0.,0.,24.0756328852638));
#3966=CARTESIAN_POINT('',(-1.1786629170854,-0.000867238621638059,26.3256328852638));
#3967=CARTESIAN_POINT('',(-1.17812986586982,0.000993771884782411,26.4243671147362));
#3968=CARTESIAN_POINT('',(-1.17775,-7.32942374598235E-14,24.0756328852638));
#3969=CARTESIAN_POINT('Ctrl Pts',(-1.1786629170854,-0.000867238621638138,
26.3256328852638));
#3970=CARTESIAN_POINT('Ctrl Pts',(-1.17914903163664,-0.0595949305122788,
26.3296099942044));
#3971=CARTESIAN_POINT('Ctrl Pts',(-1.14863916534712,-0.505091524202185,
26.3598138524015));
#3972=CARTESIAN_POINT('Ctrl Pts',(-0.58127553187797,-1.26032479719105,26.4162444598553));
#3973=CARTESIAN_POINT('Ctrl Pts',(0.733222580377942,-1.1784246138035,26.4949247076249));
#3974=CARTESIAN_POINT('Ctrl Pts',(1.38746142164462,-0.0353653261067863,
26.5736049553947));
#3975=CARTESIAN_POINT('Ctrl Pts',(0.792305730991079,1.13954004768971,26.6522852031644));
#3976=CARTESIAN_POINT('Ctrl Pts',(-0.516312997613237,1.28830151433023,26.7309654509342));
#3977=CARTESIAN_POINT('Ctrl Pts',(-1.13591243501232,0.545575715423378,26.788748011634));
#3978=CARTESIAN_POINT('Ctrl Pts',(-1.1787989174056,0.0797885093980901,26.8203038230772));
#3979=CARTESIAN_POINT('Ctrl Pts',(-1.17809404953034,0.000998780293017115,
26.8256328852638));
#3980=CARTESIAN_POINT('Ctrl Pts',(-1.17812986586982,0.00099377188478242,
26.4243671147362));
#3981=CARTESIAN_POINT('Ctrl Pts',(-1.17535938607449,-0.309170690609471,
26.4453471977386));
#3982=CARTESIAN_POINT('Ctrl Pts',(-0.8916876244057,-1.01155158399492,26.4925540299976));
#3983=CARTESIAN_POINT('Ctrl Pts',(0.287775454300648,-1.35775010922209,26.5659876115132));
#3984=CARTESIAN_POINT('Ctrl Pts',(1.29236975909338,-0.506043944077443,26.644667859283));
#3985=CARTESIAN_POINT('Ctrl Pts',(1.13319858499501,0.801349507692595,26.7233481070527));
#3986=CARTESIAN_POINT('Ctrl Pts',(-0.0464060855155641,1.38713609400895,
26.8020283548225));
#3987=CARTESIAN_POINT('Ctrl Pts',(-1.01540294413276,0.822238192435701,26.8690346907169));
#3988=CARTESIAN_POINT('Ctrl Pts',(-1.17543544126352,0.2158086034108,26.9098142773548));
#3989=CARTESIAN_POINT('Ctrl Pts',(-1.17599118821733,-0.000332094850129805,
26.9243671147361));
#3990=CARTESIAN_POINT('Origin',(0.,0.,24.0756328852638));
#3991=CARTESIAN_POINT('',(-1.1759001515411,4.07575901181454E-5,25.8256328852638));
#3992=CARTESIAN_POINT('',(-1.17862992796768,-0.000878224952577528,25.9243671147362));
#3993=CARTESIAN_POINT('',(-1.17775,-7.32942374598235E-14,24.0756328852638));
#3994=CARTESIAN_POINT('Ctrl Pts',(-1.1759001515411,4.07575901179708E-5,
25.8256328852638));
#3995=CARTESIAN_POINT('Ctrl Pts',(-1.17583961647438,-0.19728291992851,25.8389161653316));
#3996=CARTESIAN_POINT('Ctrl Pts',(-1.0357524502498,-0.784287576402078,25.8784261946559));
#3997=CARTESIAN_POINT('Ctrl Pts',(-0.112717313734806,-1.38332622192932,
25.9441629732368));
#3998=CARTESIAN_POINT('Ctrl Pts',(1.09356185293605,-0.854647944020279,26.0228432210065));
#3999=CARTESIAN_POINT('Ctrl Pts',(1.3151004577997,0.443634016783403,26.1015234687763));
#4000=CARTESIAN_POINT('Ctrl Pts',(0.352404584325226,1.34242707584468,26.180203716546));
#4001=CARTESIAN_POINT('Ctrl Pts',(-0.862925064331434,1.04805135800116,26.2549068553753));
#4002=CARTESIAN_POINT('Ctrl Pts',(-1.17594338536546,0.327680467938186,26.3033832449478));
#4003=CARTESIAN_POINT('Ctrl Pts',(-1.1786629170854,-0.000867238621638138,
26.3256328852638));
#4004=CARTESIAN_POINT('Ctrl Pts',(-1.17862992796768,-0.000878224952577692,
25.9243671147362));
#4005=CARTESIAN_POINT('Ctrl Pts',(-1.17913027506925,-0.0608270089169163,
25.9284266196092));
#4006=CARTESIAN_POINT('Ctrl Pts',(-1.14789664294564,-0.507557052522776,
25.9587128737389));
#4007=CARTESIAN_POINT('Ctrl Pts',(-0.577357813284736,-1.26212422894567,
26.0152258771251));
#4008=CARTESIAN_POINT('Ctrl Pts',(0.736879525116749,-1.1761414750416,26.0939061248948));
#4009=CARTESIAN_POINT('Ctrl Pts',(1.38756465725194,-0.0310553224596962,
26.1725863726646));
#4010=CARTESIAN_POINT('Ctrl Pts',(0.788762240503297,1.14199568053212,26.2512666204343));
#4011=CARTESIAN_POINT('Ctrl Pts',(-0.520312309916814,1.28669156783787,26.329946868204));
#4012=CARTESIAN_POINT('Ctrl Pts',(-1.13672146537333,0.543106520347638,26.3876470329713));
#4013=CARTESIAN_POINT('Ctrl Pts',(-1.17882270311209,0.0785592142335521,
26.419120448482));
#4014=CARTESIAN_POINT('Ctrl Pts',(-1.17812986586982,0.00099377188478242,
26.4243671147362));
#4015=CARTESIAN_POINT('Origin',(0.,0.,24.0756328852638));
#4016=CARTESIAN_POINT('',(-1.17877988663613,0.000890642715472246,25.3256328852638));
#4017=CARTESIAN_POINT('',(-1.17589945124569,6.52799467778381E-5,25.4243671147361));
#4018=CARTESIAN_POINT('',(-1.17775,-7.32942374598235E-14,24.0756328852638));
#4019=CARTESIAN_POINT('Ctrl Pts',(-1.17877988663613,0.000890642715472316,
25.3256328852638));
#4020=CARTESIAN_POINT('Ctrl Pts',(-1.1761252798801,-0.332566103358443,25.3482223364588));
#4021=CARTESIAN_POINT('Ctrl Pts',(-0.854997887559688,-1.05786149184365,
25.3970385369103));
#4022=CARTESIAN_POINT('Ctrl Pts',(0.369586025104259,-1.33774156585311,25.4720814866184));
#4023=CARTESIAN_POINT('Ctrl Pts',(1.32066853220493,-0.426782161730452,25.5507617343882));
#4024=CARTESIAN_POINT('Ctrl Pts',(1.08252764722343,0.868602295974974,25.6294419821579));
#4025=CARTESIAN_POINT('Ctrl Pts',(-0.130430912658101,1.38176151302546,25.7081222299276));
#4026=CARTESIAN_POINT('Ctrl Pts',(-1.04098212509273,0.774112993738301,25.7735191976296));
#4027=CARTESIAN_POINT('Ctrl Pts',(-1.17595913800883,0.192316530378355,25.812689416075));
#4028=CARTESIAN_POINT('Ctrl Pts',(-1.1759001515411,4.07575901179708E-5,
25.8256328852638));
#4029=CARTESIAN_POINT('Ctrl Pts',(-1.17589945124569,6.52799467777861E-5,
25.4243671147361));
#4030=CARTESIAN_POINT('Ctrl Pts',(-1.17581024272407,-0.198484610414037,
25.4377327907364));
#4031=CARTESIAN_POINT('Ctrl Pts',(-1.03447499519855,-0.786763793678717,
25.4773252159933));
#4032=CARTESIAN_POINT('Ctrl Pts',(-0.108416791838572,-1.38366292949975,
25.5431443905067));
#4033=CARTESIAN_POINT('Ctrl Pts',(1.09620981003167,-0.851250498601591,25.6218246382764));
#4034=CARTESIAN_POINT('Ctrl Pts',(1.31371694060413,0.447718740416054,25.7005048860462));
#4035=CARTESIAN_POINT('Ctrl Pts',(0.348232570188446,1.3435143765123,25.7791851338159));
#4036=CARTESIAN_POINT('Ctrl Pts',(-0.864836797017294,1.0456951508755,25.8538058767126));
#4037=CARTESIAN_POINT('Ctrl Pts',(-1.17589774342205,0.326476806309676,25.9021998703527));
#4038=CARTESIAN_POINT('Ctrl Pts',(-1.17862992796768,-0.000878224952577692,
25.9243671147362));
#4039=CARTESIAN_POINT('Origin',(0.,0.,-1.10421172358872));
#4040=CARTESIAN_POINT('',(-1.54546478184873,-0.000246947982541212,7.60421172358873));
#4041=CARTESIAN_POINT('',(-1.54048785958243,-0.000309159108954353,7.64578827641128));
#4042=CARTESIAN_POINT('',(-1.543,-1.37801782164163E-13,-1.10421172358872));
#4043=CARTESIAN_POINT('',(0.398513841857214,1.49064942821852,8.));
#4044=CARTESIAN_POINT('Ctrl Pts',(-1.54048785958243,-0.000309159108954349,
7.64578827641128));
#4045=CARTESIAN_POINT('Ctrl Pts',(-1.5408138816126,-0.242248716521698,7.65821752990565));
#4046=CARTESIAN_POINT('Ctrl Pts',(-1.3732967609905,-0.997780008131575,7.69705711365882));
#4047=CARTESIAN_POINT('Ctrl Pts',(-0.194212713246707,-1.81164047781205,
7.76230702767078));
#4048=CARTESIAN_POINT('Ctrl Pts',(1.41583282617302,-1.14958092202861,7.84153801844722));
#4049=CARTESIAN_POINT('Ctrl Pts',(1.73220807637682,0.565079434058786,7.92076900922359));
#4050=CARTESIAN_POINT('Ctrl Pts',(0.893233552530752,1.35838985812053,7.9735896697412));
#4051=CARTESIAN_POINT('Ctrl Pts',(0.398513841857214,1.49064942821852,8.));
#4052=CARTESIAN_POINT('',(-0.398513841857239,1.49064942821851,8.));
#4053=CARTESIAN_POINT('Origin',(0.,0.,8.));
#4054=CARTESIAN_POINT('Ctrl Pts',(-1.54546478184873,-0.000246947982541221,
7.60421172358873));
#4055=CARTESIAN_POINT('Ctrl Pts',(-1.54549144185509,-0.0128802360537645,
7.60486618723732));
#4056=CARTESIAN_POINT('Ctrl Pts',(-1.53963622621896,-0.535292967697649,
7.63193098114472));
#4057=CARTESIAN_POINT('Ctrl Pts',(-0.953364035165544,-1.55322566266454,
7.6854061053109));
#4058=CARTESIAN_POINT('Ctrl Pts',(0.784798992055356,-1.64511417367495,7.76463709608731));
#4059=CARTESIAN_POINT('Ctrl Pts',(1.80721152718734,-0.235884160185464,7.84386808686371));
#4060=CARTESIAN_POINT('Ctrl Pts',(1.18735161184718,1.37134928864341,7.92232238816794));
#4061=CARTESIAN_POINT('Ctrl Pts',(0.0789995900943824,1.62015992485787,7.97436635921337));
#4062=CARTESIAN_POINT('Ctrl Pts',(-0.399390173309547,1.49327752492789,8.));
#4063=CARTESIAN_POINT('Origin',(0.,0.,-1.10421172358872));
#4064=CARTESIAN_POINT('',(-1.54154910658632,-0.00116893524675449,7.10421172358873));
#4065=CARTESIAN_POINT('',(-1.54321692452477,0.00138312433691966,7.14578827641128));
#4066=CARTESIAN_POINT('',(-1.543,-1.37801782164163E-13,-1.10421172358872));
#4067=CARTESIAN_POINT('Ctrl Pts',(-1.54321692452477,0.00138312433691969,
7.14578827641128));
#4068=CARTESIAN_POINT('Ctrl Pts',(-1.53954775018476,-0.398444391813241,
7.16642221501952));
#4069=CARTESIAN_POINT('Ctrl Pts',(-1.17697871485785,-1.31593202262583,7.21346648388654));
#4070=CARTESIAN_POINT('Ctrl Pts',(0.366956304065245,-1.78522288960608,7.2869210830124));
#4071=CARTESIAN_POINT('Ctrl Pts',(1.69763684298688,-0.663198599040779,7.36615207378879));
#4072=CARTESIAN_POINT('Ctrl Pts',(1.47989262285988,1.06379637168384,7.44538306456519));
#4073=CARTESIAN_POINT('Ctrl Pts',(-0.0875393270282325,1.82037064924981,
7.5246140553416));
#4074=CARTESIAN_POINT('Ctrl Pts',(-1.34190911044785,1.05864737994475,7.59141579262362));
#4075=CARTESIAN_POINT('Ctrl Pts',(-1.54012113288941,0.271837154913103,7.63180719964685));
#4076=CARTESIAN_POINT('Ctrl Pts',(-1.54048785958243,-0.000309159108954349,
7.64578827641128));
#4077=CARTESIAN_POINT('Ctrl Pts',(-1.54154910658632,-0.00116893524675452,
7.10421172358873));
#4078=CARTESIAN_POINT('Ctrl Pts',(-1.54276861107796,-0.173306255726472,
7.11307087235119));
#4079=CARTESIAN_POINT('Ctrl Pts',(-1.43685667037915,-0.857151066846806,
7.14834035137245));
#4080=CARTESIAN_POINT('Ctrl Pts',(-0.435295228736222,-1.76981284066233,
7.21002016065249));
#4081=CARTESIAN_POINT('Ctrl Pts',(1.24828635630779,-1.32797502495203,7.28925115142891));
#4082=CARTESIAN_POINT('Ctrl Pts',(1.79333428219492,0.325093474761095,7.36848214220529));
#4083=CARTESIAN_POINT('Ctrl Pts',(0.702719341639283,1.68162525271118,7.44771313298171));
#4084=CARTESIAN_POINT('Ctrl Pts',(-1.01452397967895,1.50589662760612,7.52628966010951));
#4085=CARTESIAN_POINT('Ctrl Pts',(-1.54441559971462,0.496925481856353,7.57845585697852));
#4086=CARTESIAN_POINT('Ctrl Pts',(-1.54546478184873,-0.000246947982541221,
7.60421172358873));
#4087=CARTESIAN_POINT('Origin',(0.,0.,-1.10421172358872));
#4088=CARTESIAN_POINT('',(-1.5413358782285,0.00107568005262085,6.60421172358873));
#4089=CARTESIAN_POINT('',(-1.54497476219057,-0.000806580619791469,6.64578827641128));
#4090=CARTESIAN_POINT('',(-1.543,-1.37801782164163E-13,-1.10421172358872));
#4091=CARTESIAN_POINT('Ctrl Pts',(-1.54497476219057,-0.00080658061979131,
6.64578827641128));
#4092=CARTESIAN_POINT('Ctrl Pts',(-1.54527337737164,-0.047720942548651,
6.64821656987458));
#4093=CARTESIAN_POINT('Ctrl Pts',(-1.52208573629591,-0.604580826345642,
6.67705519359668));
#4094=CARTESIAN_POINT('Ctrl Pts',(-0.847444087328025,-1.61355677129037,
6.73230414757758));
#4095=CARTESIAN_POINT('Ctrl Pts',(0.892975694914004,-1.58881085653605,6.81153513835399));
#4096=CARTESIAN_POINT('Ctrl Pts',(1.81893241892018,-0.114946246334822,6.89076612913038));
#4097=CARTESIAN_POINT('Ctrl Pts',(1.08587968327427,1.46376005924046,6.9699971199068));
#4098=CARTESIAN_POINT('Ctrl Pts',(-0.637578233111029,1.70739954429284,7.04922811068318));
#4099=CARTESIAN_POINT('Ctrl Pts',(-1.4821258083521,0.735870649066926,7.10782516285136));
#4100=CARTESIAN_POINT('Ctrl Pts',(-1.54424409575099,0.113313297718025,7.14001188476072));
#4101=CARTESIAN_POINT('Ctrl Pts',(-1.54321692452477,0.00138312433691969,
7.14578827641128));
#4102=CARTESIAN_POINT('Ctrl Pts',(-1.5413358782285,0.00107568005262093,
6.60421172358873));
#4103=CARTESIAN_POINT('Ctrl Pts',(-1.53919335581011,-0.330597808663848,
6.62127555746505));
#4104=CARTESIAN_POINT('Ctrl Pts',(-1.27161286511724,-1.17876709248052,6.66474972160018));
#4105=CARTESIAN_POINT('Ctrl Pts',(0.124095103900614,-1.81833085078749,6.73463421599408));
#4106=CARTESIAN_POINT('Ctrl Pts',(1.59328349491646,-0.884971563586981,6.8138652067705));
#4107=CARTESIAN_POINT('Ctrl Pts',(1.6092729005368,0.855551211129476,6.89309619754689));
#4108=CARTESIAN_POINT('Ctrl Pts',(0.157479671674676,1.81574389527527,6.9723271883233));
#4109=CARTESIAN_POINT('Ctrl Pts',(-1.25955587980918,1.19764958613594,7.04269903033723));
#4110=CARTESIAN_POINT('Ctrl Pts',(-1.53913310192919,0.339858564690709,7.08666054209239));
#4111=CARTESIAN_POINT('Ctrl Pts',(-1.54154910658632,-0.00116893524675452,
7.10421172358873));
#4112=CARTESIAN_POINT('Origin',(0.,0.,-1.10421172358872));
#4113=CARTESIAN_POINT('',(-1.54537846187545,0.000401559946582603,6.10421172358873));
#4114=CARTESIAN_POINT('',(-1.5408757707411,-0.000770844471856159,6.14578827641128));
#4115=CARTESIAN_POINT('',(-1.543,-1.37801782164163E-13,-1.10421172358872));
#4116=CARTESIAN_POINT('Ctrl Pts',(-1.5408757707411,-0.000770844471855939,
6.14578827641128));
#4117=CARTESIAN_POINT('Ctrl Pts',(-1.54181495033176,-0.207601272341673,
6.15642125498844));
#4118=CARTESIAN_POINT('Ctrl Pts',(-1.40686167186001,-0.926984809279924,
6.19346456382441));
#4119=CARTESIAN_POINT('Ctrl Pts',(-0.316059910185734,-1.79494645319677,
6.25691820291917));
#4120=CARTESIAN_POINT('Ctrl Pts',(1.33423422878393,-1.24158995955076,6.33614919369558));
#4121=CARTESIAN_POINT('Ctrl Pts',(1.76760253857986,0.44419354461263,6.41538018447197));
#4122=CARTESIAN_POINT('Ctrl Pts',(0.588779235341596,1.72483787489703,6.49461117524838));
#4123=CARTESIAN_POINT('Ctrl Pts',(-1.07446926543835,1.44126118470011,6.57141387256148));
#4124=CARTESIAN_POINT('Ctrl Pts',(-1.54202561277001,0.462523725629619,6.62180623961578));
#4125=CARTESIAN_POINT('Ctrl Pts',(-1.54497476219057,-0.00080658061979131,
6.64578827641128));
#4126=CARTESIAN_POINT('Ctrl Pts',(-1.54537846187545,0.000401559946582573,
6.10421172358873));
#4127=CARTESIAN_POINT('Ctrl Pts',(-1.54367559622262,-0.487445012783066,
6.12948024257892));
#4128=CARTESIAN_POINT('Ctrl Pts',(-1.03139096566449,-1.48826327302802,6.1811590918279));
#4129=CARTESIAN_POINT('Ctrl Pts',(0.67170747537545,-1.69426559323182,6.25924827133569));
#4130=CARTESIAN_POINT('Ctrl Pts',(1.7870587435042,-0.35797749092598,6.33847926211209));
#4131=CARTESIAN_POINT('Ctrl Pts',(1.27247284178143,1.3048140527512,6.41771025288848));
#4132=CARTESIAN_POINT('Ctrl Pts',(-0.402707691825975,1.77751324287558,6.4969412436649));
#4133=CARTESIAN_POINT('Ctrl Pts',(-1.42891169609556,0.876338706674059,6.55910840056496));
#4134=CARTESIAN_POINT('Ctrl Pts',(-1.542509417433,0.182745584068447,6.59486522720625));
#4135=CARTESIAN_POINT('Ctrl Pts',(-1.5413358782285,0.00107568005262093,
6.60421172358873));
#4136=CARTESIAN_POINT('Origin',(0.,0.,-1.10421172358872));
#4137=CARTESIAN_POINT('',(-1.5424743848337,-0.00137839443322282,5.60421172358873));
#4138=CARTESIAN_POINT('',(-1.54219362338625,0.001341772942977,5.64578827641128));
#4139=CARTESIAN_POINT('',(-1.543,-1.37801782164163E-13,-1.10421172358872));
#4140=CARTESIAN_POINT('Ctrl Pts',(-1.54219362338625,0.00134177294297703,
5.64578827641128));
#4141=CARTESIAN_POINT('Ctrl Pts',(-1.53912601867129,-0.364295920289325,
5.66462594010231));
#4142=CARTESIAN_POINT('Ctrl Pts',(-1.2264349826695,-1.24727401311219,5.70987393405214));
#4143=CARTESIAN_POINT('Ctrl Pts',(0.245322199931547,-1.80597443108182,5.78153225826077));
#4144=CARTESIAN_POINT('Ctrl Pts',(1.64885786936941,-0.776527110581716,5.86076324903717));
#4145=CARTESIAN_POINT('Ctrl Pts',(1.54850636152304,0.961173592829275,5.93999423981357));
#4146=CARTESIAN_POINT('Ctrl Pts',(0.0357960898176358,1.82220889821851,6.01922523058998));
#4147=CARTESIAN_POINT('Ctrl Pts',(-1.30217231650305,1.12873820115922,6.08782324278921));
#4148=CARTESIAN_POINT('Ctrl Pts',(-1.53948220386926,0.306126830086862,6.13001092472964));
#4149=CARTESIAN_POINT('Ctrl Pts',(-1.5408757707411,-0.000770844471855939,
6.14578827641128));
#4150=CARTESIAN_POINT('Ctrl Pts',(-1.5424743848337,-0.00137839443322282,
5.60421172358873));
#4151=CARTESIAN_POINT('Ctrl Pts',(-1.5436729987367,-0.138404910421654,5.61127459743398));
#4152=CARTESIAN_POINT('Ctrl Pts',(-1.46426085650329,-0.786451343338256,
5.64474780153803));
#4153=CARTESIAN_POINT('Ctrl Pts',(-0.554054381758983,-1.73630371134603,
5.70463133590087));
#4154=CARTESIAN_POINT('Ctrl Pts',(1.15556679570338,-1.40939427292677,5.78386232667729));
#4155=CARTESIAN_POINT('Ctrl Pts',(1.81122078828986,0.20299283727445,5.86309331745368));
#4156=CARTESIAN_POINT('Ctrl Pts',(0.814899938314246,1.63023462321225,5.94232430823008));
#4157=CARTESIAN_POINT('Ctrl Pts',(-0.924673311393857,1.57057508662647,6.02155529900648));
#4158=CARTESIAN_POINT('Ctrl Pts',(-1.53505455934684,0.554307039884366,6.0755177707927));
#4159=CARTESIAN_POINT('Ctrl Pts',(-1.54545540944773,0.0224459351754939,
6.10306991232012));
#4160=CARTESIAN_POINT('Ctrl Pts',(-1.54537846187545,0.000401559946582573,
6.10421172358873));
#4161=CARTESIAN_POINT('Origin',(0.,0.,-1.10421172358872));
#4162=CARTESIAN_POINT('',(-1.54073972386577,0.000630633548935472,5.10421172358873));
#4163=CARTESIAN_POINT('',(-1.54546658946769,-0.000224904604663124,5.14578827641128));
#4164=CARTESIAN_POINT('',(-1.543,-1.37801782164163E-13,-1.10421172358872));
#4165=CARTESIAN_POINT('Ctrl Pts',(-1.54546658946769,-0.000224904604663237,
5.14578827641128));
#4166=CARTESIAN_POINT('Ctrl Pts',(-1.54549152934551,-0.0124251021206027,
5.14642029495737));
#4167=CARTESIAN_POINT('Ctrl Pts',(-1.53984264278297,-0.534414570433038,
5.17346264376227));
#4168=CARTESIAN_POINT('Ctrl Pts',(-0.954685123040775,-1.55251503796316,
5.22691532282596));
#4169=CARTESIAN_POINT('Ctrl Pts',(0.78342030771329,-1.64559388936836,5.30614631360237));
#4170=CARTESIAN_POINT('Ctrl Pts',(1.80698522089243,-0.23776256797149,5.38537730437877));
#4171=CARTESIAN_POINT('Ctrl Pts',(1.18243845983301,1.38692678824786,5.46460829515516));
#4172=CARTESIAN_POINT('Ctrl Pts',(-0.520584542875217,1.746630573709,5.54383928593157));
#4173=CARTESIAN_POINT('Ctrl Pts',(-1.45677934842492,0.806509830313471,5.60423261301693));
#4174=CARTESIAN_POINT('Ctrl Pts',(-1.54342678839275,0.148326684706478,5.63821560984351));
#4175=CARTESIAN_POINT('Ctrl Pts',(-1.54219362338625,0.00134177294297703,
5.64578827641128));
#4176=CARTESIAN_POINT('Ctrl Pts',(-1.54073972386577,0.000630633548935316,
5.10421172358873));
#4177=CARTESIAN_POINT('Ctrl Pts',(-1.53964220953887,-0.296416332495205,
5.11947928254784));
#4178=CARTESIAN_POINT('Ctrl Pts',(-1.31378109801141,-1.10884895366584,5.16115717176576));
#4179=CARTESIAN_POINT('Ctrl Pts',(0.000771089271493117,-1.82256035328476,
5.22924539124247));
#4180=CARTESIAN_POINT('Ctrl Pts',(1.52974903895878,-0.990754618332558,5.30847638201888));
#4181=CARTESIAN_POINT('Ctrl Pts',(1.66347636865148,0.744696721410819,5.38770737279527));
#4182=CARTESIAN_POINT('Ctrl Pts',(0.279983307549524,1.80092647918855,5.46693836357168));
#4183=CARTESIAN_POINT('Ctrl Pts',(-1.21278382710535,1.26684002350393,5.53910648050282));
#4184=CARTESIAN_POINT('Ctrl Pts',(-1.53919100037108,0.373980787066343,5.58486426717518));
#4185=CARTESIAN_POINT('Ctrl Pts',(-1.5424743848337,-0.00137839443322282,
5.60421172358873));
#4186=CARTESIAN_POINT('Origin',(0.,0.,-1.10421172358872));
#4187=CARTESIAN_POINT('',(-1.54475696415789,0.000944220534227456,4.60421172358873));
#4188=CARTESIAN_POINT('',(-1.54155931267532,-0.0011725678896922,4.64578827641127));
#4189=CARTESIAN_POINT('',(-1.543,-1.37801782164163E-13,-1.10421172358872));
#4190=CARTESIAN_POINT('Ctrl Pts',(-1.54155931267532,-0.00117256788969216,
4.64578827641127));
#4191=CARTESIAN_POINT('Ctrl Pts',(-1.54278037351377,-0.172870829141349,
4.65462498007123));
#4192=CARTESIAN_POINT('Ctrl Pts',(-1.4372171852686,-0.856266959111273,4.68987201399));
#4193=CARTESIAN_POINT('Ctrl Pts',(-0.436792757285074,-1.76944587779389,
4.75152937816756));
#4194=CARTESIAN_POINT('Ctrl Pts',(1.24716248055457,-1.3290268523832,4.83076036894396));
#4195=CARTESIAN_POINT('Ctrl Pts',(1.79360811393511,0.323568479436043,4.90999135972036));
#4196=CARTESIAN_POINT('Ctrl Pts',(0.704143039570918,1.68104408243273,4.98922235049676));
#4197=CARTESIAN_POINT('Ctrl Pts',(-1.01374188635689,1.50667825234326,5.06782132272706));
#4198=CARTESIAN_POINT('Ctrl Pts',(-1.54444935991265,0.497387857656183,5.12000996469857));
#4199=CARTESIAN_POINT('Ctrl Pts',(-1.54546658946769,-0.000224904604663237,
5.14578827641128));
#4200=CARTESIAN_POINT('Ctrl Pts',(-1.54475696415789,0.000944220534227509,
4.60421172358873));
#4201=CARTESIAN_POINT('Ctrl Pts',(-1.54148633198345,-0.452705331703052,
4.62768396766171));
#4202=CARTESIAN_POINT('Ctrl Pts',(-1.09096648209483,-1.42244054623287,4.67756654199348));
#4203=CARTESIAN_POINT('Ctrl Pts',(0.555523374728736,-1.73583427091221,4.75385944658406));
#4204=CARTESIAN_POINT('Ctrl Pts',(1.75873984544914,-0.47808052875311,4.83309043736047));
#4205=CARTESIAN_POINT('Ctrl Pts',(1.35784819302138,1.21572000092615,4.91232142813686));
#4206=CARTESIAN_POINT('Ctrl Pts',(-0.281507079858116,1.80068892369926,4.99155241891327));
#4207=CARTESIAN_POINT('Ctrl Pts',(-1.39768352644064,0.947046498158975,5.05551585073056));
#4208=CARTESIAN_POINT('Ctrl Pts',(-1.54154072625099,0.217425369155322,5.09306895228904));
#4209=CARTESIAN_POINT('Ctrl Pts',(-1.54073972386577,0.000630633548935316,
5.10421172358873));
#4210=CARTESIAN_POINT('Origin',(0.,0.,-1.10421172358872));
#4211=CARTESIAN_POINT('',(-1.54351477738134,-0.00134908227998581,4.10421172358873));
#4212=CARTESIAN_POINT('',(-1.54132648657962,0.00107107433010129,4.14578827641128));
#4213=CARTESIAN_POINT('',(-1.543,-1.37801782164163E-13,-1.10421172358872));
#4214=CARTESIAN_POINT('Ctrl Pts',(-1.54132648657962,0.00107107433010139,
4.14578827641127));
#4215=CARTESIAN_POINT('Ctrl Pts',(-1.53919677958828,-0.330171179263504,
4.1628296651851));
#4216=CARTESIAN_POINT('Ctrl Pts',(-1.27216170321647,-1.17789642067205,4.20628138421773));
#4217=CARTESIAN_POINT('Ctrl Pts',(0.122556452948825,-1.8184351907888,4.27614343350915));
#4218=CARTESIAN_POINT('Ctrl Pts',(1.59253405284622,-0.886319309156532,4.35537442428555));
#4219=CARTESIAN_POINT('Ctrl Pts',(1.60999619562761,0.854189017327625,4.43460541506195));
#4220=CARTESIAN_POINT('Ctrl Pts',(0.159016043019741,1.81561023496808,4.51383640583836));
#4221=CARTESIAN_POINT('Ctrl Pts',(-1.25899415109305,1.19851767463346,4.58423069295479));
#4222=CARTESIAN_POINT('Ctrl Pts',(-1.53913097875634,0.340285202679053,4.62821464981243));
#4223=CARTESIAN_POINT('Ctrl Pts',(-1.54155931267532,-0.00117256788969216,
4.64578827641127));
#4224=CARTESIAN_POINT('Ctrl Pts',(-1.54351477738134,-0.00134908227998554,
4.10421172358873));
#4225=CARTESIAN_POINT('Ctrl Pts',(-1.54444669330099,-0.103350000408527,
4.10947832251677));
#4226=CARTESIAN_POINT('Ctrl Pts',(-1.48880882079139,-0.715841875310053,
4.14115525170362));
#4227=CARTESIAN_POINT('Ctrl Pts',(-0.670273614508659,-1.69483335984304,
4.19924251114925));
#4228=CARTESIAN_POINT('Ctrl Pts',(1.05754986341796,-1.48435680425158,4.27847350192566));
#4229=CARTESIAN_POINT('Ctrl Pts',(1.82080525531832,0.079969107463449,4.35770449270206));
#4230=CARTESIAN_POINT('Ctrl Pts',(0.923344022025557,1.57135694637883,4.43693548347846));
#4231=CARTESIAN_POINT('Ctrl Pts',(-0.816279086443952,1.62954450352777,4.51616647425486));
#4232=CARTESIAN_POINT('Ctrl Pts',(-1.51658894010733,0.624531298407664,4.57192522095829));
#4233=CARTESIAN_POINT('Ctrl Pts',(-1.54516635829936,0.0577287988850959,
4.60127363740291));
#4234=CARTESIAN_POINT('Ctrl Pts',(-1.54475696415789,0.000944220534227509,
4.60421172358873));
#4235=CARTESIAN_POINT('Origin',(0.,0.,-1.10421172358872));
#4236=CARTESIAN_POINT('',(-1.54049363421398,8.42784132316921E-5,3.60421172358873));
#4237=CARTESIAN_POINT('',(-1.54537349375686,0.000409181509451428,3.64578827641127));
#4238=CARTESIAN_POINT('',(-1.543,-1.37801782164163E-13,-1.10421172358872));
#4239=CARTESIAN_POINT('Ctrl Pts',(-1.54537349375686,0.000409181509451405,
3.64578827641127));
#4240=CARTESIAN_POINT('Ctrl Pts',(-1.54364308156921,-0.487008187801028,
3.67103435029896));
#4241=CARTESIAN_POINT('Ctrl Pts',(-1.03216040354281,-1.48744959618104,3.72269075444546));
#4242=CARTESIAN_POINT('Ctrl Pts',(0.670273593453977,-1.69483330660476,3.80075748885074));
#4243=CARTESIAN_POINT('Ctrl Pts',(1.78675514140261,-0.359489487926787,3.87998847962715));
#4244=CARTESIAN_POINT('Ctrl Pts',(1.2735764278765,1.30373682528946,3.95921947040354));
#4245=CARTESIAN_POINT('Ctrl Pts',(-0.401203473393766,1.77785331233915,4.03845046117995));
#4246=CARTESIAN_POINT('Ctrl Pts',(-1.42854039760108,0.877222395272216,4.10064006318252));
#4247=CARTESIAN_POINT('Ctrl Pts',(-1.54249734773693,0.183180017002464,4.1364193349263));
#4248=CARTESIAN_POINT('Ctrl Pts',(-1.54132648657962,0.00107107433010139,
4.14578827641127));
#4249=CARTESIAN_POINT('Ctrl Pts',(-1.54049363421398,8.42784132316227E-5,
3.60421172358873));
#4250=CARTESIAN_POINT('Ctrl Pts',(-1.54036539619325,-0.26211883566387,3.61768300763064));
#4251=CARTESIAN_POINT('Ctrl Pts',(-1.35247514975245,-1.03854122306281,3.65756462193134));
#4252=CARTESIAN_POINT('Ctrl Pts',(-0.122556456798565,-1.81843524790967,
3.72385656649085));
#4253=CARTESIAN_POINT('Ctrl Pts',(1.45920225138128,-1.09199616551851,3.80308755726725));
#4254=CARTESIAN_POINT('Ctrl Pts',(1.71005452060509,0.630428721190145,3.88231854804365));
#4255=CARTESIAN_POINT('Ctrl Pts',(0.401203485996401,1.77785336818526,3.96154953882006));
#4256=CARTESIAN_POINT('Ctrl Pts',(-1.16225141409492,1.33525207811143,4.03551393066841));
#4257=CARTESIAN_POINT('Ctrl Pts',(-1.53977342929364,0.408152388758024,4.08306799225797));
#4258=CARTESIAN_POINT('Ctrl Pts',(-1.54351477738134,-0.00134908227998554,
4.10421172358873));
#4259=CARTESIAN_POINT('Origin',(0.,0.,-1.10421172358872));
#4260=CARTESIAN_POINT('',(-1.54382138423613,0.00129195537627257,3.10421172358873));
#4261=CARTESIAN_POINT('',(-1.54248693912593,-0.00137956414578792,3.14578827641127));
#4262=CARTESIAN_POINT('',(-1.543,-1.37801782164163E-13,-1.10421172358872));
#4263=CARTESIAN_POINT('Ctrl Pts',(-1.54248693912593,-0.00137956414578786,
3.14578827641127));
#4264=CARTESIAN_POINT('Ctrl Pts',(-1.5436835547461,-0.137967780347355,3.15282870515403));
#4265=CARTESIAN_POINT('Ctrl Pts',(-1.46458489475328,-0.785568342841974,
3.18627946415558));
#4266=CARTESIAN_POINT('Ctrl Pts',(-0.555523357278566,-1.73583421638602,
3.24614055341594));
#4267=CARTESIAN_POINT('Ctrl Pts',(1.15437377223421,-1.4103715188688,3.32537154419233));
#4268=CARTESIAN_POINT('Ctrl Pts',(1.81139184747321,0.201460175136642,3.40460253496874));
#4269=CARTESIAN_POINT('Ctrl Pts',(0.816279060802905,1.62954445234036,3.48383352574513));
#4270=CARTESIAN_POINT('Ctrl Pts',(-0.923343993021394,1.57135689701921,3.56306451652155));
#4271=CARTESIAN_POINT('Ctrl Pts',(-1.53483916799634,0.555183235492829,3.61704943341025));
#4272=CARTESIAN_POINT('Ctrl Pts',(-1.54545329402296,0.0228870836234399,
3.64462402004016));
#4273=CARTESIAN_POINT('Ctrl Pts',(-1.54537349375686,0.000409181509451405,
3.64578827641127));
#4274=CARTESIAN_POINT('Ctrl Pts',(-1.54382138423613,0.00129195537627255,
3.10421172358873));
#4275=CARTESIAN_POINT('Ctrl Pts',(-1.54006282998218,-0.418302527230944,
3.1258876927445));
#4276=CARTESIAN_POINT('Ctrl Pts',(-1.14653961511232,-1.35534365160156,3.17397399215907));
#4277=CARTESIAN_POINT('Ctrl Pts',(0.436792771005665,-1.76944593337589,3.24847062183244));
#4278=CARTESIAN_POINT('Ctrl Pts',(1.72235893448371,-0.595992060976851,3.32770161260884));
#4279=CARTESIAN_POINT('Ctrl Pts',(1.43699920751175,1.12105312699887,3.40693260338524));
#4280=CARTESIAN_POINT('Ctrl Pts',(-0.159016048014771,1.81561029200021,3.48616359416165));
#4281=CARTESIAN_POINT('Ctrl Pts',(-1.36329270005814,1.01765511452756,3.55192330089614));
#4282=CARTESIAN_POINT('Ctrl Pts',(-1.54061680567051,0.251927992843359,3.59127267737184));
#4283=CARTESIAN_POINT('Ctrl Pts',(-1.54049363421398,8.42784132316227E-5,
3.60421172358873));
#4284=CARTESIAN_POINT('Origin',(0.,0.,-1.10421172358872));
#4285=CARTESIAN_POINT('',(-1.54450275792888,-0.00107076031146999,2.60421172358873));
#4286=CARTESIAN_POINT('',(-1.54073432907241,0.000624256906547377,2.64578827641127));
#4287=CARTESIAN_POINT('',(-1.543,-1.37801782164163E-13,-1.10421172358872));
#4288=CARTESIAN_POINT('Ctrl Pts',(-1.54073432907241,0.000624256906547292,
2.64578827641127));
#4289=CARTESIAN_POINT('Ctrl Pts',(-1.53964972898231,-0.295988580396701,
2.66103339026789));
#4290=CARTESIAN_POINT('Ctrl Pts',(-1.31428571095861,-1.10797249213138,2.70268883438331));
#4291=CARTESIAN_POINT('Ctrl Pts',(-0.000771089247258389,-1.82256029603432,
2.77075460875752));
#4292=CARTESIAN_POINT('Ctrl Pts',(1.52891010603876,-0.992048645435696,2.84998559953394));
#4293=CARTESIAN_POINT('Ctrl Pts',(1.66410585368671,0.743288863756249,2.92921659031032));
#4294=CARTESIAN_POINT('Ctrl Pts',(0.281507071015374,1.80068886713584,3.00844758108674));
#4295=CARTESIAN_POINT('Ctrl Pts',(-1.21217581297738,1.26770002568773,3.08063814312038));
#4296=CARTESIAN_POINT('Ctrl Pts',(-1.5391947636687,0.374407251223956,3.12641837489523));
#4297=CARTESIAN_POINT('Ctrl Pts',(-1.54248693912593,-0.00137956414578786,
3.14578827641127));
#4298=CARTESIAN_POINT('Ctrl Pts',(-1.54450275792888,-0.00107076031147005,
2.60421172358873));
#4299=CARTESIAN_POINT('Ctrl Pts',(-1.54503429564067,-0.0681708593792729,
2.60768204759956));
#4300=CARTESIAN_POINT('Ctrl Pts',(-1.51062919260395,-0.645376565962362,
2.6375627018692));
#4301=CARTESIAN_POINT('Ctrl Pts',(-0.78342033232215,-1.64559394105992,2.69385368639764));
#4302=CARTESIAN_POINT('Ctrl Pts',(0.954685153029445,-1.55251508673091,2.77308467717404));
#4303=CARTESIAN_POINT('Ctrl Pts',(1.82204320351248,-0.0434211984701149,
2.85231566795044));
#4304=CARTESIAN_POINT('Ctrl Pts',(1.02755552334763,1.50527621464697,2.93154665872684));
#4305=CARTESIAN_POINT('Ctrl Pts',(-0.704143061689534,1.68104413523785,3.01077764950324));
#4306=CARTESIAN_POINT('Ctrl Pts',(-1.49555292877779,0.694945900588031,3.06833267112387));
#4307=CARTESIAN_POINT('Ctrl Pts',(-1.5446423096091,0.0929377675300679,3.0994773624857));
#4308=CARTESIAN_POINT('Ctrl Pts',(-1.54382138423613,0.00129195537627255,
3.10421172358873));
#4309=CARTESIAN_POINT('Origin',(0.,0.,-1.10421172358872));
#4310=CARTESIAN_POINT('',(-1.54062804407565,-0.000475492039971465,2.10421172358873));
#4311=CARTESIAN_POINT('',(-1.54474670982544,0.000949923347126862,2.14578827641127));
#4312=CARTESIAN_POINT('',(-1.543,-1.37801782164163E-13,-1.10421172358872));
#4313=CARTESIAN_POINT('Ctrl Pts',(-1.54474670982544,0.00094992334712685,
2.14578827641127));
#4314=CARTESIAN_POINT('Ctrl Pts',(-1.5414639739839,-0.452273680624978,2.16923807538176));
#4315=CARTESIAN_POINT('Ctrl Pts',(-1.09168535670521,-1.42160946894136,2.21909820461104));
#4316=CARTESIAN_POINT('Ctrl Pts',(0.554054364354993,-1.73630365680512,2.29536866409912));
#4317=CARTESIAN_POINT('Ctrl Pts',(1.75833462782076,-0.479568518418632,2.37459965487552));
#4318=CARTESIAN_POINT('Ctrl Pts',(1.35887635827047,1.21457057027809,2.45383064565193));
#4319=CARTESIAN_POINT('Ctrl Pts',(-0.279983298754675,1.80092642261768,2.53306163642833));
#4320=CARTESIAN_POINT('Ctrl Pts',(-1.39727355448482,0.947929577633618,2.59704751334811));
#4321=CARTESIAN_POINT('Ctrl Pts',(-1.54152866848042,0.217857565053887,2.63462306000909));
#4322=CARTESIAN_POINT('Ctrl Pts',(-1.54073432907241,0.000624256906547292,
2.64578827641127));
#4323=CARTESIAN_POINT('Ctrl Pts',(-1.54062804407565,-0.000475492039971343,
2.10421172358873));
#4324=CARTESIAN_POINT('Ctrl Pts',(-1.54125819229936,-0.227666662924256,
2.11588673271343));
#4325=CARTESIAN_POINT('Ctrl Pts',(-1.3878293859993,-0.967982993168969,2.15397207209693));
#4326=CARTESIAN_POINT('Ctrl Pts',(-0.245322207637515,-1.80597448781106,
2.21846774173923));
#4327=CARTESIAN_POINT('Ctrl Pts',(1.3819665227433,-1.18823203371011,2.29769873251563));
#4328=CARTESIAN_POINT('Ctrl Pts',(1.74879383189444,0.513270853856814,2.37692972329203));
#4329=CARTESIAN_POINT('Ctrl Pts',(0.52058455922785,1.7466306285743,2.45616071406843));
#4330=CARTESIAN_POINT('Ctrl Pts',(-1.10784594493234,1.40268188814317,2.531921380834));
#4331=CARTESIAN_POINT('Ctrl Pts',(-1.54098911528588,0.442483411301402,2.58127171734076));
#4332=CARTESIAN_POINT('Ctrl Pts',(-1.54450275792888,-0.00107076031147005,
2.60421172358873));
#4333=CARTESIAN_POINT('Origin',(0.,0.,-1.10421172358872));
#4334=CARTESIAN_POINT('',(-1.54277754133733,0.0013958356605849,1.60421172358873));
#4335=CARTESIAN_POINT('',(-1.54352778134848,-0.00134711886308713,1.64578827641127));
#4336=CARTESIAN_POINT('',(-1.543,-1.37801782164163E-13,-1.10421172358872));
#4337=CARTESIAN_POINT('Ctrl Pts',(-1.54352778134848,-0.0013471188630872,
1.64578827641127));
#4338=CARTESIAN_POINT('Ctrl Pts',(-1.54445523492103,-0.102911116268352,
1.65103243023682));
#4339=CARTESIAN_POINT('Ctrl Pts',(-1.48909799353685,-0.714960379600215,
1.68268691432117));
#4340=CARTESIAN_POINT('Ctrl Pts',(-0.671707454276182,-1.69426554000878,
1.74075172866432));
#4341=CARTESIAN_POINT('Ctrl Pts',(1.05629344783668,-1.48525108343682,1.81998271944072));
#4342=CARTESIAN_POINT('Ctrl Pts',(1.82087221295125,0.0784283834570978,1.89921371021712));
#4343=CARTESIAN_POINT('Ctrl Pts',(0.924673282347985,1.570575037291,1.97844470099352));
#4344=CARTESIAN_POINT('Ctrl Pts',(-0.814899912716577,1.63023457200339,2.05767569176992));
#4345=CARTESIAN_POINT('Ctrl Pts',(-1.51634214059185,0.625410013659839,2.11345688357584));
#4346=CARTESIAN_POINT('Ctrl Pts',(-1.54516115440905,0.0581692906369025,
2.14282774512296));
#4347=CARTESIAN_POINT('Ctrl Pts',(-1.54474670982544,0.00094992334712685,
2.14578827641127));
#4348=CARTESIAN_POINT('Ctrl Pts',(-1.54277754133733,0.0013958356605849,
1.60421172358873));
#4349=CARTESIAN_POINT('Ctrl Pts',(-1.53930392616834,-0.384096194972639,
1.62409141782729));
#4350=CARTESIAN_POINT('Ctrl Pts',(-1.19820832200447,-1.28720055988077,1.67038144232466));
#4351=CARTESIAN_POINT('Ctrl Pts',(0.316059920117316,-1.79494650957173,1.74308179708083));
#4352=CARTESIAN_POINT('Ctrl Pts',(1.67808278067351,-0.711171581231674,1.82231278785722));
#4353=CARTESIAN_POINT('Ctrl Pts',(1.50956305856862,1.02124737702937,1.90154377863363));
#4354=CARTESIAN_POINT('Ctrl Pts',(-0.0357960909426655,1.8222089554566,1.98077476941003));
#4355=CARTESIAN_POINT('Ctrl Pts',(-1.32560238477145,1.08805068544906,2.04833075106173));
#4356=CARTESIAN_POINT('Ctrl Pts',(-1.5398327182357,0.286268169233014,2.08947640245463));
#4357=CARTESIAN_POINT('Ctrl Pts',(-1.54062804407565,-0.000475492039971343,
2.10421172358873));
#4358=CARTESIAN_POINT('Origin',(0.,0.,-1.10421172358872));
#4359=CARTESIAN_POINT('',(-1.54524020318535,-0.000577775819080584,1.10421172358873));
#4360=CARTESIAN_POINT('',(-1.54049290585979,7.72090248054566E-5,1.14578827641127));
#4361=CARTESIAN_POINT('',(-1.543,-1.37801782164163E-13,-1.10421172358872));
#4362=CARTESIAN_POINT('Ctrl Pts',(-1.54049290585979,7.72090248055482E-5,
1.14578827641127));
#4363=CARTESIAN_POINT('Ctrl Pts',(-1.54037566983226,-0.261689336028891,
1.15923711535068));
#4364=CARTESIAN_POINT('Ctrl Pts',(-1.35293718901297,-1.03766087881165,1.1990962845489));
#4365=CARTESIAN_POINT('Ctrl Pts',(-0.124095100023085,-1.81833079357727,
1.26536578400591));
#4366=CARTESIAN_POINT('Ctrl Pts',(1.45827768105516,-1.093230482371,1.34459677478231));
#4367=CARTESIAN_POINT('Ctrl Pts',(1.71058729756165,0.628981507590021,1.42382776555871));
#4368=CARTESIAN_POINT('Ctrl Pts',(0.402707679179221,1.7775131870245,1.50305875633511));
#4369=CARTESIAN_POINT('Ctrl Pts',(-1.16159568110733,1.33610110239154,1.57704559328597));
#4370=CARTESIAN_POINT('Ctrl Pts',(-1.5397844422697,0.408580118182055,1.62462209997802));
#4371=CARTESIAN_POINT('Ctrl Pts',(-1.54352778134848,-0.0013471188630872,
1.64578827641127));
#4372=CARTESIAN_POINT('Ctrl Pts',(-1.54524020318535,-0.000577775819080532,
1.10421172358873));
#4373=CARTESIAN_POINT('Ctrl Pts',(-1.54539577527242,-0.0329055220780899,
1.10588577268236));
#4374=CARTESIAN_POINT('Ctrl Pts',(-1.52984450201901,-0.575093600718613,
1.13397015203479));
#4375=CARTESIAN_POINT('Ctrl Pts',(-0.892975723154803,-1.5888109069604,1.18846486164602));
#4376=CARTESIAN_POINT('Ctrl Pts',(0.847444114057265,-1.61355682168832,1.26769585242242));
#4377=CARTESIAN_POINT('Ctrl Pts',(1.81492899992156,-0.166612390819294,1.34692684319882));
#4378=CARTESIAN_POINT('Ctrl Pts',(1.1270567177721,1.43229530218542,1.42615783397522));
#4379=CARTESIAN_POINT('Ctrl Pts',(-0.588779253856241,1.72483792902917,1.50538882475162));
#4380=CARTESIAN_POINT('Ctrl Pts',(-1.47182631595285,0.765517553952659,1.56474012128946));
#4381=CARTESIAN_POINT('Ctrl Pts',(-1.54391865125939,0.128033001733451,1.59768108756849));
#4382=CARTESIAN_POINT('Ctrl Pts',(-1.54277754133733,0.0013958356605849,
1.60421172358873));
#4383=CARTESIAN_POINT('Origin',(0.,0.,-1.10421172358872));
#4384=CARTESIAN_POINT('',(-1.5411238125833,-0.000954730365663736,0.604211723588728));
#4385=CARTESIAN_POINT('',(-1.54380873431256,0.00129719078114596,0.645788276411273));
#4386=CARTESIAN_POINT('',(-1.543,-1.37801782164163E-13,-1.10421172358872));
#4387=CARTESIAN_POINT('Ctrl Pts',(-1.54380873431256,0.00129719078114585,
0.645788276411272));
#4388=CARTESIAN_POINT('Ctrl Pts',(-1.5400495927493,-0.417871767589172,0.667441800464549));
#4389=CARTESIAN_POINT('Ctrl Pts',(-1.14720880794222,-1.35450168888918,0.715505654776626));
#4390=CARTESIAN_POINT('Ctrl Pts',(0.435295214197992,-1.76981278210004,0.789979839347502));
#4391=CARTESIAN_POINT('Ctrl Pts',(1.72185403888185,-0.597450304512222,0.869210830123904));
#4392=CARTESIAN_POINT('Ctrl Pts',(1.43794719651864,1.1198373293338,0.948441820900303));
#4393=CARTESIAN_POINT('Ctrl Pts',(-0.157479666594371,1.81574383770489,1.02767281167671));
#4394=CARTESIAN_POINT('Ctrl Pts',(-1.36284234973957,1.01853635256046,1.09345496351369));
#4395=CARTESIAN_POINT('Ctrl Pts',(-1.54060589358757,0.252358080013374,1.13282678509188));
#4396=CARTESIAN_POINT('Ctrl Pts',(-1.54049290585979,7.72090248055482E-5,
1.14578827641127));
#4397=CARTESIAN_POINT('Ctrl Pts',(-1.5411238125833,-0.000954730365663632,
0.604211723588727));
#4398=CARTESIAN_POINT('Ctrl Pts',(-1.5422228090813,-0.193039621967255,0.614090457796221));
#4399=CARTESIAN_POINT('Ctrl Pts',(-1.41998955210453,-0.897309682363062,
0.650379522262516));
#4400=CARTESIAN_POINT('Ctrl Pts',(-0.366956319775015,-1.78522296171853,
0.71307891698761));
#4401=CARTESIAN_POINT('Ctrl Pts',(1.29839216815862,-1.27902751834829,0.792309907764011));
#4402=CARTESIAN_POINT('Ctrl Pts',(1.77951868659742,0.393763556326795,0.871540898540413));
#4403=CARTESIAN_POINT('Ctrl Pts',(0.637578254097047,1.70739960086569,0.950771889316812));
#4404=CARTESIAN_POINT('Ctrl Pts',(-1.04946526411355,1.46890789328474,1.02832883099959));
#4405=CARTESIAN_POINT('Ctrl Pts',(-1.54294142060962,0.477107271735563,1.07947544242356));
#4406=CARTESIAN_POINT('Ctrl Pts',(-1.54524020318535,-0.000577775819080532,
1.10421172358873));
#4407=CARTESIAN_POINT('Origin',(0.,0.,-1.10421172358872));
#4408=CARTESIAN_POINT('',(-1.54144363618942,0.0018903095840804,0.104211723588727));
#4409=CARTESIAN_POINT('',(-1.54451738183671,-0.00101752610317811,0.145788276411273));
#4410=CARTESIAN_POINT('',(-1.543,-1.37801782164163E-13,-1.10421172358872));
#4411=CARTESIAN_POINT('',(-0.398513841857237,1.49064942821851,0.));
#4412=CARTESIAN_POINT('Ctrl Pts',(-0.398513841857237,1.49064942821851,0.));
#4413=CARTESIAN_POINT('Ctrl Pts',(-0.893233552530774,1.35838985812051,0.0264103302588004));
#4414=CARTESIAN_POINT('Ctrl Pts',(-1.44498081463877,0.836672623480788,0.0611475714550428));
#4415=CARTESIAN_POINT('Ctrl Pts',(-1.54265348243708,0.163670355732611,0.0958848126512853));
#4416=CARTESIAN_POINT('Ctrl Pts',(-1.54144363618942,0.00189030958408033,
0.104211723588727));
#4417=CARTESIAN_POINT('',(0.399389229505303,1.49327521282735,-2.42543840959103E-16));
#4418=CARTESIAN_POINT('Origin',(0.,0.,0.));
#4419=CARTESIAN_POINT('Ctrl Pts',(0.39939003119653,1.49327761755455,-1.09097843606354E-16));
#4420=CARTESIAN_POINT('Ctrl Pts',(-0.078999781126413,1.62016005970236,0.0256336407866307));
#4421=CARTESIAN_POINT('Ctrl Pts',(-1.11392378460115,1.3878325280768,0.0742297329237216));
#4422=CARTESIAN_POINT('Ctrl Pts',(-1.54100343940698,0.442844810066817,0.122825825060813));
#4423=CARTESIAN_POINT('Ctrl Pts',(-1.54451738183671,-0.00101752610317794,
0.145788276411273));
#4424=CARTESIAN_POINT('Origin',(-0.72168784724102,-2.4000000372529,0.1));
#4425=CARTESIAN_POINT('',(1.11658077523893,-2.4000000372529,0.));
#4426=CARTESIAN_POINT('',(1.04337569448204,-2.5000000372529,0.1));
#4427=CARTESIAN_POINT('Origin',(1.21658077523892,-2.4000000372529,0.1));
#4428=CARTESIAN_POINT('',(-1.04337569448204,-2.5000000372529,0.1));
#4429=CARTESIAN_POINT('',(-0.72168784724102,-2.5000000372529,0.1));
#4430=CARTESIAN_POINT('',(-1.11658077523893,-2.4000000372529,0.));
#4431=CARTESIAN_POINT('Origin',(-1.21658077523893,-2.4000000372529,0.1));
#4432=CARTESIAN_POINT('',(-0.72168784724102,-2.4000000372529,0.));
#4433=CARTESIAN_POINT('Origin',(-1.44337569448204,-2.5000000372529,0.));
#4434=CARTESIAN_POINT('',(1.38564066756307,-2.5000000372529,0.442264973081037));
#4435=CARTESIAN_POINT('',(0.516131235483468,-2.5000000372529,-0.427244458998569));
#4436=CARTESIAN_POINT('',(1.38564066756307,-2.5000000372529,24.557735026919));
#4437=CARTESIAN_POINT('',(1.38564066756307,-2.5000000372529,0.));
#4438=CARTESIAN_POINT('',(1.04337569448203,-2.5000000372529,24.9));
#4439=CARTESIAN_POINT('',(6.75514103842809,-2.50000003725291,19.188234656054));
#4440=CARTESIAN_POINT('',(-1.04337569448203,-2.5000000372529,24.9));
#4441=CARTESIAN_POINT('',(-0.72168784724102,-2.5000000372529,24.9));
#4442=CARTESIAN_POINT('',(-1.38564066756308,-2.5000000372529,24.557735026919));
#4443=CARTESIAN_POINT('',(-7.47682888566912,-2.5000000372529,18.4665468088129));
#4444=CARTESIAN_POINT('',(-1.38564066756308,-2.5000000372529,0.442264973081037));
#4445=CARTESIAN_POINT('',(-1.38564066756308,-2.5000000372529,0.));
#4446=CARTESIAN_POINT('',(-1.23781908272449,-2.5000000372529,0.29444338824245));
#4447=CARTESIAN_POINT('Origin',(1.378930405076,-2.38837752169316,0.24221884237584));
#4448=CARTESIAN_POINT('',(1.52017061372515,-2.16698733536069,0.));
#4449=CARTESIAN_POINT('',(1.31837569448204,-2.28349368630679,0.));
#4450=CARTESIAN_POINT('',(1.64337569448204,-2.15358987573913,0.1));
#4451=CARTESIAN_POINT('Origin',(1.47017061372515,-2.25358987573913,0.1));
#4452=CARTESIAN_POINT('',(1.47224320794152,-2.4500000372529,0.442264973081037));
#4453=CARTESIAN_POINT('',(1.54615400036081,-2.32198278955501,0.29444338824245));
#4454=CARTESIAN_POINT('Origin',(1.38564066756307,-2.4000000372529,0.269059892324149));
#4455=CARTESIAN_POINT('Origin',(1.7176170777241,-1.82500002793968,0.1));
#4456=CARTESIAN_POINT('',(2.63675138896408,-0.23301270189222,0.));
#4457=CARTESIAN_POINT('',(2.68675138896408,-0.346410161513776,0.1));
#4458=CARTESIAN_POINT('Origin',(2.68675138896408,-0.146410161513776,0.1));
#4459=CARTESIAN_POINT('',(1.80421961810255,-1.87500002793968,0.1));
#4460=CARTESIAN_POINT('',(1.7176170777241,-1.82500002793968,0.));
#4461=CARTESIAN_POINT('Origin',(1.44337569448204,-2.5000000372529,0.));
#4462=CARTESIAN_POINT('',(2.85788387550459,-0.0500000000000014,0.442264973081036));
#4463=CARTESIAN_POINT('',(2.42312915946479,-0.80301725701112,-0.427244458998569));
#4464=CARTESIAN_POINT('',(2.85788387550459,-0.0500000000000017,24.557735026919));
#4465=CARTESIAN_POINT('',(2.85788387550459,-0.0500000000000013,0.));
#4466=CARTESIAN_POINT('',(2.68675138896407,-0.34641016151378,24.9));
#4467=CARTESIAN_POINT('',(5.54263406093711,4.60012372679907,19.188234656054));
#4468=CARTESIAN_POINT('',(1.64337569448204,-2.15358987573913,24.9));
#4469=CARTESIAN_POINT('',(1.80421961810255,-1.87500002793968,24.9));
#4470=CARTESIAN_POINT('',(1.47224320794152,-2.4500000372529,24.557735026919));
#4471=CARTESIAN_POINT('',(-1.57335090111151,-7.7251237733652,18.4665468088129));
#4472=CARTESIAN_POINT('',(1.47224320794152,-2.4500000372529,0.));
#4473=CARTESIAN_POINT('Origin',(2.43930492496512,0.575000009313224,0.1));
#4474=CARTESIAN_POINT('',(1.52017061372515,2.16698733536068,6.93889390390723E-17));
#4475=CARTESIAN_POINT('',(1.64337569448204,2.15358987573913,0.1));
#4476=CARTESIAN_POINT('Origin',(1.47017061372515,2.25358987573913,0.1));
#4477=CARTESIAN_POINT('',(2.68675138896408,0.346410161513774,0.1));
#4478=CARTESIAN_POINT('',(2.52590746534357,0.625000009313224,0.1));
#4479=CARTESIAN_POINT('',(2.63675138896408,0.233012701892218,0.));
#4480=CARTESIAN_POINT('Origin',(2.68675138896408,0.146410161513774,0.1));
#4481=CARTESIAN_POINT('',(2.43930492496512,0.575000009313224,0.));
#4482=CARTESIAN_POINT('Origin',(1.378930405076,2.38837752169316,0.24221884237584));
#4483=CARTESIAN_POINT('',(1.11658077523893,2.4000000372529,6.93889390390723E-17));
#4484=CARTESIAN_POINT('',(1.31837569448204,2.28349368630679,6.93889390390723E-17));
#4485=CARTESIAN_POINT('',(1.04337569448204,2.5000000372529,0.1));
#4486=CARTESIAN_POINT('Origin',(1.21658077523893,2.4000000372529,0.1));
#4487=CARTESIAN_POINT('',(1.38564066756308,2.5000000372529,0.442264973081037));
#4488=CARTESIAN_POINT('',(1.23781908272449,2.5000000372529,0.29444338824245));
#4489=CARTESIAN_POINT('',(1.47224320794152,2.4500000372529,0.442264973081036));
#4490=CARTESIAN_POINT('Origin',(1.38564066756308,2.4000000372529,0.269059892324149));
#4491=CARTESIAN_POINT('',(1.90699792398132,1.69698278024178,-0.427244458998569));
#4492=CARTESIAN_POINT('Origin',(0.,-5.55111512312578E-16,0.));
#4493=CARTESIAN_POINT('',(-1.52017061372515,-2.16698733536068,0.));
#4494=CARTESIAN_POINT('',(-1.31837569448204,-2.28349368630679,0.));
#4495=CARTESIAN_POINT('',(-2.63675138896408,-0.233012701892218,0.));
#4496=CARTESIAN_POINT('',(-2.43930492496512,-0.575000009313225,0.));
#4497=CARTESIAN_POINT('',(-2.63675138896408,0.23301270189222,0.));
#4498=CARTESIAN_POINT('',(-2.63675138896408,1.20474178779912E-15,0.));
#4499=CARTESIAN_POINT('',(-1.52017061372515,2.16698733536068,0.));
#4500=CARTESIAN_POINT('',(-1.7176170777241,1.82500002793968,0.));
#4501=CARTESIAN_POINT('',(-1.11658077523893,2.4000000372529,0.));
#4502=CARTESIAN_POINT('',(-1.31837569448203,2.28349368630679,0.));
#4503=CARTESIAN_POINT('',(0.721687847241021,2.4000000372529,0.));
#4504=CARTESIAN_POINT('',(2.63675138896408,-2.08276221497591E-15,0.));
#4505=CARTESIAN_POINT('Ctrl Pts',(-0.398513841857237,1.49064942821851,0.));
#4506=CARTESIAN_POINT('Ctrl Pts',(-0.456458873827507,1.46947655203181,-8.90396127088689E-18));
#4507=CARTESIAN_POINT('Ctrl Pts',(-0.51281107905148,1.444626483243,1.60695321206482E-16));
#4508=CARTESIAN_POINT('Ctrl Pts',(-0.56736824964882,1.4164075601512,1.38777878078145E-16));
#4509=CARTESIAN_POINT('Ctrl Pts',(-0.621143191691624,1.38859323369041,1.17174682365311E-16));
#4510=CARTESIAN_POINT('Ctrl Pts',(-0.673174852498214,1.35750485577969,9.75203051419949E-17));
#4511=CARTESIAN_POINT('Ctrl Pts',(-0.723237426574214,1.32339283140721,1.11022302462516E-16));
#4512=CARTESIAN_POINT('Ctrl Pts',(-0.761421555922782,1.29737463368125,1.2132065450826E-16));
#4513=CARTESIAN_POINT('Ctrl Pts',(-0.798459592242186,1.26959641161223,-8.51664335380385E-17));
#4514=CARTESIAN_POINT('Ctrl Pts',(-0.834234990143366,1.24015710596772,-1.00613961606655E-16));
#4515=CARTESIAN_POINT('Ctrl Pts',(-0.853474890797499,1.22432473654191,-1.08921595422862E-16));
#4516=CARTESIAN_POINT('Ctrl Pts',(-0.872349341145346,1.20801178652237,1.03220913729518E-16));
#4517=CARTESIAN_POINT('Ctrl Pts',(-0.890838211710975,1.1912327986409,9.0205620750794E-17));
#4518=CARTESIAN_POINT('Ctrl Pts',(-0.898428737695454,1.18434425760994,8.48622484122868E-17));
#4519=CARTESIAN_POINT('Ctrl Pts',(-0.905953480187464,1.17737775271435,2.62815003057164E-17));
#4520=CARTESIAN_POINT('Ctrl Pts',(-0.913401897215217,1.17034326893198,3.46944695195361E-17));
#4521=CARTESIAN_POINT('Ctrl Pts',(-0.956450926934123,1.12968661661567,8.331824559981E-17));
#4522=CARTESIAN_POINT('Ctrl Pts',(-0.997038700573136,1.08668547182018,1.76757737873375E-16));
#4523=CARTESIAN_POINT('Ctrl Pts',(-1.03495849449786,1.04158033548324,1.73472347597681E-16));
#4524=CARTESIAN_POINT('Ctrl Pts',(-1.07209460139012,0.997407385394847,1.70254856365973E-16));
#4525=CARTESIAN_POINT('Ctrl Pts',(-1.10667230725528,0.951215570302805,-4.77040212522198E-17));
#4526=CARTESIAN_POINT('Ctrl Pts',(-1.1384544586793,0.903207796375852,-2.77555756156289E-17));
#4527=CARTESIAN_POINT('Ctrl Pts',(-1.1620779840113,0.867523841304175,-1.29279887558629E-17));
#4528=CARTESIAN_POINT('Ctrl Pts',(-1.18415616641387,0.830836061931885,1.86636081252749E-16));
#4529=CARTESIAN_POINT('Ctrl Pts',(-1.20457355013959,0.793223733669249,1.94289029309402E-16));
#4530=CARTESIAN_POINT('Ctrl Pts',(-1.2149704450907,0.774070867118538,1.98186046580578E-16));
#4531=CARTESIAN_POINT('Ctrl Pts',(-1.22493642862229,0.754678228871528,2.24231340919319E-16));
#4532=CARTESIAN_POINT('Ctrl Pts',(-1.23445453738361,0.735056203021256,2.35922392732846E-16));
#4533=CARTESIAN_POINT('Ctrl Pts',(-1.23892160538314,0.725847133660968,2.41409273030885E-16));
#4534=CARTESIAN_POINT('Ctrl Pts',(-1.24328622021151,0.716595287788149,2.46692054479816E-17));
#4535=CARTESIAN_POINT('Ctrl Pts',(-1.24754580589196,0.707304851903197,2.77555756156289E-17));
#4536=CARTESIAN_POINT('Ctrl Pts',(-1.27076420843977,0.656663992344579,4.45789453844142E-17));
#4537=CARTESIAN_POINT('Ctrl Pts',(-1.29087970634974,0.604849163553511,6.63528784155861E-16));
#4538=CARTESIAN_POINT('Ctrl Pts',(-1.30767996595486,0.552050501833734,5.55111512312578E-16));
#4539=CARTESIAN_POINT('Ctrl Pts',(-1.31992022141394,0.513582697017735,4.7612135771197E-16));
#4540=CARTESIAN_POINT('Ctrl Pts',(-1.33039976543108,0.474592233937867,1.42214438553695E-16));
#4541=CARTESIAN_POINT('Ctrl Pts',(-1.33901912991173,0.435150167644515,1.52655665885959E-16));
#4542=CARTESIAN_POINT('Ctrl Pts',(-1.35083607398184,0.38107603115283,1.67592717837319E-16));
#4543=CARTESIAN_POINT('Ctrl Pts',(-1.35915800151644,0.32615202712176,3.95292394214974E-16));
#4544=CARTESIAN_POINT('Ctrl Pts',(-1.36404267266592,0.270697347006877,4.71844785465692E-16));
#4545=CARTESIAN_POINT('Ctrl Pts',(-1.36541640977958,0.255101588383925,4.93373944293811E-16));
#4546=CARTESIAN_POINT('Ctrl Pts',(-1.3665180142057,0.239463943534608,2.20994402055367E-16));
#4547=CARTESIAN_POINT('Ctrl Pts',(-1.36734815357967,0.223791766553125,2.22044604925031E-16));
#4548=CARTESIAN_POINT('Ctrl Pts',(-1.36796731631891,0.212102611293055,2.22827902893947E-16));
#4549=CARTESIAN_POINT('Ctrl Pts',(-1.36843535780854,0.200392755725102,6.53023758426997E-17));
#4550=CARTESIAN_POINT('Ctrl Pts',(-1.36875232072452,0.188686154244377,5.55111512312578E-17));
#4551=CARTESIAN_POINT('Ctrl Pts',(-1.37025916454604,0.133032892545042,8.96360397300554E-18));
#4552=CARTESIAN_POINT('Ctrl Pts',(-1.36836282591952,0.0773449980887912,
2.23937105566991E-17));
#4553=CARTESIAN_POINT('Ctrl Pts',(-1.36317299843931,0.0219405503039456,
4.16333634234434E-17));
#4554=CARTESIAN_POINT('Ctrl Pts',(-1.35798682260383,-0.0334249140347275,
6.08594789659854E-17));
#4555=CARTESIAN_POINT('Ctrl Pts',(-1.34951132307761,-0.0885084755516723,
1.80878136992319E-16));
#4556=CARTESIAN_POINT('Ctrl Pts',(-1.3378066758835,-0.142977434217532,2.08166817117217E-16));
#4557=CARTESIAN_POINT('Ctrl Pts',(-1.33073655371022,-0.175879083112452,
2.24650381229081E-16));
#4558=CARTESIAN_POINT('Ctrl Pts',(-1.32248729567575,-0.20855610866292,4.01016398039621E-17));
#4559=CARTESIAN_POINT('Ctrl Pts',(-1.31306451117383,-0.240929839982984,
1.38777878078145E-17));
#4560=CARTESIAN_POINT('Ctrl Pts',(-1.30811986432982,-0.257918095245322,
1.16708268730753E-19));
#4561=CARTESIAN_POINT('Ctrl Pts',(-1.30285197607429,-0.274822753673134,
2.054146012094E-16));
#4562=CARTESIAN_POINT('Ctrl Pts',(-1.2972610834404,-0.291631848214205,2.08166817117217E-16));
#4563=CARTESIAN_POINT('Ctrl Pts',(-1.29292888643138,-0.304656657285618,
2.10299417813526E-16));
#4564=CARTESIAN_POINT('Ctrl Pts',(-1.28840166214727,-0.317626590404107,
3.00246216513004E-17));
#4565=CARTESIAN_POINT('Ctrl Pts',(-1.28368793977685,-0.33051378829141,1.38777878078145E-17));
#4566=CARTESIAN_POINT('Ctrl Pts',(-1.26525824827937,-0.380900099292706,
-4.92530338679892E-17));
#4567=CARTESIAN_POINT('Ctrl Pts',(-1.24395813983542,-0.430096280719249,
-1.27434420631885E-17));
#4568=CARTESIAN_POINT('Ctrl Pts',(-1.21983395583423,-0.477788128676751,
2.77555756156289E-17));
#4569=CARTESIAN_POINT('Ctrl Pts',(-1.20329070815126,-0.510492988380199,
5.55279255672066E-17));
#4570=CARTESIAN_POINT('Ctrl Pts',(-1.18541855020609,-0.542489906324111,
-1.45346097326884E-16));
#4571=CARTESIAN_POINT('Ctrl Pts',(-1.16622262981111,-0.573667251371096,
-8.32667268468867E-17));
#4572=CARTESIAN_POINT('Ctrl Pts',(-1.15795150015545,-0.587100931960331,
-5.65179952614264E-17));
#4573=CARTESIAN_POINT('Ctrl Pts',(-1.14943248394143,-0.600385020776921,
-3.16761295090978E-18));
#4574=CARTESIAN_POINT('Ctrl Pts',(-1.14068023902723,-0.613489089557779,
0.));
#4575=CARTESIAN_POINT('Ctrl Pts',(-1.11222884268568,-0.656087195326715,
1.02971308968567E-17));
#4576=CARTESIAN_POINT('Ctrl Pts',(-1.08128822959811,-0.696832323329337,
1.75728572842929E-16));
#4577=CARTESIAN_POINT('Ctrl Pts',(-1.04788385877065,-0.735423408953713,
2.77555756156289E-16));
#4578=CARTESIAN_POINT('Ctrl Pts',(-1.02834260944467,-0.75799883867342,3.37123720707007E-16));
#4579=CARTESIAN_POINT('Ctrl Pts',(-1.00795762348551,-0.7798364328178,-1.73198863153194E-17));
#4580=CARTESIAN_POINT('Ctrl Pts',(-0.986729439028273,-0.80086891017623,
-1.11022302462516E-16));
#4581=CARTESIAN_POINT('Ctrl Pts',(-0.977937290977772,-0.809580001564034,
-1.21798562024738E-16));
#4582=CARTESIAN_POINT('Ctrl Pts',(-0.969000460686925,-0.818152912445134,
-7.9247218860708E-17));
#4583=CARTESIAN_POINT('Ctrl Pts',(-0.95992298551509,-0.826585972027761,
-8.32667268468867E-17));
#4584=CARTESIAN_POINT('Ctrl Pts',(0.958116152722389,-0.825211298936489,
0.));
#4585=CARTESIAN_POINT('Ctrl Pts',(0.994999168281873,-0.790767464154361,
-3.36165641789591E-18));
#4586=CARTESIAN_POINT('Ctrl Pts',(1.02950166680774,-0.754085230656457,2.2234547959059E-16));
#4587=CARTESIAN_POINT('Ctrl Pts',(1.06162261270956,-0.715484484346827,1.59594559789866E-16));
#4588=CARTESIAN_POINT('Ctrl Pts',(1.09518763253899,-0.675148349188355,9.40225223453739E-17));
#4589=CARTESIAN_POINT('Ctrl Pts',(1.12615276887977,-0.632716864737661,2.81463710265422E-17));
#4590=CARTESIAN_POINT('Ctrl Pts',(1.15448874004905,-0.588505292463414,9.0205620750794E-17));
#4591=CARTESIAN_POINT('Ctrl Pts',(1.17749541856537,-0.552608819251397,1.40593066405653E-16));
#4592=CARTESIAN_POINT('Ctrl Pts',(1.19876846273429,-0.515537714743217,-1.62823170848477E-16));
#4593=CARTESIAN_POINT('Ctrl Pts',(1.21827521989798,-0.477442013894808,-1.80411241501588E-16));
#4594=CARTESIAN_POINT('Ctrl Pts',(1.22732972417466,-0.459759029308456,-1.8857514386685E-16));
#4595=CARTESIAN_POINT('Ctrl Pts',(1.23600343907096,-0.441855086585451,1.0712663106858E-16));
#4596=CARTESIAN_POINT('Ctrl Pts',(1.24429182089848,-0.423744280648197,1.31838984174237E-16));
#4597=CARTESIAN_POINT('Ctrl Pts',(1.24867431451813,-0.414168166381455,1.44905675847692E-16));
#4598=CARTESIAN_POINT('Ctrl Pts',(1.25294591909681,-0.404540942872714,3.20305813177024E-16));
#4599=CARTESIAN_POINT('Ctrl Pts',(1.25710354895158,-0.394871762992822,2.98372437868011E-16));
#4600=CARTESIAN_POINT('Ctrl Pts',(1.2786359061902,-0.344795098486592,1.84779528181553E-16));
#4601=CARTESIAN_POINT('Ctrl Pts',(1.29713942982494,-0.293541040987194,1.04668409062688E-16));
#4602=CARTESIAN_POINT('Ctrl Pts',(1.31258568958631,-0.241440400887396,1.17961196366423E-16));
#4603=CARTESIAN_POINT('Ctrl Pts',(1.32829459525773,-0.188453849230668,1.31480012253945E-16));
#4604=CARTESIAN_POINT('Ctrl Pts',(1.34084197041549,-0.134590741560494,3.25680564563032E-17));
#4605=CARTESIAN_POINT('Ctrl Pts',(1.35015675610294,-0.0801652508620479,
0.));
#4606=CARTESIAN_POINT('Ctrl Pts',(1.35686990022834,-0.04094092778972,-2.34717216489206E-17));
#4607=CARTESIAN_POINT('Ctrl Pts',(1.36190318430039,-0.00142373617026413,
9.69976057966701E-17));
#4608=CARTESIAN_POINT('Ctrl Pts',(1.36521446732418,0.0382749802885,1.04083408558608E-16));
#4609=CARTESIAN_POINT('Ctrl Pts',(1.36630919972819,0.0513996425395469,1.06426022535173E-16));
#4610=CARTESIAN_POINT('Ctrl Pts',(1.36721560257002,0.0645441713283612,-8.3617018941706E-17));
#4611=CARTESIAN_POINT('Ctrl Pts',(1.367931807014,0.07770459868463,-9.0205620750794E-17));
#4612=CARTESIAN_POINT('Ctrl Pts',(1.36844609424837,0.0871547491900716,-9.49367192957548E-17));
#4613=CARTESIAN_POINT('Ctrl Pts',(1.36886203678295,0.0966092260473693,1.31839034802939E-16));
#4614=CARTESIAN_POINT('Ctrl Pts',(1.36917902213013,0.106058186280663,1.2490009027033E-16));
#4615=CARTESIAN_POINT('Ctrl Pts',(1.37108453905872,0.162859403882997,8.31875114684312E-17));
#4616=CARTESIAN_POINT('Ctrl Pts',(1.36942287268726,0.219548230770954,4.91910635340004E-17));
#4617=CARTESIAN_POINT('Ctrl Pts',(1.36413600729394,0.275792140893422,5.55111512312578E-17));
#4618=CARTESIAN_POINT('Ctrl Pts',(1.36041324951526,0.315396412675455,5.99614547450683E-17));
#4619=CARTESIAN_POINT('Ctrl Pts',(1.35489211970751,0.354780766343322,5.42579070921165E-17));
#4620=CARTESIAN_POINT('Ctrl Pts',(1.34753759232763,0.393833902051931,6.93889390390723E-17));
#4621=CARTESIAN_POINT('Ctrl Pts',(1.33736011689955,0.447877120403625,9.09436879875166E-17));
#4622=CARTESIAN_POINT('Ctrl Pts',(1.32367398452882,0.501286677090902,3.42008368163477E-17));
#4623=CARTESIAN_POINT('Ctrl Pts',(1.30670643466947,0.55385999758321,1.38777878078145E-17));
#4624=CARTESIAN_POINT('Ctrl Pts',(1.30197699677249,0.568513984538745,8.21305725096636E-18));
#4625=CARTESIAN_POINT('Ctrl Pts',(1.29699230724319,0.583102966676304,-2.40321902411738E-18));
#4626=CARTESIAN_POINT('Ctrl Pts',(1.29175659268364,0.597622436732004,0.));
#4627=CARTESIAN_POINT('Ctrl Pts',(1.28765776755238,0.608989131398047,1.88138112189874E-18));
#4628=CARTESIAN_POINT('Ctrl Pts',(1.28340427811388,0.620314911435747,1.74999668742318E-16));
#4629=CARTESIAN_POINT('Ctrl Pts',(1.2790064783139,0.631577128651675,1.66533453693773E-16));
#4630=CARTESIAN_POINT('Ctrl Pts',(1.25838732101703,0.684380220845185,1.26839464031942E-16));
#4631=CARTESIAN_POINT('Ctrl Pts',(1.23456549869593,0.735886683729132,2.17601372444129E-16));
#4632=CARTESIAN_POINT('Ctrl Pts',(1.20782837429307,0.785889468738395,1.94289029309402E-16));
#4633=CARTESIAN_POINT('Ctrl Pts',(1.18044904978318,0.837093272727887,1.70416746031877E-16));
#4634=CARTESIAN_POINT('Ctrl Pts',(1.15001234586038,0.886721195403773,1.46873116810058E-16));
#4635=CARTESIAN_POINT('Ctrl Pts',(1.11677129249809,0.934545200808199,2.08166817117217E-16));
#4636=CARTESIAN_POINT('Ctrl Pts',(1.09590803383194,0.964561235027373,2.46636907405162E-16));
#4637=CARTESIAN_POINT('Ctrl Pts',(1.07393897982393,0.993866500630977,1.55304445734719E-16));
#4638=CARTESIAN_POINT('Ctrl Pts',(1.05091695117837,1.02240101556423,1.80411241501588E-16));
#4639=CARTESIAN_POINT('Ctrl Pts',(1.0327469214838,1.04492174958119,2.00226664010318E-16));
#4640=CARTESIAN_POINT('Ctrl Pts',(1.01392083100691,1.06696233394408,-2.25645141275268E-16));
#4641=CARTESIAN_POINT('Ctrl Pts',(0.994461772475142,1.08849138147126,-2.63677968348475E-16));
#4642=CARTESIAN_POINT('Ctrl Pts',(0.9871300828443,1.09660299150929,-2.78007792344274E-16));
#4643=CARTESIAN_POINT('Ctrl Pts',(0.979715082598865,1.10463469310544,1.42660914695611E-16));
#4644=CARTESIAN_POINT('Ctrl Pts',(0.972218590131062,1.11258493683098,1.52655665885959E-16));
#4645=CARTESIAN_POINT('Ctrl Pts',(0.930750075933535,1.15656347695789,2.07943853450717E-16));
#4646=CARTESIAN_POINT('Ctrl Pts',(0.886790573084373,1.19805251170123,2.3003807782596E-16));
#4647=CARTESIAN_POINT('Ctrl Pts',(0.840598148396603,1.23680081055267,2.22044604925031E-16));
#4648=CARTESIAN_POINT('Ctrl Pts',(0.807556401381055,1.26451772510275,2.16326820869455E-16));
#4649=CARTESIAN_POINT('Ctrl Pts',(0.773371031520335,1.29083202123059,5.83740340258755E-18));
#4650=CARTESIAN_POINT('Ctrl Pts',(0.738122948380087,1.315642568024,2.77555756156289E-17));
#4651=CARTESIAN_POINT('Ctrl Pts',(0.726153552088692,1.32406762948323,3.51984566414446E-17));
#4652=CARTESIAN_POINT('Ctrl Pts',(0.714060238155028,1.3323198963877,7.30732158767479E-17));
#4653=CARTESIAN_POINT('Ctrl Pts',(0.701861634279775,1.34038525025048,8.32667268468867E-17));
#4654=CARTESIAN_POINT('Ctrl Pts',(0.651111634059916,1.37393964012127,1.2567491464165E-16));
#4655=CARTESIAN_POINT('Ctrl Pts',(0.598484536933478,1.40430337571679,1.20133151680421E-16));
#4656=CARTESIAN_POINT('Ctrl Pts',(0.544221248045725,1.43121327605306,5.55111512312578E-17));
#4657=CARTESIAN_POINT('Ctrl Pts',(0.510601129240324,1.44788594858897,1.54730448599747E-17));
#4658=CARTESIAN_POINT('Ctrl Pts',(0.476352092620999,1.46323222334247,1.50038595495068E-16));
#4659=CARTESIAN_POINT('Ctrl Pts',(0.441524720485562,1.47718196466523,1.38777878078145E-16));
#4660=CARTESIAN_POINT('Ctrl Pts',(0.427571077841706,1.48277095095553,1.34099156334172E-16));
#4661=CARTESIAN_POINT('Ctrl Pts',(0.413524549408159,1.48813568804044,2.15729790253801E-17));
#4662=CARTESIAN_POINT('Ctrl Pts',(0.399390031196527,1.49327761755455,2.77555756156289E-17));
#4663=CARTESIAN_POINT('Origin',(0.721687847241021,2.4000000372529,0.1));
#4664=CARTESIAN_POINT('',(-1.04337569448204,2.5000000372529,0.1));
#4665=CARTESIAN_POINT('Origin',(-1.21658077523892,2.4000000372529,0.1));
#4666=CARTESIAN_POINT('',(0.721687847241021,2.5000000372529,0.1));
#4667=CARTESIAN_POINT('Origin',(1.44337569448204,2.5000000372529,0.));
#4668=CARTESIAN_POINT('',(-1.38564066756307,2.5000000372529,0.442264973081036));
#4669=CARTESIAN_POINT('',(-0.516131235483467,2.5000000372529,-0.42724445899857));
#4670=CARTESIAN_POINT('',(-1.38564066756307,2.5000000372529,24.557735026919));
#4671=CARTESIAN_POINT('',(-1.38564066756307,2.5000000372529,0.));
#4672=CARTESIAN_POINT('',(-1.04337569448203,2.5000000372529,24.9));
#4673=CARTESIAN_POINT('',(-6.75514103842809,2.50000003725291,19.188234656054));
#4674=CARTESIAN_POINT('',(1.04337569448204,2.5000000372529,24.9));
#4675=CARTESIAN_POINT('',(0.721687847241021,2.5000000372529,24.9));
#4676=CARTESIAN_POINT('',(1.38564066756308,2.5000000372529,24.557735026919));
#4677=CARTESIAN_POINT('',(7.47682888566912,2.5000000372529,18.4665468088129));
#4678=CARTESIAN_POINT('',(1.38564066756308,2.5000000372529,0.));
#4679=CARTESIAN_POINT('Origin',(-1.37893040507599,2.38837752169316,0.24221884237584));
#4680=CARTESIAN_POINT('',(-1.64337569448204,2.15358987573913,0.1));
#4681=CARTESIAN_POINT('Origin',(-1.47017061372515,2.25358987573913,0.1));
#4682=CARTESIAN_POINT('',(-1.47224320794152,2.4500000372529,0.442264973081037));
#4683=CARTESIAN_POINT('',(-1.54615400036081,2.32198278955501,0.29444338824245));
#4684=CARTESIAN_POINT('Origin',(-1.38564066756307,2.4000000372529,0.269059892324149));
#4685=CARTESIAN_POINT('Origin',(-1.7176170777241,1.82500002793968,0.1));
#4686=CARTESIAN_POINT('',(-2.68675138896408,0.346410161513776,0.1));
#4687=CARTESIAN_POINT('Origin',(-2.68675138896408,0.146410161513777,0.1));
#4688=CARTESIAN_POINT('',(-1.80421961810255,1.87500002793968,0.1));
#4689=CARTESIAN_POINT('Origin',(-1.44337569448204,2.5000000372529,0.));
#4690=CARTESIAN_POINT('',(-2.85788387550459,0.0500000000000007,0.442264973081037));
#4691=CARTESIAN_POINT('',(-2.42312915946479,0.80301725701112,-0.427244458998569));
#4692=CARTESIAN_POINT('',(-2.85788387550459,0.0500000000000012,24.557735026919));
#4693=CARTESIAN_POINT('',(-2.85788387550459,0.0500000000000008,0.));
#4694=CARTESIAN_POINT('',(-2.68675138896407,0.34641016151378,24.9));
#4695=CARTESIAN_POINT('',(-5.5426340609371,-4.60012372679907,19.188234656054));
#4696=CARTESIAN_POINT('',(-1.64337569448204,2.15358987573913,24.9));
#4697=CARTESIAN_POINT('',(-1.80421961810255,1.87500002793968,24.9));
#4698=CARTESIAN_POINT('',(-1.47224320794152,2.4500000372529,24.557735026919));
#4699=CARTESIAN_POINT('',(1.5733509011115,7.7251237733652,18.4665468088129));
#4700=CARTESIAN_POINT('',(-1.47224320794152,2.4500000372529,0.));
#4701=CARTESIAN_POINT('Origin',(-2.43930492496512,-0.575000009313225,0.1));
#4702=CARTESIAN_POINT('',(-1.64337569448204,-2.15358987573913,0.1));
#4703=CARTESIAN_POINT('Origin',(-1.47017061372515,-2.25358987573913,0.1));
#4704=CARTESIAN_POINT('',(-2.68675138896408,-0.346410161513774,0.1));
#4705=CARTESIAN_POINT('',(-2.52590746534357,-0.625000009313225,0.1));
#4706=CARTESIAN_POINT('Origin',(-2.68675138896408,-0.146410161513775,0.1));
#4707=CARTESIAN_POINT('Origin',(-1.378930405076,-2.38837752169316,0.24221884237584));
#4708=CARTESIAN_POINT('',(-1.47224320794152,-2.4500000372529,0.442264973081036));
#4709=CARTESIAN_POINT('Origin',(-1.38564066756308,-2.4000000372529,0.269059892324149));
#4710=CARTESIAN_POINT('',(-1.90699792398132,-1.69698278024178,-0.427244458998569));
#4711=CARTESIAN_POINT('Origin',(-2.43930492496512,-0.575000009313225,24.9));
#4712=CARTESIAN_POINT('',(-1.64337569448204,-2.15358987573912,24.9));
#4713=CARTESIAN_POINT('',(-1.52017061372515,-2.16698733536068,25.));
#4714=CARTESIAN_POINT('Origin',(-1.47017061372515,-2.25358987573912,24.9));
#4715=CARTESIAN_POINT('',(-2.63675138896408,-0.233012701892218,25.));
#4716=CARTESIAN_POINT('',(-2.43930492496512,-0.575000009313225,25.));
#4717=CARTESIAN_POINT('',(-2.68675138896407,-0.346410161513776,24.9));
#4718=CARTESIAN_POINT('Origin',(-2.68675138896407,-0.146410161513777,24.9));
#4719=CARTESIAN_POINT('',(-2.52590746534357,-0.625000009313225,24.9));
#4720=CARTESIAN_POINT('Origin',(-2.7402764948634,7.761975497078E-15,24.7929497882014));
#4721=CARTESIAN_POINT('',(-2.63675138896408,0.23301270189222,25.));
#4722=CARTESIAN_POINT('',(-2.63675138896408,4.41531526213265E-15,25.));
#4723=CARTESIAN_POINT('Origin',(-2.68675138896407,0.146410161513779,24.9));
#4724=CARTESIAN_POINT('',(-2.85788387550459,-0.05,24.557735026919));
#4725=CARTESIAN_POINT('Origin',(-2.77128133512615,8.32667268468867E-16,
24.7309401076759));
#4726=CARTESIAN_POINT('',(-5.90347798455761,5.2251237361123,18.4665468088129));
#4727=CARTESIAN_POINT('Origin',(0.,-5.55111512312578E-16,25.));
#4728=CARTESIAN_POINT('',(-1.11658077523892,-2.4000000372529,25.));
#4729=CARTESIAN_POINT('',(-1.31837569448204,-2.28349368630679,25.));
#4730=CARTESIAN_POINT('',(1.11658077523892,-2.4000000372529,25.));
#4731=CARTESIAN_POINT('',(-0.72168784724102,-2.4000000372529,25.));
#4732=CARTESIAN_POINT('',(1.52017061372515,-2.16698733536068,25.));
#4733=CARTESIAN_POINT('',(1.31837569448203,-2.2834936863068,25.));
#4734=CARTESIAN_POINT('',(2.63675138896408,-0.233012701892222,25.));
#4735=CARTESIAN_POINT('',(1.7176170777241,-1.82500002793968,25.));
#4736=CARTESIAN_POINT('',(2.63675138896408,0.233012701892218,25.));
#4737=CARTESIAN_POINT('',(2.63675138896408,-5.29333568930945E-15,25.));
#4738=CARTESIAN_POINT('',(1.52017061372515,2.16698733536068,25.));
#4739=CARTESIAN_POINT('',(2.43930492496512,0.575000009313224,25.));
#4740=CARTESIAN_POINT('',(1.11658077523893,2.4000000372529,25.));
#4741=CARTESIAN_POINT('',(1.31837569448204,2.28349368630679,25.));
#4742=CARTESIAN_POINT('',(-1.11658077523892,2.4000000372529,25.));
#4743=CARTESIAN_POINT('',(0.721687847241021,2.4000000372529,25.));
#4744=CARTESIAN_POINT('',(-1.52017061372515,2.16698733536068,25.));
#4745=CARTESIAN_POINT('',(-1.31837569448203,2.2834936863068,25.));
#4746=CARTESIAN_POINT('',(-1.7176170777241,1.82500002793968,25.));
#4747=CARTESIAN_POINT('',(0.684664424539492,-0.958295198918375,25.));
#4748=CARTESIAN_POINT('Ctrl Pts',(0.635543989235642,1.32062327348138,25.));
#4749=CARTESIAN_POINT('Ctrl Pts',(0.675578089544358,1.29682726843031,25.));
#4750=CARTESIAN_POINT('Ctrl Pts',(0.71431877324147,1.27106535651721,25.));
#4751=CARTESIAN_POINT('Ctrl Pts',(0.751595456713593,1.24333166707421,25.));
#4752=CARTESIAN_POINT('Ctrl Pts',(0.797364328838855,1.20927982642087,25.));
#4753=CARTESIAN_POINT('Ctrl Pts',(0.840927538986906,1.17225552973979,25.));
#4754=CARTESIAN_POINT('Ctrl Pts',(0.882137747319593,1.13255958303969,25.));
#4755=CARTESIAN_POINT('Ctrl Pts',(0.900010523590836,1.11534353869169,25.));
#4756=CARTESIAN_POINT('Ctrl Pts',(0.917440188232106,1.09762464086869,25.));
#4757=CARTESIAN_POINT('Ctrl Pts',(0.934412174923708,1.07942623919335,25.));
#4758=CARTESIAN_POINT('Ctrl Pts',(0.942861337097408,1.07036653099,25.));
#4759=CARTESIAN_POINT('Ctrl Pts',(0.951190363406742,1.06119512389679,25.));
#4760=CARTESIAN_POINT('Ctrl Pts',(0.959396895363067,1.05191654783417,25.));
#4761=CARTESIAN_POINT('Ctrl Pts',(0.997508513736062,1.00882629340935,25.));
#4762=CARTESIAN_POINT('Ctrl Pts',(1.03299014657341,0.963417864296461,25.));
#4763=CARTESIAN_POINT('Ctrl Pts',(1.06569314230882,0.916004696744425,25.));
#4764=CARTESIAN_POINT('Ctrl Pts',(1.08749528611409,0.884395705764021,25.));
#4765=CARTESIAN_POINT('Ctrl Pts',(1.10806154483586,0.851895083776354,25.));
#4766=CARTESIAN_POINT('Ctrl Pts',(1.12733559798974,0.818591818066777,25.));
#4767=CARTESIAN_POINT('Ctrl Pts',(1.13414609551097,0.806824090399269,25.));
#4768=CARTESIAN_POINT('Ctrl Pts',(1.14079515829818,0.794956133127527,25.));
#4769=CARTESIAN_POINT('Ctrl Pts',(1.14727998562638,0.782991844760653,25.));
#4770=CARTESIAN_POINT('Ctrl Pts',(1.15287639216139,0.772666662883867,25.));
#4771=CARTESIAN_POINT('Ctrl Pts',(1.15835098839323,0.762268491882664,25.));
#4772=CARTESIAN_POINT('Ctrl Pts',(1.16369398925376,0.751816001370533,25.));
#4773=CARTESIAN_POINT('Ctrl Pts',(1.18929568136626,0.70173151684853,25.));
#4774=CARTESIAN_POINT('Ctrl Pts',(1.21192579523401,0.650318799501401,25.));
#4775=CARTESIAN_POINT('Ctrl Pts',(1.2314453536037,0.597869042734808,25.));
#4776=CARTESIAN_POINT('Ctrl Pts',(1.25048989697896,0.54669566837641,25.));
#4777=CARTESIAN_POINT('Ctrl Pts',(1.26657355415665,0.494534064878027,25.));
#4778=CARTESIAN_POINT('Ctrl Pts',(1.27951896369243,0.441649007029977,25.));
#4779=CARTESIAN_POINT('Ctrl Pts',(1.28736218549829,0.409607592057978,25.));
#4780=CARTESIAN_POINT('Ctrl Pts',(1.29405248365427,0.377300573947612,25.));
#4781=CARTESIAN_POINT('Ctrl Pts',(1.29954116729418,0.344788158767369,25.));
#4782=CARTESIAN_POINT('Ctrl Pts',(1.30222409199743,0.328895757679642,25.));
#4783=CARTESIAN_POINT('Ctrl Pts',(1.30461979925108,0.312954305880582,25.));
#4784=CARTESIAN_POINT('Ctrl Pts',(1.30672196199766,0.296971027744892,25.));
#4785=CARTESIAN_POINT('Ctrl Pts',(1.30807041034901,0.286718431895123,25.));
#4786=CARTESIAN_POINT('Ctrl Pts',(1.30929824920184,0.27644690495997,25.));
#4787=CARTESIAN_POINT('Ctrl Pts',(1.31040313862539,0.266163807766569,25.));
#4788=CARTESIAN_POINT('Ctrl Pts',(1.31605345881852,0.21357683346731,25.));
#4789=CARTESIAN_POINT('Ctrl Pts',(1.31847082366506,0.160898907165024,25.));
#4790=CARTESIAN_POINT('Ctrl Pts',(1.31750522379464,0.10837704636155,25.));
#4791=CARTESIAN_POINT('Ctrl Pts',(1.3171474241,0.0889152523691498,25.));
#4792=CARTESIAN_POINT('Ctrl Pts',(1.31632462315089,0.069474928636782,25.));
#4793=CARTESIAN_POINT('Ctrl Pts',(1.31502736988531,0.0500689353469072,25.));
#4794=CARTESIAN_POINT('Ctrl Pts',(1.31150470901496,-0.00262758508292267,
25.));
#4795=CARTESIAN_POINT('Ctrl Pts',(1.30448659643918,-0.0550726393769266,
25.));
#4796=CARTESIAN_POINT('Ctrl Pts',(1.29412602685367,-0.106994978783028,25.));
#4797=CARTESIAN_POINT('Ctrl Pts',(1.28937776379508,-0.130791057182281,25.));
#4798=CARTESIAN_POINT('Ctrl Pts',(1.28392684476529,-0.154477029786955,25.));
#4799=CARTESIAN_POINT('Ctrl Pts',(1.27778521211864,-0.178024808067406,25.));
#4800=CARTESIAN_POINT('Ctrl Pts',(1.27339194345315,-0.194869142858047,25.));
#4801=CARTESIAN_POINT('Ctrl Pts',(1.26864520740063,-0.211642737571973,25.));
#4802=CARTESIAN_POINT('Ctrl Pts',(1.26354891000908,-0.228334810164181,25.));
#4803=CARTESIAN_POINT('Ctrl Pts',(1.26058671437147,-0.238036988199787,25.));
#4804=CARTESIAN_POINT('Ctrl Pts',(1.25750893266786,-0.247703247683689,25.));
#4805=CARTESIAN_POINT('Ctrl Pts',(1.25431837599838,-0.257327384827851,25.));
#4806=CARTESIAN_POINT('Ctrl Pts',(1.23779788094746,-0.307160541399022,25.));
#4807=CARTESIAN_POINT('Ctrl Pts',(1.21824588417214,-0.355904600255539,25.));
#4808=CARTESIAN_POINT('Ctrl Pts',(1.19583573920328,-0.403301929256279,25.));
#4809=CARTESIAN_POINT('Ctrl Pts',(1.1735311573594,-0.450475992848782,25.));
#4810=CARTESIAN_POINT('Ctrl Pts',(1.1483944949055,-0.496316878081053,25.));
#4811=CARTESIAN_POINT('Ctrl Pts',(1.12055751179135,-0.540537794988678,25.));
#4812=CARTESIAN_POINT('Ctrl Pts',(1.10662464085654,-0.562671096049587,25.));
#4813=CARTESIAN_POINT('Ctrl Pts',(1.09201475447962,-0.584397970042595,25.));
#4814=CARTESIAN_POINT('Ctrl Pts',(1.07674159751745,-0.605678297183927,25.));
#4815=CARTESIAN_POINT('Ctrl Pts',(1.06548645197965,-0.621360266514893,25.));
#4816=CARTESIAN_POINT('Ctrl Pts',(1.05387107565317,-0.636799677816848,25.));
#4817=CARTESIAN_POINT('Ctrl Pts',(1.04190047184337,-0.651979334338951,25.));
#4818=CARTESIAN_POINT('Ctrl Pts',(1.03611172414961,-0.659319916575274,25.));
#4819=CARTESIAN_POINT('Ctrl Pts',(1.03024045143982,-0.666598889267966,25.));
#4820=CARTESIAN_POINT('Ctrl Pts',(1.02429560500764,-0.673804570000323,25.));
#4821=CARTESIAN_POINT('Ctrl Pts',(0.9921994061288,-0.712708007537666,25.));
#4822=CARTESIAN_POINT('Ctrl Pts',(0.957899397466843,-0.749557484138091,
25.));
#4823=CARTESIAN_POINT('Ctrl Pts',(0.921526789696346,-0.784101470218141,
25.));
#4824=CARTESIAN_POINT('Ctrl Pts',(0.885898351160659,-0.817938699943226,
25.));
#4825=CARTESIAN_POINT('Ctrl Pts',(0.84828050549447,-0.849564389470438,25.));
#4826=CARTESIAN_POINT('Ctrl Pts',(0.808772864507148,-0.878698581946436,
25.));
#4827=CARTESIAN_POINT('Ctrl Pts',(0.769265223519826,-0.907832774422434,
25.));
#4828=CARTESIAN_POINT('Ctrl Pts',(0.727867158826644,-0.934476149534492,
25.));
#4829=CARTESIAN_POINT('Ctrl Pts',(0.68466442453948,-0.958295198918383,25.));
#4830=CARTESIAN_POINT('',(-0.68466442453946,-0.958295198918397,25.));
#4831=CARTESIAN_POINT('Origin',(0.,0.,25.));
#4832=CARTESIAN_POINT('Ctrl Pts',(-0.686101434052078,-0.959338070192917,
25.));
#4833=CARTESIAN_POINT('Ctrl Pts',(-0.719494160552602,-0.941215202594104,
25.));
#4834=CARTESIAN_POINT('Ctrl Pts',(-0.751874786010035,-0.921439102527479,
25.));
#4835=CARTESIAN_POINT('Ctrl Pts',(-0.783102845839316,-0.900040875120045,
25.));
#4836=CARTESIAN_POINT('Ctrl Pts',(-0.823032951977028,-0.872679793573232,
25.));
#4837=CARTESIAN_POINT('Ctrl Pts',(-0.861080096268458,-0.842668421675929,
25.));
#4838=CARTESIAN_POINT('Ctrl Pts',(-0.897173689415808,-0.81030120229853,
25.));
#4839=CARTESIAN_POINT('Ctrl Pts',(-0.910543705578108,-0.798311532984148,
25.));
#4840=CARTESIAN_POINT('Ctrl Pts',(-0.923645465061099,-0.785998128464932,
25.));
#4841=CARTESIAN_POINT('Ctrl Pts',(-0.936474592752259,-0.773374386400887,
25.));
#4842=CARTESIAN_POINT('Ctrl Pts',(-0.944112815543426,-0.765858446372489,
25.));
#4843=CARTESIAN_POINT('Ctrl Pts',(-0.951651544969077,-0.758235177120655,
25.));
#4844=CARTESIAN_POINT('Ctrl Pts',(-0.959084454641095,-0.750513581884423,
25.));
#4845=CARTESIAN_POINT('Ctrl Pts',(-0.99415384802455,-0.71408213406169,25.));
#4846=CARTESIAN_POINT('Ctrl Pts',(-1.0269076894326,-0.675428472108036,25.));
#4847=CARTESIAN_POINT('Ctrl Pts',(-1.05727047201683,-0.634877439287177,
25.));
#4848=CARTESIAN_POINT('Ctrl Pts',(-1.07898413850159,-0.605877738754407,
25.));
#4849=CARTESIAN_POINT('Ctrl Pts',(-1.09947457399593,-0.575906487366602,
25.));
#4850=CARTESIAN_POINT('Ctrl Pts',(-1.1187055517983,-0.545068763489327,25.));
#4851=CARTESIAN_POINT('Ctrl Pts',(-1.12573725384615,-0.53379311810262,25.));
#4852=CARTESIAN_POINT('Ctrl Pts',(-1.13260049197698,-0.522401533012913,
25.));
#4853=CARTESIAN_POINT('Ctrl Pts',(-1.13929320336605,-0.510898837441615,
25.));
#4854=CARTESIAN_POINT('Ctrl Pts',(-1.14472754111488,-0.501558895955659,
25.));
#4855=CARTESIAN_POINT('Ctrl Pts',(-1.15004521628886,-0.492152893913732,
25.));
#4856=CARTESIAN_POINT('Ctrl Pts',(-1.15524355268991,-0.482687567870979,
25.));
#4857=CARTESIAN_POINT('Ctrl Pts',(-1.18052407956637,-0.436655835609482,
25.));
#4858=CARTESIAN_POINT('Ctrl Pts',(-1.20300057682537,-0.389196990626493,
25.));
#4859=CARTESIAN_POINT('Ctrl Pts',(-1.22259209069979,-0.340640132079033,
25.));
#4860=CARTESIAN_POINT('Ctrl Pts',(-1.24253710059036,-0.291207146440895,
25.));
#4861=CARTESIAN_POINT('Ctrl Pts',(-1.2594928377396,-0.240635266605618,25.));
#4862=CARTESIAN_POINT('Ctrl Pts',(-1.27333718809215,-0.189233481475319,
25.));
#4863=CARTESIAN_POINT('Ctrl Pts',(-1.28139867031159,-0.15930253012527,25.));
#4864=CARTESIAN_POINT('Ctrl Pts',(-1.28840444550529,-0.129089542126012,
25.));
#4865=CARTESIAN_POINT('Ctrl Pts',(-1.29432323779641,-0.098651639745816,
25.));
#4866=CARTESIAN_POINT('Ctrl Pts',(-1.29736833408735,-0.0829919681298793,
25.));
#4867=CARTESIAN_POINT('Ctrl Pts',(-1.3001256257161,-0.0672727281822674,
25.));
#4868=CARTESIAN_POINT('Ctrl Pts',(-1.30259023185298,-0.0515015237295569,
25.));
#4869=CARTESIAN_POINT('Ctrl Pts',(-1.30407216992559,-0.0420184878888203,
25.));
#4870=CARTESIAN_POINT('Ctrl Pts',(-1.30544800335861,-0.0325178101049068,
25.));
#4871=CARTESIAN_POINT('Ctrl Pts',(-1.30671526652713,-0.0230138547946065,
25.));
#4872=CARTESIAN_POINT('Ctrl Pts',(-1.3139606866821,0.0313238321736338,25.));
#4873=CARTESIAN_POINT('Ctrl Pts',(-1.3176783044688,0.0858757658410068,25.));
#4874=CARTESIAN_POINT('Ctrl Pts',(-1.31775843327164,0.140311210132839,25.));
#4875=CARTESIAN_POINT('Ctrl Pts',(-1.31777689480227,0.152853037620019,25.));
#4876=CARTESIAN_POINT('Ctrl Pts',(-1.31760208052445,0.16538879622184,25.));
#4877=CARTESIAN_POINT('Ctrl Pts',(-1.31723230042793,0.177914622132655,25.));
#4878=CARTESIAN_POINT('Ctrl Pts',(-1.31568101295729,0.230462493090196,25.));
#4879=CARTESIAN_POINT('Ctrl Pts',(-1.31070261306797,0.2828349918503,25.));
#4880=CARTESIAN_POINT('Ctrl Pts',(-1.30249797237744,0.334814663838044,25.));
#4881=CARTESIAN_POINT('Ctrl Pts',(-1.29854100180164,0.359883651055561,25.));
#4882=CARTESIAN_POINT('Ctrl Pts',(-1.2938328339058,0.384861377848764,25.));
#4883=CARTESIAN_POINT('Ctrl Pts',(-1.28839181276183,0.409723629356131,25.));
#4884=CARTESIAN_POINT('Ctrl Pts',(-1.28493076014585,0.425538594661664,25.));
#4885=CARTESIAN_POINT('Ctrl Pts',(-1.28117312126818,0.441306834743736,25.));
#4886=CARTESIAN_POINT('Ctrl Pts',(-1.27712307517901,0.457022057841003,25.));
#4887=CARTESIAN_POINT('Ctrl Pts',(-1.27469996609246,0.466424345875708,25.));
#4888=CARTESIAN_POINT('Ctrl Pts',(-1.27217232850228,0.475806710569413,25.));
#4889=CARTESIAN_POINT('Ctrl Pts',(-1.26954479856321,0.485155490310894,25.));
#4890=CARTESIAN_POINT('Ctrl Pts',(-1.25471431125805,0.537922523414189,25.));
#4891=CARTESIAN_POINT('Ctrl Pts',(-1.23667961653296,0.589723218814553,25.));
#4892=CARTESIAN_POINT('Ctrl Pts',(-1.21568120908597,0.640323058020827,25.));
#4893=CARTESIAN_POINT('Ctrl Pts',(-1.19422480905317,0.692026521454694,25.));
#4894=CARTESIAN_POINT('Ctrl Pts',(-1.16967378382209,0.742477126696015,25.));
#4895=CARTESIAN_POINT('Ctrl Pts',(-1.14222977069254,0.791424899577361,25.));
#4896=CARTESIAN_POINT('Ctrl Pts',(-1.12682426913753,0.8189013837081,25.));
#4897=CARTESIAN_POINT('Ctrl Pts',(-1.11050620678295,0.845904240583729,25.));
#4898=CARTESIAN_POINT('Ctrl Pts',(-1.09330435188678,0.872387508368469,25.));
#4899=CARTESIAN_POINT('Ctrl Pts',(-1.08177635146606,0.890135543333716,25.));
#4900=CARTESIAN_POINT('Ctrl Pts',(-1.06985132656819,0.907650192390222,25.));
#4901=CARTESIAN_POINT('Ctrl Pts',(-1.05753679330198,0.924917062462363,25.));
#4902=CARTESIAN_POINT('Ctrl Pts',(-1.04845103544325,0.93765669270754,25.));
#4903=CARTESIAN_POINT('Ctrl Pts',(-1.03914872119961,0.950267037199144,25.));
#4904=CARTESIAN_POINT('Ctrl Pts',(-1.02965642758954,0.962711737125456,25.));
#4905=CARTESIAN_POINT('Ctrl Pts',(-0.994346356635744,1.00900436727868,25.));
#4906=CARTESIAN_POINT('Ctrl Pts',(-0.956369889357962,1.05306955335579,25.));
#4907=CARTESIAN_POINT('Ctrl Pts',(-0.915951462816596,1.09464839201749,25.));
#4908=CARTESIAN_POINT('Ctrl Pts',(-0.873974839632719,1.13783016311239,25.));
#4909=CARTESIAN_POINT('Ctrl Pts',(-0.829364106332486,1.17833153083991,25.));
#4910=CARTESIAN_POINT('Ctrl Pts',(-0.78231591724186,1.21584047475416,25.));
#4911=CARTESIAN_POINT('Ctrl Pts',(-0.738077715357301,1.251109169797,25.));
#4912=CARTESIAN_POINT('Ctrl Pts',(-0.691683622231274,1.28373293349738,25.));
#4913=CARTESIAN_POINT('Ctrl Pts',(-0.643259329545564,1.31341902397079,25.));
#4914=CARTESIAN_POINT('Ctrl Pts',(-0.640183444063945,1.31530466875007,25.));
#4915=CARTESIAN_POINT('Ctrl Pts',(-0.637099356437105,1.31717844694713,25.));
#4916=CARTESIAN_POINT('Ctrl Pts',(-0.63400709457527,1.31904027763682,25.));
#4917=CARTESIAN_POINT('Origin',(-0.72168784724102,-2.4000000372529,24.9));
#4918=CARTESIAN_POINT('Origin',(1.21658077523892,-2.4000000372529,24.9));
#4919=CARTESIAN_POINT('Origin',(-1.21658077523892,-2.4000000372529,24.9));
#4920=CARTESIAN_POINT('Origin',(1.37013824743169,-2.37314905794508,24.7929497882014));
#4921=CARTESIAN_POINT('Origin',(1.38564066756307,-2.4000000372529,24.7309401076759));
#4922=CARTESIAN_POINT('Origin',(1.47017061372515,-2.25358987573912,24.9));
#4923=CARTESIAN_POINT('Origin',(1.7176170777241,-1.82500002793968,24.9));
#4924=CARTESIAN_POINT('Origin',(2.68675138896407,-0.14641016151378,24.9));
#4925=CARTESIAN_POINT('Origin',(2.43930492496512,0.575000009313224,24.9));
#4926=CARTESIAN_POINT('',(1.64337569448204,2.15358987573912,24.9));
#4927=CARTESIAN_POINT('Origin',(1.47017061372515,2.25358987573912,24.9));
#4928=CARTESIAN_POINT('',(2.68675138896407,0.346410161513778,24.9));
#4929=CARTESIAN_POINT('Origin',(2.68675138896407,0.146410161513777,24.9));
#4930=CARTESIAN_POINT('',(2.52590746534357,0.625000009313224,24.9));
#4931=CARTESIAN_POINT('Origin',(1.37013824743171,2.37314905794508,24.7929497882014));
#4932=CARTESIAN_POINT('',(1.47224320794152,2.4500000372529,24.557735026919));
#4933=CARTESIAN_POINT('',(-1.21250697749098,7.10012376405197,19.188234656054));
#4934=CARTESIAN_POINT('Origin',(1.38564066756308,2.4000000372529,24.7309401076759));
#4935=CARTESIAN_POINT('Origin',(1.21658077523892,2.4000000372529,24.9));
#4936=CARTESIAN_POINT('Origin',(0.721687847241021,2.4000000372529,24.9));
#4937=CARTESIAN_POINT('Origin',(-1.21658077523892,2.4000000372529,24.9));
#4938=CARTESIAN_POINT('Origin',(-1.7176170777241,1.82500002793968,24.9));
#4939=CARTESIAN_POINT('Origin',(-1.47017061372515,2.25358987573912,24.9));
#4940=CARTESIAN_POINT('Origin',(-2.77128133512615,8.32667268468867E-16,
0.));
#4941=CARTESIAN_POINT('',(-2.85788387550459,-0.0499999999999989,0.442264973081037));
#4942=CARTESIAN_POINT('Origin',(-2.77128133512615,8.32667268468867E-16,
0.26905989232415));
#4943=CARTESIAN_POINT('',(-2.85788387550459,-0.049999999999999,0.));
#4944=CARTESIAN_POINT('Origin',(-2.88675138896408,1.11022302462516E-15,
0.));
#4945=CARTESIAN_POINT('',(-1.47224320794152,-2.4500000372529,24.557735026919));
#4946=CARTESIAN_POINT('',(-1.47224320794152,-2.4500000372529,0.));
#4947=CARTESIAN_POINT('',(1.21250697749098,-7.10012376405197,19.188234656054));
#4948=CARTESIAN_POINT('',(-2.7839730830853,-0.178017247697892,0.29444338824245));
#4949=CARTESIAN_POINT('Origin',(-1.38564066756307,2.4000000372529,0.));
#4950=CARTESIAN_POINT('Origin',(-1.38564066756307,2.4000000372529,24.7309401076759));
#4951=CARTESIAN_POINT('Origin',(1.38564066756308,2.4000000372529,0.));
#4952=CARTESIAN_POINT('',(1.47224320794152,2.4500000372529,0.));
#4953=CARTESIAN_POINT('Origin',(2.88675138896408,-1.94289029309402E-15,
0.));
#4954=CARTESIAN_POINT('',(2.8578838755046,0.0499999999999989,24.557735026919));
#4955=CARTESIAN_POINT('',(5.90347798455761,-5.2251237361123,18.4665468088129));
#4956=CARTESIAN_POINT('',(2.85788387550459,0.0499999999999982,0.442264973081037));
#4957=CARTESIAN_POINT('',(2.85788387550459,0.0499999999999984,0.));
#4958=CARTESIAN_POINT('',(2.7839730830853,0.178017247697891,0.29444338824245));
#4959=CARTESIAN_POINT('Origin',(2.77128133512615,-1.38777878078145E-15,
0.));
#4960=CARTESIAN_POINT('Origin',(2.77128133512615,-1.38777878078145E-15,
24.7309401076759));
#4961=CARTESIAN_POINT('Origin',(2.77128133512615,-1.38777878078145E-15,
0.26905989232415));
#4962=CARTESIAN_POINT('Origin',(2.7402764948634,-8.09756258089932E-15,24.7929497882014));
#4963=CARTESIAN_POINT('Origin',(-1.38564066756308,-2.4000000372529,0.));
#4964=CARTESIAN_POINT('Origin',(-1.38564066756308,-2.4000000372529,24.7309401076759));
#4965=CARTESIAN_POINT('Origin',(-1.37013824743171,-2.37314905794508,24.7929497882014));
#4966=CARTESIAN_POINT('Origin',(1.38564066756307,-2.4000000372529,0.));
#4967=CARTESIAN_POINT('Origin',(2.757860810152,-1.68984041716411E-15,0.24221884237584));
#4968=CARTESIAN_POINT('Origin',(-1.37013824743169,2.37314905794508,24.7929497882014));
#4969=CARTESIAN_POINT('Origin',(-2.757860810152,1.35209987579945E-15,0.24221884237584));
#4970=CARTESIAN_POINT('Origin',(0.,0.,-1.10421172358872));
#4971=CARTESIAN_POINT('Ctrl Pts',(-1.54451738183671,-0.0010175261031779,
0.145788276411273));
#4972=CARTESIAN_POINT('Ctrl Pts',(-1.54504501052076,-0.067664747853591,
0.149236155319613));
#4973=CARTESIAN_POINT('Ctrl Pts',(-1.51089948824638,-0.644302201072431,
0.179094364486754));
#4974=CARTESIAN_POINT('Ctrl Pts',(-0.784798900782125,-1.64511424291609,
0.235362903912694));
#4975=CARTESIAN_POINT('Ctrl Pts',(0.953363969359664,-1.55322553943512,0.314593894689096));
#4976=CARTESIAN_POINT('Ctrl Pts',(1.82200950831464,-0.0450138557984516,
0.393824885465497));
#4977=CARTESIAN_POINT('Ctrl Pts',(1.02882685123396,1.50443296381598,0.473055876241898));
#4978=CARTESIAN_POINT('Ctrl Pts',(-0.702719313986321,1.68162518428373,0.552286867018299));
#4979=CARTESIAN_POINT('Ctrl Pts',(-1.49527338094394,0.695828355724788,0.609864333741424));
#4980=CARTESIAN_POINT('Ctrl Pts',(-1.54463453559422,0.0933794540392308,
0.641031470205748));
#4981=CARTESIAN_POINT('Ctrl Pts',(-1.54380873431256,0.00129719078114585,
0.645788276411272));
#4982=CARTESIAN_POINT('Ctrl Pts',(-1.54144363618942,0.00189030958408033,
0.104211723588727));
#4983=CARTESIAN_POINT('Ctrl Pts',(-1.53881623244087,-0.349444829498273,
0.122295142910086));
#4984=CARTESIAN_POINT('Ctrl Pts',(-1.2466225739464,-1.21916068980085,0.166788892490244));
#4985=CARTESIAN_POINT('Ctrl Pts',(0.194212743316497,-1.81164090755013,0.237692972329203));
#4986=CARTESIAN_POINT('Ctrl Pts',(1.62593875339929,-0.823394201594583,0.316923963105604));
#4987=CARTESIAN_POINT('Ctrl Pts',(1.57529948439888,0.916919645775982,0.396154953882006));
#4988=CARTESIAN_POINT('Ctrl Pts',(0.087539342095988,1.82037078813417,0.475385944658406));
#4989=CARTESIAN_POINT('Ctrl Pts',(-1.28446101528012,1.15812810332865,0.544738201227314));
#4990=CARTESIAN_POINT('Ctrl Pts',(-1.53928469374631,0.320490281598287,0.587680127537421));
#4991=CARTESIAN_POINT('Ctrl Pts',(-1.5411238125833,-0.000954730365663632,
0.604211723588727));
#4992=CARTESIAN_POINT('Ctrl Pts',(0.958116152722389,-0.825211298936489,
0.));
#4993=CARTESIAN_POINT('Ctrl Pts',(1.23198892745138,-0.507229795778538,0.0264103302588004));
#4994=CARTESIAN_POINT('Ctrl Pts',(1.43369473918477,0.41726739616518,0.0792309907764012));
#4995=CARTESIAN_POINT('Ctrl Pts',(0.427752407634478,1.43206992232366,0.158461981552802));
#4996=CARTESIAN_POINT('Ctrl Pts',(-0.968014328759978,1.13687023341751,0.237692972329204));
#4997=CARTESIAN_POINT('Ctrl Pts',(-1.48102337060427,-0.193308664406275,
0.316923963105604));
#4998=CARTESIAN_POINT('Ctrl Pts',(-0.643148548307841,-1.34818338312858,
0.396154953882005));
#4999=CARTESIAN_POINT('Ctrl Pts',(0.781288878324884,-1.27287990577817,0.475385944658407));
#5000=CARTESIAN_POINT('Ctrl Pts',(1.49315037152551,-0.0368891903157126,
0.554616935434808));
#5001=CARTESIAN_POINT('Ctrl Pts',(0.843131272446754,1.23289402640655,0.633847926211208));
#5002=CARTESIAN_POINT('Ctrl Pts',(-0.575883715188402,1.3781043716959,0.713078916987611));
#5003=CARTESIAN_POINT('Ctrl Pts',(-1.46965076629569,0.266416524538397,0.79230990776401));
#5004=CARTESIAN_POINT('Ctrl Pts',(-1.02297993903572,-1.08828540044115,0.871540898540413));
#5005=CARTESIAN_POINT('Ctrl Pts',(0.356727672296411,-1.45037476536974,0.950771889316813));
#5006=CARTESIAN_POINT('Ctrl Pts',(1.41107221786526,-0.489614977353016,1.03000288009321));
#5007=CARTESIAN_POINT('Ctrl Pts',(1.17840844458705,0.917715037551908,1.10923387086961));
#5008=CARTESIAN_POINT('Ctrl Pts',(-0.129055760472186,1.48801560776269,1.18846486164602));
#5009=CARTESIAN_POINT('Ctrl Pts',(-1.3188110945548,0.701130572176343,1.26769585242242));
#5010=CARTESIAN_POINT('Ctrl Pts',(-1.30570765780114,-0.725240769419876,
1.34692684319882));
#5011=CARTESIAN_POINT('Ctrl Pts',(-0.101696859351388,-1.49013563738072,
1.42615783397522));
#5012=CARTESIAN_POINT('Ctrl Pts',(1.19506942818811,-0.895910528164696,1.50538882475162));
#5013=CARTESIAN_POINT('Ctrl Pts',(1.40183903938218,0.515455033277758,1.58461981552802));
#5014=CARTESIAN_POINT('Ctrl Pts',(0.330021944473184,1.45668530459655,1.66385080630442));
#5015=CARTESIAN_POINT('Ctrl Pts',(-1.04280094484211,1.06930480744445,1.74308179708082));
#5016=CARTESIAN_POINT('Ctrl Pts',(-1.46450791327082,-0.293365212613627,
1.82231278785723));
#5017=CARTESIAN_POINT('Ctrl Pts',(-0.55046926502413,-1.38846323742133,1.90154377863363));
#5018=CARTESIAN_POINT('Ctrl Pts',(0.865640353071601,-1.21717433247302,1.98077476941003));
#5019=CARTESIAN_POINT('Ctrl Pts',(1.49221834949893,0.0642726447709007,2.06000576018643));
#5020=CARTESIAN_POINT('Ctrl Pts',(0.757776646486734,1.2870979485771,2.13923675096283));
#5021=CARTESIAN_POINT('Ctrl Pts',(-0.667816551931377,1.33598938191723,2.21846774173923));
#5022=CARTESIAN_POINT('Ctrl Pts',(-1.48430888843145,0.166354137829146,2.29769873251563));
#5023=CARTESIAN_POINT('Ctrl Pts',(-0.946995571786855,-1.15500907461688,
2.37692972329203));
#5024=CARTESIAN_POINT('Ctrl Pts',(0.454051680963636,-1.42291378744658,2.45616071406843));
#5025=CARTESIAN_POINT('Ctrl Pts',(1.44096833239103,-0.393009975074765,2.53539170484484));
#5026=CARTESIAN_POINT('Ctrl Pts',(1.11360930332664,0.995349634553887,2.61462269562124));
#5027=CARTESIAN_POINT('Ctrl Pts',(-0.229448400048793,1.47587262566433,2.69385368639764));
#5028=CARTESIAN_POINT('Ctrl Pts',(-1.36323123919996,0.610284494260632,2.77308467717404));
#5029=CARTESIAN_POINT('Ctrl Pts',(-1.25364069928763,-0.811930768326748,
2.85231566795044));
#5030=CARTESIAN_POINT('Ctrl Pts',(-0.00063191338506612,-1.49360174616682,
2.93154665872684));
#5031=CARTESIAN_POINT('Ctrl Pts',(1.25295322688659,-0.812991258686609,3.01077764950324));
#5032=CARTESIAN_POINT('Ctrl Pts',(1.36374714969984,0.609130763590263,3.09000864027964));
#5033=CARTESIAN_POINT('Ctrl Pts',(0.23069714277313,1.47567794717646,3.16923963105605));
#5034=CARTESIAN_POINT('Ctrl Pts',(-1.11276667928775,0.996291570241073,3.24847062183244));
#5035=CARTESIAN_POINT('Ctrl Pts',(-1.44130036598331,-0.391790544146906,
3.32770161260885));
#5036=CARTESIAN_POINT('Ctrl Pts',(-0.455255531612927,-1.42252907752438,
3.40693260338524));
#5037=CARTESIAN_POINT('Ctrl Pts',(0.946017909909368,-1.1558099712311,3.48616359416165));
#5038=CARTESIAN_POINT('Ctrl Pts',(1.48444911933239,0.165098115009905,3.56539458493805));
#5039=CARTESIAN_POINT('Ctrl Pts',(0.668946774066929,1.33542382370991,3.64462557571445));
#5040=CARTESIAN_POINT('Ctrl Pts',(-0.756687283976377,1.28773868845158,3.72385656649085));
#5041=CARTESIAN_POINT('Ctrl Pts',(-1.49216343034773,0.0655352775185301,
3.80308755726725));
#5042=CARTESIAN_POINT('Ctrl Pts',(-0.866669967780607,-1.21644142580467,
3.88231854804365));
#5043=CARTESIAN_POINT('Ctrl Pts',(0.549294205393749,-1.3889285263783,3.96154953882005));
#5044=CARTESIAN_POINT('Ctrl Pts',(1.46425915508982,-0.29460431463605,4.04078052959646));
#5045=CARTESIAN_POINT('Ctrl Pts',(1.04370537462724,1.06842204509301,4.12001152037285));
#5046=CARTESIAN_POINT('Ctrl Pts',(-0.328789236621138,1.45696403982687,4.19924251114926));
#5047=CARTESIAN_POINT('Ctrl Pts',(-1.4014023806745,0.516641019380378,4.27847350192566));
#5048=CARTESIAN_POINT('Ctrl Pts',(-1.19582708289775,-0.894898968194062,
4.35770449270206));
#5049=CARTESIAN_POINT('Ctrl Pts',(0.100435926606474,-1.49022119167365,4.43693548347846));
#5050=CARTESIAN_POINT('Ctrl Pts',(1.30509352548544,-0.726345279603653,4.51616647425486));
#5051=CARTESIAN_POINT('Ctrl Pts',(1.31940388164038,0.70001426598236,4.59539746503127));
#5052=CARTESIAN_POINT('Ctrl Pts',(0.130314832403409,1.48790611932414,4.67462845580766));
#5053=CARTESIAN_POINT('Ctrl Pts',(-1.17763152353866,0.918711363941133,4.75385944658407));
#5054=CARTESIAN_POINT('Ctrl Pts',(-1.41148593923625,-0.488419920565186,
4.83309043736046));
#5055=CARTESIAN_POINT('Ctrl Pts',(-0.357954920017482,-1.4500740845563,4.91232142813687));
#5056=CARTESIAN_POINT('Ctrl Pts',(1.02205894793341,-1.08914741078325,4.99155241891326));
#5057=CARTESIAN_POINT('Ctrl Pts',(1.46987521715551,0.265166780458119,5.07078340968968));
#5058=CARTESIAN_POINT('Ctrl Pts',(0.577050468916025,1.37762815439805,5.15001440046607));
#5059=CARTESIAN_POINT('Ctrl Pts',(-0.842089383316895,1.23358503799781,5.22924539124248));
#5060=CARTESIAN_POINT('Ctrl Pts',(-1.49317793808741,-0.0355839946472816,
5.30847638201887));
#5061=CARTESIAN_POINT('Ctrl Pts',(-0.78237157361313,-1.27229764452652,5.38770737279527));
#5062=CARTESIAN_POINT('Ctrl Pts',(0.642018781013256,-1.34857645697103,5.46693836357168));
#5063=CARTESIAN_POINT('Ctrl Pts',(1.48083785600679,-0.194848196500292,5.54616935434807));
#5064=CARTESIAN_POINT('Ctrl Pts',(0.969017130563088,1.13659683975335,5.62540034512448));
#5065=CARTESIAN_POINT('Ctrl Pts',(-0.426622912809923,1.43137677281596,5.70463133590087));
#5066=CARTESIAN_POINT('Ctrl Pts',(-1.43314953400347,0.42062927693741,5.78386232667729));
#5067=CARTESIAN_POINT('Ctrl Pts',(-1.13253182962827,-0.97376497694687,5.86309331745367));
#5068=CARTESIAN_POINT('Ctrl Pts',(0.201043371233597,-1.48000950622357,5.94232430823009));
#5069=CARTESIAN_POINT('Ctrl Pts',(1.35125131290837,-0.636369754588841,6.02155529900648));
#5070=CARTESIAN_POINT('Ctrl Pts',(1.26901250430712,0.78768892296346,6.10078628978288));
#5071=CARTESIAN_POINT('Ctrl Pts',(0.0293351623942983,1.49331377303779,6.18001728055929));
#5072=CARTESIAN_POINT('Ctrl Pts',(-1.2370981384303,0.836919810554765,6.25924827133568));
#5073=CARTESIAN_POINT('Ctrl Pts',(-1.37520130233935,-0.582810392879925,
6.33847926211209));
#5074=CARTESIAN_POINT('Ctrl Pts',(-0.259013451996022,-1.4709719961551,6.41771025288848));
#5075=CARTESIAN_POINT('Ctrl Pts',(1.0934148945543,-1.01749222543871,6.4969412436649));
#5076=CARTESIAN_POINT('Ctrl Pts',(1.44856345433197,0.364019920390584,6.57617223444129));
#5077=CARTESIAN_POINT('Ctrl Pts',(0.482508971542092,1.41351749371827,6.65540322521769));
#5078=CARTESIAN_POINT('Ctrl Pts',(-0.923631351141257,1.17377663811432,6.7346342159941));
#5079=CARTESIAN_POINT('Ctrl Pts',(-1.4873477954565,-0.136540091621282,6.81386520677049));
#5080=CARTESIAN_POINT('Ctrl Pts',(-0.694486745577634,-1.32232179993304,
6.8930961975469));
#5081=CARTESIAN_POINT('Ctrl Pts',(0.731800237342035,-1.30204233836023,6.97232718832329));
#5082=CARTESIAN_POINT('Ctrl Pts',(1.49062867383316,-0.0941993055673242,
7.0515581790997));
#5083=CARTESIAN_POINT('Ctrl Pts',(0.889886493519321,1.1995622779712,7.13078916987609));
#5084=CARTESIAN_POINT('Ctrl Pts',(-0.522500113913737,1.39922665182002,7.21002016065251));
#5085=CARTESIAN_POINT('Ctrl Pts',(-1.4583287819457,0.322692163263459,7.28925115142889));
#5086=CARTESIAN_POINT('Ctrl Pts',(-1.06404202316892,-1.04817255848034,7.36848214220531));
#5087=CARTESIAN_POINT('Ctrl Pts',(0.300723426111796,-1.46300346332267,7.4477131329817));
#5088=CARTESIAN_POINT('Ctrl Pts',(1.39122604533825,-0.543496194742105,7.5269441237581));
#5089=CARTESIAN_POINT('Ctrl Pts',(1.21278303409353,0.871789055083741,7.6061751145345));
#5090=CARTESIAN_POINT('Ctrl Pts',(-0.0717391309314329,1.49180731430745,
7.68540610531091));
#5091=CARTESIAN_POINT('Ctrl Pts',(-1.29096963837012,0.751422572552237,7.7646370960873));
#5092=CARTESIAN_POINT('Ctrl Pts',(-1.33246888011846,-0.674777850500749,
7.84386808686371));
#5093=CARTESIAN_POINT('Ctrl Pts',(-0.159158765975669,-1.48465287374811,
7.92309907764011));
#5094=CARTESIAN_POINT('Ctrl Pts',(1.16028555327011,-0.942090133444702,8.00233006841651));
#5095=CARTESIAN_POINT('Ctrl Pts',(1.41955742876117,0.46308680775589,8.08156105919291));
#5096=CARTESIAN_POINT('Ctrl Pts',(0.732011553580775,1.11321061282787,8.13438171971051));
#5097=CARTESIAN_POINT('Ctrl Pts',(0.326585063531074,1.22159831625555,8.16079204996931));
#5098=CARTESIAN_POINT('Ctrl Pts',(1.02845629995665,-0.885794229410672,-0.0535973499897702));
#5099=CARTESIAN_POINT('Ctrl Pts',(1.32243545870094,-0.544468097643391,-0.0271870197309699));
#5100=CARTESIAN_POINT('Ctrl Pts',(1.5389495131041,0.44790110377873,0.0256336407866307));
#5101=CARTESIAN_POINT('Ctrl Pts',(0.459155872910925,1.53720541022853,0.104864631563032));
#5102=CARTESIAN_POINT('Ctrl Pts',(-1.03908115110337,1.22033362079244,0.184095622339433));
#5103=CARTESIAN_POINT('Ctrl Pts',(-1.58975277846331,-0.207500430067841,
0.263326613115835));
#5104=CARTESIAN_POINT('Ctrl Pts',(-0.690365332465936,-1.44716033639108,
0.342557603892234));
#5105=CARTESIAN_POINT('Ctrl Pts',(0.838647242003144,-1.36632845033049,0.421788594668637));
#5106=CARTESIAN_POINT('Ctrl Pts',(1.60277008378855,-0.0395974121432915,
0.501019585445037));
#5107=CARTESIAN_POINT('Ctrl Pts',(0.905029798709156,1.32340700554303,0.580250576221438));
#5108=CARTESIAN_POINT('Ctrl Pts',(-0.618162248121042,1.47927797589185,0.65948156699784));
#5109=CARTESIAN_POINT('Ctrl Pts',(-1.57754525381733,0.285975507557755,0.73871255777424));
#5110=CARTESIAN_POINT('Ctrl Pts',(-1.09808206451917,-1.16818192977365,0.817943548550642));
#5111=CARTESIAN_POINT('Ctrl Pts',(0.382916852930271,-1.55685410427984,0.897174539327043));
#5112=CARTESIAN_POINT('Ctrl Pts',(1.51466615820412,-0.525560086406084,0.976405530103444));
#5113=CARTESIAN_POINT('Ctrl Pts',(1.26492136189758,0.985089134812539,1.05563652087985));
#5114=CARTESIAN_POINT('Ctrl Pts',(-0.138530395846248,1.59725835107676,1.13486751165625));
#5115=CARTESIAN_POINT('Ctrl Pts',(-1.41563167972246,0.752604109635447,1.21409850243265));
#5116=CARTESIAN_POINT('Ctrl Pts',(-1.40156625347732,-0.778484358264857,
1.29332949320905));
#5117=CARTESIAN_POINT('Ctrl Pts',(-0.109162939575288,-1.59953402277957,
1.37256048398545));
#5118=CARTESIAN_POINT('Ctrl Pts',(1.28280551247713,-0.961683846233463,1.45179147476185));
#5119=CARTESIAN_POINT('Ctrl Pts',(1.504755125442,0.553297191381845,1.53102246553825));
#5120=CARTESIAN_POINT('Ctrl Pts',(0.354250522708531,1.56362793207253,1.61025345631465));
#5121=CARTESIAN_POINT('Ctrl Pts',(-1.11935823049877,1.14780787555392,1.68948444709106));
#5122=CARTESIAN_POINT('Ctrl Pts',(-1.57202483796989,-0.314902634971053,
1.76871543786745));
#5123=CARTESIAN_POINT('Ctrl Pts',(-0.590881994774814,-1.49039733828381,
1.84794642864386));
#5124=CARTESIAN_POINT('Ctrl Pts',(0.92919138465996,-1.30653324946095,1.92717741942026));
#5125=CARTESIAN_POINT('Ctrl Pts',(1.60176963731637,0.0689912243329656,2.00640841019666));
#5126=CARTESIAN_POINT('Ctrl Pts',(0.813408858440485,1.38159031148174,2.08563940097306));
#5127=CARTESIAN_POINT('Ctrl Pts',(-0.716844338859777,1.43407111194595,2.16487039174946));
#5128=CARTESIAN_POINT('Ctrl Pts',(-1.59327950275284,0.178567035518724,2.24410138252586));
#5129=CARTESIAN_POINT('Ctrl Pts',(-1.01651930099277,-1.23980412596281,2.32333237330226));
#5130=CARTESIAN_POINT('Ctrl Pts',(0.487385908760755,-1.52737707723276,2.40256336407866));
#5131=CARTESIAN_POINT('Ctrl Pts',(1.54675709753427,-0.421862822856055,2.48179435485507));
#5132=CARTESIAN_POINT('Ctrl Pts',(1.19536498830792,1.06842327979529,2.56102534563147));
#5133=CARTESIAN_POINT('Ctrl Pts',(-0.246293366284087,1.58422389131544,2.64025633640787));
#5134=CARTESIAN_POINT('Ctrl Pts',(-1.46331293159937,0.655088562179859,2.71948732718427));
#5135=CARTESIAN_POINT('Ctrl Pts',(-1.3456767964938,-0.871538707954796,2.79871831796067));
#5136=CARTESIAN_POINT('Ctrl Pts',(-0.00067830533912976,-1.60325459612265,
2.87794930873707));
#5137=CARTESIAN_POINT('Ctrl Pts',(1.34493885327065,-0.872677054269639,2.95718029951347));
#5138=CARTESIAN_POINT('Ctrl Pts',(1.46386671769546,0.653850130312259,3.03641129028987));
#5139=CARTESIAN_POINT('Ctrl Pts',(0.247633785520545,1.58401492049626,3.11564228106628));
#5140=CARTESIAN_POINT('Ctrl Pts',(-1.19446050298134,1.06943436773999,3.19487327184267));
#5141=CARTESIAN_POINT('Ctrl Pts',(-1.54711350739001,-0.420553867343139,
3.27410426261908));
#5142=CARTESIAN_POINT('Ctrl Pts',(-0.48867814016814,-1.5269641238116,3.35333525339547));
#5143=CARTESIAN_POINT('Ctrl Pts',(1.01546986401765,-1.24066382044367,3.43256624417188));
#5144=CARTESIAN_POINT('Ctrl Pts',(1.59343002871267,0.177218801718816,3.51179723494828));
#5145=CARTESIAN_POINT('Ctrl Pts',(0.718057536312254,1.43346403325339,3.59102822572468));
#5146=CARTESIAN_POINT('Ctrl Pts',(-0.812239520324715,1.38227809130745,3.67025921650108));
#5147=CARTESIAN_POINT('Ctrl Pts',(-1.60171068627283,0.0703465533294995,
3.74949020727748));
#5148=CARTESIAN_POINT('Ctrl Pts',(-0.930296588586431,-1.30574653641139,
3.82872119805388));
#5149=CARTESIAN_POINT('Ctrl Pts',(0.58962066808049,-1.49089678645378,3.90795218883028));
#5150=CARTESIAN_POINT('Ctrl Pts',(1.57175781719409,-0.316232705732963,3.98718317960669));
#5151=CARTESIAN_POINT('Ctrl Pts',(1.12032905904366,1.1468603051585,4.06641417038309));
#5152=CARTESIAN_POINT('Ctrl Pts',(-0.352927315545348,1.56392713066429,4.14564516115949));
#5153=CARTESIAN_POINT('Ctrl Pts',(-1.50428640941256,0.554570246715935,4.22487615193589));
#5154=CARTESIAN_POINT('Ctrl Pts',(-1.28361879044672,-0.96059802253492,4.30410714271229));
#5155=CARTESIAN_POINT('Ctrl Pts',(0.107809435387258,-1.59962585804537,4.38333813348869));
#5156=CARTESIAN_POINT('Ctrl Pts',(1.4009070346057,-0.779669956121278,4.46256912426509));
#5157=CARTESIAN_POINT('Ctrl Pts',(1.41626798630279,0.751405849764115,4.54180011504149));
#5158=CARTESIAN_POINT('Ctrl Pts',(0.139881902608852,1.59714082453879,4.6210311058179));
#5159=CARTESIAN_POINT('Ctrl Pts',(-1.26408740314997,0.986158606555501,4.70026209659429));
#5160=CARTESIAN_POINT('Ctrl Pts',(-1.5151102529511,-0.524277294461958,4.7794930873707));
#5161=CARTESIAN_POINT('Ctrl Pts',(-0.384234199106679,-1.55653134896883,
4.8587240781471));
#5162=CARTESIAN_POINT('Ctrl Pts',(1.09709345880713,-1.1691072246499,4.9379550689235));
#5163=CARTESIAN_POINT('Ctrl Pts',(1.57778618274871,0.284634013450762,5.0171860596999));
#5164=CARTESIAN_POINT('Ctrl Pts',(0.619414659134321,1.47876679707627,5.0964170504763));
#5165=CARTESIAN_POINT('Ctrl Pts',(-0.903911419234583,1.32414874778623,5.1756480412527));
#5166=CARTESIAN_POINT('Ctrl Pts',(-1.60279967415103,-0.0381963954669138,
5.2548790320291));
#5167=CARTESIAN_POINT('Ctrl Pts',(-0.839809423422345,-1.36570344233873,
5.33411002280551));
#5168=CARTESIAN_POINT('Ctrl Pts',(0.6891526232466,-1.44758226777014,5.41334101358191));
#5169=CARTESIAN_POINT('Ctrl Pts',(1.589553644302,-0.209152986990691,5.49257200435831));
#5170=CARTESIAN_POINT('Ctrl Pts',(1.04015757365306,1.22004015591819,5.57180299513471));
#5171=CARTESIAN_POINT('Ctrl Pts',(-0.457943456165022,1.53646137311364,5.6510339859111));
#5172=CARTESIAN_POINT('Ctrl Pts',(-1.53836428165603,0.451509797202882,5.73026497668751));
#5173=CARTESIAN_POINT('Ctrl Pts',(-1.21567671286314,-1.0452539834263,5.8094959674639));
#5174=CARTESIAN_POINT('Ctrl Pts',(0.215802980799582,-1.58866448117632,5.88872695824032));
#5175=CARTESIAN_POINT('Ctrl Pts',(1.45045349839538,-0.683088873253134,5.96795794901671));
#5176=CARTESIAN_POINT('Ctrl Pts',(1.36217712337909,0.845517146252066,6.04718893979311));
#5177=CARTESIAN_POINT('Ctrl Pts',(0.0314888048687442,1.60294548143137,6.12641993056951));
#5178=CARTESIAN_POINT('Ctrl Pts',(-1.32791976266988,0.89836232201898,6.20565092134592));
#5179=CARTESIAN_POINT('Ctrl Pts',(-1.47616177754734,-0.625597448215909,
6.28488191212232));
#5180=CARTESIAN_POINT('Ctrl Pts',(-0.278028938059259,-1.57896348183566,
6.36411290289871));
#5181=CARTESIAN_POINT('Ctrl Pts',(1.17368800596418,-1.09219147014273,6.44334389367513));
#5182=CARTESIAN_POINT('Ctrl Pts',(1.55490981574793,0.390744461797932,6.52257488445151));
#5183=CARTESIAN_POINT('Ctrl Pts',(0.517932392808592,1.51729095411119,6.60180587522793));
#5184=CARTESIAN_POINT('Ctrl Pts',(-0.991439794872069,1.25994951111151,6.68103686600432));
#5185=CARTESIAN_POINT('Ctrl Pts',(-1.59654151129534,-0.14656418955631,6.76026785678073));
#5186=CARTESIAN_POINT('Ctrl Pts',(-0.745472526161097,-1.41940012371881,
6.83949884755712));
#5187=CARTESIAN_POINT('Ctrl Pts',(0.785525389866025,-1.39763184441884,6.91872983833353));
#5188=CARTESIAN_POINT('Ctrl Pts',(1.60006325552883,-0.101114952489823,6.99796082910993));
#5189=CARTESIAN_POINT('Ctrl Pts',(0.955217556770971,1.28762820506095,7.07719181988632));
#5190=CARTESIAN_POINT('Ctrl Pts',(-0.560859486979502,1.50195094931096,7.15642281066273));
#5191=CARTESIAN_POINT('Ctrl Pts',(-1.56539206539683,0.346382625229683,7.23565380143913));
#5192=CARTESIAN_POINT('Ctrl Pts',(-1.14215872369681,-1.1251242014319,7.31488479221554));
#5193=CARTESIAN_POINT('Ctrl Pts',(0.32280105209628,-1.57040993875047,7.39411578299192));
#5194=CARTESIAN_POINT('Ctrl Pts',(1.49336297788779,-0.583396996174995,7.47334677376834));
#5195=CARTESIAN_POINT('Ctrl Pts',(1.30181956368232,0.935791493950439,7.55257776454472));
#5196=CARTESIAN_POINT('Ctrl Pts',(-0.0770058629636996,1.6013284259549,7.63180875532115));
#5197=CARTESIAN_POINT('Ctrl Pts',(-1.38574624158248,0.806588299837275,7.71103974609753));
#5198=CARTESIAN_POINT('Ctrl Pts',(-1.43029215232434,-0.724316701526042,
7.79027073687394));
#5199=CARTESIAN_POINT('Ctrl Pts',(-0.170843415066016,-1.59364874176942,
7.86950172765033));
#5200=CARTESIAN_POINT('Ctrl Pts',(1.24546797757109,-1.01125372963934,7.94873271842675));
#5201=CARTESIAN_POINT('Ctrl Pts',(1.52377431129972,0.497084349856855,8.02796370920314));
#5202=CARTESIAN_POINT('Ctrl Pts',(0.785752219897434,1.19493702792542,8.08078436972074));
#5203=CARTESIAN_POINT('Ctrl Pts',(0.350561322973121,1.31128202024321,8.10719469997954));
#5204=CARTESIAN_POINT('Ctrl Pts',(1.09879644719092,-0.946377159884854,-0.107194699979541));
#5205=CARTESIAN_POINT('Ctrl Pts',(1.41288198995051,-0.581706399508246,-0.0807843697207402));
#5206=CARTESIAN_POINT('Ctrl Pts',(1.64420428702342,0.478534811392281,-0.0279637092031395));
#5207=CARTESIAN_POINT('Ctrl Pts',(0.490559338187372,1.64234089813341,0.0512672815732615));
#5208=CARTESIAN_POINT('Ctrl Pts',(-1.11014797344676,1.30379700816736,0.130498272349663));
#5209=CARTESIAN_POINT('Ctrl Pts',(-1.69848218632236,-0.221692195729405,
0.209729263126064));
#5210=CARTESIAN_POINT('Ctrl Pts',(-0.737582116624031,-1.54613728965359,
0.288960253902464));
#5211=CARTESIAN_POINT('Ctrl Pts',(0.896005605681404,-1.4597769948828,0.368191244678866));
#5212=CARTESIAN_POINT('Ctrl Pts',(1.7123897960516,-0.0423056339708729,0.447422235455267));
#5213=CARTESIAN_POINT('Ctrl Pts',(0.966928324971558,1.41391998467951,0.526653226231668));
#5214=CARTESIAN_POINT('Ctrl Pts',(-0.660440781053683,1.58045158008779,0.605884217008069));
#5215=CARTESIAN_POINT('Ctrl Pts',(-1.68543974133897,0.305534490577117,0.68511520778447));
#5216=CARTESIAN_POINT('Ctrl Pts',(-1.17318419000261,-1.24807845910616,0.764346198560872));
#5217=CARTESIAN_POINT('Ctrl Pts',(0.409106033564132,-1.66333344318994,0.843577189337271));
#5218=CARTESIAN_POINT('Ctrl Pts',(1.61826009854298,-0.561505195459153,0.922808180113675));
#5219=CARTESIAN_POINT('Ctrl Pts',(1.35143427920811,1.05246323207317,1.00203917089007));
#5220=CARTESIAN_POINT('Ctrl Pts',(-0.14800503122031,1.70650109439082,1.08127016166648));
#5221=CARTESIAN_POINT('Ctrl Pts',(-1.51245226489011,0.80407764709455,1.16050115244288));
#5222=CARTESIAN_POINT('Ctrl Pts',(-1.49742484915351,-0.831727947109838,
1.23973214321928));
#5223=CARTESIAN_POINT('Ctrl Pts',(-0.116629019799186,-1.70893240817842,
1.31896313399568));
#5224=CARTESIAN_POINT('Ctrl Pts',(1.37054159676614,-1.02745716430223,1.39819412477208));
#5225=CARTESIAN_POINT('Ctrl Pts',(1.60767121150183,0.591139349485932,1.47742511554848));
#5226=CARTESIAN_POINT('Ctrl Pts',(0.378479100943876,1.67057055954852,1.55665610632488));
#5227=CARTESIAN_POINT('Ctrl Pts',(-1.19591551615543,1.22631094366339,1.63588709710129));
#5228=CARTESIAN_POINT('Ctrl Pts',(-1.67954176266896,-0.336440057328477,
1.71511808787768));
#5229=CARTESIAN_POINT('Ctrl Pts',(-0.631294724525498,-1.5923314391463,1.79434907865409));
#5230=CARTESIAN_POINT('Ctrl Pts',(0.992742416248319,-1.39589216644889,1.87358006943049));
#5231=CARTESIAN_POINT('Ctrl Pts',(1.71132092513381,0.0737098038950315,1.95281106020689));
#5232=CARTESIAN_POINT('Ctrl Pts',(0.869041070394234,1.47608267438637,2.03204205098329));
#5233=CARTESIAN_POINT('Ctrl Pts',(-0.765872125788176,1.53215284197467,2.11127304175969));
#5234=CARTESIAN_POINT('Ctrl Pts',(-1.70225011707422,0.190779933208303,2.19050403253609));
#5235=CARTESIAN_POINT('Ctrl Pts',(-1.08604303019868,-1.32459917730874,2.26973502331249));
#5236=CARTESIAN_POINT('Ctrl Pts',(0.520720136557874,-1.63184036701894,2.3489660140889));
#5237=CARTESIAN_POINT('Ctrl Pts',(1.65254586267752,-0.450715670637344,2.42819700486529));
#5238=CARTESIAN_POINT('Ctrl Pts',(1.27712067328919,1.14149692503669,2.5074279956417));
#5239=CARTESIAN_POINT('Ctrl Pts',(-0.263138332519381,1.69257515696656,2.58665898641809));
#5240=CARTESIAN_POINT('Ctrl Pts',(-1.56339462399879,0.699892630099086,2.6658899771945));
#5241=CARTESIAN_POINT('Ctrl Pts',(-1.43771289369997,-0.931146647582844,
2.74512096797089));
#5242=CARTESIAN_POINT('Ctrl Pts',(-0.000724697293194074,-1.71290744607848,
2.8243519587473));
#5243=CARTESIAN_POINT('Ctrl Pts',(1.4369244796547,-0.932362849852668,2.9035829495237));
#5244=CARTESIAN_POINT('Ctrl Pts',(1.56398628569109,0.698569497034253,2.9828139403001));
#5245=CARTESIAN_POINT('Ctrl Pts',(0.26457042826796,1.69235189381605,3.0620449310765));
#5246=CARTESIAN_POINT('Ctrl Pts',(-1.27615432667493,1.1425771652389,3.14127592185291));
#5247=CARTESIAN_POINT('Ctrl Pts',(-1.65292664879672,-0.449317190539372,
3.2205069126293));
#5248=CARTESIAN_POINT('Ctrl Pts',(-0.522100748723354,-1.63139917009881,
3.29973790340571));
#5249=CARTESIAN_POINT('Ctrl Pts',(1.08492181812593,-1.32551766965623,3.37896889418211));
#5250=CARTESIAN_POINT('Ctrl Pts',(1.70241093809294,0.18933948842773,3.45819988495851));
#5251=CARTESIAN_POINT('Ctrl Pts',(0.767168298557579,1.53150424279688,3.53743087573491));
#5252=CARTESIAN_POINT('Ctrl Pts',(-0.867791756673054,1.47681749416333,3.61666186651132));
#5253=CARTESIAN_POINT('Ctrl Pts',(-1.71125794219792,0.0751578291404684,
3.69589285728771));
#5254=CARTESIAN_POINT('Ctrl Pts',(-0.993923209392257,-1.39505164701812,
3.77512384806411));
#5255=CARTESIAN_POINT('Ctrl Pts',(0.629947130767233,-1.59286504652927,3.85435483884051));
#5256=CARTESIAN_POINT('Ctrl Pts',(1.67925647929835,-0.337861096829876,3.93358582961692));
#5257=CARTESIAN_POINT('Ctrl Pts',(1.19695274346008,1.22529856522398,4.01281682039331));
#5258=CARTESIAN_POINT('Ctrl Pts',(-0.377065394469556,1.67089022150172,4.09204781116972));
#5259=CARTESIAN_POINT('Ctrl Pts',(-1.60717043815063,0.592499474051493,4.17127880194612));
#5260=CARTESIAN_POINT('Ctrl Pts',(-1.37141049799569,-1.02629707687578,4.25050979272252));
#5261=CARTESIAN_POINT('Ctrl Pts',(0.115182944168041,-1.70903052441708,4.32974078349892));
#5262=CARTESIAN_POINT('Ctrl Pts',(1.49672054372596,-0.832994632638907,4.40897177427532));
#5263=CARTESIAN_POINT('Ctrl Pts',(1.5131320909652,0.802797433545871,4.48820276505172));
#5264=CARTESIAN_POINT('Ctrl Pts',(0.149448972814298,1.70637552975343,4.56743375582813));
#5265=CARTESIAN_POINT('Ctrl Pts',(-1.35054328276128,1.05360584916987,4.64666474660452));
#5266=CARTESIAN_POINT('Ctrl Pts',(-1.61873456666595,-0.560134668358729,
4.72589573738093));
#5267=CARTESIAN_POINT('Ctrl Pts',(-0.410513478195877,-1.66298861338136,
4.80512672815732));
#5268=CARTESIAN_POINT('Ctrl Pts',(1.17212796968085,-1.24906703851655,4.88435771893373));
#5269=CARTESIAN_POINT('Ctrl Pts',(1.68569714834191,0.304101246443402,4.96358870971013));
#5270=CARTESIAN_POINT('Ctrl Pts',(0.66177884935262,1.5799054397545,5.04281970048654));
#5271=CARTESIAN_POINT('Ctrl Pts',(-0.965733455152274,1.41471245757466,5.12205069126292));
#5272=CARTESIAN_POINT('Ctrl Pts',(-1.71242141021465,-0.0408087962865427,
5.20128168203934));
#5273=CARTESIAN_POINT('Ctrl Pts',(-0.89724727323156,-1.45910924015095,5.28051267281572));
#5274=CARTESIAN_POINT('Ctrl Pts',(0.736286465479944,-1.54658807856925,5.35974366359214));
#5275=CARTESIAN_POINT('Ctrl Pts',(1.69826943259722,-0.223457777481091,5.43897465436854));
#5276=CARTESIAN_POINT('Ctrl Pts',(1.11129801674304,1.30348347208303,5.51820564514493));
#5277=CARTESIAN_POINT('Ctrl Pts',(-0.489263999520121,1.64154597341132,5.59743663592134));
#5278=CARTESIAN_POINT('Ctrl Pts',(-1.64357902930858,0.482390317468354,5.67666762669774));
#5279=CARTESIAN_POINT('Ctrl Pts',(-1.29882159609801,-1.11674298990572,5.75589861747414));
#5280=CARTESIAN_POINT('Ctrl Pts',(0.230562590365565,-1.69731945612907,5.83512960825054));
#5281=CARTESIAN_POINT('Ctrl Pts',(1.54965568388239,-0.729807991917424,5.91436059902694));
#5282=CARTESIAN_POINT('Ctrl Pts',(1.45534174245107,0.90334536954067,5.99359158980335));
#5283=CARTESIAN_POINT('Ctrl Pts',(0.0336424473431894,1.71257718982494,6.07282258057974));
#5284=CARTESIAN_POINT('Ctrl Pts',(-1.41874138690945,0.959804833483196,6.15205357135614));
#5285=CARTESIAN_POINT('Ctrl Pts',(-1.57712225275533,-0.668384503551894,
6.23128456213255));
#5286=CARTESIAN_POINT('Ctrl Pts',(-0.297044424122497,-1.68695496751621,
6.31051555290894));
#5287=CARTESIAN_POINT('Ctrl Pts',(1.25396111737406,-1.16689071484674,6.38974654368536));
#5288=CARTESIAN_POINT('Ctrl Pts',(1.6612561771639,0.41746900320528,6.46897753446174));
#5289=CARTESIAN_POINT('Ctrl Pts',(0.553355814075094,1.62106441450411,6.54820852523816));
#5290=CARTESIAN_POINT('Ctrl Pts',(-1.05924823860288,1.3461223841087,6.62743951601455));
#5291=CARTESIAN_POINT('Ctrl Pts',(-1.70573522713418,-0.156588287491337,
6.70667050679096));
#5292=CARTESIAN_POINT('Ctrl Pts',(-0.796458306744561,-1.51647844750459,
6.78590149756735));
#5293=CARTESIAN_POINT('Ctrl Pts',(0.839250542390015,-1.49322135047744,6.86513248834376));
#5294=CARTESIAN_POINT('Ctrl Pts',(1.7094978372245,-0.108030599412322,6.94436347912015));
#5295=CARTESIAN_POINT('Ctrl Pts',(1.02054862002262,1.37569413215071,7.02359446989656));
#5296=CARTESIAN_POINT('Ctrl Pts',(-0.599218860045263,1.6046752468019,7.10282546067295));
#5297=CARTESIAN_POINT('Ctrl Pts',(-1.67245534884797,0.370073087195908,7.18205645144937));
#5298=CARTESIAN_POINT('Ctrl Pts',(-1.2202754242247,-1.20207584438347,7.26128744222575));
#5299=CARTESIAN_POINT('Ctrl Pts',(0.344878678080761,-1.67781641417827,7.34051843300217));
#5300=CARTESIAN_POINT('Ctrl Pts',(1.59549991043734,-0.623297797607889,7.41974942377856));
#5301=CARTESIAN_POINT('Ctrl Pts',(1.3908560932711,0.999793932817138,7.49898041455496));
#5302=CARTESIAN_POINT('Ctrl Pts',(-0.0822725949959664,1.71084953760236,
7.57821140533137));
#5303=CARTESIAN_POINT('Ctrl Pts',(-1.48052284479484,0.861754027122315,7.65744239610776));
#5304=CARTESIAN_POINT('Ctrl Pts',(-1.52811542453022,-0.773855552551338,
7.73667338688417));
#5305=CARTESIAN_POINT('Ctrl Pts',(-0.182528064156361,-1.70264460979073,
7.81590437766056));
#5306=CARTESIAN_POINT('Ctrl Pts',(1.33065040187206,-1.08041732583397,7.89513536843697));
#5307=CARTESIAN_POINT('Ctrl Pts',(1.62799119383827,0.531081891957821,7.97436635921337));
#5308=CARTESIAN_POINT('Ctrl Pts',(0.839492886214094,1.27666344302298,8.02718701973097));
#5309=CARTESIAN_POINT('Ctrl Pts',(0.374537582415167,1.40096572423087,8.05359734998977));
#5310=CARTESIAN_POINT('Ctrl Pts',(1.16913659442518,-1.00696009035904,-0.160792049969311));
#5311=CARTESIAN_POINT('Ctrl Pts',(1.50332852120007,-0.618944701373099,-0.13438171971051));
#5312=CARTESIAN_POINT('Ctrl Pts',(1.74945906094275,0.509168519005832,-0.0815610591929098));
#5313=CARTESIAN_POINT('Ctrl Pts',(0.521962803463819,1.74747638603828,-0.00233006841650858));
#5314=CARTESIAN_POINT('Ctrl Pts',(-1.18121479579015,1.38726039554229,0.0769009223598924));
#5315=CARTESIAN_POINT('Ctrl Pts',(-1.80721159418141,-0.235883961390973,
0.156131913136294));
#5316=CARTESIAN_POINT('Ctrl Pts',(-0.784798900782125,-1.64511424291609,
0.235362903912694));
#5317=CARTESIAN_POINT('Ctrl Pts',(0.953363969359664,-1.55322553943512,0.314593894689096));
#5318=CARTESIAN_POINT('Ctrl Pts',(1.82200950831464,-0.0450138557984516,
0.393824885465497));
#5319=CARTESIAN_POINT('Ctrl Pts',(1.02882685123396,1.50443296381598,0.473055876241898));
#5320=CARTESIAN_POINT('Ctrl Pts',(-0.702719313986321,1.68162518428373,0.552286867018299));
#5321=CARTESIAN_POINT('Ctrl Pts',(-1.79333422886061,0.325093473596477,0.6315178577947));
#5322=CARTESIAN_POINT('Ctrl Pts',(-1.24828631548606,-1.32797498843866,0.710748848571102));
#5323=CARTESIAN_POINT('Ctrl Pts',(0.435295214197992,-1.76981278210004,0.789979839347502));
#5324=CARTESIAN_POINT('Ctrl Pts',(1.72185403888185,-0.597450304512222,0.869210830123904));
#5325=CARTESIAN_POINT('Ctrl Pts',(1.43794719651864,1.1198373293338,0.948441820900303));
#5326=CARTESIAN_POINT('Ctrl Pts',(-0.157479666594371,1.81574383770489,1.02767281167671));
#5327=CARTESIAN_POINT('Ctrl Pts',(-1.60927285005777,0.855551184553656,1.10690380245311));
#5328=CARTESIAN_POINT('Ctrl Pts',(-1.5932834448297,-0.88497153595482,1.18613479322951));
#5329=CARTESIAN_POINT('Ctrl Pts',(-0.124095100023085,-1.81833079357727,
1.26536578400591));
#5330=CARTESIAN_POINT('Ctrl Pts',(1.45827768105516,-1.093230482371,1.34459677478231));
#5331=CARTESIAN_POINT('Ctrl Pts',(1.71058729756165,0.628981507590021,1.42382776555871));
#5332=CARTESIAN_POINT('Ctrl Pts',(0.402707679179221,1.7775131870245,1.50305875633511));
#5333=CARTESIAN_POINT('Ctrl Pts',(-1.27247280181209,1.30481401177286,1.58228974711151));
#5334=CARTESIAN_POINT('Ctrl Pts',(-1.78705868736803,-0.357977479685905,
1.66152073788792));
#5335=CARTESIAN_POINT('Ctrl Pts',(-0.671707454276182,-1.69426554000878,
1.74075172866432));
#5336=CARTESIAN_POINT('Ctrl Pts',(1.05629344783668,-1.48525108343682,1.81998271944072));
#5337=CARTESIAN_POINT('Ctrl Pts',(1.82087221295125,0.0784283834570978,1.89921371021712));
#5338=CARTESIAN_POINT('Ctrl Pts',(0.924673282347985,1.570575037291,1.97844470099352));
#5339=CARTESIAN_POINT('Ctrl Pts',(-0.814899912716577,1.63023457200339,2.05767569176992));
#5340=CARTESIAN_POINT('Ctrl Pts',(-1.8112207313956,0.202992830897882,2.13690668254632));
#5341=CARTESIAN_POINT('Ctrl Pts',(-1.1555667594046,-1.40939422865468,2.21613767332272));
#5342=CARTESIAN_POINT('Ctrl Pts',(0.554054364354993,-1.73630365680512,2.29536866409912));
#5343=CARTESIAN_POINT('Ctrl Pts',(1.75833462782076,-0.479568518418632,2.37459965487552));
#5344=CARTESIAN_POINT('Ctrl Pts',(1.35887635827047,1.21457057027809,2.45383064565193));
#5345=CARTESIAN_POINT('Ctrl Pts',(-0.279983298754675,1.80092642261768,2.53306163642833));
#5346=CARTESIAN_POINT('Ctrl Pts',(-1.66347631639821,0.744696698018311,2.61229262720472));
#5347=CARTESIAN_POINT('Ctrl Pts',(-1.52974899090614,-0.99075458721089,2.69152361798113));
#5348=CARTESIAN_POINT('Ctrl Pts',(-0.000771089247258389,-1.82256029603432,
2.77075460875752));
#5349=CARTESIAN_POINT('Ctrl Pts',(1.52891010603876,-0.992048645435696,2.84998559953394));
#5350=CARTESIAN_POINT('Ctrl Pts',(1.66410585368671,0.743288863756249,2.92921659031032));
#5351=CARTESIAN_POINT('Ctrl Pts',(0.281507071015374,1.80068886713584,3.00844758108674));
#5352=CARTESIAN_POINT('Ctrl Pts',(-1.35784815036852,1.21571996273782,3.08767857186313));
#5353=CARTESIAN_POINT('Ctrl Pts',(-1.75873979020343,-0.478080513735609,
3.16690956263954));
#5354=CARTESIAN_POINT('Ctrl Pts',(-0.555523357278566,-1.73583421638602,
3.24614055341594));
#5355=CARTESIAN_POINT('Ctrl Pts',(1.15437377223421,-1.4103715188688,3.32537154419233));
#5356=CARTESIAN_POINT('Ctrl Pts',(1.81139184747321,0.201460175136642,3.40460253496874));
#5357=CARTESIAN_POINT('Ctrl Pts',(0.816279060802905,1.62954445234036,3.48383352574513));
#5358=CARTESIAN_POINT('Ctrl Pts',(-0.923343993021394,1.57135689701921,3.56306451652155));
#5359=CARTESIAN_POINT('Ctrl Pts',(-1.82080519812301,0.0799691049514361,
3.64229550729793));
#5360=CARTESIAN_POINT('Ctrl Pts',(-1.05754983019808,-1.48435675762484,3.72152649807435));
#5361=CARTESIAN_POINT('Ctrl Pts',(0.670273593453977,-1.69483330660476,3.80075748885074));
#5362=CARTESIAN_POINT('Ctrl Pts',(1.78675514140261,-0.359489487926787,3.87998847962715));
#5363=CARTESIAN_POINT('Ctrl Pts',(1.2735764278765,1.30373682528946,3.95921947040354));
#5364=CARTESIAN_POINT('Ctrl Pts',(-0.401203473393766,1.77785331233915,4.03845046117995));
#5365=CARTESIAN_POINT('Ctrl Pts',(-1.71005446688869,0.630428701387049,4.11768145195635));
#5366=CARTESIAN_POINT('Ctrl Pts',(-1.45920220554467,-1.09199613121664,4.19691244273275));
#5367=CARTESIAN_POINT('Ctrl Pts',(0.122556452948825,-1.8184351907888,4.27614343350915));
#5368=CARTESIAN_POINT('Ctrl Pts',(1.59253405284622,-0.886319309156532,4.35537442428555));
#5369=CARTESIAN_POINT('Ctrl Pts',(1.60999619562761,0.854189017327625,4.43460541506195));
#5370=CARTESIAN_POINT('Ctrl Pts',(0.159016043019741,1.81561023496808,4.51383640583836));
#5371=CARTESIAN_POINT('Ctrl Pts',(-1.4369991623726,1.12105309178424,4.59306739661475));
#5372=CARTESIAN_POINT('Ctrl Pts',(-1.7223588803808,-0.595992042255501,4.67229838739115));
#5373=CARTESIAN_POINT('Ctrl Pts',(-0.436792757285074,-1.76944587779389,
4.75152937816756));
#5374=CARTESIAN_POINT('Ctrl Pts',(1.24716248055457,-1.3290268523832,4.83076036894396));
#5375=CARTESIAN_POINT('Ctrl Pts',(1.79360811393511,0.323568479436043,4.90999135972036));
#5376=CARTESIAN_POINT('Ctrl Pts',(0.704143039570918,1.68104408243273,4.98922235049676));
#5377=CARTESIAN_POINT('Ctrl Pts',(-1.02755549106996,1.50527616736308,5.06845334127316));
#5378=CARTESIAN_POINT('Ctrl Pts',(-1.82204314627827,-0.0434211971061737,
5.14768433204956));
#5379=CARTESIAN_POINT('Ctrl Pts',(-0.954685123040775,-1.55251503796316,
5.22691532282596));
#5380=CARTESIAN_POINT('Ctrl Pts',(0.78342030771329,-1.64559388936836,5.30614631360237));
#5381=CARTESIAN_POINT('Ctrl Pts',(1.80698522089243,-0.23776256797149,5.38537730437877));
#5382=CARTESIAN_POINT('Ctrl Pts',(1.18243845983301,1.38692678824786,5.46460829515516));
#5383=CARTESIAN_POINT('Ctrl Pts',(-0.520584542875217,1.746630573709,5.54383928593157));
#5384=CARTESIAN_POINT('Ctrl Pts',(-1.74879377696114,0.513270837733826,5.62307027670797));
#5385=CARTESIAN_POINT('Ctrl Pts',(-1.38196647933288,-1.18823199638515,5.70230126748438));
#5386=CARTESIAN_POINT('Ctrl Pts',(0.245322199931547,-1.80597443108182,5.78153225826077));
#5387=CARTESIAN_POINT('Ctrl Pts',(1.64885786936941,-0.776527110581716,5.86076324903717));
#5388=CARTESIAN_POINT('Ctrl Pts',(1.54850636152304,0.961173592829275,5.93999423981357));
#5389=CARTESIAN_POINT('Ctrl Pts',(0.0357960898176358,1.82220889821851,6.01922523058998));
#5390=CARTESIAN_POINT('Ctrl Pts',(-1.50956301114903,1.02124734494741,6.09845622136637));
#5391=CARTESIAN_POINT('Ctrl Pts',(-1.67808272796332,-0.711171558887879,
6.17768721214278));
#5392=CARTESIAN_POINT('Ctrl Pts',(-0.316059910185734,-1.79494645319677,
6.25691820291917));
#5393=CARTESIAN_POINT('Ctrl Pts',(1.33423422878393,-1.24158995955076,6.33614919369558));
#5394=CARTESIAN_POINT('Ctrl Pts',(1.76760253857986,0.44419354461263,6.41538018447197));
#5395=CARTESIAN_POINT('Ctrl Pts',(0.588779235341596,1.72483787489703,6.49461117524838));
#5396=CARTESIAN_POINT('Ctrl Pts',(-1.1270566823337,1.43229525710589,6.57384216602478));
#5397=CARTESIAN_POINT('Ctrl Pts',(-1.81492894297302,-0.166612385426365,
6.65307315680118));
#5398=CARTESIAN_POINT('Ctrl Pts',(-0.847444087328025,-1.61355677129037,
6.73230414757758));
#5399=CARTESIAN_POINT('Ctrl Pts',(0.892975694914004,-1.58881085653605,6.81153513835399));
#5400=CARTESIAN_POINT('Ctrl Pts',(1.81893241892018,-0.114946246334822,6.89076612913038));
#5401=CARTESIAN_POINT('Ctrl Pts',(1.08587968327427,1.46376005924046,6.9699971199068));
#5402=CARTESIAN_POINT('Ctrl Pts',(-0.637578233111029,1.70739954429284,7.04922811068318));
#5403=CARTESIAN_POINT('Ctrl Pts',(-1.7795186322991,0.393763549162132,7.1284591014596));
#5404=CARTESIAN_POINT('Ctrl Pts',(-1.29839212475259,-1.27902748733504,7.20769009223598));
#5405=CARTESIAN_POINT('Ctrl Pts',(0.366956304065245,-1.78522288960608,7.2869210830124));
#5406=CARTESIAN_POINT('Ctrl Pts',(1.69763684298688,-0.663198599040779,7.36615207378879));
#5407=CARTESIAN_POINT('Ctrl Pts',(1.47989262285988,1.06379637168384,7.44538306456519));
#5408=CARTESIAN_POINT('Ctrl Pts',(-0.0875393270282325,1.82037064924981,
7.5246140553416));
#5409=CARTESIAN_POINT('Ctrl Pts',(-1.5752994480072,0.916919754407354,7.60384504611799));
#5410=CARTESIAN_POINT('Ctrl Pts',(-1.62593869673609,-0.823394403576633,
7.6830760368944));
#5411=CARTESIAN_POINT('Ctrl Pts',(-0.194212713246707,-1.81164047781205,
7.76230702767078));
#5412=CARTESIAN_POINT('Ctrl Pts',(1.41583282617302,-1.14958092202861,7.84153801844722));
#5413=CARTESIAN_POINT('Ctrl Pts',(1.73220807637682,0.565079434058786,7.92076900922359));
#5414=CARTESIAN_POINT('Ctrl Pts',(0.893233552530752,1.35838985812053,7.9735896697412));
#5415=CARTESIAN_POINT('Ctrl Pts',(0.398513841857214,1.49064942821852,8.));
#5416=CARTESIAN_POINT('Ctrl Pts',(0.398513841857214,1.49064942821852,8.));
#5417=CARTESIAN_POINT('Ctrl Pts',(0.456369583825925,1.46950917823088,8.));
#5418=CARTESIAN_POINT('Ctrl Pts',(0.512712117278409,1.44467524834636,8.));
#5419=CARTESIAN_POINT('Ctrl Pts',(0.567322121578531,1.41643143880561,8.));
#5420=CARTESIAN_POINT('Ctrl Pts',(0.61937921940605,1.38950796983453,8.));
#5421=CARTESIAN_POINT('Ctrl Pts',(0.669862360076183,1.35948485692869,8.));
#5422=CARTESIAN_POINT('Ctrl Pts',(0.718550167841686,1.32657400389809,8.));
#5423=CARTESIAN_POINT('Ctrl Pts',(0.728906001264832,1.31957390823882,8.));
#5424=CARTESIAN_POINT('Ctrl Pts',(0.739177437750393,1.31244505405705,8.));
#5425=CARTESIAN_POINT('Ctrl Pts',(0.749355809007404,1.30519441331797,8.));
#5426=CARTESIAN_POINT('Ctrl Pts',(0.7983766497925,1.27027404184735,8.));
#5427=CARTESIAN_POINT('Ctrl Pts',(0.845289070271428,1.23249980278068,8.));
#5428=CARTESIAN_POINT('Ctrl Pts',(0.889863667116706,1.19211663290402,8.));
#5429=CARTESIAN_POINT('Ctrl Pts',(0.91763694377551,1.16695492581698,8.00000000000001));
#5430=CARTESIAN_POINT('Ctrl Pts',(0.944501878836118,1.14077965213615,8.));
#5431=CARTESIAN_POINT('Ctrl Pts',(0.970394165852657,1.11364480540332,8.));
#5432=CARTESIAN_POINT('Ctrl Pts',(0.978118004727611,1.10555030282318,8.));
#5433=CARTESIAN_POINT('Ctrl Pts',(0.98575524034696,1.09737039013328,8.));
#5434=CARTESIAN_POINT('Ctrl Pts',(0.993304033144842,1.08910645298598,8.));
#5435=CARTESIAN_POINT('Ctrl Pts',(1.0011537304416,1.08051310477488,8.));
#5436=CARTESIAN_POINT('Ctrl Pts',(1.00890223477566,1.07183493659913,8.));
#5437=CARTESIAN_POINT('Ctrl Pts',(1.0165450305969,1.06307720771366,8.));
#5438=CARTESIAN_POINT('Ctrl Pts',(1.05591423070029,1.01796481834622,8.));
#5439=CARTESIAN_POINT('Ctrl Pts',(1.09250838637607,0.970715285048277,8.));
#5440=CARTESIAN_POINT('Ctrl Pts',(1.12610104514852,0.921570998478579,8.));
#5441=CARTESIAN_POINT('Ctrl Pts',(1.15823509256749,0.874560583325113,8.));
#5442=CARTESIAN_POINT('Ctrl Pts',(1.18762286962724,0.825815391367785,8.));
#5443=CARTESIAN_POINT('Ctrl Pts',(1.21402010885308,0.775529575947357,8.));
#5444=CARTESIAN_POINT('Ctrl Pts',(1.22849655439726,0.747952454629841,8.));
#5445=CARTESIAN_POINT('Ctrl Pts',(1.2420727543724,0.719911754427472,8.));
#5446=CARTESIAN_POINT('Ctrl Pts',(1.2547017632245,0.691438578444938,8.));
#5447=CARTESIAN_POINT('Ctrl Pts',(1.26620191634222,0.665510503852424,8.));
#5448=CARTESIAN_POINT('Ctrl Pts',(1.27691659935639,0.639223785504529,8.));
#5449=CARTESIAN_POINT('Ctrl Pts',(1.28680661088122,0.612601947736228,8.));
#5450=CARTESIAN_POINT('Ctrl Pts',(1.29027148273724,0.60327523904564,8.));
#5451=CARTESIAN_POINT('Ctrl Pts',(1.29363169397081,0.593916556808317,8.));
#5452=CARTESIAN_POINT('Ctrl Pts',(1.29688584244894,0.58452782000656,8.));
#5453=CARTESIAN_POINT('Ctrl Pts',(1.31387537213848,0.535510320125205,8.));
#5454=CARTESIAN_POINT('Ctrl Pts',(1.32797974199649,0.485666943836409,8.));
#5455=CARTESIAN_POINT('Ctrl Pts',(1.33901919342192,0.435150591592649,8.));
#5456=CARTESIAN_POINT('Ctrl Pts',(1.35108537179824,0.37993595332816,8.));
#5457=CARTESIAN_POINT('Ctrl Pts',(1.35949048045994,0.323916325935715,8.));
#5458=CARTESIAN_POINT('Ctrl Pts',(1.36432660172725,0.267429160274561,8.));
#5459=CARTESIAN_POINT('Ctrl Pts',(1.36846532957682,0.219087732766228,8.));
#5460=CARTESIAN_POINT('Ctrl Pts',(1.36998911092412,0.170403430522402,8.00000000000001));
#5461=CARTESIAN_POINT('Ctrl Pts',(1.36892659335294,0.121596416050833,8.00000000000001));
#5462=CARTESIAN_POINT('Ctrl Pts',(1.36867675810222,0.110120170360213,8.00000000000001));
#5463=CARTESIAN_POINT('Ctrl Pts',(1.36828382159901,0.0986371970557276,8.));
#5464=CARTESIAN_POINT('Ctrl Pts',(1.36774796081604,0.0871504764444728,8.));
#5465=CARTESIAN_POINT('Ctrl Pts',(1.36728957412911,0.077324491837858,8.));
#5466=CARTESIAN_POINT('Ctrl Pts',(1.36672677962196,0.0675007388098192,8.));
#5467=CARTESIAN_POINT('Ctrl Pts',(1.36606064961549,0.0576888070159419,8.));
#5468=CARTESIAN_POINT('Ctrl Pts',(1.36229953702925,0.00228854009076781,
8.));
#5469=CARTESIAN_POINT('Ctrl Pts',(1.35524488331568,-0.0528120730577013,
8.));
#5470=CARTESIAN_POINT('Ctrl Pts',(1.34499513898539,-0.107297030741076,8.));
#5471=CARTESIAN_POINT('Ctrl Pts',(1.33480865541756,-0.161445710771599,8.));
#5472=CARTESIAN_POINT('Ctrl Pts',(1.32146589333233,-0.214987401416569,8.));
#5473=CARTESIAN_POINT('Ctrl Pts',(1.305016948691,-0.267591333468458,8.00000000000001));
#5474=CARTESIAN_POINT('Ctrl Pts',(1.29666332504105,-0.29430632707144,8.00000000000001));
#5475=CARTESIAN_POINT('Ctrl Pts',(1.28750787824473,-0.320779029496788,8.));
#5476=CARTESIAN_POINT('Ctrl Pts',(1.27755315092648,-0.34696271370593,8.));
#5477=CARTESIAN_POINT('Ctrl Pts',(1.27140178259433,-0.363142512580782,8.));
#5478=CARTESIAN_POINT('Ctrl Pts',(1.2649451635538,-0.379211901548336,8.));
#5479=CARTESIAN_POINT('Ctrl Pts',(1.25818342628871,-0.395159296086957,8.));
#5480=CARTESIAN_POINT('Ctrl Pts',(1.25451684878723,-0.40380683084469,8.));
#5481=CARTESIAN_POINT('Ctrl Pts',(1.25076054858595,-0.412418486632943,8.));
#5482=CARTESIAN_POINT('Ctrl Pts',(1.24691450543466,-0.420992357614425,8.));
#5483=CARTESIAN_POINT('Ctrl Pts',(1.24279478255807,-0.430176334765439,8.));
#5484=CARTESIAN_POINT('Ctrl Pts',(1.23857588153417,-0.439308454838436,8.));
#5485=CARTESIAN_POINT('Ctrl Pts',(1.23425958008115,-0.448384055421742,8.));
#5486=CARTESIAN_POINT('Ctrl Pts',(1.21145727233085,-0.496328954491441,8.));
#5487=CARTESIAN_POINT('Ctrl Pts',(1.18592871472167,-0.542724039398048,8.));
#5488=CARTESIAN_POINT('Ctrl Pts',(1.15772874327789,-0.587272274690256,8.));
#5489=CARTESIAN_POINT('Ctrl Pts',(1.1305320472947,-0.630235609395919,8.));
#5490=CARTESIAN_POINT('Ctrl Pts',(1.10085005180459,-0.671481798881033,8.00000000000001));
#5491=CARTESIAN_POINT('Ctrl Pts',(1.06869952898384,-0.710709868552012,8.00000000000001));
#5492=CARTESIAN_POINT('Ctrl Pts',(1.04296024164275,-0.742115347172898,8.00000000000001));
#5493=CARTESIAN_POINT('Ctrl Pts',(1.0156380995973,-0.772226831033075,8.));
#5494=CARTESIAN_POINT('Ctrl Pts',(0.986729386819728,-0.80086903337937,8.));
#5495=CARTESIAN_POINT('Ctrl Pts',(0.977939368028093,-0.809578016681216,
8.));
#5496=CARTESIAN_POINT('Ctrl Pts',(0.969002591957641,-0.818151010070126,
8.));
#5497=CARTESIAN_POINT('Ctrl Pts',(0.959922932069669,-0.82658610036014,8.));
#5498=CARTESIAN_POINT('Ctrl Pts',(-1.26244128220478,-0.000253358193937209,
7.80658032638059));
#5499=CARTESIAN_POINT('Ctrl Pts',(-1.26214074694663,0.222772574457315,7.79259924961616));
#5500=CARTESIAN_POINT('Ctrl Pts',(-1.20591508996461,0.445962476248548,7.77861817285173));
#5501=CARTESIAN_POINT('Ctrl Pts',(-1.0946810940884,0.637119959002602,7.76463709608731));
#5502=CARTESIAN_POINT('Ctrl Pts',(-0.884559469223895,0.998217486470639,
7.73822676582851));
#5503=CARTESIAN_POINT('Ctrl Pts',(-0.478149300077661,1.24501240038904,7.71181643556971));
#5504=CARTESIAN_POINT('Ctrl Pts',(-0.0608571880003812,1.26507348081096,
7.68540610531091));
#5505=CARTESIAN_POINT('Ctrl Pts',(0.356434924076893,1.28513456123288,7.65899577505211));
#5506=CARTESIAN_POINT('Ctrl Pts',(0.784608979085213,1.07846180815831,7.63258544479331));
#5507=CARTESIAN_POINT('Ctrl Pts',(1.02843650846349,0.73924455665005,7.6061751145345));
#5508=CARTESIAN_POINT('Ctrl Pts',(1.27226403784177,0.400027305141792,7.5797647842757));
#5509=CARTESIAN_POINT('Ctrl Pts',(1.33174504159001,-0.0717344448001562,
7.5533544540169));
#5510=CARTESIAN_POINT('Ctrl Pts',(1.17973510692639,-0.460866531201225,7.5269441237581));
#5511=CARTESIAN_POINT('Ctrl Pts',(1.02772517226276,-0.849998617602294,7.5005337934993));
#5512=CARTESIAN_POINT('Ctrl Pts',(0.664224299187279,-1.15650104046248,7.4741234632405));
#5513=CARTESIAN_POINT('Ctrl Pts',(0.255012954436086,-1.24061376775219,7.4477131329817));
#5514=CARTESIAN_POINT('Ctrl Pts',(-0.154198390315107,-1.32472649504189,
7.4213028027229));
#5515=CARTESIAN_POINT('Ctrl Pts',(-0.609120206742011,-1.18644952676112,
7.39489247246411));
#5516=CARTESIAN_POINT('Ctrl Pts',(-0.902295574751593,-0.888833588996765,
7.3684821422053));
#5517=CARTESIAN_POINT('Ctrl Pts',(-1.13134846752795,-0.656311355140319,
7.34784820359707));
#5518=CARTESIAN_POINT('Ctrl Pts',(-1.26167085554675,-0.326528148702427,
7.32721426498883));
#5519=CARTESIAN_POINT('Ctrl Pts',(-1.26467777126479,0.00113348070255002,
7.30658032638059));
#5520=CARTESIAN_POINT('Ctrl Pts',(-0.398513841857237,1.49064942821851,0.));
#5521=CARTESIAN_POINT('Ctrl Pts',(-0.893233552530774,1.35838985812051,0.0264103302588004));
#5522=CARTESIAN_POINT('Ctrl Pts',(-1.73220791605837,0.565078472757322,0.0792309907764012));
#5523=CARTESIAN_POINT('Ctrl Pts',(-1.4158329690269,-1.14958034947912,0.158461981552802));
#5524=CARTESIAN_POINT('Ctrl Pts',(0.194212743316497,-1.81164090755013,0.237692972329203));
#5525=CARTESIAN_POINT('Ctrl Pts',(1.62593875339929,-0.823394201594583,0.316923963105604));
#5526=CARTESIAN_POINT('Ctrl Pts',(1.57529948439888,0.916919645775982,0.396154953882006));
#5527=CARTESIAN_POINT('Ctrl Pts',(0.087539342095988,1.82037078813417,0.475385944658406));
#5528=CARTESIAN_POINT('Ctrl Pts',(-1.47989267869886,1.06379635714313,0.554616935434807));
#5529=CARTESIAN_POINT('Ctrl Pts',(-1.69763688987868,-0.663198592020739,
0.633847926211209));
#5530=CARTESIAN_POINT('Ctrl Pts',(-0.366956319775015,-1.78522296171853,
0.71307891698761));
#5531=CARTESIAN_POINT('Ctrl Pts',(1.29839216815862,-1.27902751834829,0.792309907764011));
#5532=CARTESIAN_POINT('Ctrl Pts',(1.77951868659742,0.393763556326795,0.871540898540413));
#5533=CARTESIAN_POINT('Ctrl Pts',(0.637578254097047,1.70739960086569,0.950771889316812));
#5534=CARTESIAN_POINT('Ctrl Pts',(-1.08587971794962,1.46376010356726,1.03000288009322));
#5535=CARTESIAN_POINT('Ctrl Pts',(-1.81893247572678,-0.114946249019924,
1.10923387086961));
#5536=CARTESIAN_POINT('Ctrl Pts',(-0.892975723154803,-1.5888109069604,1.18846486164602));
#5537=CARTESIAN_POINT('Ctrl Pts',(0.847444114057265,-1.61355682168832,1.26769585242242));
#5538=CARTESIAN_POINT('Ctrl Pts',(1.81492899992156,-0.166612390819294,1.34692684319882));
#5539=CARTESIAN_POINT('Ctrl Pts',(1.1270567177721,1.43229530218542,1.42615783397522));
#5540=CARTESIAN_POINT('Ctrl Pts',(-0.588779253856241,1.72483792902917,1.50538882475162));
#5541=CARTESIAN_POINT('Ctrl Pts',(-1.76760259409284,0.444193558592438,1.58461981552802));
#5542=CARTESIAN_POINT('Ctrl Pts',(-1.33423427070123,-1.24158999856643,1.66385080630442));
#5543=CARTESIAN_POINT('Ctrl Pts',(0.316059920117316,-1.79494650957173,1.74308179708083));
#5544=CARTESIAN_POINT('Ctrl Pts',(1.67808278067351,-0.711171581231674,1.82231278785722));
#5545=CARTESIAN_POINT('Ctrl Pts',(1.50956305856862,1.02124737702937,1.90154377863363));
#5546=CARTESIAN_POINT('Ctrl Pts',(-0.0357960909426655,1.8222089554566,1.98077476941003));
#5547=CARTESIAN_POINT('Ctrl Pts',(-1.54850641016455,0.961173623022472,2.06000576018643));
#5548=CARTESIAN_POINT('Ctrl Pts',(-1.64885792116367,-0.776527134974472,
2.13923675096283));
#5549=CARTESIAN_POINT('Ctrl Pts',(-0.245322207637515,-1.80597448781106,
2.21846774173923));
#5550=CARTESIAN_POINT('Ctrl Pts',(1.3819665227433,-1.18823203371011,2.29769873251563));
#5551=CARTESIAN_POINT('Ctrl Pts',(1.74879383189444,0.513270853856814,2.37692972329203));
#5552=CARTESIAN_POINT('Ctrl Pts',(0.52058455922785,1.7466306285743,2.45616071406843));
#5553=CARTESIAN_POINT('Ctrl Pts',(-1.18243849697589,1.38692683181416,2.53539170484483));
#5554=CARTESIAN_POINT('Ctrl Pts',(-1.80698527765363,-0.237762575440139,
2.61462269562124));
#5555=CARTESIAN_POINT('Ctrl Pts',(-0.78342033232215,-1.64559394105992,2.69385368639764));
#5556=CARTESIAN_POINT('Ctrl Pts',(0.954685153029445,-1.55251508673091,2.77308467717404));
#5557=CARTESIAN_POINT('Ctrl Pts',(1.82204320351248,-0.0434211984701149,
2.85231566795044));
#5558=CARTESIAN_POINT('Ctrl Pts',(1.02755552334763,1.50527621464697,2.93154665872684));
#5559=CARTESIAN_POINT('Ctrl Pts',(-0.704143061689534,1.68104413523785,3.01077764950324));
#5560=CARTESIAN_POINT('Ctrl Pts',(-1.79360817027611,0.323568489599999,3.09000864027964));
#5561=CARTESIAN_POINT('Ctrl Pts',(-1.24716251973055,-1.32902689413073,3.16923963105604));
#5562=CARTESIAN_POINT('Ctrl Pts',(0.436792771005665,-1.76944593337589,3.24847062183244));
#5563=CARTESIAN_POINT('Ctrl Pts',(1.72235893448371,-0.595992060976851,3.32770161260884));
#5564=CARTESIAN_POINT('Ctrl Pts',(1.43699920751175,1.12105312699887,3.40693260338524));
#5565=CARTESIAN_POINT('Ctrl Pts',(-0.159016048014771,1.81561029200021,3.48616359416165));
#5566=CARTESIAN_POINT('Ctrl Pts',(-1.60999624620097,0.854189044159494,3.56539458493805));
#5567=CARTESIAN_POINT('Ctrl Pts',(-1.59253410287105,-0.88631933699769,3.64462557571445));
#5568=CARTESIAN_POINT('Ctrl Pts',(-0.122556456798565,-1.81843524790967,
3.72385656649085));
#5569=CARTESIAN_POINT('Ctrl Pts',(1.45920225138128,-1.09199616551851,3.80308755726725));
#5570=CARTESIAN_POINT('Ctrl Pts',(1.71005452060509,0.630428721190145,3.88231854804365));
#5571=CARTESIAN_POINT('Ctrl Pts',(0.401203485996401,1.77785336818526,3.96154953882006));
#5572=CARTESIAN_POINT('Ctrl Pts',(-1.27357646788222,1.30373686624256,4.04078052959645));
#5573=CARTESIAN_POINT('Ctrl Pts',(-1.78675519752834,-0.359489499219123,
4.12001152037286));
#5574=CARTESIAN_POINT('Ctrl Pts',(-0.670273614508659,-1.69483335984304,
4.19924251114925));
#5575=CARTESIAN_POINT('Ctrl Pts',(1.05754986341796,-1.48435680425158,4.27847350192566));
#5576=CARTESIAN_POINT('Ctrl Pts',(1.82080525531832,0.079969107463449,4.35770449270206));
#5577=CARTESIAN_POINT('Ctrl Pts',(0.923344022025557,1.57135694637883,4.43693548347846));
#5578=CARTESIAN_POINT('Ctrl Pts',(-0.816279086443952,1.62954450352777,4.51616647425486));
#5579=CARTESIAN_POINT('Ctrl Pts',(-1.81139190437284,0.201460181464912,4.59539746503127));
#5580=CARTESIAN_POINT('Ctrl Pts',(-1.15437380849549,-1.41037156317153,4.67462845580766));
#5581=CARTESIAN_POINT('Ctrl Pts',(0.555523374728736,-1.73583427091221,4.75385944658406));
#5582=CARTESIAN_POINT('Ctrl Pts',(1.75873984544914,-0.47808052875311,4.83309043736047));
#5583=CARTESIAN_POINT('Ctrl Pts',(1.35784819302138,1.21572000092615,4.91232142813686));
#5584=CARTESIAN_POINT('Ctrl Pts',(-0.281507079858116,1.80068892369926,4.99155241891327));
#5585=CARTESIAN_POINT('Ctrl Pts',(-1.66410590595978,0.743288887104498,5.07078340968967));
#5586=CARTESIAN_POINT('Ctrl Pts',(-1.52891015406503,-0.992048676598036,
5.15001440046607));
#5587=CARTESIAN_POINT('Ctrl Pts',(0.000771089271493117,-1.82256035328476,
5.22924539124247));
#5588=CARTESIAN_POINT('Ctrl Pts',(1.52974903895878,-0.990754618332558,5.30847638201888));
#5589=CARTESIAN_POINT('Ctrl Pts',(1.66347636865148,0.744696721410819,5.38770737279527));
#5590=CARTESIAN_POINT('Ctrl Pts',(0.279983307549524,1.80092647918855,5.46693836357168));
#5591=CARTESIAN_POINT('Ctrl Pts',(-1.35887640095563,1.2145706084303,5.54616935434807));
#5592=CARTESIAN_POINT('Ctrl Pts',(-1.75833468305374,-0.479568533482922,
5.62540034512448));
#5593=CARTESIAN_POINT('Ctrl Pts',(-0.554054381758983,-1.73630371134603,
5.70463133590087));
#5594=CARTESIAN_POINT('Ctrl Pts',(1.15556679570338,-1.40939427292677,5.78386232667729));
#5595=CARTESIAN_POINT('Ctrl Pts',(1.81122078828986,0.20299283727445,5.86309331745368));
#5596=CARTESIAN_POINT('Ctrl Pts',(0.814899938314246,1.63023462321225,5.94232430823008));
#5597=CARTESIAN_POINT('Ctrl Pts',(-0.924673311393857,1.57057508662647,6.02155529900648));
#5598=CARTESIAN_POINT('Ctrl Pts',(-1.82087227014881,0.0784283859199036,
6.10078628978288));
#5599=CARTESIAN_POINT('Ctrl Pts',(-1.0562934810168,-1.48525113009026,6.18001728055928));
#5600=CARTESIAN_POINT('Ctrl Pts',(0.67170747537545,-1.69426559323182,6.25924827133569));
#5601=CARTESIAN_POINT('Ctrl Pts',(1.7870587435042,-0.35797749092598,6.33847926211209));
#5602=CARTESIAN_POINT('Ctrl Pts',(1.27247284178143,1.3048140527512,6.41771025288848));
#5603=CARTESIAN_POINT('Ctrl Pts',(-0.402707691825975,1.77751324287558,6.4969412436649));
#5604=CARTESIAN_POINT('Ctrl Pts',(-1.71058735130069,0.628981527319241,6.57617223444128));
#5605=CARTESIAN_POINT('Ctrl Pts',(-1.4582777268517,-1.09323051666032,6.6554032252177));
#5606=CARTESIAN_POINT('Ctrl Pts',(0.124095103900614,-1.81833085078749,6.73463421599408));
#5607=CARTESIAN_POINT('Ctrl Pts',(1.59328349491646,-0.884971563586981,6.8138652067705));
#5608=CARTESIAN_POINT('Ctrl Pts',(1.6092729005368,0.855551211129476,6.89309619754689));
#5609=CARTESIAN_POINT('Ctrl Pts',(0.157479671674676,1.81574389527527,6.9723271883233));
#5610=CARTESIAN_POINT('Ctrl Pts',(-1.43794724193659,1.11983736355966,7.05155817909969));
#5611=CARTESIAN_POINT('Ctrl Pts',(-1.72185409250478,-0.597450321595115,
7.1307891698761));
#5612=CARTESIAN_POINT('Ctrl Pts',(-0.435295228736222,-1.76981284066233,
7.21002016065249));
#5613=CARTESIAN_POINT('Ctrl Pts',(1.24828635630779,-1.32797502495203,7.28925115142891));
#5614=CARTESIAN_POINT('Ctrl Pts',(1.79333428219492,0.325093474761095,7.36848214220529));
#5615=CARTESIAN_POINT('Ctrl Pts',(0.702719341639283,1.68162525271118,7.44771313298171));
#5616=CARTESIAN_POINT('Ctrl Pts',(-1.02882689392914,1.50443298443745,7.5269441237581));
#5617=CARTESIAN_POINT('Ctrl Pts',(-1.82200954625315,-0.0450138123232825,
7.60617511453451));
#5618=CARTESIAN_POINT('Ctrl Pts',(-0.953364035165544,-1.55322566266454,
7.6854061053109));
#5619=CARTESIAN_POINT('Ctrl Pts',(0.784798992055356,-1.64511417367495,7.76463709608731));
#5620=CARTESIAN_POINT('Ctrl Pts',(1.80721152718734,-0.235884160185464,7.84386808686371));
#5621=CARTESIAN_POINT('Ctrl Pts',(1.18121506276751,1.38726073362823,7.92309907764011));
#5622=CARTESIAN_POINT('Ctrl Pts',(-0.521963244084796,1.74747599351651,8.00233006841651));
#5623=CARTESIAN_POINT('Ctrl Pts',(-1.74945838685181,0.509169222855131,8.08156105919292));
#5624=CARTESIAN_POINT('Ctrl Pts',(-1.50332852120006,-0.61894470137311,8.13438171971051));
#5625=CARTESIAN_POINT('Ctrl Pts',(-1.16913659442518,-1.00696009035904,8.16079204996931));
#5626=CARTESIAN_POINT('Ctrl Pts',(-0.374537582415189,1.40096572423086,-0.0535973499897702));
#5627=CARTESIAN_POINT('Ctrl Pts',(-0.839492886214114,1.27666344302296,-0.0271870197309699));
#5628=CARTESIAN_POINT('Ctrl Pts',(-1.62799104316525,0.531080988492272,0.0256336407866311));
#5629=CARTESIAN_POINT('Ctrl Pts',(-1.33065053613124,-1.08041678773145,0.104864631563032));
#5630=CARTESIAN_POINT('Ctrl Pts',(0.182528092417026,-1.70264501367398,0.184095622339433));
#5631=CARTESIAN_POINT('Ctrl Pts',(1.52811547778432,-0.773855362721371,0.263326613115834));
#5632=CARTESIAN_POINT('Ctrl Pts',(1.48052287899705,0.861753925026658,0.342557603892235));
#5633=CARTESIAN_POINT('Ctrl Pts',(0.0822726091571837,1.71084966813085,0.421788594668637));
#5634=CARTESIAN_POINT('Ctrl Pts',(-1.39085614575057,0.99979391915126,0.501019585445036));
#5635=CARTESIAN_POINT('Ctrl Pts',(-1.59549995450793,-0.623297791010202,
0.58025057622144));
#5636=CARTESIAN_POINT('Ctrl Pts',(-0.344878692845368,-1.67781648195214,
0.659481566997838));
#5637=CARTESIAN_POINT('Ctrl Pts',(1.22027546501924,-1.20207587353084,0.738712557774242));
#5638=CARTESIAN_POINT('Ctrl Pts',(1.67245539987947,0.370073093929515,0.817943548550641));
#5639=CARTESIAN_POINT('Ctrl Pts',(0.599218879768677,1.60467529997109,0.897174539327043));
#5640=CARTESIAN_POINT('Ctrl Pts',(-1.02054865261176,1.37569417381062,0.976405530103445));
#5641=CARTESIAN_POINT('Ctrl Pts',(-1.70949789061338,-0.108030601935879,
1.05563652087984));
#5642=CARTESIAN_POINT('Ctrl Pts',(-0.839250568931728,-1.49322139786805,
1.13486751165625));
#5643=CARTESIAN_POINT('Ctrl Pts',(0.796458331865659,-1.51647849487039,1.21409850243265));
#5644=CARTESIAN_POINT('Ctrl Pts',(1.70573528065646,-0.156588292559804,1.29332949320905));
#5645=CARTESIAN_POINT('Ctrl Pts',(1.05924827190917,1.34612242647606,1.37256048398545));
#5646=CARTESIAN_POINT('Ctrl Pts',(-0.553355831475822,1.62106446537943,1.45179147476185));
#5647=CARTESIAN_POINT('Ctrl Pts',(-1.66125622933699,0.417469016344006,1.53102246553825));
#5648=CARTESIAN_POINT('Ctrl Pts',(-1.25396115676944,-1.16689075151507,1.61025345631465));
#5649=CARTESIAN_POINT('Ctrl Pts',(0.297044433456554,-1.68695502049942,1.68948444709105));
#5650=CARTESIAN_POINT('Ctrl Pts',(1.57712230229425,-0.668384524551393,1.76871543786745));
#5651=CARTESIAN_POINT('Ctrl Pts',(1.41874143147609,0.959804863634965,1.84794642864386));
#5652=CARTESIAN_POINT('Ctrl Pts',(-0.0336424484005327,1.71257724361934,
1.92717741942025));
#5653=CARTESIAN_POINT('Ctrl Pts',(-1.4553417881661,0.903345397917316,2.00640841019666));
#5654=CARTESIAN_POINT('Ctrl Pts',(-1.5496557325605,-0.729808014842608,2.08563940097306));
#5655=CARTESIAN_POINT('Ctrl Pts',(-0.230562597607908,-1.69731950944524,
2.16487039174946));
#5656=CARTESIAN_POINT('Ctrl Pts',(1.29882163689668,-1.11674302498506,2.24410138252586));
#5657=CARTESIAN_POINT('Ctrl Pts',(1.64357908093687,0.482390332621313,2.32333237330226));
#5658=CARTESIAN_POINT('Ctrl Pts',(0.489264014888909,1.6415460249757,2.40256336407866));
#5659=CARTESIAN_POINT('Ctrl Pts',(-1.11129805165124,1.30348351302819,2.48179435485507));
#5660=CARTESIAN_POINT('Ctrl Pts',(-1.69826948594343,-0.223457784500393,
2.56102534563146));
#5661=CARTESIAN_POINT('Ctrl Pts',(-0.736286488608233,-1.54658812715082,
2.64025633640787));
#5662=CARTESIAN_POINT('Ctrl Pts',(0.897247301415985,-1.45910928598463,2.71948732718426));
#5663=CARTESIAN_POINT('Ctrl Pts',(1.71242146400541,-0.0408087975684243,
2.79871831796067));
#5664=CARTESIAN_POINT('Ctrl Pts',(0.965733485487979,1.41471250201375,2.87794930873706));
#5665=CARTESIAN_POINT('Ctrl Pts',(-0.661778870140487,1.57990548938264,2.95718029951348));
#5666=CARTESIAN_POINT('Ctrl Pts',(-1.6856972012932,0.304101255995851,3.03641129028986));
#5667=CARTESIAN_POINT('Ctrl Pts',(-1.17212800649984,-1.24906707775238,3.11564228106628));
#5668=CARTESIAN_POINT('Ctrl Pts',(0.410513491090979,-1.66298866561932,3.19487327184267));
#5669=CARTESIAN_POINT('Ctrl Pts',(1.61873461751381,-0.560134685953725,3.27410426261907));
#5670=CARTESIAN_POINT('Ctrl Pts',(1.35054332518468,1.05360588226584,3.35333525339548));
#5671=CARTESIAN_POINT('Ctrl Pts',(-0.149448977508805,1.70637558335427,3.43256624417187));
#5672=CARTESIAN_POINT('Ctrl Pts',(-1.51313213849586,0.802797458763422,3.51179723494828));
#5673=CARTESIAN_POINT('Ctrl Pts',(-1.49672059074109,-0.832994658805023,
3.59102822572467));
#5674=CARTESIAN_POINT('Ctrl Pts',(-0.115182947786165,-1.70903057810132,
3.67025921650109));
#5675=CARTESIAN_POINT('Ctrl Pts',(1.37141054107458,-1.02629710911391,3.74949020727748));
#5676=CARTESIAN_POINT('Ctrl Pts',(1.60717048863522,0.592499492663153,3.82872119805388));
#5677=CARTESIAN_POINT('Ctrl Pts',(0.377065406313966,1.67089027398789,3.90795218883029));
#5678=CARTESIAN_POINT('Ctrl Pts',(-1.19695278105889,1.22529860371317,3.98718317960669));
#5679=CARTESIAN_POINT('Ctrl Pts',(-1.67925653204732,-0.337861107442816,
4.06641417038309));
#5680=CARTESIAN_POINT('Ctrl Pts',(-0.629947150555178,-1.59286509656451,
4.14564516115949));
#5681=CARTESIAN_POINT('Ctrl Pts',(0.993923240613487,-1.3950516908396,4.22487615193589));
#5682=CARTESIAN_POINT('Ctrl Pts',(1.71125799595212,0.0751578315013478,4.30410714271229));
#5683=CARTESIAN_POINT('Ctrl Pts',(0.867791783932206,1.47681754055327,4.38333813348869));
#5684=CARTESIAN_POINT('Ctrl Pts',(-0.767168322655954,1.53150429090464,4.4625691242651));
#5685=CARTESIAN_POINT('Ctrl Pts',(-1.70241099156925,0.189339494375264,4.54180011504149));
#5686=CARTESIAN_POINT('Ctrl Pts',(-1.08492185220558,-1.32551771129353,4.6210311058179));
#5687=CARTESIAN_POINT('Ctrl Pts',(0.522100765123647,-1.63139922134448,4.70026209659429));
#5688=CARTESIAN_POINT('Ctrl Pts',(1.65292670071862,-0.449317204653361,4.7794930873707));
#5689=CARTESIAN_POINT('Ctrl Pts',(1.27615436676161,1.14257720112966,4.8587240781471));
#5690=CARTESIAN_POINT('Ctrl Pts',(-0.264570436578684,1.69235194697638,4.9379550689235));
#5691=CARTESIAN_POINT('Ctrl Pts',(-1.56398633481918,0.698569518977774,5.0171860596999));
#5692=CARTESIAN_POINT('Ctrl Pts',(-1.43692452479151,-0.932362879140151,
5.0964170504763));
#5693=CARTESIAN_POINT('Ctrl Pts',(0.000724697315970393,-1.7129074998845,
5.1756480412527));
#5694=CARTESIAN_POINT('Ctrl Pts',(1.43771293886156,-0.931146676832101,5.2548790320291));
#5695=CARTESIAN_POINT('Ctrl Pts',(1.56339467310828,0.699892652084202,5.3341100228055));
#5696=CARTESIAN_POINT('Ctrl Pts',(0.263138340785095,1.69257521013389,5.4133410135819));
#5697=CARTESIAN_POINT('Ctrl Pts',(-1.27712071340624,1.14149696089351,5.49257200435831));
#5698=CARTESIAN_POINT('Ctrl Pts',(-1.65254591458745,-0.450715684795302,
5.57180299513471));
#5699=CARTESIAN_POINT('Ctrl Pts',(-0.520720152914766,-1.63184041827844,
5.65103398591111));
#5700=CARTESIAN_POINT('Ctrl Pts',(1.08604306431358,-1.32459921891724,5.7302649766875));
#5701=CARTESIAN_POINT('Ctrl Pts',(1.70225017054548,0.19077993920123,5.80949596746392));
#5702=CARTESIAN_POINT('Ctrl Pts',(0.765872149845781,1.53215289010259,5.8887269582403));
#5703=CARTESIAN_POINT('Ctrl Pts',(-0.869041097692583,1.47608272075361,5.96795794901672));
#5704=CARTESIAN_POINT('Ctrl Pts',(-1.71132097889012,0.0737098062096648,
6.04718893979311));
#5705=CARTESIAN_POINT('Ctrl Pts',(-0.992742447432185,-1.39589221029546,
6.12641993056952));
#5706=CARTESIAN_POINT('Ctrl Pts',(0.631294744355345,-1.59233148916721,6.20565092134591));
#5707=CARTESIAN_POINT('Ctrl Pts',(1.67954181542775,-0.336440067892303,6.28488191212232));
#5708=CARTESIAN_POINT('Ctrl Pts',(1.19591555372005,1.2263109821763,6.36411290289871));
#5709=CARTESIAN_POINT('Ctrl Pts',(-0.378479112829749,1.67057061203936,6.44334389367512));
#5710=CARTESIAN_POINT('Ctrl Pts',(-1.6076712620077,0.591139368028161,6.52257488445151));
#5711=CARTESIAN_POINT('Ctrl Pts',(-1.37054163980737,-1.02745719652857,6.60180587522793));
#5712=CARTESIAN_POINT('Ctrl Pts',(0.116629023443427,-1.70893246194663,6.68103686600431));
#5713=CARTESIAN_POINT('Ctrl Pts',(1.49742489622685,-0.831727973079534,6.76026785678073));
#5714=CARTESIAN_POINT('Ctrl Pts',(1.51245231233211,0.804077672071458,6.83949884755712));
#5715=CARTESIAN_POINT('Ctrl Pts',(0.148005035994961,1.70650114849753,6.91872983833353));
#5716=CARTESIAN_POINT('Ctrl Pts',(-1.35143432189353,1.05246326423986,6.99796082910992));
#5717=CARTESIAN_POINT('Ctrl Pts',(-1.61826014893974,-0.561505211514269,
7.07719181988633));
#5718=CARTESIAN_POINT('Ctrl Pts',(-0.40910604722768,-1.66333349822887,7.15642281066272));
#5719=CARTESIAN_POINT('Ctrl Pts',(1.17318422836834,-1.24807849342273,7.23565380143914));
#5720=CARTESIAN_POINT('Ctrl Pts',(1.68543979146447,0.305534491671667,7.31488479221552));
#5721=CARTESIAN_POINT('Ctrl Pts',(0.660440807042926,1.58045164439836,7.39411578299193));
#5722=CARTESIAN_POINT('Ctrl Pts',(-0.966928365098015,1.4139200040603,7.47334677376834));
#5723=CARTESIAN_POINT('Ctrl Pts',(-1.71238983170757,-0.0423055931113518,
7.55257776454473));
#5724=CARTESIAN_POINT('Ctrl Pts',(-0.896005667528126,-1.45977711069822,
7.63180875532114));
#5725=CARTESIAN_POINT('Ctrl Pts',(0.737582202405882,-1.54613722457829,7.71103974609753));
#5726=CARTESIAN_POINT('Ctrl Pts',(1.69848212335894,-0.22169238256359,7.79027073687394));
#5727=CARTESIAN_POINT('Ctrl Pts',(1.11014822436164,1.30379732591264,7.86950172765034));
#5728=CARTESIAN_POINT('Ctrl Pts',(-0.490559752298748,1.64234052922739,7.94873271842673));
#5729=CARTESIAN_POINT('Ctrl Pts',(-1.64420365348861,0.478535472895065,8.02796370920315));
#5730=CARTESIAN_POINT('Ctrl Pts',(-1.4128819899505,-0.581706399508256,8.08078436972074));
#5731=CARTESIAN_POINT('Ctrl Pts',(-1.09879644719091,-0.946377159884861,
8.10719469997954));
#5732=CARTESIAN_POINT('Ctrl Pts',(-0.350561322973141,1.3112820202432,-0.107194699979541));
#5733=CARTESIAN_POINT('Ctrl Pts',(-0.785752219897454,1.19493702792541,-0.0807843697207402));
#5734=CARTESIAN_POINT('Ctrl Pts',(-1.52377417027213,0.497083504227223,-0.027963709203139));
#5735=CARTESIAN_POINT('Ctrl Pts',(-1.24546810323558,-1.01125322598379,0.0512672815732616));
#5736=CARTESIAN_POINT('Ctrl Pts',(0.170843441517558,-1.59364911979782,0.130498272349663));
#5737=CARTESIAN_POINT('Ctrl Pts',(1.43029220216935,-0.724316523848161,0.209729263126064));
#5738=CARTESIAN_POINT('Ctrl Pts',(1.38574627359521,0.806588204277337,0.288960253902465));
#5739=CARTESIAN_POINT('Ctrl Pts',(0.0770058762183764,1.60132854812754,0.368191244678867));
#5740=CARTESIAN_POINT('Ctrl Pts',(-1.30181961280228,0.93579148115939,0.447422235455266));
#5741=CARTESIAN_POINT('Ctrl Pts',(-1.49336301913717,-0.583396989999665,
0.526653226231669));
#5742=CARTESIAN_POINT('Ctrl Pts',(-0.322801065915719,-1.57041000218575,
0.605884217008068));
#5743=CARTESIAN_POINT('Ctrl Pts',(1.14215876187987,-1.12512422871338,0.685115207784471));
#5744=CARTESIAN_POINT('Ctrl Pts',(1.56539211316152,0.346382631532233,0.764346198560871));
#5745=CARTESIAN_POINT('Ctrl Pts',(0.560859505440305,1.50195099907649,0.843577189337272));
#5746=CARTESIAN_POINT('Ctrl Pts',(-0.955217587273893,1.28762824405398,0.922808180113673));
#5747=CARTESIAN_POINT('Ctrl Pts',(-1.60006330549999,-0.101114954851833,
1.00203917089007));
#5748=CARTESIAN_POINT('Ctrl Pts',(-0.785525414708653,-1.39763188877571,
1.08127016166648));
#5749=CARTESIAN_POINT('Ctrl Pts',(0.745472549674051,-1.41940016805246,1.16050115244288));
#5750=CARTESIAN_POINT('Ctrl Pts',(1.59654156139136,-0.146564194300316,1.23973214321928));
#5751=CARTESIAN_POINT('Ctrl Pts',(0.99143982604623,1.2599495507667,1.31896313399568));
#5752=CARTESIAN_POINT('Ctrl Pts',(-0.517932409095402,1.5172910017297,1.39819412477208));
#5753=CARTESIAN_POINT('Ctrl Pts',(-1.55490986458113,0.390744474095572,1.47742511554848));
#5754=CARTESIAN_POINT('Ctrl Pts',(-1.17368804283764,-1.09219150446371,1.55665610632488));
#5755=CARTESIAN_POINT('Ctrl Pts',(0.278028946795789,-1.57896353142711,1.63588709710128));
#5756=CARTESIAN_POINT('Ctrl Pts',(1.476161823915,-0.625597467871112,1.71511808787768));
#5757=CARTESIAN_POINT('Ctrl Pts',(1.32791980438355,0.898362350240564,1.79434907865409));
#5758=CARTESIAN_POINT('Ctrl Pts',(-0.0314888058584002,1.60294553178208,
1.87358006943049));
#5759=CARTESIAN_POINT('Ctrl Pts',(-1.36217716616765,0.845517172812162,1.95281106020689));
#5760=CARTESIAN_POINT('Ctrl Pts',(-1.45045354395732,-0.683088894710746,
2.03204205098329));
#5761=CARTESIAN_POINT('Ctrl Pts',(-0.215802987578302,-1.58866453107942,
2.11127304175969));
#5762=CARTESIAN_POINT('Ctrl Pts',(1.21567675105006,-1.04525401626001,2.19050403253609));
#5763=CARTESIAN_POINT('Ctrl Pts',(1.5383643299793,0.451509811385815,2.26973502331249));
#5764=CARTESIAN_POINT('Ctrl Pts',(0.457943470549967,1.53646142137709,2.34896601408889));
#5765=CARTESIAN_POINT('Ctrl Pts',(-1.0401576063266,1.22004019424222,2.42819700486529));
#5766=CARTESIAN_POINT('Ctrl Pts',(-1.58955369423322,-0.209152993560647,
2.5074279956417));
#5767=CARTESIAN_POINT('Ctrl Pts',(-0.689152644894317,-1.44758231324173,
2.58665898641809));
#5768=CARTESIAN_POINT('Ctrl Pts',(0.839809449802528,-1.36570348523834,2.6658899771945));
#5769=CARTESIAN_POINT('Ctrl Pts',(1.60279972449834,-0.0381963966667341,
2.74512096797089));
#5770=CARTESIAN_POINT('Ctrl Pts',(0.903911447628331,1.32414878938053,2.8243519587473));
#5771=CARTESIAN_POINT('Ctrl Pts',(-0.619414678591442,1.47876684352744,2.9035829495237));
#5772=CARTESIAN_POINT('Ctrl Pts',(-1.57778623231029,0.284634022391703,2.9828139403001));
#5773=CARTESIAN_POINT('Ctrl Pts',(-1.09709349326913,-1.16910726137402,3.0620449310765));
#5774=CARTESIAN_POINT('Ctrl Pts',(0.384234211176294,-1.55653139786274,3.1412759218529));
#5775=CARTESIAN_POINT('Ctrl Pts',(1.51511030054389,-0.524277310930597,3.2205069126293));
#5776=CARTESIAN_POINT('Ctrl Pts',(1.2640874428576,0.986158637532816,3.29973790340571));
#5777=CARTESIAN_POINT('Ctrl Pts',(-0.139881907002841,1.59714087470833,3.3789688941821));
#5778=CARTESIAN_POINT('Ctrl Pts',(-1.41626803079074,0.751405873367349,3.45819988495851));
#5779=CARTESIAN_POINT('Ctrl Pts',(-1.40090707861113,-0.779669980612355,
3.53743087573491));
#5780=CARTESIAN_POINT('Ctrl Pts',(-0.107809438773764,-1.59962590829298,
3.61666186651131));
#5781=CARTESIAN_POINT('Ctrl Pts',(1.28361883076789,-0.96059805270931,3.69589285728771));
#5782=CARTESIAN_POINT('Ctrl Pts',(1.50428645666535,0.554570264136159,3.77512384806411));
#5783=CARTESIAN_POINT('Ctrl Pts',(0.352927326631529,1.56392717979053,3.85435483884051));
#5784=CARTESIAN_POINT('Ctrl Pts',(-1.12032909423556,1.14686034118378,3.93358582961692));
#5785=CARTESIAN_POINT('Ctrl Pts',(-1.5717578665663,-0.316232715666509,4.01281682039332));
#5786=CARTESIAN_POINT('Ctrl Pts',(-0.589620686601698,-1.49089683328599,
4.09204781116972));
#5787=CARTESIAN_POINT('Ctrl Pts',(0.930296617809015,-1.30574657742762,4.17127880194612));
#5788=CARTESIAN_POINT('Ctrl Pts',(1.60171073658592,0.0703465555392456,4.25050979272252));
#5789=CARTESIAN_POINT('Ctrl Pts',(0.812239545838857,1.38227813472771,4.32974078349892));
#5790=CARTESIAN_POINT('Ctrl Pts',(-0.718057558867958,1.4334640782815,4.40897177427532));
#5791=CARTESIAN_POINT('Ctrl Pts',(-1.59343007876565,0.177218807285618,4.48820276505173));
#5792=CARTESIAN_POINT('Ctrl Pts',(-1.01546989591567,-1.24066385941553,4.56743375582812));
#5793=CARTESIAN_POINT('Ctrl Pts',(0.48867815551856,-1.52696417177674,4.64666474660453));
#5794=CARTESIAN_POINT('Ctrl Pts',(1.5471135559881,-0.420553880553613,4.72589573738092));
#5795=CARTESIAN_POINT('Ctrl Pts',(1.19446054050185,1.06943440133318,4.80512672815733));
#5796=CARTESIAN_POINT('Ctrl Pts',(-0.247633793299254,1.58401497025349,4.88435771893373));
#5797=CARTESIAN_POINT('Ctrl Pts',(-1.46386676367859,0.65385015085105,4.96358870971013));
#5798=CARTESIAN_POINT('Ctrl Pts',(-1.34493889551799,-0.872677081682265,
5.04281970048652));
#5799=CARTESIAN_POINT('Ctrl Pts',(0.000678305360450537,-1.60325464648424,
5.12205069126294));
#5800=CARTESIAN_POINT('Ctrl Pts',(1.34567683876434,-0.871538735331642,5.20128168203932));
#5801=CARTESIAN_POINT('Ctrl Pts',(1.46331297756509,0.655088582757583,5.28051267281574));
#5802=CARTESIAN_POINT('Ctrl Pts',(0.246293374020665,1.58422394107924,5.35974366359213));
#5803=CARTESIAN_POINT('Ctrl Pts',(-1.19536502585684,1.06842331335671,5.43897465436853));
#5804=CARTESIAN_POINT('Ctrl Pts',(-1.54675714612116,-0.421862836107681,
5.51820564514494));
#5805=CARTESIAN_POINT('Ctrl Pts',(-0.48738592407055,-1.52737712521085,5.59743663592134));
#5806=CARTESIAN_POINT('Ctrl Pts',(1.01651933292377,-1.23980416490771,5.67666762669774));
#5807=CARTESIAN_POINT('Ctrl Pts',(1.59327955280111,0.17856704112801,5.75589861747414));
#5808=CARTESIAN_POINT('Ctrl Pts',(0.716844361377317,1.43407115699293,5.83512960825054));
#5809=CARTESIAN_POINT('Ctrl Pts',(-0.813408883991311,1.38159035488075,5.91436059902694));
#5810=CARTESIAN_POINT('Ctrl Pts',(-1.60176968763144,0.0689912264994261,
5.99359158980335));
#5811=CARTESIAN_POINT('Ctrl Pts',(-0.92919141384757,-1.30653329050066,6.07282258057974));
#5812=CARTESIAN_POINT('Ctrl Pts',(0.590882013335241,-1.4903973851026,6.15205357135615));
#5813=CARTESIAN_POINT('Ctrl Pts',(1.57202488735129,-0.314902644858628,6.23128456213255));
#5814=CARTESIAN_POINT('Ctrl Pts',(1.11935826565867,1.1478079116014,6.31051555290894));
#5815=CARTESIAN_POINT('Ctrl Pts',(-0.354250533833522,1.56362798120314,6.38974654368536));
#5816=CARTESIAN_POINT('Ctrl Pts',(-1.50475517271471,0.553297208737082,6.46897753446174));
#5817=CARTESIAN_POINT('Ctrl Pts',(-1.28280555276304,-0.96168387639681,6.54820852523816));
#5818=CARTESIAN_POINT('Ctrl Pts',(0.109162942986238,-1.59953407310578,6.62743951601455));
#5819=CARTESIAN_POINT('Ctrl Pts',(1.40156629753723,-0.778484382572087,6.70667050679095));
#5820=CARTESIAN_POINT('Ctrl Pts',(1.41563172412743,0.752604133013443,6.78590149756736));
#5821=CARTESIAN_POINT('Ctrl Pts',(0.138530400315247,1.59725840171979,6.86513248834375));
#5822=CARTESIAN_POINT('Ctrl Pts',(-1.26492140185046,0.985089164920057,6.94436347912017));
#5823=CARTESIAN_POINT('Ctrl Pts',(-1.5146662053747,-0.525560101433423,7.02359446989655));
#5824=CARTESIAN_POINT('Ctrl Pts',(-0.382916865719139,-1.55685415579542,
7.10282546067296));
#5825=CARTESIAN_POINT('Ctrl Pts',(1.09808210042889,-1.16818196189343,7.18205645144936));
#5826=CARTESIAN_POINT('Ctrl Pts',(1.57754530073401,0.285975508582239,7.26128744222576));
#5827=CARTESIAN_POINT('Ctrl Pts',(0.618162272446567,1.47927803608553,7.34051843300216));
#5828=CARTESIAN_POINT('Ctrl Pts',(-0.905029836266892,1.32340702368315,7.41974942377857));
#5829=CARTESIAN_POINT('Ctrl Pts',(-1.60277011716199,-0.0395973738994185,
7.49898041455496));
#5830=CARTESIAN_POINT('Ctrl Pts',(-0.83864729989071,-1.36632855873191,7.57821140533137));
#5831=CARTESIAN_POINT('Ctrl Pts',(0.690365412756408,-1.44716027548162,7.65744239610776));
#5832=CARTESIAN_POINT('Ctrl Pts',(1.58975271953054,-0.207500604941718,7.73667338688416));
#5833=CARTESIAN_POINT('Ctrl Pts',(1.03908138595578,1.22033391819705,7.81590437766057));
#5834=CARTESIAN_POINT('Ctrl Pts',(-0.4591562605127,1.53720506493827,7.89513536843696));
#5835=CARTESIAN_POINT('Ctrl Pts',(-1.53894892012542,0.447901722934996,7.97436635921338));
#5836=CARTESIAN_POINT('Ctrl Pts',(-1.32243545870094,-0.544468097643401,
8.02718701973097));
#5837=CARTESIAN_POINT('Ctrl Pts',(-1.02845629995665,-0.885794229410678,
8.05359734998977));
#5838=CARTESIAN_POINT('Ctrl Pts',(-0.326585063531093,1.22159831625555,-0.160792049969311));
#5839=CARTESIAN_POINT('Ctrl Pts',(-0.732011553580794,1.11321061282786,-0.13438171971051));
#5840=CARTESIAN_POINT('Ctrl Pts',(-1.41955729737901,0.463086019962173,-0.0815610591929092));
#5841=CARTESIAN_POINT('Ctrl Pts',(-1.16028567033993,-0.942089664236124,
-0.00233006841650873));
#5842=CARTESIAN_POINT('Ctrl Pts',(0.159158790618089,-1.48465322592167,0.0769009223598925));
#5843=CARTESIAN_POINT('Ctrl Pts',(1.33246892655438,-0.674777684974951,0.156131913136293));
#5844=CARTESIAN_POINT('Ctrl Pts',(1.29096966819338,0.751422483528016,0.235362903912695));
#5845=CARTESIAN_POINT('Ctrl Pts',(0.0717391432795699,1.49180742812421,0.314593894689096));
#5846=CARTESIAN_POINT('Ctrl Pts',(-1.21278307985399,0.871789043167523,0.393824885465497));
#5847=CARTESIAN_POINT('Ctrl Pts',(-1.39122608376642,-0.543496188989129,
0.473055876241898));
#5848=CARTESIAN_POINT('Ctrl Pts',(-0.300723438986071,-1.46300352241937,
0.552286867018299));
#5849=CARTESIAN_POINT('Ctrl Pts',(1.06404205874049,-1.04817258389593,0.631517857794699));
#5850=CARTESIAN_POINT('Ctrl Pts',(1.45832882644357,0.322692169134952,0.710748848571102));
#5851=CARTESIAN_POINT('Ctrl Pts',(0.522500131111935,1.3992266981819,0.789979839347502));
#5852=CARTESIAN_POINT('Ctrl Pts',(-0.889886521936031,1.19956231429734,0.869210830123904));
#5853=CARTESIAN_POINT('Ctrl Pts',(-1.49062872038659,-0.0941993077677855,
0.948441820900303));
#5854=CARTESIAN_POINT('Ctrl Pts',(-0.731800260485579,-1.30204237968336,
1.02767281167671));
#5855=CARTESIAN_POINT('Ctrl Pts',(0.694486767482446,-1.32232184123453,1.10690380245311));
#5856=CARTESIAN_POINT('Ctrl Pts',(1.48734784212626,-0.136540096040828,1.18613479322951));
#5857=CARTESIAN_POINT('Ctrl Pts',(0.923631380183295,1.17377667505733,1.26536578400591));
#5858=CARTESIAN_POINT('Ctrl Pts',(-0.482508986714982,1.41351753807996,1.34459677478231));
#5859=CARTESIAN_POINT('Ctrl Pts',(-1.44856349982528,0.364019931847141,1.42382776555871));
#5860=CARTESIAN_POINT('Ctrl Pts',(-1.09341492890584,-1.01749225741235,1.50305875633511));
#5861=CARTESIAN_POINT('Ctrl Pts',(0.259013460135026,-1.4709720423548,1.58228974711151));
#5862=CARTESIAN_POINT('Ctrl Pts',(1.37520134553574,-0.582810411190831,1.66152073788791));
#5863=CARTESIAN_POINT('Ctrl Pts',(1.23709817729101,0.836919836846164,1.74075172866432));
#5864=CARTESIAN_POINT('Ctrl Pts',(-0.0293351633162667,1.49331381994483,
1.81998271944071));
#5865=CARTESIAN_POINT('Ctrl Pts',(-1.2690125441692,0.787688947707009,1.89921371021712));
#5866=CARTESIAN_POINT('Ctrl Pts',(-1.35125135535415,-0.636369774578884,
1.97844470099352));
#5867=CARTESIAN_POINT('Ctrl Pts',(-0.201043377548695,-1.4800095527136,2.05767569176992));
#5868=CARTESIAN_POINT('Ctrl Pts',(1.13253186520344,-0.973765007534953,2.13690668254632));
#5869=CARTESIAN_POINT('Ctrl Pts',(1.43314957902173,0.420629290150317,2.21613767332272));
#5870=CARTESIAN_POINT('Ctrl Pts',(0.426622926211027,1.43137681777849,2.29536866409912));
#5871=CARTESIAN_POINT('Ctrl Pts',(-0.969017161001953,1.13659687545625,2.37459965487552));
#5872=CARTESIAN_POINT('Ctrl Pts',(-1.48083790252302,-0.194848202620902,
2.45383064565192));
#5873=CARTESIAN_POINT('Ctrl Pts',(-0.642018801180401,-1.34857649933264,
2.53306163642833));
#5874=CARTESIAN_POINT('Ctrl Pts',(0.782371598189068,-1.27229768449205,2.61229262720473));
#5875=CARTESIAN_POINT('Ctrl Pts',(1.49317798499127,-0.0355839957650435,
2.69152361798113));
#5876=CARTESIAN_POINT('Ctrl Pts',(0.84208940976868,1.23358507674731,2.77075460875753));
#5877=CARTESIAN_POINT('Ctrl Pts',(-0.577050487042394,1.37762819767223,2.84998559953393));
#5878=CARTESIAN_POINT('Ctrl Pts',(-1.46987526332738,0.265166788787557,2.92921659031033));
#5879=CARTESIAN_POINT('Ctrl Pts',(-1.02205898003842,-1.08914744499567,3.00844758108673));
#5880=CARTESIAN_POINT('Ctrl Pts',(0.357954931261608,-1.45007413010617,3.08767857186314));
#5881=CARTESIAN_POINT('Ctrl Pts',(1.41148598357399,-0.48841993590747,3.16690956263953));
#5882=CARTESIAN_POINT('Ctrl Pts',(1.17763156053053,0.918711392799787,3.24614055341594));
#5883=CARTESIAN_POINT('Ctrl Pts',(-0.130314836496874,1.48790616606239,3.32537154419233));
#5884=CARTESIAN_POINT('Ctrl Pts',(-1.31940392308563,0.700014287971277,3.40460253496874));
#5885=CARTESIAN_POINT('Ctrl Pts',(-1.30509356648117,-0.726345302419689,
3.48383352574514));
#5886=CARTESIAN_POINT('Ctrl Pts',(-0.100435929761364,-1.49022123848463,
3.56306451652155));
#5887=CARTESIAN_POINT('Ctrl Pts',(1.19582712046119,-0.894898996304707,3.64229550729794));
#5888=CARTESIAN_POINT('Ctrl Pts',(1.40140242469548,0.516641035609165,3.72152649807434));
#5889=CARTESIAN_POINT('Ctrl Pts',(0.328789246949093,1.45696408559317,3.80075748885075));
#5890=CARTESIAN_POINT('Ctrl Pts',(-1.04370540741223,1.06842207865439,3.87998847962714));
#5891=CARTESIAN_POINT('Ctrl Pts',(-1.46425920108528,-0.294604323890202,
3.95921947040355));
#5892=CARTESIAN_POINT('Ctrl Pts',(-0.549294222648218,-1.38892857000747,
4.03845046117994));
#5893=CARTESIAN_POINT('Ctrl Pts',(0.866669995004544,-1.21644146401564,4.11768145195635));
#5894=CARTESIAN_POINT('Ctrl Pts',(1.49216347721971,0.0655352795771436,4.19691244273275));
#5895=CARTESIAN_POINT('Ctrl Pts',(0.756687307745507,1.28773872890215,4.27614343350915));
#5896=CARTESIAN_POINT('Ctrl Pts',(-0.668946795079961,1.33542386565837,4.35537442428555));
#5897=CARTESIAN_POINT('Ctrl Pts',(-1.48444916596206,0.16509812019597,4.43460541506195));
#5898=CARTESIAN_POINT('Ctrl Pts',(-0.946017939625765,-1.15581000753753,
4.51383640583835));
#5899=CARTESIAN_POINT('Ctrl Pts',(0.455255545913473,-1.422529122209,4.59306739661475));
#5900=CARTESIAN_POINT('Ctrl Pts',(1.44130041125757,-0.391790556453863,4.67229838739115));
#5901=CARTESIAN_POINT('Ctrl Pts',(1.11276671424208,0.99629160153669,4.75152937816756));
#5902=CARTESIAN_POINT('Ctrl Pts',(-0.230697150019823,1.4756779935306,4.83076036894396));
#5903=CARTESIAN_POINT('Ctrl Pts',(-1.363747192538,0.609130782724328,4.90999135972036));
#5904=CARTESIAN_POINT('Ctrl Pts',(-1.25295326624448,-0.81299128422438,4.98922235049676));
#5905=CARTESIAN_POINT('Ctrl Pts',(0.000631913404927644,-1.49360179308398,
5.06845334127315));
#5906=CARTESIAN_POINT('Ctrl Pts',(1.25364073866713,-0.811930793831186,5.14768433204957));
#5907=CARTESIAN_POINT('Ctrl Pts',(1.3632312820219,0.610284513430966,5.22691532282596));
#5908=CARTESIAN_POINT('Ctrl Pts',(0.229448407256236,1.47587267202458,5.30614631360236));
#5909=CARTESIAN_POINT('Ctrl Pts',(-1.11360933830745,0.995349665819909,5.38537730437876));
#5910=CARTESIAN_POINT('Ctrl Pts',(-1.44096837765487,-0.393009987420061,
5.46460829515516));
#5911=CARTESIAN_POINT('Ctrl Pts',(-0.454051695226334,-1.42291383214326,
5.54383928593157));
#5912=CARTESIAN_POINT('Ctrl Pts',(0.946995601533973,-1.15500911089818,5.62307027670796));
#5913=CARTESIAN_POINT('Ctrl Pts',(1.48430893505673,0.166354143054791,5.70230126748438));
#5914=CARTESIAN_POINT('Ctrl Pts',(0.667816572908856,1.33598942388327,5.78153225826076));
#5915=CARTESIAN_POINT('Ctrl Pts',(-0.757776670290041,1.28709798900789,5.86076324903717));
#5916=CARTESIAN_POINT('Ctrl Pts',(-1.49221839637276,0.0642726467891883,
5.93999423981358));
#5917=CARTESIAN_POINT('Ctrl Pts',(-0.865640380262958,-1.21717437070586,
6.01922523058996));
#5918=CARTESIAN_POINT('Ctrl Pts',(0.550469282315138,-1.388463281038,6.09845622136638));
#5919=CARTESIAN_POINT('Ctrl Pts',(1.46450795927483,-0.293365221824952,6.17768721214277));
#5920=CARTESIAN_POINT('Ctrl Pts',(1.04280097759729,1.0693048410265,6.25691820291918));
#5921=CARTESIAN_POINT('Ctrl Pts',(-0.330021954837295,1.45668535036693,6.33614919369558));
#5922=CARTESIAN_POINT('Ctrl Pts',(-1.40183908342173,0.515455049446003,6.41538018447198));
#5923=CARTESIAN_POINT('Ctrl Pts',(-1.19506946571871,-0.895910556265055,
6.49461117524838));
#5924=CARTESIAN_POINT('Ctrl Pts',(0.10169686252905,-1.49013568426492,6.57384216602478));
#5925=CARTESIAN_POINT('Ctrl Pts',(1.30570769884761,-0.72524079206464,6.65307315680118));
#5926=CARTESIAN_POINT('Ctrl Pts',(1.31881113592274,0.701130593955427,6.73230414757758));
#5927=CARTESIAN_POINT('Ctrl Pts',(0.129055764635534,1.48801565494205,6.81153513835398));
#5928=CARTESIAN_POINT('Ctrl Pts',(-1.1784084818074,0.917715065600255,6.89076612913039));
#5929=CARTESIAN_POINT('Ctrl Pts',(-1.41107226180965,-0.489614991352576,
6.96999711990679));
#5930=CARTESIAN_POINT('Ctrl Pts',(-0.356727684210598,-1.45037481336196,
7.04922811068318));
#5931=CARTESIAN_POINT('Ctrl Pts',(1.02297997248944,-1.08828543036412,7.1284591014596));
#5932=CARTESIAN_POINT('Ctrl Pts',(1.46965081000355,0.26641652549281,7.20769009223599));
#5933=CARTESIAN_POINT('Ctrl Pts',(0.575883737850209,1.37810442777271,7.28692108301239));
#5934=CARTESIAN_POINT('Ctrl Pts',(-0.84313130743577,1.232894043306,7.3661520737888));
#5935=CARTESIAN_POINT('Ctrl Pts',(-1.4931504026164,-0.0368891546874873,
7.44538306456519));
#5936=CARTESIAN_POINT('Ctrl Pts',(-0.781288932253292,-1.27288000676559,
7.52461405534159));
#5937=CARTESIAN_POINT('Ctrl Pts',(0.643148623106934,-1.34818332638495,7.603845046118));
#5938=CARTESIAN_POINT('Ctrl Pts',(1.48102331570214,-0.193308827319844,7.68307603689439));
#5939=CARTESIAN_POINT('Ctrl Pts',(0.968014547549914,1.13687051048146,7.76230702767081));
#5940=CARTESIAN_POINT('Ctrl Pts',(-0.427752768726652,1.43206960064914,7.84153801844719));
#5941=CARTESIAN_POINT('Ctrl Pts',(-1.43369418676222,0.417267972974929,7.92076900922361));
#5942=CARTESIAN_POINT('Ctrl Pts',(-1.23198892745138,-0.507229795778547,
7.9735896697412));
#5943=CARTESIAN_POINT('Ctrl Pts',(-0.958116152722384,-0.825211298936495,
8.));
#5944=CARTESIAN_POINT('Ctrl Pts',(-0.958116152722384,-0.825211298936495,
8.));
#5945=CARTESIAN_POINT('Ctrl Pts',(-0.995312082818359,-0.790475243563607,
8.));
#5946=CARTESIAN_POINT('Ctrl Pts',(-1.03012350851316,-0.753428497109348,
8.));
#5947=CARTESIAN_POINT('Ctrl Pts',(-1.06253719562433,-0.714384081485795,
8.));
#5948=CARTESIAN_POINT('Ctrl Pts',(-1.0858472615016,-0.686305575723607,8.));
#5949=CARTESIAN_POINT('Ctrl Pts',(-1.10791686732535,-0.657192830007238,
8.));
#5950=CARTESIAN_POINT('Ctrl Pts',(-1.12873251382257,-0.627148884131832,
8.));
#5951=CARTESIAN_POINT('Ctrl Pts',(-1.13700839745926,-0.615204013715003,
8.));
#5952=CARTESIAN_POINT('Ctrl Pts',(-1.14508598076689,-0.603111839016482,
8.));
#5953=CARTESIAN_POINT('Ctrl Pts',(-1.15296405370953,-0.590878432392276,
8.));
#5954=CARTESIAN_POINT('Ctrl Pts',(-1.15969967722662,-0.580419069810578,
8.));
#5955=CARTESIAN_POINT('Ctrl Pts',(-1.1662843253413,-0.569864394505329,8.));
#5956=CARTESIAN_POINT('Ctrl Pts',(-1.17271671949533,-0.559220414133919,
8.));
#5957=CARTESIAN_POINT('Ctrl Pts',(-1.20052520467243,-0.513204426416776,
8.));
#5958=CARTESIAN_POINT('Ctrl Pts',(-1.22549734406975,-0.465512451139426,
8.));
#5959=CARTESIAN_POINT('Ctrl Pts',(-1.24759548803221,-0.416468931227432,
8.));
#5960=CARTESIAN_POINT('Ctrl Pts',(-1.25642542998179,-0.396872197919805,
8.));
#5961=CARTESIAN_POINT('Ctrl Pts',(-1.26479610781996,-0.377059219858888,
8.));
#5962=CARTESIAN_POINT('Ctrl Pts',(-1.27270344638248,-0.357049094135768,
8.));
#5963=CARTESIAN_POINT('Ctrl Pts',(-1.27879205822975,-0.341641395631434,
8.));
#5964=CARTESIAN_POINT('Ctrl Pts',(-1.28460594051025,-0.326116791387468,
8.));
#5965=CARTESIAN_POINT('Ctrl Pts',(-1.29014280669438,-0.310483711987132,
8.));
#5966=CARTESIAN_POINT('Ctrl Pts',(-1.29425223773253,-0.298880928106639,
8.));
#5967=CARTESIAN_POINT('Ctrl Pts',(-1.29820615498287,-0.287226425858685,
8.));
#5968=CARTESIAN_POINT('Ctrl Pts',(-1.30200220314212,-0.275530313472454,
8.));
#5969=CARTESIAN_POINT('Ctrl Pts',(-1.319533505816,-0.221514116167189,8.));
#5970=CARTESIAN_POINT('Ctrl Pts',(-1.33371590482804,-0.166571906145788,
8.));
#5971=CARTESIAN_POINT('Ctrl Pts',(-1.34450919311718,-0.111062976320607,
8.));
#5972=CARTESIAN_POINT('Ctrl Pts',(-1.35511466978828,-0.0565199450841501,
8.));
#5973=CARTESIAN_POINT('Ctrl Pts',(-1.36244832110274,-0.00142855271986592,
8.00000000000001));
#5974=CARTESIAN_POINT('Ctrl Pts',(-1.36642768253817,0.0538992036452925,
8.00000000000001));
#5975=CARTESIAN_POINT('Ctrl Pts',(-1.36847021592341,0.0822979282497552,
8.00000000000001));
#5976=CARTESIAN_POINT('Ctrl Pts',(-1.36962827899301,0.110759286461394,8.));
#5977=CARTESIAN_POINT('Ctrl Pts',(-1.36988557661363,0.139242577419413,8.));
#5978=CARTESIAN_POINT('Ctrl Pts',(-1.3700805591048,0.160827475928577,8.));
#5979=CARTESIAN_POINT('Ctrl Pts',(-1.36975818422848,0.182424991479374,8.00000000000001));
#5980=CARTESIAN_POINT('Ctrl Pts',(-1.36890989883205,0.204017520973602,8.00000000000001));
#5981=CARTESIAN_POINT('Ctrl Pts',(-1.36855396601026,0.213077549573408,8.00000000000001));
#5982=CARTESIAN_POINT('Ctrl Pts',(-1.36810547920667,0.222133885037162,8.));
#5983=CARTESIAN_POINT('Ctrl Pts',(-1.36756459771178,0.231176689944162,8.));
#5984=CARTESIAN_POINT('Ctrl Pts',(-1.36429140790785,0.285899983494267,8.));
#5985=CARTESIAN_POINT('Ctrl Pts',(-1.35763459273446,0.340216779180096,8.00000000000001));
#5986=CARTESIAN_POINT('Ctrl Pts',(-1.34753730182217,0.393834215609716,8.00000000000001));
#5987=CARTESIAN_POINT('Ctrl Pts',(-1.33743049167322,0.447502199960627,8.00000000000001));
#5988=CARTESIAN_POINT('Ctrl Pts',(-1.32387764950521,0.50047058655511,8.00000000000001));
#5989=CARTESIAN_POINT('Ctrl Pts',(-1.30713038479846,0.552543548118944,8.00000000000001));
#5990=CARTESIAN_POINT('Ctrl Pts',(-1.29058810470448,0.603979142563481,8.00000000000001));
#5991=CARTESIAN_POINT('Ctrl Pts',(-1.27092859083031,0.654541813192229,8.));
#5992=CARTESIAN_POINT('Ctrl Pts',(-1.24834725425169,0.704037965077536,8.));
#5993=CARTESIAN_POINT('Ctrl Pts',(-1.24404914872171,0.71345900547478,8.));
#5994=CARTESIAN_POINT('Ctrl Pts',(-1.23964506366134,0.722841374652038,8.));
#5995=CARTESIAN_POINT('Ctrl Pts',(-1.23513617468665,0.732183683939111,8.));
#5996=CARTESIAN_POINT('Ctrl Pts',(-1.23080373201043,0.741160400748262,8.));
#5997=CARTESIAN_POINT('Ctrl Pts',(-1.22637844923725,0.750091976647348,8.00000000000001));
#5998=CARTESIAN_POINT('Ctrl Pts',(-1.2218627257762,0.758975720754003,8.00000000000001));
#5999=CARTESIAN_POINT('Ctrl Pts',(-1.19575038199979,0.810346311122393,8.00000000000001));
#6000=CARTESIAN_POINT('Ctrl Pts',(-1.16660990402783,0.86013517483686,8.));
#6001=CARTESIAN_POINT('Ctrl Pts',(-1.13472387721949,0.908129687101208,8.));
#6002=CARTESIAN_POINT('Ctrl Pts',(-1.10215672307447,0.957149425070539,8.));
#6003=CARTESIAN_POINT('Ctrl Pts',(-1.06672505777953,1.00429828011509,8.));
#6004=CARTESIAN_POINT('Ctrl Pts',(-1.02867634157301,1.04933915721863,8.));
#6005=CARTESIAN_POINT('Ctrl Pts',(-0.988895468768025,1.09643050698601,8.));
#6006=CARTESIAN_POINT('Ctrl Pts',(-0.946253486961667,1.14121892892301,8.));
#6007=CARTESIAN_POINT('Ctrl Pts',(-0.900980861359335,1.18340413669622,8.));
#6008=CARTESIAN_POINT('Ctrl Pts',(-0.893867090450081,1.19003277596477,8.));
#6009=CARTESIAN_POINT('Ctrl Pts',(-0.886690630823968,1.19659478874165,8.));
#6010=CARTESIAN_POINT('Ctrl Pts',(-0.879458977396303,1.20308336791831,8.));
#6011=CARTESIAN_POINT('Ctrl Pts',(-0.834135242614572,1.24374995193737,8.));
#6012=CARTESIAN_POINT('Ctrl Pts',(-0.786574923361397,1.28160159196643,8.));
#6013=CARTESIAN_POINT('Ctrl Pts',(-0.737049327358267,1.31639760342706,8.));
#6014=CARTESIAN_POINT('Ctrl Pts',(-0.688016177783744,1.35084762871173,8.));
#6015=CARTESIAN_POINT('Ctrl Pts',(-0.637055898106697,1.38230340186291,8.));
#6016=CARTESIAN_POINT('Ctrl Pts',(-0.584390204951341,1.41050361729136,8.));
#6017=CARTESIAN_POINT('Ctrl Pts',(-0.538046292610177,1.4353187907661,8.));
#6018=CARTESIAN_POINT('Ctrl Pts',(-0.490380923145542,1.45761309179981,8.));
#6019=CARTESIAN_POINT('Ctrl Pts',(-0.441524857030093,1.47718187687015,8.));
#6020=CARTESIAN_POINT('Ctrl Pts',(-0.427575575532822,1.48276911532813,8.));
#6021=CARTESIAN_POINT('Ctrl Pts',(-0.41352912842913,1.48813398210725,8.));
#6022=CARTESIAN_POINT('Ctrl Pts',(-0.399390173309546,1.49327752492789,8.));
#6023=CARTESIAN_POINT('Ctrl Pts',(-1.26651990709509,-0.000202375712092318,
7.44341967361942));
#6024=CARTESIAN_POINT('Ctrl Pts',(-1.26654175516899,-0.0105554494425635,
7.44407413726801));
#6025=CARTESIAN_POINT('Ctrl Pts',(-1.26642572348205,-0.0209080024995211,
7.4447286009166));
#6026=CARTESIAN_POINT('Ctrl Pts',(-1.26617030835911,-0.031257097034929,
7.44538306456519));
#6027=CARTESIAN_POINT('Ctrl Pts',(-1.2558632458287,-0.448886105380192,7.47179339482399));
#6028=CARTESIAN_POINT('Ctrl Pts',(-1.01857608904099,-0.860883056072893,
7.49820372508279));
#6029=CARTESIAN_POINT('Ctrl Pts',(-0.662526251420439,-1.07943208468914,
7.52461405534159));
#6030=CARTESIAN_POINT('Ctrl Pts',(-0.306476413799885,-1.29798111330538,
7.55102438560039));
#6031=CARTESIAN_POINT('Ctrl Pts',(0.168336104653526,-1.32308221984516,7.5774347158592));
#6032=CARTESIAN_POINT('Ctrl Pts',(0.54538814597943,-1.14315368993754,7.603845046118));
#6033=CARTESIAN_POINT('Ctrl Pts',(0.922440187305338,-0.963225160029913,
7.6302553763768));
#6034=CARTESIAN_POINT('Ctrl Pts',(1.20173175150374,-0.578266993674867,7.65666570663559));
#6035=CARTESIAN_POINT('Ctrl Pts',(1.25587607224423,-0.164091354197128,7.68307603689439));
#6036=CARTESIAN_POINT('Ctrl Pts',(1.31002039298472,0.250084285280606,7.7094863671532));
#6037=CARTESIAN_POINT('Ctrl Pts',(1.13901747026732,0.693477397881023,7.735896697412));
#6038=CARTESIAN_POINT('Ctrl Pts',(0.820888122862527,0.96437380254252,7.7623070276708));
#6039=CARTESIAN_POINT('Ctrl Pts',(0.502758775457729,1.23527020720402,7.7887173579296));
#6040=CARTESIAN_POINT('Ctrl Pts',(0.0375030033655336,1.33366990392658,7.81512768818839));
#6041=CARTESIAN_POINT('Ctrl Pts',(-0.362781785686491,1.21373614767549,7.84153801844719));
#6042=CARTESIAN_POINT('Ctrl Pts',(-0.763066574738511,1.0938023914244,7.86794834870599));
#6043=CARTESIAN_POINT('Ctrl Pts',(-1.09838038075037,0.755535182199665,7.8943586789648));
#6044=CARTESIAN_POINT('Ctrl Pts',(-1.21561096892858,0.355277135398928,7.9207690092236));
#6045=CARTESIAN_POINT('Ctrl Pts',(-1.24912501038797,0.240850815584325,7.92831923068888));
#6046=CARTESIAN_POINT('Ctrl Pts',(-1.26481551190117,0.1213580987273,7.93586945215415));
#6047=CARTESIAN_POINT('Ctrl Pts',(-1.26373535226032,0.00161811701248246,
7.94341967361942));
#6048=CARTESIAN_POINT('Ctrl Pts',(-0.510216505388465,1.06149619882936,24.8350221605791));
#6049=CARTESIAN_POINT('Ctrl Pts',(-0.860059169432324,0.893341567959183,
24.8612489098356));
#6050=CARTESIAN_POINT('Ctrl Pts',(-1.37480256959432,0.187170169309326,24.9137024083488));
#6051=CARTESIAN_POINT('Ctrl Pts',(-0.91141529280597,-1.04784075474834,24.9923826561185));
#6052=CARTESIAN_POINT('Ctrl Pts',(0.3738993389226,-1.33622688292651,25.0710629038883));
#6053=CARTESIAN_POINT('Ctrl Pts',(1.32190548865945,-0.422863217990269,25.149743151658));
#6054=CARTESIAN_POINT('Ctrl Pts',(1.07986693738769,0.872056440343213,25.2284233994278));
#6055=CARTESIAN_POINT('Ctrl Pts',(-0.134744363834244,1.38130033964856,25.3071036471975));
#6056=CARTESIAN_POINT('Ctrl Pts',(-1.2279351594653,0.646903201858313,25.3857838949672));
#6057=CARTESIAN_POINT('Ctrl Pts',(-1.21542686038178,-0.670129643080851,
25.4644641427369));
#6058=CARTESIAN_POINT('Ctrl Pts',(-0.108416791838572,-1.38366292949975,
25.5431443905067));
#6059=CARTESIAN_POINT('Ctrl Pts',(1.09620981003167,-0.851250498601591,25.6218246382764));
#6060=CARTESIAN_POINT('Ctrl Pts',(1.31371694060413,0.447718740416054,25.7005048860462));
#6061=CARTESIAN_POINT('Ctrl Pts',(0.348232570188446,1.3435143765123,25.7791851338159));
#6062=CARTESIAN_POINT('Ctrl Pts',(-0.930829988941934,1.02949324037671,25.8578653815857));
#6063=CARTESIAN_POINT('Ctrl Pts',(-1.37169068873263,-0.21157782648113,25.9365456293553));
#6064=CARTESIAN_POINT('Ctrl Pts',(-0.577357813284736,-1.26212422894567,
26.0152258771251));
#6065=CARTESIAN_POINT('Ctrl Pts',(0.736879525116749,-1.1761414750416,26.0939061248948));
#6066=CARTESIAN_POINT('Ctrl Pts',(1.38756465725194,-0.0310553224596962,
26.1725863726646));
#6067=CARTESIAN_POINT('Ctrl Pts',(0.788762240503297,1.14199568053212,26.2512666204343));
#6068=CARTESIAN_POINT('Ctrl Pts',(-0.520312309916814,1.28669156783787,26.329946868204));
#6069=CARTESIAN_POINT('Ctrl Pts',(-1.36085107223156,0.272735091103995,26.4086271159738));
#6070=CARTESIAN_POINT('Ctrl Pts',(-0.975957641001927,-0.986816468506201,
26.4873073637435));
#6071=CARTESIAN_POINT('Ctrl Pts',(0.287775454300648,-1.35775010922209,26.5659876115132));
#6072=CARTESIAN_POINT('Ctrl Pts',(1.29236975909338,-0.506043944077443,26.644667859283));
#6073=CARTESIAN_POINT('Ctrl Pts',(1.13319858499501,0.801349507692595,26.7233481070527));
#6074=CARTESIAN_POINT('Ctrl Pts',(-0.0464060855155641,1.38713609400895,
26.8020283548225));
#6075=CARTESIAN_POINT('Ctrl Pts',(-1.18422256072406,0.7238211064475,26.8807086025921));
#6076=CARTESIAN_POINT('Ctrl Pts',(-1.25565898125319,-0.591287231549965,
26.9593888503619));
#6077=CARTESIAN_POINT('Ctrl Pts',(-0.196387596333428,-1.37394758983186,
27.0380690981317));
#6078=CARTESIAN_POINT('Ctrl Pts',(1.03972876915044,-0.9193824852058,27.1167493459014));
#6079=CARTESIAN_POINT('Ctrl Pts',(1.33958023111379,0.363076950400265,27.1954295936711));
#6080=CARTESIAN_POINT('Ctrl Pts',(0.433153678064946,1.31858938214554,27.2741098414409));
#6081=CARTESIAN_POINT('Ctrl Pts',(-0.863323240649064,1.08672583923861,27.3527900892106));
#6082=CARTESIAN_POINT('Ctrl Pts',(-1.38238659288219,-0.123722978199978,
27.4314703369803));
#6083=CARTESIAN_POINT('Ctrl Pts',(-0.656625248151818,-1.22276054524491,
27.5101505847501));
#6084=CARTESIAN_POINT('Ctrl Pts',(0.66042027841304,-1.22071500497744,27.5888308325198));
#6085=CARTESIAN_POINT('Ctrl Pts',(1.38276423800763,-0.1194283450587,27.6675110802895));
#6086=CARTESIAN_POINT('Ctrl Pts',(0.859943435144079,1.08940229294271,27.7461913280593));
#6087=CARTESIAN_POINT('Ctrl Pts',(-0.437247454620333,1.31723753778356,27.824871575829));
#6088=CARTESIAN_POINT('Ctrl Pts',(-1.34070157566916,0.358914129720931,27.9035518235987));
#6089=CARTESIAN_POINT('Ctrl Pts',(-1.03686792262866,-0.922607705656847,
27.9822320713685));
#6090=CARTESIAN_POINT('Ctrl Pts',(0.200654471482641,-1.3733309326605,28.0609123191382));
#6091=CARTESIAN_POINT('Ctrl Pts',(1.25748960853529,-0.587383990187493,28.139592566908));
#6092=CARTESIAN_POINT('Ctrl Pts',(1.18196847930695,0.727496104063179,28.2182728146777));
#6093=CARTESIAN_POINT('Ctrl Pts',(0.0420970723284778,1.38727355056592,28.2969530624474));
#6094=CARTESIAN_POINT('Ctrl Pts',(-1.13568230883165,0.797825645616019,28.3756333102171));
#6095=CARTESIAN_POINT('Ctrl Pts',(-1.2907916256578,-0.510055924971387,28.4543135579869));
#6096=CARTESIAN_POINT('Ctrl Pts',(-0.28355655731043,-1.35863745969318,28.5329938057566));
#6097=CARTESIAN_POINT('Ctrl Pts',(0.979018230843984,-0.983780143217465,
28.6116740535264));
#6098=CARTESIAN_POINT('Ctrl Pts',(1.35999732185123,0.276960921636973,28.6903543012961));
#6099=CARTESIAN_POINT('Ctrl Pts',(0.516313020111391,1.28830157046166,28.7690345490658));
#6100=CARTESIAN_POINT('Ctrl Pts',(-0.792305765515781,1.13954009735311,28.8477147968355));
#6101=CARTESIAN_POINT('Ctrl Pts',(-1.38746148210047,-0.0353653276648979,
28.9263950446053));
#6102=CARTESIAN_POINT('Ctrl Pts',(-0.733222612329444,-1.1784246651207,29.005075292375));
#6103=CARTESIAN_POINT('Ctrl Pts',(0.581275557210065,-1.26032485216627,29.0837555401448));
#6104=CARTESIAN_POINT('Ctrl Pts',(1.37234117241085,-0.207315743767324,29.1624357879145));
#6105=CARTESIAN_POINT('Ctrl Pts',(0.927627853361505,1.0323791791378,29.2411160356842));
#6106=CARTESIAN_POINT('Ctrl Pts',(-0.352404599692608,1.34242713469601,29.319796283454));
#6107=CARTESIAN_POINT('Ctrl Pts',(-1.31510051509043,0.443634035465234,29.3984765312236));
#6108=CARTESIAN_POINT('Ctrl Pts',(-1.09356190059502,-0.854647980084178,
29.4771567789935));
#6109=CARTESIAN_POINT('Ctrl Pts',(0.112717318628049,-1.3833262843294,29.5558370267631));
#6110=CARTESIAN_POINT('Ctrl Pts',(1.21749668234814,-0.666337826497411,29.6345172745329));
#6111=CARTESIAN_POINT('Ctrl Pts',(1.22593122392568,0.650688860503394,29.7131975223026));
#6112=CARTESIAN_POINT('Ctrl Pts',(0.130430919221625,1.38176158527272,29.7918777700724));
#6113=CARTESIAN_POINT('Ctrl Pts',(-1.08252769657967,0.868602312690403,29.8705580178421));
#6114=CARTESIAN_POINT('Ctrl Pts',(-1.32066858458568,-0.426782143621406,
29.9492382656118));
#6115=CARTESIAN_POINT('Ctrl Pts',(-0.369586053017215,-1.33774168706573,
30.0279185133816));
#6116=CARTESIAN_POINT('Ctrl Pts',(0.914352985902962,-1.0442957697786,30.1065987611513));
#6117=CARTESIAN_POINT('Ctrl Pts',(1.37483353413417,0.189947823091507,30.185279008921));
#6118=CARTESIAN_POINT('Ctrl Pts',(0.597471148269755,1.25233031796227,30.2639592566908));
#6119=CARTESIAN_POINT('Ctrl Pts',(-0.718256019323965,1.18859428484957,30.3426395044605));
#6120=CARTESIAN_POINT('Ctrl Pts',(-1.38653545344139,0.0513245944213062,
30.4213197522303));
#6121=CARTESIAN_POINT('Ctrl Pts',(-1.00049461375705,-0.732646886167902,
30.4737732507434));
#6122=CARTESIAN_POINT('Ctrl Pts',(-0.684664424539434,-0.958295198918416,
30.5));
#6123=CARTESIAN_POINT('Ctrl Pts',(-0.551480035117393,1.14734422509852,24.8900147737194));
#6124=CARTESIAN_POINT('Ctrl Pts',(-0.929616066811584,0.965590164306555,
24.916241522976));
#6125=CARTESIAN_POINT('Ctrl Pts',(-1.48598910727537,0.202307472325011,24.9686950214891));
#6126=CARTESIAN_POINT('Ctrl Pts',(-0.985125593497776,-1.13258440313703,
25.0473752692589));
#6127=CARTESIAN_POINT('Ctrl Pts',(0.404138279302451,-1.44429362934872,25.1260555170286));
#6128=CARTESIAN_POINT('Ctrl Pts',(1.42881399878028,-0.457062090003499,25.2047357647983));
#6129=CARTESIAN_POINT('Ctrl Pts',(1.16720068885123,0.942583611595758,25.283416012568));
#6130=CARTESIAN_POINT('Ctrl Pts',(-0.145641753479928,1.49301238155179,25.3620962603378));
#6131=CARTESIAN_POINT('Ctrl Pts',(-1.32724386159994,0.699221206508717,25.4407765081075));
#6132=CARTESIAN_POINT('Ctrl Pts',(-1.31372395947019,-0.724326075688319,
25.5194567558773));
#6133=CARTESIAN_POINT('Ctrl Pts',(-0.117184950974748,-1.49556604479149,
25.598137003647));
#6134=CARTESIAN_POINT('Ctrl Pts',(1.18486528394846,-0.92009499870077,25.6768172514167));
#6135=CARTESIAN_POINT('Ctrl Pts',(1.41996320559462,0.483927791593827,25.7554974991865));
#6136=CARTESIAN_POINT('Ctrl Pts',(0.376395722224494,1.45217049569107,25.8341777469562));
#6137=CARTESIAN_POINT('Ctrl Pts',(-1.0061104444263,1.11275304181664,25.9128579947259));
#6138=CARTESIAN_POINT('Ctrl Pts',(-1.48262555445268,-0.22868908776096,25.9915382424957));
#6139=CARTESIAN_POINT('Ctrl Pts',(-0.624051366004225,-1.3641979566528,26.0702184902654));
#6140=CARTESIAN_POINT('Ctrl Pts',(0.796474324324869,-1.27126138631116,26.1488987380351));
#6141=CARTESIAN_POINT('Ctrl Pts',(1.49978332301568,-0.0335669076554464,
26.2275789858049));
#6142=CARTESIAN_POINT('Ctrl Pts',(0.852553030915478,1.23435406607292,26.3062592335746));
#6143=CARTESIAN_POINT('Ctrl Pts',(-0.562392333283037,1.39075216799627,26.3849394813443));
#6144=CARTESIAN_POINT('Ctrl Pts',(-1.47090928885653,0.294792418573885,26.4636197291141));
#6145=CARTESIAN_POINT('Ctrl Pts',(-1.05488777499084,-1.06662480527139,26.5422999768839));
#6146=CARTESIAN_POINT('Ctrl Pts',(0.311049164359768,-1.46755753686243,26.6209802246535));
#6147=CARTESIAN_POINT('Ctrl Pts',(1.39688958040829,-0.546970019792477,26.6996604724233));
#6148=CARTESIAN_POINT('Ctrl Pts',(1.22484550940238,0.866158287660933,26.778340720193));
#6149=CARTESIAN_POINT('Ctrl Pts',(-0.0501591567491452,1.49932009991373,
26.8570209679628));
#6150=CARTESIAN_POINT('Ctrl Pts',(-1.27999602615302,0.782359811936041,26.9357012157325));
#6151=CARTESIAN_POINT('Ctrl Pts',(-1.35720983496949,-0.63910731968847,27.0143814635022));
#6152=CARTESIAN_POINT('Ctrl Pts',(-0.212270354601962,-1.48506498141028,
27.093061711272));
#6153=CARTESIAN_POINT('Ctrl Pts',(1.12381636436298,-0.993737128989164,27.1717419590417));
#6154=CARTESIAN_POINT('Ctrl Pts',(1.44791817805804,0.392440634990046,27.2504222068114));
#6155=CARTESIAN_POINT('Ctrl Pts',(0.468184786394977,1.42522970364786,27.3291024545812));
#6156=CARTESIAN_POINT('Ctrl Pts',(-0.933144118315645,1.17461430129548,27.4077827023509));
#6157=CARTESIAN_POINT('Ctrl Pts',(-1.49418648502571,-0.133729018253928,
27.4864629501206));
#6158=CARTESIAN_POINT('Ctrl Pts',(-0.709729518910864,-1.32165075278859,
27.5651431978904));
#6159=CARTESIAN_POINT('Ctrl Pts',(0.713831470532619,-1.31943978037469,27.6438234456601));
#6160=CARTESIAN_POINT('Ctrl Pts',(1.49459467203033,-0.129087058594552,27.7225036934299));
#6161=CARTESIAN_POINT('Ctrl Pts',(0.929490972564991,1.17750721198563,27.8011839411996));
#6162=CARTESIAN_POINT('Ctrl Pts',(-0.472609645282679,1.42376852948289,27.8798641889693));
#6163=CARTESIAN_POINT('Ctrl Pts',(-1.44913021084852,0.387941148066018,27.9585444367391));
#6164=CARTESIAN_POINT('Ctrl Pts',(-1.12072414816921,-0.997223187689374,
28.0372246845088));
#6165=CARTESIAN_POINT('Ctrl Pts',(0.216882311354187,-1.48439845236835,28.1159049322785));
#6166=CARTESIAN_POINT('Ctrl Pts',(1.35918851340728,-0.634888405441465,28.1945851800483));
#6167=CARTESIAN_POINT('Ctrl Pts',(1.27755964691806,0.78633202332619,28.273265427818));
#6168=CARTESIAN_POINT('Ctrl Pts',(0.0455016540642414,1.49946867320774,28.3519456755877));
#6169=CARTESIAN_POINT('Ctrl Pts',(-1.22753010328396,0.862349434828445,28.4306259233575));
#6170=CARTESIAN_POINT('Ctrl Pts',(-1.39518381614297,-0.551306467831518,
28.5093061711272));
#6171=CARTESIAN_POINT('Ctrl Pts',(-0.306489065978507,-1.4685166514026,28.5879864188969));
#6172=CARTESIAN_POINT('Ctrl Pts',(1.05819588865582,-1.06334291854455,28.6666666666667));
#6173=CARTESIAN_POINT('Ctrl Pts',(1.4699864917993,0.299360011245051,28.7453469144364));
#6174=CARTESIAN_POINT('Ctrl Pts',(0.55806960271858,1.39249237885604,28.8240271622062));
#6175=CARTESIAN_POINT('Ctrl Pts',(-0.856383136914949,1.23169988871197,28.9027074099759));
#6176=CARTESIAN_POINT('Ctrl Pts',(-1.49967180362038,-0.0382254825874819,
28.9813876577456));
#6177=CARTESIAN_POINT('Ctrl Pts',(-0.792521660365433,-1.27372922835801,
29.0600679055153));
#6178=CARTESIAN_POINT('Ctrl Pts',(0.628285955702317,-1.36225305608802,29.1387481532851));
#6179=CARTESIAN_POINT('Ctrl Pts',(1.48332864570495,-0.224082311030195,29.2174284010548));
#6180=CARTESIAN_POINT('Ctrl Pts',(1.00264933757521,1.11587237957327,29.2961086488246));
#6181=CARTESIAN_POINT('Ctrl Pts',(-0.380905162732907,1.45099532368331,29.3747888965943));
#6182=CARTESIAN_POINT('Ctrl Pts',(-1.4214586760434,0.479512737972618,29.453469144364));
#6183=CARTESIAN_POINT('Ctrl Pts',(-1.18200322603054,-0.923767249965743,
29.5321493921338));
#6184=CARTESIAN_POINT('Ctrl Pts',(0.121833280928463,-1.49520217359485,29.6108296399035));
#6185=CARTESIAN_POINT('Ctrl Pts',(1.31596117735443,-0.720227597649087,29.6895098876733));
#6186=CARTESIAN_POINT('Ctrl Pts',(1.32507785867747,0.7033130285891,29.7681901354429));
#6187=CARTESIAN_POINT('Ctrl Pts',(0.140979460979952,1.49351093020775,29.8468703832127));
#6188=CARTESIAN_POINT('Ctrl Pts',(-1.17007663574265,0.938850132927097,29.9255506309824));
#6189=CARTESIAN_POINT('Ctrl Pts',(-1.42747706064748,-0.461297956977323,
30.0042308787522));
#6190=CARTESIAN_POINT('Ctrl Pts',(-0.399476158345084,-1.44593094258941,
30.0829111265219));
#6191=CARTESIAN_POINT('Ctrl Pts',(0.988300871198866,-1.12875271910692,30.1615913742916));
#6192=CARTESIAN_POINT('Ctrl Pts',(1.48602257605842,0.205309767603889,30.2402716220614));
#6193=CARTESIAN_POINT('Ctrl Pts',(0.645791357883597,1.35361196753637,30.3189518698311));
#6194=CARTESIAN_POINT('Ctrl Pts',(-0.776344650901636,1.28472131149523,30.3976321176008));
#6195=CARTESIAN_POINT('Ctrl Pts',(-1.49867088281119,0.0554754478440515,
30.4763123653706));
#6196=CARTESIAN_POINT('Ctrl Pts',(-1.08140916434959,-0.79189937261026,30.5287658638837));
#6197=CARTESIAN_POINT('Ctrl Pts',(-0.740036351041142,-1.03579689087085,
30.5549926131403));
#6198=CARTESIAN_POINT('Ctrl Pts',(-0.592743564846321,1.23319225136768,24.9450073868597));
#6199=CARTESIAN_POINT('Ctrl Pts',(-0.999172964190844,1.03783876065393,24.9712341361163));
#6200=CARTESIAN_POINT('Ctrl Pts',(-1.59717564495642,0.217444775340694,25.0236876346294));
#6201=CARTESIAN_POINT('Ctrl Pts',(-1.05883589418958,-1.21732805152572,25.1023678823992));
#6202=CARTESIAN_POINT('Ctrl Pts',(0.434377219682302,-1.55236037577092,25.1810481301689));
#6203=CARTESIAN_POINT('Ctrl Pts',(1.53572250890111,-0.491260962016728,25.2597283779386));
#6204=CARTESIAN_POINT('Ctrl Pts',(1.25453444031477,1.0131107828483,25.3384086257084));
#6205=CARTESIAN_POINT('Ctrl Pts',(-0.156539143125611,1.60472442345502,25.4170888734781));
#6206=CARTESIAN_POINT('Ctrl Pts',(-1.42655256373457,0.751539211159118,25.4957691212478));
#6207=CARTESIAN_POINT('Ctrl Pts',(-1.41202105855859,-0.778522508295785,
25.5744493690176));
#6208=CARTESIAN_POINT('Ctrl Pts',(-0.125953110110926,-1.60746916008323,
25.6531296167873));
#6209=CARTESIAN_POINT('Ctrl Pts',(1.27352075786527,-0.988939498799948,25.731809864557));
#6210=CARTESIAN_POINT('Ctrl Pts',(1.52620947058511,0.520136842771599,25.8104901123268));
#6211=CARTESIAN_POINT('Ctrl Pts',(0.404558874260545,1.56082661486984,25.8891703600965));
#6212=CARTESIAN_POINT('Ctrl Pts',(-1.08139089991067,1.19601284325658,25.9678506078663));
#6213=CARTESIAN_POINT('Ctrl Pts',(-1.59356042017272,-0.245800349040789,
26.046530855636));
#6214=CARTESIAN_POINT('Ctrl Pts',(-0.670744918723715,-1.46627168435993,
26.1252111034057));
#6215=CARTESIAN_POINT('Ctrl Pts',(0.856069123532989,-1.36638129758071,26.2038913511755));
#6216=CARTESIAN_POINT('Ctrl Pts',(1.61200198877942,-0.0360784928511963,
26.2825715989452));
#6217=CARTESIAN_POINT('Ctrl Pts',(0.916343821327659,1.32671245161372,26.3612518467149));
#6218=CARTESIAN_POINT('Ctrl Pts',(-0.60447235664926,1.49481276815468,26.4399320944846));
#6219=CARTESIAN_POINT('Ctrl Pts',(-1.58096750548149,0.316849746043776,26.5186123422544));
#6220=CARTESIAN_POINT('Ctrl Pts',(-1.13381790897975,-1.14643314203659,26.5972925900241));
#6221=CARTESIAN_POINT('Ctrl Pts',(0.334322874418888,-1.57736496450276,26.6759728377939));
#6222=CARTESIAN_POINT('Ctrl Pts',(1.50140940172321,-0.587896095507514,26.7546530855636));
#6223=CARTESIAN_POINT('Ctrl Pts',(1.31649243380975,0.930967067629275,26.8333333333334));
#6224=CARTESIAN_POINT('Ctrl Pts',(-0.0539122279827241,1.6115041058185,26.912013581103));
#6225=CARTESIAN_POINT('Ctrl Pts',(-1.37576949158199,0.840898517424585,26.9906938288728));
#6226=CARTESIAN_POINT('Ctrl Pts',(-1.45876068868578,-0.686927407826978,
27.0693740766425));
#6227=CARTESIAN_POINT('Ctrl Pts',(-0.228153112870498,-1.5961823729887,27.1480543244123));
#6228=CARTESIAN_POINT('Ctrl Pts',(1.20790395957553,-1.06809177277253,27.226734572182));
#6229=CARTESIAN_POINT('Ctrl Pts',(1.55625612500229,0.421804319579831,27.3054148199518));
#6230=CARTESIAN_POINT('Ctrl Pts',(0.503215894725008,1.53187002515018,27.3840950677215));
#6231=CARTESIAN_POINT('Ctrl Pts',(-1.00296499598223,1.26250276335235,27.4627753154912));
#6232=CARTESIAN_POINT('Ctrl Pts',(-1.60598637716923,-0.14373505830788,27.5414555632609));
#6233=CARTESIAN_POINT('Ctrl Pts',(-0.762833789669911,-1.42054096033227,
27.6201358110307));
#6234=CARTESIAN_POINT('Ctrl Pts',(0.767242662652198,-1.41816455577194,27.6988160588004));
#6235=CARTESIAN_POINT('Ctrl Pts',(1.60642510605302,-0.138745772130402,27.7774963065702));
#6236=CARTESIAN_POINT('Ctrl Pts',(0.999038509985903,1.26561213102853,27.8561765543399));
#6237=CARTESIAN_POINT('Ctrl Pts',(-0.507971835945025,1.53029952118222,27.9348568021096));
#6238=CARTESIAN_POINT('Ctrl Pts',(-1.55755884602788,0.416968166411105,28.0135370498794));
#6239=CARTESIAN_POINT('Ctrl Pts',(-1.20458037370976,-1.0718386697219,28.0922172976491));
#6240=CARTESIAN_POINT('Ctrl Pts',(0.233110151225732,-1.59546597207619,28.1708975454189));
#6241=CARTESIAN_POINT('Ctrl Pts',(1.46088741827927,-0.682392820695439,28.2495777931886));
#6242=CARTESIAN_POINT('Ctrl Pts',(1.37315081452918,0.845167942589202,28.3282580409583));
#6243=CARTESIAN_POINT('Ctrl Pts',(0.0489062358000053,1.61166379584956,28.4069382887281));
#6244=CARTESIAN_POINT('Ctrl Pts',(-1.31937789773627,0.926873224040868,28.4856185364977));
#6245=CARTESIAN_POINT('Ctrl Pts',(-1.49957600662814,-0.592557010691646,
28.5642987842675));
#6246=CARTESIAN_POINT('Ctrl Pts',(-0.329421574646582,-1.57839584311203,
28.6429790320372));
#6247=CARTESIAN_POINT('Ctrl Pts',(1.13737354646765,-1.14290569387163,28.721659279807));
#6248=CARTESIAN_POINT('Ctrl Pts',(1.57997566174736,0.321759100853129,28.8003395275767));
#6249=CARTESIAN_POINT('Ctrl Pts',(0.59982618532577,1.49668318725041,28.8790197753465));
#6250=CARTESIAN_POINT('Ctrl Pts',(-0.920460508314119,1.32385968007082,28.9577000231161));
#6251=CARTESIAN_POINT('Ctrl Pts',(-1.61188212514029,-0.0410856375100663,
29.0363802708859));
#6252=CARTESIAN_POINT('Ctrl Pts',(-0.851820708401423,-1.36903379159532,
29.1150605186556));
#6253=CARTESIAN_POINT('Ctrl Pts',(0.675296354194571,-1.46418126000977,29.1937407664254));
#6254=CARTESIAN_POINT('Ctrl Pts',(1.59431611899906,-0.240848878293064,29.2724210141951));
#6255=CARTESIAN_POINT('Ctrl Pts',(1.07767082178891,1.19936558000874,29.3511012619648));
#6256=CARTESIAN_POINT('Ctrl Pts',(-0.409405725773207,1.55956351267062,29.4297815097346));
#6257=CARTESIAN_POINT('Ctrl Pts',(-1.52781683699637,0.515391440480002,29.5084617575043));
#6258=CARTESIAN_POINT('Ctrl Pts',(-1.27044455146606,-0.992886519847305,
29.5871420052741));
#6259=CARTESIAN_POINT('Ctrl Pts',(0.130949243228879,-1.60707806286029,29.6658222530438));
#6260=CARTESIAN_POINT('Ctrl Pts',(1.41442567236072,-0.774117368800762,29.7445025008135));
#6261=CARTESIAN_POINT('Ctrl Pts',(1.42422449342927,0.755937196674806,29.8231827485832));
#6262=CARTESIAN_POINT('Ctrl Pts',(0.151528002738276,1.60526027514277,29.901862996353));
#6263=CARTESIAN_POINT('Ctrl Pts',(-1.25762557490564,1.00909795316379,29.9805432441227));
#6264=CARTESIAN_POINT('Ctrl Pts',(-1.53428553670928,-0.495813770333239,
30.0592234918925));
#6265=CARTESIAN_POINT('Ctrl Pts',(-0.429366263672952,-1.55412019811309,
30.1379037396622));
#6266=CARTESIAN_POINT('Ctrl Pts',(1.06224875649477,-1.21320966843522,30.216583987432));
#6267=CARTESIAN_POINT('Ctrl Pts',(1.59721161798266,0.220671712116269,30.2952642352017));
#6268=CARTESIAN_POINT('Ctrl Pts',(0.694111567497438,1.45489361711048,30.3739444829714));
#6269=CARTESIAN_POINT('Ctrl Pts',(-0.834433282479305,1.38084833814089,30.4526247307411));
#6270=CARTESIAN_POINT('Ctrl Pts',(-1.610806312181,0.0596263012667961,30.5313049785109));
#6271=CARTESIAN_POINT('Ctrl Pts',(-1.16232371494213,-0.851151859052617,
30.583758477024));
#6272=CARTESIAN_POINT('Ctrl Pts',(-0.79540827754285,-1.11329858282328,30.6099852262806));
#6273=CARTESIAN_POINT('Ctrl Pts',(-0.634007094575249,1.31904027763683,25.));
#6274=CARTESIAN_POINT('Ctrl Pts',(-1.0687298615701,1.1100873570013,25.0262267492566));
#6275=CARTESIAN_POINT('Ctrl Pts',(-1.70836218263747,0.232582078356377,25.0786802477697));
#6276=CARTESIAN_POINT('Ctrl Pts',(-1.13254619488139,-1.3020716999144,25.1573604955395));
#6277=CARTESIAN_POINT('Ctrl Pts',(0.464616160062153,-1.66042712219313,25.2360407433092));
#6278=CARTESIAN_POINT('Ctrl Pts',(1.64263101902194,-0.525459834029957,25.3147209910789));
#6279=CARTESIAN_POINT('Ctrl Pts',(1.34186819177831,1.08363795410085,25.3934012388486));
#6280=CARTESIAN_POINT('Ctrl Pts',(-0.167436532771294,1.71643646535825,25.4720814866185));
#6281=CARTESIAN_POINT('Ctrl Pts',(-1.52586126586921,0.80385721580952,25.5507617343881));
#6282=CARTESIAN_POINT('Ctrl Pts',(-1.51031815764699,-0.832718940903251,
25.6294419821579));
#6283=CARTESIAN_POINT('Ctrl Pts',(-0.134721269247103,-1.71937227537497,
25.7081222299276));
#6284=CARTESIAN_POINT('Ctrl Pts',(1.36217623178207,-1.05778399889913,25.7868024776974));
#6285=CARTESIAN_POINT('Ctrl Pts',(1.63245573557559,0.556345893949372,25.8654827254671));
#6286=CARTESIAN_POINT('Ctrl Pts',(0.432722026296594,1.66948273404861,25.9441629732368));
#6287=CARTESIAN_POINT('Ctrl Pts',(-1.15667135539503,1.27927264469652,26.0228432210066));
#6288=CARTESIAN_POINT('Ctrl Pts',(-1.70449528589277,-0.262911610320619,
26.1015234687763));
#6289=CARTESIAN_POINT('Ctrl Pts',(-0.717438471443203,-1.56834541206706,
26.180203716546));
#6290=CARTESIAN_POINT('Ctrl Pts',(0.915663922741109,-1.46150120885026,26.2588839643158));
#6291=CARTESIAN_POINT('Ctrl Pts',(1.72422065454316,-0.0385900780469461,
26.3375642120855));
#6292=CARTESIAN_POINT('Ctrl Pts',(0.980134611739839,1.41907083715452,26.4162444598553));
#6293=CARTESIAN_POINT('Ctrl Pts',(-0.646552380015482,1.59887336831308,26.4949247076249));
#6294=CARTESIAN_POINT('Ctrl Pts',(-1.69102572210646,0.338907073513667,26.5736049553947));
#6295=CARTESIAN_POINT('Ctrl Pts',(-1.21274804296866,-1.22624147880179,26.6522852031644));
#6296=CARTESIAN_POINT('Ctrl Pts',(0.357596584478008,-1.6871723921431,26.7309654509342));
#6297=CARTESIAN_POINT('Ctrl Pts',(1.60592922303812,-0.628822171222551,26.8096456987039));
#6298=CARTESIAN_POINT('Ctrl Pts',(1.40813935821712,0.995775847597615,26.8883259464736));
#6299=CARTESIAN_POINT('Ctrl Pts',(-0.0576652992163048,1.72368811172328,
26.9670061942434));
#6300=CARTESIAN_POINT('Ctrl Pts',(-1.47154295701095,0.899437222913128,27.0456864420131));
#6301=CARTESIAN_POINT('Ctrl Pts',(-1.56031154240208,-0.734747495965484,
27.1243666897829));
#6302=CARTESIAN_POINT('Ctrl Pts',(-0.244035871139034,-1.70729976456712,
27.2030469375526));
#6303=CARTESIAN_POINT('Ctrl Pts',(1.29199155478807,-1.14244641655589,27.2817271853223));
#6304=CARTESIAN_POINT('Ctrl Pts',(1.66459407194654,0.451168004169613,27.3604074330921));
#6305=CARTESIAN_POINT('Ctrl Pts',(0.538247003055039,1.6385103466525,27.4390876808618));
#6306=CARTESIAN_POINT('Ctrl Pts',(-1.07278587364881,1.35039122540922,27.5177679286315));
#6307=CARTESIAN_POINT('Ctrl Pts',(-1.71778626931275,-0.153741098361829,
27.5964481764013));
#6308=CARTESIAN_POINT('Ctrl Pts',(-0.815938060428958,-1.51943116787596,
27.675128424171));
#6309=CARTESIAN_POINT('Ctrl Pts',(0.820653854771778,-1.51688933116918,27.7538086719407));
#6310=CARTESIAN_POINT('Ctrl Pts',(1.71825554007571,-0.148404485666254,27.8324889197105));
#6311=CARTESIAN_POINT('Ctrl Pts',(1.06858604740682,1.35371705007145,27.9111691674802));
#6312=CARTESIAN_POINT('Ctrl Pts',(-0.543334026607374,1.63683051288155,27.9898494152499));
#6313=CARTESIAN_POINT('Ctrl Pts',(-1.66598748120723,0.445995184756192,28.0685296630197));
#6314=CARTESIAN_POINT('Ctrl Pts',(-1.28843659925031,-1.14645415175443,28.1472099107894));
#6315=CARTESIAN_POINT('Ctrl Pts',(0.24933799109728,-1.70653349178403,28.2258901585592));
#6316=CARTESIAN_POINT('Ctrl Pts',(1.56258632315125,-0.729897235949411,28.3045704063289));
#6317=CARTESIAN_POINT('Ctrl Pts',(1.46874198214029,0.904003861852212,28.3832506540986));
#6318=CARTESIAN_POINT('Ctrl Pts',(0.0523108175357693,1.72385891849138,28.4619309018683));
#6319=CARTESIAN_POINT('Ctrl Pts',(-1.41122569218859,0.991397013253292,28.5406111496381));
#6320=CARTESIAN_POINT('Ctrl Pts',(-1.60396819711331,-0.633807553551775,
28.6192913974078));
#6321=CARTESIAN_POINT('Ctrl Pts',(-0.352354083314659,-1.68827503482145,
28.6979716451775));
#6322=CARTESIAN_POINT('Ctrl Pts',(1.21655120427948,-1.22246846919871,28.7766518929473));
#6323=CARTESIAN_POINT('Ctrl Pts',(1.68996483169542,0.344158190461206,28.855332140717));
#6324=CARTESIAN_POINT('Ctrl Pts',(0.641582767932959,1.60087399564478,28.9340123884868));
#6325=CARTESIAN_POINT('Ctrl Pts',(-0.984537879713287,1.41601947142967,29.0126926362565));
#6326=CARTESIAN_POINT('Ctrl Pts',(-1.72409244666019,-0.0439457924326507,
29.0913728840263));
#6327=CARTESIAN_POINT('Ctrl Pts',(-0.911119756437412,-1.46433835483263,
29.1700531317959));
#6328=CARTESIAN_POINT('Ctrl Pts',(0.722306752686824,-1.56610946393152,29.2487333795657));
#6329=CARTESIAN_POINT('Ctrl Pts',(1.70530359229316,-0.257615445555934,29.3274136273354));
#6330=CARTESIAN_POINT('Ctrl Pts',(1.15269230600262,1.2828587804442,29.4060938751052));
#6331=CARTESIAN_POINT('Ctrl Pts',(-0.437906288813506,1.66813170165792,29.4847741228749));
#6332=CARTESIAN_POINT('Ctrl Pts',(-1.63417499794934,0.551270142987384,29.5634543706446));
#6333=CARTESIAN_POINT('Ctrl Pts',(-1.35888587690158,-1.06200578972887,29.6421346184144));
#6334=CARTESIAN_POINT('Ctrl Pts',(0.140065205529293,-1.71895395212573,29.7208148661841));
#6335=CARTESIAN_POINT('Ctrl Pts',(1.51289016736701,-0.828007139952438,29.7994951139539));
#6336=CARTESIAN_POINT('Ctrl Pts',(1.52337112818106,0.808561364760513,29.8781753617236));
#6337=CARTESIAN_POINT('Ctrl Pts',(0.162076544496602,1.7170096200778,29.9568556094933));
#6338=CARTESIAN_POINT('Ctrl Pts',(-1.34517451406863,1.07934577340049,30.0355358572631));
#6339=CARTESIAN_POINT('Ctrl Pts',(-1.64109401277108,-0.530329583689156,
30.1142161050328));
#6340=CARTESIAN_POINT('Ctrl Pts',(-0.459256369000822,-1.66230945363676,
30.1928963528025));
#6341=CARTESIAN_POINT('Ctrl Pts',(1.13619664179067,-1.29766661776354,30.2715766005723));
#6342=CARTESIAN_POINT('Ctrl Pts',(1.70840065990691,0.236033656628652,30.350256848342));
#6343=CARTESIAN_POINT('Ctrl Pts',(0.74243177711128,1.55617526668458,30.4289370961118));
#6344=CARTESIAN_POINT('Ctrl Pts',(-0.892521914056975,1.47697536478655,30.5076173438814));
#6345=CARTESIAN_POINT('Ctrl Pts',(-1.72294174155081,0.0637771546895412,
30.5862975916512));
#6346=CARTESIAN_POINT('Ctrl Pts',(-1.24323826553467,-0.910404345494975,
30.6387510901644));
#6347=CARTESIAN_POINT('Ctrl Pts',(-0.850780204044558,-1.19080027477571,
30.6649778394209));
#6348=CARTESIAN_POINT('',(-0.634007094575313,1.3190402776368,30.5));
#6349=CARTESIAN_POINT('Ctrl Pts',(-0.635544119207184,1.32062315217945,30.5));
#6350=CARTESIAN_POINT('Ctrl Pts',(-0.675611601855003,1.29680730614488,30.5));
#6351=CARTESIAN_POINT('Ctrl Pts',(-0.714349379371685,1.27104256462604,30.5));
#6352=CARTESIAN_POINT('Ctrl Pts',(-0.751595573617523,1.2433315636922,30.5));
#6353=CARTESIAN_POINT('Ctrl Pts',(-0.797946127702472,1.20884696000209,30.5));
#6354=CARTESIAN_POINT('Ctrl Pts',(-0.841988389445713,1.1713488437153,30.5));
#6355=CARTESIAN_POINT('Ctrl Pts',(-0.883586984870337,1.13116158495636,30.5));
#6356=CARTESIAN_POINT('Ctrl Pts',(-0.919456428792852,1.09650910186796,30.5));
#6357=CARTESIAN_POINT('Ctrl Pts',(-0.953508491051508,1.05985608741515,30.5));
#6358=CARTESIAN_POINT('Ctrl Pts',(-0.985629057591382,1.02139552216997,30.5));
#6359=CARTESIAN_POINT('Ctrl Pts',(-1.00154695102107,1.0023357344773,30.5));
#6360=CARTESIAN_POINT('Ctrl Pts',(-1.01699008273671,0.982831880938053,30.5));
#6361=CARTESIAN_POINT('Ctrl Pts',(-1.03194201148799,0.962906864333742,30.5));
#6362=CARTESIAN_POINT('Ctrl Pts',(-1.03991376120919,0.952283669948419,30.5));
#6363=CARTESIAN_POINT('Ctrl Pts',(-1.0477480880184,0.941537353258575,30.5));
#6364=CARTESIAN_POINT('Ctrl Pts',(-1.0554267456202,0.93069405525514,30.5));
#6365=CARTESIAN_POINT('Ctrl Pts',(-1.08826939287392,0.884315817044588,30.5));
#6366=CARTESIAN_POINT('Ctrl Pts',(-1.11832559243253,0.836092001454408,30.5));
#6367=CARTESIAN_POINT('Ctrl Pts',(-1.14546613355846,0.786328036190636,30.5));
#6368=CARTESIAN_POINT('Ctrl Pts',(-1.17244666253639,0.736857463712864,30.5));
#6369=CARTESIAN_POINT('Ctrl Pts',(-1.19654612968361,0.685863709892962,30.5));
#6370=CARTESIAN_POINT('Ctrl Pts',(-1.21758862756049,0.633632748753819,30.5));
#6371=CARTESIAN_POINT('Ctrl Pts',(-1.2362570643379,0.587294600043769,30.5));
#6372=CARTESIAN_POINT('Ctrl Pts',(-1.25251889144333,0.539981975989504,30.5));
#6373=CARTESIAN_POINT('Ctrl Pts',(-1.2662156436477,0.491895807576732,30.5));
#6374=CARTESIAN_POINT('Ctrl Pts',(-1.26913984317463,0.481629610975803,30.5));
#6375=CARTESIAN_POINT('Ctrl Pts',(-1.27194759936644,0.471325849617607,30.5));
#6376=CARTESIAN_POINT('Ctrl Pts',(-1.27463522196361,0.460994018815712,30.5));
#6377=CARTESIAN_POINT('Ctrl Pts',(-1.2883444529485,0.4082926257299,30.5));
#6378=CARTESIAN_POINT('Ctrl Pts',(-1.29888726253676,0.355039570030755,30.5));
#6379=CARTESIAN_POINT('Ctrl Pts',(-1.30611811110445,0.301500175119242,30.5));
#6380=CARTESIAN_POINT('Ctrl Pts',(-1.31311955812859,0.249659338782037,30.5));
#6381=CARTESIAN_POINT('Ctrl Pts',(-1.31701585282016,0.197549157299221,30.5));
#6382=CARTESIAN_POINT('Ctrl Pts',(-1.31762695153156,0.145414457163058,30.5));
#6383=CARTESIAN_POINT('Ctrl Pts',(-1.31799960430085,0.113622309643082,30.5));
#6384=CARTESIAN_POINT('Ctrl Pts',(-1.31714967141775,0.0818211795414053,
30.5));
#6385=CARTESIAN_POINT('Ctrl Pts',(-1.31502712462226,0.0500693804497433,
30.5));
#6386=CARTESIAN_POINT('Ctrl Pts',(-1.31300528684623,0.0198241170722022,
30.5));
#6387=CARTESIAN_POINT('Ctrl Pts',(-1.30982851858993,-0.0103764213262444,
30.5));
#6388=CARTESIAN_POINT('Ctrl Pts',(-1.30551936043501,-0.0404788764247932,
30.5));
#6389=CARTESIAN_POINT('Ctrl Pts',(-1.30415259019072,-0.0500267134801341,
30.5));
#6390=CARTESIAN_POINT('Ctrl Pts',(-1.30267253148933,-0.0595596091887551,
30.5));
#6391=CARTESIAN_POINT('Ctrl Pts',(-1.30108165397986,-0.0690681529680451,
30.5));
#6392=CARTESIAN_POINT('Ctrl Pts',(-1.29237434211573,-0.12111103846153,30.5));
#6393=CARTESIAN_POINT('Ctrl Pts',(-1.28034126079513,-0.172497954227324,
30.5));
#6394=CARTESIAN_POINT('Ctrl Pts',(-1.26517272679124,-0.222973040903077,
30.5));
#6395=CARTESIAN_POINT('Ctrl Pts',(-1.24995126710689,-0.273624244025407,
30.5));
#6396=CARTESIAN_POINT('Ctrl Pts',(-1.23157168176286,-0.323358226109825,
30.5));
#6397=CARTESIAN_POINT('Ctrl Pts',(-1.21018086716896,-0.37189038426638,30.5));
#6398=CARTESIAN_POINT('Ctrl Pts',(-1.19674150305191,-0.402382039550896,
30.5));
#6399=CARTESIAN_POINT('Ctrl Pts',(-1.18211264608059,-0.432398723762571,
30.5));
#6400=CARTESIAN_POINT('Ctrl Pts',(-1.16632361295252,-0.461862006933754,
30.5));
#6401=CARTESIAN_POINT('Ctrl Pts',(-1.15932957916891,-0.474913293621404,
30.5));
#6402=CARTESIAN_POINT('Ctrl Pts',(-1.1521078321811,-0.487855900469578,30.5));
#6403=CARTESIAN_POINT('Ctrl Pts',(-1.14466064605592,-0.500682542996161,
30.5));
#6404=CARTESIAN_POINT('Ctrl Pts',(-1.13948533911887,-0.509596220045593,
30.5));
#6405=CARTESIAN_POINT('Ctrl Pts',(-1.13420196638254,-0.51845231044522,30.5));
#6406=CARTESIAN_POINT('Ctrl Pts',(-1.12881763530314,-0.527238627635628,
30.5));
#6407=CARTESIAN_POINT('Ctrl Pts',(-1.1014913881177,-0.571830438921741,30.5));
#6408=CARTESIAN_POINT('Ctrl Pts',(-1.07152606414678,-0.614700699636242,
30.5));
#6409=CARTESIAN_POINT('Ctrl Pts',(-1.03906316763261,-0.655563766386386,
30.5));
#6410=CARTESIAN_POINT('Ctrl Pts',(-1.01471599524699,-0.686211066448995,
30.5));
#6411=CARTESIAN_POINT('Ctrl Pts',(-0.988963040995686,-0.715728680638687,
30.5));
#6412=CARTESIAN_POINT('Ctrl Pts',(-0.961853165213773,-0.743978461059413,
30.5));
#6413=CARTESIAN_POINT('Ctrl Pts',(-0.953578224337744,-0.75260134316418,
30.5));
#6414=CARTESIAN_POINT('Ctrl Pts',(-0.94517543269155,-0.761107326895931,
30.5));
#6415=CARTESIAN_POINT('Ctrl Pts',(-0.936650402007831,-0.769487887995945,
30.5));
#6416=CARTESIAN_POINT('Ctrl Pts',(-0.901170604635942,-0.804366426352305,
30.5));
#6417=CARTESIAN_POINT('Ctrl Pts',(-0.863671066484955,-0.836983556370274,
30.5));
#6418=CARTESIAN_POINT('Ctrl Pts',(-0.824266608756134,-0.867071525331128,
30.5));
#6419=CARTESIAN_POINT('Ctrl Pts',(-0.786091336643273,-0.896220927926859,
30.5));
#6420=CARTESIAN_POINT('Ctrl Pts',(-0.746127440814277,-0.922996896871902,
30.5));
#6421=CARTESIAN_POINT('Ctrl Pts',(-0.704462630678882,-0.947109749400508,
30.5));
#6422=CARTESIAN_POINT('Ctrl Pts',(-0.697905275777134,-0.950904715253221,
30.5));
#6423=CARTESIAN_POINT('Ctrl Pts',(-0.691305767227319,-0.95463361425096,
30.5));
#6424=CARTESIAN_POINT('Ctrl Pts',(-0.684664424539434,-0.958295198918416,
30.5));
#6425=CARTESIAN_POINT('Ctrl Pts',(-1.46239479542474,-0.00115497324439293,
30.0893449541571));
#6426=CARTESIAN_POINT('Ctrl Pts',(-1.46353858571364,-0.153875460063205,
30.0976353377823));
#6427=CARTESIAN_POINT('Ctrl Pts',(-1.44147488570304,-0.306272248068413,
30.1059257214076));
#6428=CARTESIAN_POINT('Ctrl Pts',(-1.3948011556923,-0.45071366916549,30.1142161050328));
#6429=CARTESIAN_POINT('Ctrl Pts',(-1.24714813151433,-0.907656207005029,
30.1404428542894));
#6430=CARTESIAN_POINT('Ctrl Pts',(-0.853202250257561,-1.2849828303209,30.1666696035459));
#6431=CARTESIAN_POINT('Ctrl Pts',(-0.390320474497269,-1.41287233599996,
30.1928963528025));
#6432=CARTESIAN_POINT('Ctrl Pts',(0.0725613012630178,-1.54076184167902,
30.2191231020591));
#6433=CARTESIAN_POINT('Ctrl Pts',(0.604378971526833,-1.41921422972128,30.2453498513157));
#6434=CARTESIAN_POINT('Ctrl Pts',(0.965655143011453,-1.10282371134372,30.2715766005723));
#6435=CARTESIAN_POINT('Ctrl Pts',(1.32693131449608,-0.786433192966155,30.2978033498288));
#6436=CARTESIAN_POINT('Ctrl Pts',(1.51766598720149,-0.275199768168769,30.3240300990854));
#6437=CARTESIAN_POINT('Ctrl Pts',(1.45203850975493,0.200440545905917,30.350256848342));
#6438=CARTESIAN_POINT('Ctrl Pts',(1.38641103230838,0.676080859980616,30.3764835975986));
#6439=CARTESIAN_POINT('Ctrl Pts',(1.06442140470981,1.11612806333262,30.4027103468552));
#6440=CARTESIAN_POINT('Ctrl Pts',(0.630934309049151,1.32295168135893,30.4289370961117));
#6441=CARTESIAN_POINT('Ctrl Pts',(0.239414802070819,1.50975189241879,30.4526247307412));
#6442=CARTESIAN_POINT('Ctrl Pts',(-0.243058215885155,1.50630111126465,30.4763123653706));
#6443=CARTESIAN_POINT('Ctrl Pts',(-0.635544119207297,1.32062315217939,30.5));
#6444=CARTESIAN_POINT('Ctrl Pts',(-0.686101434052088,-0.95933807019291,
25.));
#6445=CARTESIAN_POINT('Ctrl Pts',(-0.400546438175404,-1.16070533933567,
25.0236876346294));
#6446=CARTESIAN_POINT('Ctrl Pts',(0.404492738786734,-1.30675144141116,25.0736020185154));
#6447=CARTESIAN_POINT('Ctrl Pts',(1.32190548865945,-0.422863217990269,25.149743151658));
#6448=CARTESIAN_POINT('Ctrl Pts',(1.07986693738769,0.872056440343213,25.2284233994278));
#6449=CARTESIAN_POINT('Ctrl Pts',(-0.134744363834244,1.38130033964856,25.3071036471975));
#6450=CARTESIAN_POINT('Ctrl Pts',(-1.04223119442905,0.77165769205707,25.3724182189669));
#6451=CARTESIAN_POINT('Ctrl Pts',(-1.17598529182208,0.191119191841205,25.4115060414798));
#6452=CARTESIAN_POINT('Ctrl Pts',(-1.17589945124569,6.52799467777861E-5,
25.4243671147361));
#6453=CARTESIAN_POINT('Origin',(0.,0.,24.0756328852638));
#6454=CARTESIAN_POINT('Ctrl Pts',(0.68466442453948,-0.958295198918383,25.));
#6455=CARTESIAN_POINT('Ctrl Pts',(1.00049461375709,-0.732646886167852,25.0262267492566));
#6456=CARTESIAN_POINT('Ctrl Pts',(1.38653591469446,0.0513237930809377,25.0786802477697));
#6457=CARTESIAN_POINT('Ctrl Pts',(0.718255723898606,1.18859469589427,25.1573604955395));
#6458=CARTESIAN_POINT('Ctrl Pts',(-0.597470997426389,1.25232997884435,25.2360407433092));
#6459=CARTESIAN_POINT('Ctrl Pts',(-1.15164926997912,0.494962612874508,25.292131539884));
#6460=CARTESIAN_POINT('Ctrl Pts',(-1.17920732490919,0.0545830306210487,
25.3219955872022));
#6461=CARTESIAN_POINT('Ctrl Pts',(-1.17877988663613,0.000890642715472316,
25.3256328852638));
#6462=CARTESIAN_POINT('Ctrl Pts',(0.850780204044586,-1.19080027477569,24.8350221605791));
#6463=CARTESIAN_POINT('Ctrl Pts',(1.24323826553469,-0.910404345494943,24.8612489098356));
#6464=CARTESIAN_POINT('Ctrl Pts',(1.72294231471479,0.0637761589250077,24.9137024083488));
#6465=CARTESIAN_POINT('Ctrl Pts',(0.892521546954473,1.47697587556039,24.9923826561185));
#6466=CARTESIAN_POINT('Ctrl Pts',(-0.742431589669706,1.55617484528865,25.0710629038883));
#6467=CARTESIAN_POINT('Ctrl Pts',(-1.70840065728642,0.236033864338198,25.149743151658));
#6468=CARTESIAN_POINT('Ctrl Pts',(-1.13619655952552,-1.29766669307303,25.2284233994278));
#6469=CARTESIAN_POINT('Ctrl Pts',(0.45925633431548,-1.6623093030151,25.3071036471974));
#6470=CARTESIAN_POINT('Ctrl Pts',(1.64109394768152,-0.530329606191926,25.3857838949672));
#6471=CARTESIAN_POINT('Ctrl Pts',(1.34517445273742,1.07934575262947,25.4644641427369));
#6472=CARTESIAN_POINT('Ctrl Pts',(-0.162076536340569,1.71700953030164,25.5431443905067));
#6473=CARTESIAN_POINT('Ctrl Pts',(-1.52337106220696,0.808561337975731,25.6218246382764));
#6474=CARTESIAN_POINT('Ctrl Pts',(-1.51289010131767,-0.82800710860847,25.7005048860462));
#6475=CARTESIAN_POINT('Ctrl Pts',(-0.140065199448875,-1.71895387458592,
25.7791851338158));
#6476=CARTESIAN_POINT('Ctrl Pts',(1.35888581767938,-1.06200574491505,25.8578653815856));
#6477=CARTESIAN_POINT('Ctrl Pts',(1.63417492675854,0.551270119772861,25.9365456293554));
#6478=CARTESIAN_POINT('Ctrl Pts',(0.437906269717676,1.66813162852785,26.0152258771251));
#6479=CARTESIAN_POINT('Ctrl Pts',(-1.15269225576481,1.28285872478747,26.0939061248948));
#6480=CARTESIAN_POINT('Ctrl Pts',(-1.70530351799336,-0.257615434463003,
26.1725863726646));
#6481=CARTESIAN_POINT('Ctrl Pts',(-0.722306721208604,-1.56610939561799,
26.2512666204343));
#6482=CARTESIAN_POINT('Ctrl Pts',(0.911119716733685,-1.46433829106469,26.329946868204));
#6483=CARTESIAN_POINT('Ctrl Pts',(1.72409237153632,-0.0439457904965462,
26.4086271159738));
#6484=CARTESIAN_POINT('Ctrl Pts',(0.984537836812111,1.41601940971673,26.4873073637435));
#6485=CARTESIAN_POINT('Ctrl Pts',(-0.641582739976184,1.60087392589454,26.5659876115133));
#6486=CARTESIAN_POINT('Ctrl Pts',(-1.68996475805733,0.344158175461504,26.6446678592829));
#6487=CARTESIAN_POINT('Ctrl Pts',(-1.21655115126933,-1.22246841592921,26.7233481070527));
#6488=CARTESIAN_POINT('Ctrl Pts',(0.352354067961172,-1.68827496125761,26.8020283548224));
#6489=CARTESIAN_POINT('Ctrl Pts',(1.60396812722219,-0.633807525933709,26.8807086025922));
#6490=CARTESIAN_POINT('Ctrl Pts',(1.41122563069586,0.991396970054005,26.9593888503619));
#6491=CARTESIAN_POINT('Ctrl Pts',(-0.0523108152564345,1.72385884337621,
27.0380690981317));
#6492=CARTESIAN_POINT('Ctrl Pts',(-1.46874191814147,0.904003822461072,27.1167493459014));
#6493=CARTESIAN_POINT('Ctrl Pts',(-1.56258625506319,-0.729897204144943,
27.1954295936711));
#6494=CARTESIAN_POINT('Ctrl Pts',(-0.24933798023257,-1.70653341742369,27.2741098414409));
#6495=CARTESIAN_POINT('Ctrl Pts',(1.28843654310811,-1.14645410179884,27.3527900892106));
#6496=CARTESIAN_POINT('Ctrl Pts',(1.66598740861358,0.44599516532249,27.4314703369803));
#6497=CARTESIAN_POINT('Ctrl Pts',(0.543334002932109,1.63683044155843,27.5101505847501));
#6498=CARTESIAN_POINT('Ctrl Pts',(-1.06858600084437,1.35371699108463,27.5888308325198));
#6499=CARTESIAN_POINT('Ctrl Pts',(-1.71825546520455,-0.148404479199754,
27.6675110802895));
#6500=CARTESIAN_POINT('Ctrl Pts',(-0.820653819012601,-1.51688926507238,
27.7461913280593));
#6501=CARTESIAN_POINT('Ctrl Pts',(0.815938024875387,-1.51943110166834,27.824871575829));
#6502=CARTESIAN_POINT('Ctrl Pts',(1.71778619446205,-0.153741091662645,27.9035518235988));
#6503=CARTESIAN_POINT('Ctrl Pts',(1.07278582690325,1.3503911665674,27.9822320713684));
#6504=CARTESIAN_POINT('Ctrl Pts',(-0.538246979601583,1.63851027525616,28.0609123191382));
#6505=CARTESIAN_POINT('Ctrl Pts',(-1.66459399941364,0.451167984510332,28.139592566908));
#6506=CARTESIAN_POINT('Ctrl Pts',(-1.29199149849088,-1.142446366775,28.2182728146777));
#6507=CARTESIAN_POINT('Ctrl Pts',(0.244035860505551,-1.70729969017348,28.2969530624474));
#6508=CARTESIAN_POINT('Ctrl Pts',(1.56031147441312,-0.73474746394931,28.3756333102171));
#6509=CARTESIAN_POINT('Ctrl Pts',(1.47154289289014,0.899437183720681,28.4543135579869));
#6510=CARTESIAN_POINT('Ctrl Pts',(0.0576652967032561,1.72368803661634,28.5329938057566));
#6511=CARTESIAN_POINT('Ctrl Pts',(-1.40813929685852,0.995775804205945,28.6116740535264));
#6512=CARTESIAN_POINT('Ctrl Pts',(-1.60592915306231,-0.62882214381916,28.6903543012961));
#6513=CARTESIAN_POINT('Ctrl Pts',(-0.357596568894438,-1.68717231863236,
28.7690345490659));
#6514=CARTESIAN_POINT('Ctrl Pts',(1.21274799012162,-1.22624142535846,28.8477147968355));
#6515=CARTESIAN_POINT('Ctrl Pts',(1.69102564842702,0.33890705872567,28.9263950446053));
#6516=CARTESIAN_POINT('Ctrl Pts',(0.646552351833204,1.59887329868195,29.005075292375));
#6517=CARTESIAN_POINT('Ctrl Pts',(-0.980134569014896,1.4190707752498,29.0837555401448));
#6518=CARTESIAN_POINT('Ctrl Pts',(-1.72422057944167,-0.0385900762363559,
29.1624357879145));
#6519=CARTESIAN_POINT('Ctrl Pts',(-0.915663882790013,-1.46150114540408,
29.2411160356842));
#6520=CARTESIAN_POINT('Ctrl Pts',(0.717438440091458,-1.56834534329406,29.319796283454));
#6521=CARTESIAN_POINT('Ctrl Pts',(1.70449521177589,-0.262911599656067,29.3984765312237));
#6522=CARTESIAN_POINT('Ctrl Pts',(1.15667130473349,1.27927259039223,29.4771567789935));
#6523=CARTESIAN_POINT('Ctrl Pts',(-0.43272200701143,1.66948265869958,29.5558370267631));
#6524=CARTESIAN_POINT('Ctrl Pts',(-1.63245566513021,0.556345874394207,29.6345172745329));
#6525=CARTESIAN_POINT('Ctrl Pts',(-1.36217617137737,-1.05778396119924,29.7131975223027));
#6526=CARTESIAN_POINT('Ctrl Pts',(0.134721261889532,-1.71937218552985,29.7918777700723));
#6527=CARTESIAN_POINT('Ctrl Pts',(1.51031809366273,-0.832718930955508,29.8705580178422));
#6528=CARTESIAN_POINT('Ctrl Pts',(1.52586119788515,0.803857226818976,29.9492382656118));
#6529=CARTESIAN_POINT('Ctrl Pts',(0.167436524424951,1.71643631101999,30.0279185133816));
#6530=CARTESIAN_POINT('Ctrl Pts',(-1.34186812364405,1.0836380424001,30.1065987611513));
#6531=CARTESIAN_POINT('Ctrl Pts',(-1.64263098082643,-0.525460038214419,
30.1852790089211));
#6532=CARTESIAN_POINT('Ctrl Pts',(-0.464616047648557,-1.66042667489898,
30.2639592566908));
#6533=CARTESIAN_POINT('Ctrl Pts',(1.13254592079241,-1.30207226606739,30.3426395044605));
#6534=CARTESIAN_POINT('Ctrl Pts',(1.70836257658022,0.232583157649378,30.4213197522303));
#6535=CARTESIAN_POINT('Ctrl Pts',(1.06872986157003,1.11008735700137,30.4737732507434));
#6536=CARTESIAN_POINT('Ctrl Pts',(0.634007094575159,1.31904027763688,30.5));
#6537=CARTESIAN_POINT('Ctrl Pts',(0.795408277542884,-1.11329858282325,24.8900147737194));
#6538=CARTESIAN_POINT('Ctrl Pts',(1.16232371494216,-0.85115185905258,24.916241522976));
#6539=CARTESIAN_POINT('Ctrl Pts',(1.61080684804135,0.0596253703103184,24.9686950214891));
#6540=CARTESIAN_POINT('Ctrl Pts',(0.834432939269184,1.38084881567168,25.0473752692588));
#6541=CARTESIAN_POINT('Ctrl Pts',(-0.694111392255268,1.45489322314055,25.1260555170286));
#6542=CARTESIAN_POINT('Ctrl Pts',(-1.59721161553273,0.220671906307299,25.2047357647983));
#6543=CARTESIAN_POINT('Ctrl Pts',(-1.06224867958373,-1.2132097388433,25.283416012568));
#6544=CARTESIAN_POINT('Ctrl Pts',(0.429366231245074,-1.55412005729443,25.3620962603378));
#6545=CARTESIAN_POINT('Ctrl Pts',(1.53428547585599,-0.495813791371436,25.4407765081075));
#6546=CARTESIAN_POINT('Ctrl Pts',(1.25762551756609,1.00909793374464,25.5194567558772));
#6547=CARTESIAN_POINT('Ctrl Pts',(-0.15152799511308,1.60526019120958,25.598137003647));
#6548=CARTESIAN_POINT('Ctrl Pts',(-1.42422443174901,0.755937171633269,25.6768172514167));
#6549=CARTESIAN_POINT('Ctrl Pts',(-1.41442561061011,-0.774117339496788,
25.7554974991865));
#6550=CARTESIAN_POINT('Ctrl Pts',(-0.130949237544186,-1.60707799036705,
25.8341777469562));
#6551=CARTESIAN_POINT('Ctrl Pts',(1.27044449609827,-0.992886477950125,25.9128579947259));
#6552=CARTESIAN_POINT('Ctrl Pts',(1.52781677043893,0.515391418776375,25.9915382424957));
#6553=CARTESIAN_POINT('Ctrl Pts',(0.409405707920192,1.55956344430013,26.0702184902654));
#6554=CARTESIAN_POINT('Ctrl Pts',(-1.07767077482078,1.19936552797434,26.1488987380352));
#6555=CARTESIAN_POINT('Ctrl Pts',(-1.59431604953496,-0.240848867922113,
26.2275789858048));
#6556=CARTESIAN_POINT('Ctrl Pts',(-0.675296324765059,-1.46418119614234,
26.3062592335747));
#6557=CARTESIAN_POINT('Ctrl Pts',(0.85182067128177,-1.36903373197763,26.3849394813443));
#6558=CARTESIAN_POINT('Ctrl Pts',(1.61188205490575,-0.0410856356999591,
26.4636197291141));
#6559=CARTESIAN_POINT('Ctrl Pts',(0.9204604682051,1.32385962237439,26.5422999768838));
#6560=CARTESIAN_POINT('Ctrl Pts',(-0.599826159188535,1.49668312203977,26.6209802246536));
#6561=CARTESIAN_POINT('Ctrl Pts',(-1.57997559290191,0.321759086829652,26.6996604724233));
#6562=CARTESIAN_POINT('Ctrl Pts',(-1.13737349690759,-1.14290564406911,26.778340720193));
#6563=CARTESIAN_POINT('Ctrl Pts',(0.329421560292369,-1.57839577433599,26.8570209679628));
#6564=CARTESIAN_POINT('Ctrl Pts',(1.4995759412858,-0.592556984871055,26.9357012157325));
#6565=CARTESIAN_POINT('Ctrl Pts',(1.31937784024572,0.926873183653159,27.0143814635022));
#6566=CARTESIAN_POINT('Ctrl Pts',(-0.0489062336690286,1.61166372562316,
27.093061711272));
#6567=CARTESIAN_POINT('Ctrl Pts',(-1.37315075469564,0.845167905761772,27.1717419590417));
#6568=CARTESIAN_POINT('Ctrl Pts',(-1.46088735462262,-0.682392790960932,
27.2504222068114));
#6569=CARTESIAN_POINT('Ctrl Pts',(-0.233110141068129,-1.5954659025555,27.3291024545812));
#6570=CARTESIAN_POINT('Ctrl Pts',(1.20458032122151,-1.0718386230176,27.4077827023509));
#6571=CARTESIAN_POINT('Ctrl Pts',(1.55755877815889,0.416968148242229,27.4864629501206));
#6572=CARTESIAN_POINT('Ctrl Pts',(0.507971813810626,1.53029945450108,27.5651431978904));
#6573=CARTESIAN_POINT('Ctrl Pts',(-0.999038466453928,1.26561207588079,27.6438234456601));
#6574=CARTESIAN_POINT('Ctrl Pts',(-1.60642503605475,-0.138745766084777,
27.7225036934298));
#6575=CARTESIAN_POINT('Ctrl Pts',(-0.767242629220352,-1.41816449397696,
27.8011839411996));
#6576=CARTESIAN_POINT('Ctrl Pts',(0.762833756430309,-1.42054089843369,27.8798641889693));
#6577=CARTESIAN_POINT('Ctrl Pts',(1.60598630719009,-0.143735052044692,27.958544436739));
#6578=CARTESIAN_POINT('Ctrl Pts',(1.00296495227904,1.26250270834018,28.0372246845088));
#6579=CARTESIAN_POINT('Ctrl Pts',(-0.503215872798002,1.53186995840057,28.1159049322785));
#6580=CARTESIAN_POINT('Ctrl Pts',(-1.5562560571901,0.421804301200038,28.1945851800483));
#6581=CARTESIAN_POINT('Ctrl Pts',(-1.20790390694236,-1.06809172623157,28.273265427818));
#6582=CARTESIAN_POINT('Ctrl Pts',(0.228153102929093,-1.59618230343688,28.3519456755877));
#6583=CARTESIAN_POINT('Ctrl Pts',(1.45876062512181,-0.686927377894524,28.4306259233575));
#6584=CARTESIAN_POINT('Ctrl Pts',(1.37576943163439,0.840898480782938,28.5093061711272));
#6585=CARTESIAN_POINT('Ctrl Pts',(0.0539122256332241,1.6115040355998,28.5879864188969));
#6586=CARTESIAN_POINT('Ctrl Pts',(-1.3164923764446,0.930967027061689,28.6666666666667));
#6587=CARTESIAN_POINT('Ctrl Pts',(-1.50140933630168,-0.587896069887649,
28.7453469144364));
#6588=CARTESIAN_POINT('Ctrl Pts',(-0.334322859849545,-1.57736489577637,
28.8240271622062));
#6589=CARTESIAN_POINT('Ctrl Pts',(1.1338178595722,-1.14643309207155,28.9027074099758));
#6590=CARTESIAN_POINT('Ctrl Pts',(1.58096743659738,0.316849732218249,28.9813876577456));
#6591=CARTESIAN_POINT('Ctrl Pts',(0.60447233030118,1.4948127030554,29.0600679055153));
#6592=CARTESIAN_POINT('Ctrl Pts',(-0.916343781383423,1.32671239373798,29.1387481532851));
#6593=CARTESIAN_POINT('Ctrl Pts',(-1.61200191856581,-0.0360784911584573,
29.2174284010548));
#6594=CARTESIAN_POINT('Ctrl Pts',(-0.856069086182048,-1.36638123826384,
29.2961086488245));
#6595=CARTESIAN_POINT('Ctrl Pts',(0.670744889412466,-1.46627162006293,29.3747888965943));
#6596=CARTESIAN_POINT('Ctrl Pts',(1.59356035087965,-0.245800339070314,29.453469144364));
#6597=CARTESIAN_POINT('Ctrl Pts',(1.08139085254636,1.19601279248663,29.5321493921337));
#6598=CARTESIAN_POINT('Ctrl Pts',(-0.404558856230541,1.5608265444248,29.6108296399035));
#6599=CARTESIAN_POINT('Ctrl Pts',(-1.52620940472457,0.520136824489146,29.6895098876732));
#6600=CARTESIAN_POINT('Ctrl Pts',(-1.27352070139193,-0.988939463553713,
29.768190135443));
#6601=CARTESIAN_POINT('Ctrl Pts',(0.125953103232224,-1.60746907608556,29.8468703832127));
#6602=CARTESIAN_POINT('Ctrl Pts',(1.41202099873866,-0.778522498995468,29.9255506309825));
#6603=CARTESIAN_POINT('Ctrl Pts',(1.42655250017516,0.751539221452047,30.0042308787522));
#6604=CARTESIAN_POINT('Ctrl Pts',(0.156539135322467,1.60472427916167,30.0829111265219));
#6605=CARTESIAN_POINT('Ctrl Pts',(-1.25453437661494,1.01311086540071,30.1615913742916));
#6606=CARTESIAN_POINT('Ctrl Pts',(-1.5357224731915,-0.49126115291212,30.2402716220614));
#6607=CARTESIAN_POINT('Ctrl Pts',(-0.434377114584987,-1.55235995758834,
30.3189518698311));
#6608=CARTESIAN_POINT('Ctrl Pts',(1.05883563793933,-1.21732858083136,30.3976321176008));
#6609=CARTESIAN_POINT('Ctrl Pts',(1.59717601325992,0.21744578438932,30.4763123653706));
#6610=CARTESIAN_POINT('Ctrl Pts',(0.999172964190769,1.037838760654,30.5287658638837));
#6611=CARTESIAN_POINT('Ctrl Pts',(0.592743564846228,1.23319225136772,30.5549926131403));
#6612=CARTESIAN_POINT('Ctrl Pts',(0.740036351041182,-1.03579689087082,24.9450073868597));
#6613=CARTESIAN_POINT('Ctrl Pts',(1.08140916434962,-0.791899372610215,24.9712341361163));
#6614=CARTESIAN_POINT('Ctrl Pts',(1.4986713813679,0.0554745816956285,25.0236876346294));
#6615=CARTESIAN_POINT('Ctrl Pts',(0.776344331583896,1.28472175578298,25.1023678823991));
#6616=CARTESIAN_POINT('Ctrl Pts',(-0.645791194840828,1.35361160099245,25.1810481301689));
#6617=CARTESIAN_POINT('Ctrl Pts',(-1.48602257377904,0.205309948276398,25.2597283779386));
#6618=CARTESIAN_POINT('Ctrl Pts',(-0.988300799641942,-1.12875278461358,
25.3384086257084));
#6619=CARTESIAN_POINT('Ctrl Pts',(0.399476128174666,-1.44593081157377,25.4170888734781));
#6620=CARTESIAN_POINT('Ctrl Pts',(1.42747700403046,-0.461297976550943,25.4957691212478));
#6621=CARTESIAN_POINT('Ctrl Pts',(1.17007658239476,0.938850114859805,25.5744493690175));
#6622=CARTESIAN_POINT('Ctrl Pts',(-0.14097945388559,1.49351085211752,25.6531296167873));
#6623=CARTESIAN_POINT('Ctrl Pts',(-1.32507780129106,0.703313005290804,25.731809864557));
#6624=CARTESIAN_POINT('Ctrl Pts',(-1.31596111990255,-0.720227570385103,
25.8104901123268));
#6625=CARTESIAN_POINT('Ctrl Pts',(-0.121833275639497,-1.49520210614819,
25.8891703600965));
#6626=CARTESIAN_POINT('Ctrl Pts',(1.18200317451716,-0.923767210985202,25.9678506078662));
#6627=CARTESIAN_POINT('Ctrl Pts',(1.42145861411931,0.479512717779889,26.046530855636));
#6628=CARTESIAN_POINT('Ctrl Pts',(0.380905146122709,1.4509952600724,26.1252111034057));
#6629=CARTESIAN_POINT('Ctrl Pts',(-1.00264929387675,1.11587233116122,26.2038913511755));
#6630=CARTESIAN_POINT('Ctrl Pts',(-1.48332858107656,-0.224082301381223,
26.2825715989452));
#6631=CARTESIAN_POINT('Ctrl Pts',(-0.628285928321515,-1.3622529966667,26.3612518467149));
#6632=CARTESIAN_POINT('Ctrl Pts',(0.792521625829856,-1.27372917289057,26.4399320944846));
#6633=CARTESIAN_POINT('Ctrl Pts',(1.49967173827518,-0.0382254809033726,
26.5186123422544));
#6634=CARTESIAN_POINT('Ctrl Pts',(0.856383099598089,1.23169983503205,26.5972925900241));
#6635=CARTESIAN_POINT('Ctrl Pts',(-0.558069578400885,1.392492318185,26.6759728377939));
#6636=CARTESIAN_POINT('Ctrl Pts',(-1.46998642774649,0.2993599981978,26.7546530855636));
#6637=CARTESIAN_POINT('Ctrl Pts',(-1.05819584254585,-1.06334287220902,26.8333333333333));
#6638=CARTESIAN_POINT('Ctrl Pts',(0.306489052623565,-1.46851658741437,26.9120135811031));
#6639=CARTESIAN_POINT('Ctrl Pts',(1.3951837553494,-0.551306443808403,26.9906938288728));
#6640=CARTESIAN_POINT('Ctrl Pts',(1.22753004979558,0.862349397252314,27.0693740766425));
#6641=CARTESIAN_POINT('Ctrl Pts',(-0.0455016520816243,1.49946860787012,
27.1480543244123));
#6642=CARTESIAN_POINT('Ctrl Pts',(-1.27755959124981,0.786331989062474,27.226734572182));
#6643=CARTESIAN_POINT('Ctrl Pts',(-1.35918845418205,-0.634888377776923,
27.3054148199517));
#6644=CARTESIAN_POINT('Ctrl Pts',(-0.216882301903687,-1.4843983876873,27.3840950677215));
#6645=CARTESIAN_POINT('Ctrl Pts',(1.12072409933491,-0.997223144236361,27.4627753154912));
#6646=CARTESIAN_POINT('Ctrl Pts',(1.44913014770419,0.387941131161971,27.541455563261));
#6647=CARTESIAN_POINT('Ctrl Pts',(0.472609624689142,1.42376846744372,27.6201358110307));
#6648=CARTESIAN_POINT('Ctrl Pts',(-0.92949093206348,1.17750716067695,27.6988160588004));
#6649=CARTESIAN_POINT('Ctrl Pts',(-1.49459460690495,-0.1290870529698,27.7774963065701));
#6650=CARTESIAN_POINT('Ctrl Pts',(-0.713831439428102,-1.31943972288155,
27.8561765543399));
#6651=CARTESIAN_POINT('Ctrl Pts',(0.70972948798523,-1.32165069519903,27.9348568021096));
#6652=CARTESIAN_POINT('Ctrl Pts',(1.49418641991814,-0.133729012426739,28.0135370498794));
#6653=CARTESIAN_POINT('Ctrl Pts',(0.933144077654822,1.17461425011296,28.0922172976491));
#6654=CARTESIAN_POINT('Ctrl Pts',(-0.46818476599442,1.42522964154498,28.1708975454189));
#6655=CARTESIAN_POINT('Ctrl Pts',(-1.44791811496656,0.392440617889742,28.2495777931886));
#6656=CARTESIAN_POINT('Ctrl Pts',(-1.12381631539384,-0.993737085688134,
28.3282580409583));
#6657=CARTESIAN_POINT('Ctrl Pts',(0.212270345352636,-1.48506491670027,28.406938288728));
#6658=CARTESIAN_POINT('Ctrl Pts',(1.35720977583049,-0.639107291839738,28.4856185364978));
#6659=CARTESIAN_POINT('Ctrl Pts',(1.27999597037864,0.782359777845195,28.5642987842675));
#6660=CARTESIAN_POINT('Ctrl Pts',(0.0501591545631909,1.49932003458326,28.6429790320372));
#6661=CARTESIAN_POINT('Ctrl Pts',(-1.22484545603069,0.866158249917429,28.721659279807));
#6662=CARTESIAN_POINT('Ctrl Pts',(-1.39688951954104,-0.546969995956137,
28.8003395275767));
#6663=CARTESIAN_POINT('Ctrl Pts',(-0.31104915080465,-1.46755747292039,28.8790197753465));
#6664=CARTESIAN_POINT('Ctrl Pts',(1.05488772902278,-1.06662475878463,28.9577000231162));
#6665=CARTESIAN_POINT('Ctrl Pts',(1.47090922476774,0.294792405710826,29.0363802708859));
#6666=CARTESIAN_POINT('Ctrl Pts',(0.562392308769152,1.39075210742885,29.1150605186556));
#6667=CARTESIAN_POINT('Ctrl Pts',(-0.852552993751949,1.23435401222616,29.1937407664254));
#6668=CARTESIAN_POINT('Ctrl Pts',(-1.49978325768995,-0.0335669060805589,
29.2724210141951));
#6669=CARTESIAN_POINT('Ctrl Pts',(-0.796474289574084,-1.27126133112361,
29.3511012619649));
#6670=CARTESIAN_POINT('Ctrl Pts',(0.624051338733475,-1.36419789683179,29.4297815097346));
#6671=CARTESIAN_POINT('Ctrl Pts',(1.48262548998341,-0.228689078484562,29.5084617575043));
#6672=CARTESIAN_POINT('Ctrl Pts',(1.00611040035923,1.11275299458102,29.5871420052741));
#6673=CARTESIAN_POINT('Ctrl Pts',(-0.376395705449653,1.45217043015002,29.6658222530438));
#6674=CARTESIAN_POINT('Ctrl Pts',(-1.41996314431893,0.483927774584086,29.7445025008135));
#6675=CARTESIAN_POINT('Ctrl Pts',(-1.18486523140648,-0.920094965908192,
29.8231827485833));
#6676=CARTESIAN_POINT('Ctrl Pts',(0.117184944574916,-1.49556596664127,29.901862996353));
#6677=CARTESIAN_POINT('Ctrl Pts',(1.3137239038146,-0.724326067035428,29.9805432441228));
#6678=CARTESIAN_POINT('Ctrl Pts',(1.32724380246518,0.699221216085119,30.0592234918925));
#6679=CARTESIAN_POINT('Ctrl Pts',(0.145641746219985,1.49301224730335,30.1379037396622));
#6680=CARTESIAN_POINT('Ctrl Pts',(-1.16720062958585,0.942583688401312,30.216583987432));
#6681=CARTESIAN_POINT('Ctrl Pts',(-1.42881396555657,-0.45706226760982,30.2952642352016));
#6682=CARTESIAN_POINT('Ctrl Pts',(-0.404138181521419,-1.44429324027769,
30.3739444829715));
#6683=CARTESIAN_POINT('Ctrl Pts',(0.985125355086264,-1.13258489559534,30.4526247307411));
#6684=CARTESIAN_POINT('Ctrl Pts',(1.48598944993961,0.202308411129262,30.5313049785109));
#6685=CARTESIAN_POINT('Ctrl Pts',(0.929616066811507,0.965590164306631,30.583758477024));
#6686=CARTESIAN_POINT('Ctrl Pts',(0.551480035117297,1.14734422509856,30.6099852262806));
#6687=CARTESIAN_POINT('Ctrl Pts',(0.68466442453948,-0.958295198918383,25.));
#6688=CARTESIAN_POINT('Ctrl Pts',(1.00049461375709,-0.732646886167852,25.0262267492566));
#6689=CARTESIAN_POINT('Ctrl Pts',(1.38653591469446,0.0513237930809377,25.0786802477697));
#6690=CARTESIAN_POINT('Ctrl Pts',(0.718255723898606,1.18859469589427,25.1573604955395));
#6691=CARTESIAN_POINT('Ctrl Pts',(-0.597470997426389,1.25232997884435,25.2360407433092));
#6692=CARTESIAN_POINT('Ctrl Pts',(-1.37483353202534,0.189947990245499,25.3147209910789));
#6693=CARTESIAN_POINT('Ctrl Pts',(-0.914352919700151,-1.04429583038386,
25.3934012388487));
#6694=CARTESIAN_POINT('Ctrl Pts',(0.369586025104259,-1.33774156585311,25.4720814866184));
#6695=CARTESIAN_POINT('Ctrl Pts',(1.32066853220493,-0.426782161730452,25.5507617343882));
#6696=CARTESIAN_POINT('Ctrl Pts',(1.08252764722343,0.868602295974974,25.6294419821579));
#6697=CARTESIAN_POINT('Ctrl Pts',(-0.130430912658101,1.38176151302546,25.7081222299276));
#6698=CARTESIAN_POINT('Ctrl Pts',(-1.22593117083311,0.650688838948341,25.7868024776973));
#6699=CARTESIAN_POINT('Ctrl Pts',(-1.217496629195,-0.666337801273419,25.8654827254671));
#6700=CARTESIAN_POINT('Ctrl Pts',(-0.112717313734806,-1.38332622192932,
25.9441629732368));
#6701=CARTESIAN_POINT('Ctrl Pts',(1.09356185293605,-0.854647944020279,26.0228432210065));
#6702=CARTESIAN_POINT('Ctrl Pts',(1.3151004577997,0.443634016783403,26.1015234687763));
#6703=CARTESIAN_POINT('Ctrl Pts',(0.352404584325226,1.34242707584468,26.180203716546));
#6704=CARTESIAN_POINT('Ctrl Pts',(-0.927627812932714,1.03237913434809,26.2588839643158));
#6705=CARTESIAN_POINT('Ctrl Pts',(-1.37234111261816,-0.207315734840333,
26.3375642120855));
#6706=CARTESIAN_POINT('Ctrl Pts',(-0.58127553187797,-1.26032479719105,26.4162444598553));
#6707=CARTESIAN_POINT('Ctrl Pts',(0.733222580377942,-1.1784246138035,26.4949247076249));
#6708=CARTESIAN_POINT('Ctrl Pts',(1.38746142164462,-0.0353653261067863,
26.5736049553947));
#6709=CARTESIAN_POINT('Ctrl Pts',(0.792305730991079,1.13954004768971,26.6522852031644));
#6710=CARTESIAN_POINT('Ctrl Pts',(-0.516312997613237,1.28830151433023,26.7309654509342));
#6711=CARTESIAN_POINT('Ctrl Pts',(-1.35999726259107,0.276960909565947,26.8096456987039));
#6712=CARTESIAN_POINT('Ctrl Pts',(-0.979018188184106,-0.983780100348922,
26.8883259464736));
#6713=CARTESIAN_POINT('Ctrl Pts',(0.283556544954762,-1.35863740049275,26.9670061942434));
#6714=CARTESIAN_POINT('Ctrl Pts',(1.29079156941301,-0.510055902745749,27.0456864420131));
#6715=CARTESIAN_POINT('Ctrl Pts',(1.13568225934543,0.797825610851469,27.1243666897829));
#6716=CARTESIAN_POINT('Ctrl Pts',(-0.0420970704942187,1.38727349011707,
27.2030469375526));
#6717=CARTESIAN_POINT('Ctrl Pts',(-1.18196842780398,0.727496072363175,27.2817271853223));
#6718=CARTESIAN_POINT('Ctrl Pts',(-1.25748955374148,-0.587383964592913,
27.360407433092));
#6719=CARTESIAN_POINT('Ctrl Pts',(-0.200654462739245,-1.3733308728191,27.4390876808618));
#6720=CARTESIAN_POINT('Ctrl Pts',(1.0368678774483,-0.92260766545512,27.5177679286315));
#6721=CARTESIAN_POINT('Ctrl Pts',(1.3407015172495,0.358914114081713,27.5964481764013));
#6722=CARTESIAN_POINT('Ctrl Pts',(0.437247435567659,1.31723748038637,27.675128424171));
#6723=CARTESIAN_POINT('Ctrl Pts',(-0.859943397673032,1.08940224547311,27.7538086719407));
#6724=CARTESIAN_POINT('Ctrl Pts',(-1.38276417775515,-0.119428339854824,
27.8324889197105));
#6725=CARTESIAN_POINT('Ctrl Pts',(-0.660420249635852,-1.22071495178613,
27.9111691674802));
#6726=CARTESIAN_POINT('Ctrl Pts',(0.65662521954015,-1.22276049196438,27.9898494152499));
#6727=CARTESIAN_POINT('Ctrl Pts',(1.38238653264618,-0.123722972808785,28.0685296630197));
#6728=CARTESIAN_POINT('Ctrl Pts',(0.863323203030604,1.08672579188574,28.1472099107894));
#6729=CARTESIAN_POINT('Ctrl Pts',(-0.433153659190836,1.3185893246894,28.2258901585592));
#6730=CARTESIAN_POINT('Ctrl Pts',(-1.33958017274302,0.363076934579446,28.3045704063289));
#6731=CARTESIAN_POINT('Ctrl Pts',(-1.03972872384532,-0.919382445144701,
28.3832506540986));
#6732=CARTESIAN_POINT('Ctrl Pts',(0.196387587776178,-1.37394752996366,28.4619309018683));
#6733=CARTESIAN_POINT('Ctrl Pts',(1.25565892653916,-0.591287205784951,28.5406111496381));
#6734=CARTESIAN_POINT('Ctrl Pts',(1.18422250912289,0.72382107490745,28.6192913974078));
#6735=CARTESIAN_POINT('Ctrl Pts',(0.0464060834931559,1.38713603356672,28.6979716451776));
#6736=CARTESIAN_POINT('Ctrl Pts',(-1.13319853561676,0.801349472773169,28.7766518929473));
#6737=CARTESIAN_POINT('Ctrl Pts',(-1.29236970278041,-0.506043922024625,
28.855332140717));
#6738=CARTESIAN_POINT('Ctrl Pts',(-0.287775441759753,-1.35775005006441,
28.9340123884867));
#6739=CARTESIAN_POINT('Ctrl Pts',(0.975957598473357,-0.98681642549772,29.0126926362565));
#6740=CARTESIAN_POINT('Ctrl Pts',(1.3608510129381,0.272735079203405,29.0913728840262));
#6741=CARTESIAN_POINT('Ctrl Pts',(0.520312287237126,1.28669151180231,29.170053131796));
#6742=CARTESIAN_POINT('Ctrl Pts',(-0.788762206120474,1.14199563071434,29.2487333795657));
#6743=CARTESIAN_POINT('Ctrl Pts',(-1.38756459681409,-0.0310553210026605,
29.3274136273354));
#6744=CARTESIAN_POINT('Ctrl Pts',(-0.736879492966119,-1.17614142398337,
29.4060938751052));
#6745=CARTESIAN_POINT('Ctrl Pts',(0.577357788054483,-1.26212417360066,29.4847741228749));
#6746=CARTESIAN_POINT('Ctrl Pts',(1.37169062908716,-0.211577817898809,29.5634543706446));
#6747=CARTESIAN_POINT('Ctrl Pts',(0.93082994817209,1.02949319667541,29.6421346184144));
#6748=CARTESIAN_POINT('Ctrl Pts',(-0.348232554668763,1.34351431587525,29.7208148661841));
#6749=CARTESIAN_POINT('Ctrl Pts',(-1.3137168839133,0.447718724679025,29.7994951139538));
#6750=CARTESIAN_POINT('Ctrl Pts',(-1.09620976142104,-0.85125046826267,29.8781753617236));
#6751=CARTESIAN_POINT('Ctrl Pts',(0.10841678591761,-1.38366285719698,29.9568556094933));
#6752=CARTESIAN_POINT('Ctrl Pts',(1.21542680889053,-0.670129635075388,30.0355358572631));
#6753=CARTESIAN_POINT('Ctrl Pts',(1.22793510475519,0.646903210718191,30.1142161050327));
#6754=CARTESIAN_POINT('Ctrl Pts',(0.1347443571175,1.38130021544503,30.1928963528026));
#6755=CARTESIAN_POINT('Ctrl Pts',(-1.07986688255674,0.872056511401917,30.2715766005722));
#6756=CARTESIAN_POINT('Ctrl Pts',(-1.32190545792164,-0.422863382307522,
30.350256848342));
#6757=CARTESIAN_POINT('Ctrl Pts',(-0.373899248457849,-1.33622652296705,
30.4289370961117));
#6758=CARTESIAN_POINT('Ctrl Pts',(0.911415072233191,-1.04784121035931,30.5076173438814));
#6759=CARTESIAN_POINT('Ctrl Pts',(1.37480288661931,0.187171037869205,30.5862975916512));
#6760=CARTESIAN_POINT('Ctrl Pts',(0.860059169432244,0.893341567959261,30.6387510901644));
#6761=CARTESIAN_POINT('Ctrl Pts',(0.510216505388367,1.06149619882941,30.6649778394209));
#6762=CARTESIAN_POINT('',(0.634007094575178,1.31904027763687,30.5));
#6763=CARTESIAN_POINT('Ctrl Pts',(0.686101347744027,-0.959338184298613,
30.5));
#6764=CARTESIAN_POINT('Ctrl Pts',(0.719515522584896,-0.94120367511793,30.5));
#6765=CARTESIAN_POINT('Ctrl Pts',(0.751895203079525,-0.921425163078411,
30.5));
#6766=CARTESIAN_POINT('Ctrl Pts',(0.783102765819291,-0.900040975216361,
30.5));
#6767=CARTESIAN_POINT('Ctrl Pts',(0.82275212693382,-0.872872259935594,30.5));
#6768=CARTESIAN_POINT('Ctrl Pts',(0.860510924648949,-0.843113677652536,
30.5));
#6769=CARTESIAN_POINT('Ctrl Pts',(0.896318298314659,-0.811067512043865,
30.5));
#6770=CARTESIAN_POINT('Ctrl Pts',(0.930504910862849,-0.780471862735803,
30.5));
#6771=CARTESIAN_POINT('Ctrl Pts',(0.962913054972096,-0.74779014231571,30.5));
#6772=CARTESIAN_POINT('Ctrl Pts',(0.9934719941556,-0.713247562557611,30.5));
#6773=CARTESIAN_POINT('Ctrl Pts',(1.00555977815749,-0.699584024027148,30.5));
#6774=CARTESIAN_POINT('Ctrl Pts',(1.01735800113643,-0.685628966105279,30.5));
#6775=CARTESIAN_POINT('Ctrl Pts',(1.0288613120585,-0.671395031266767,30.5));
#6776=CARTESIAN_POINT('Ctrl Pts',(1.03608232776846,-0.662459910954029,30.5));
#6777=CARTESIAN_POINT('Ctrl Pts',(1.04318820443495,-0.653413208806712,30.5));
#6778=CARTESIAN_POINT('Ctrl Pts',(1.05016384242663,-0.644276579739953,30.5));
#6779=CARTESIAN_POINT('Ctrl Pts',(1.08126056677318,-0.603546364685153,30.5));
#6780=CARTESIAN_POINT('Ctrl Pts',(1.10983491124433,-0.560955979378799,30.5));
#6781=CARTESIAN_POINT('Ctrl Pts',(1.13581734105205,-0.516836622326899,30.5));
#6782=CARTESIAN_POINT('Ctrl Pts',(1.16239426504929,-0.471707786884911,30.5));
#6783=CARTESIAN_POINT('Ctrl Pts',(1.1862600493809,-0.424978438956837,30.5));
#6784=CARTESIAN_POINT('Ctrl Pts',(1.20730948457664,-0.376958158111207,30.5));
#6785=CARTESIAN_POINT('Ctrl Pts',(1.22649130892814,-0.333198476014019,30.5));
#6786=CARTESIAN_POINT('Ctrl Pts',(1.2433343838725,-0.288365682461571,30.5));
#6787=CARTESIAN_POINT('Ctrl Pts',(1.25772966797936,-0.2426715772321,30.5));
#6788=CARTESIAN_POINT('Ctrl Pts',(1.2611231365172,-0.231899889274445,30.5));
#6789=CARTESIAN_POINT('Ctrl Pts',(1.26438071916982,-0.221078783593241,30.5));
#6790=CARTESIAN_POINT('Ctrl Pts',(1.26749531879646,-0.210231265938774,30.5));
#6791=CARTESIAN_POINT('Ctrl Pts',(1.28247601112423,-0.158056558438038,30.5));
#6792=CARTESIAN_POINT('Ctrl Pts',(1.29418602219354,-0.105169736476309,30.5));
#6793=CARTESIAN_POINT('Ctrl Pts',(1.30252720137404,-0.0519049160299443,
30.5));
#6794=CARTESIAN_POINT('Ctrl Pts',(1.31082930437154,0.00111037304606295,
30.5));
#6795=CARTESIAN_POINT('Ctrl Pts',(1.31579468260725,0.054501213922892,30.5));
#6796=CARTESIAN_POINT('Ctrl Pts',(1.31728373519489,0.107965199468952,30.5));
#6797=CARTESIAN_POINT('Ctrl Pts',(1.31793296956092,0.131275764219652,30.5));
#6798=CARTESIAN_POINT('Ctrl Pts',(1.31792074707735,0.15460048487827,30.5));
#6799=CARTESIAN_POINT('Ctrl Pts',(1.31723246740162,0.177915107521969,30.5));
#6800=CARTESIAN_POINT('Ctrl Pts',(1.31661078986134,0.198973665210973,30.5));
#6801=CARTESIAN_POINT('Ctrl Pts',(1.3154375401472,0.220023997781393,30.5));
#6802=CARTESIAN_POINT('Ctrl Pts',(1.31372354019591,0.241052298711217,30.5));
#6803=CARTESIAN_POINT('Ctrl Pts',(1.3128744707447,0.25146915310897,30.5));
#6804=CARTESIAN_POINT('Ctrl Pts',(1.31189252072234,0.261882107670088,30.5));
#6805=CARTESIAN_POINT('Ctrl Pts',(1.31077939166748,0.272284788871401,30.5));
#6806=CARTESIAN_POINT('Ctrl Pts',(1.30508486971411,0.325502604196786,30.5));
#6807=CARTESIAN_POINT('Ctrl Pts',(1.29598771153434,0.378216371569851,30.5));
#6808=CARTESIAN_POINT('Ctrl Pts',(1.28374003654385,0.430196535637427,30.5));
#6809=CARTESIAN_POINT('Ctrl Pts',(1.27120091905433,0.483413606213997,30.5));
#6810=CARTESIAN_POINT('Ctrl Pts',(1.25535941042817,0.535862599685986,30.5));
#6811=CARTESIAN_POINT('Ctrl Pts',(1.23642979366503,0.587305517209512,30.5));
#6812=CARTESIAN_POINT('Ctrl Pts',(1.22261755898025,0.624841493695212,30.5));
#6813=CARTESIAN_POINT('Ctrl Pts',(1.20715998672215,0.661842063272549,30.5));
#6814=CARTESIAN_POINT('Ctrl Pts',(1.19012296939593,0.698213334450052,30.5));
#6815=CARTESIAN_POINT('Ctrl Pts',(1.18023343299607,0.719325892084498,30.5));
#6816=CARTESIAN_POINT('Ctrl Pts',(1.16981143960276,0.740226364540912,30.5));
#6817=CARTESIAN_POINT('Ctrl Pts',(1.15886779919621,0.760895749695317,30.5));
#6818=CARTESIAN_POINT('Ctrl Pts',(1.1538847012238,0.770307386721704,30.5));
#6819=CARTESIAN_POINT('Ctrl Pts',(1.14879371197482,0.779670356332047,30.5));
#6820=CARTESIAN_POINT('Ctrl Pts',(1.14360248906188,0.788971455195003,30.5));
#6821=CARTESIAN_POINT('Ctrl Pts',(1.11581080340716,0.838765736846487,30.5));
#6822=CARTESIAN_POINT('Ctrl Pts',(1.08510504436858,0.886874446277381,30.5));
#6823=CARTESIAN_POINT('Ctrl Pts',(1.0517005227817,0.933041800816721,30.5));
#6824=CARTESIAN_POINT('Ctrl Pts',(1.0237251883367,0.97170564398299,30.5));
#6825=CARTESIAN_POINT('Ctrl Pts',(0.993855955340854,1.00900819455272,30.5));
#6826=CARTESIAN_POINT('Ctrl Pts',(0.962193072354943,1.044791174033,30.5));
#6827=CARTESIAN_POINT('Ctrl Pts',(0.953479339680927,1.05463877122148,30.5));
#6828=CARTESIAN_POINT('Ctrl Pts',(0.944629632348533,1.06437121532023,30.5));
#6829=CARTESIAN_POINT('Ctrl Pts',(0.93564575416529,1.07398503890348,30.5));
#6830=CARTESIAN_POINT('Ctrl Pts',(0.927156461592726,1.08306959676086,30.5));
#6831=CARTESIAN_POINT('Ctrl Pts',(0.918553122497635,1.09204202295188,30.5));
#6832=CARTESIAN_POINT('Ctrl Pts',(0.909840404058046,1.10089710153225,30.5));
#6833=CARTESIAN_POINT('Ctrl Pts',(0.868551433248507,1.1428607072147,30.5));
#6834=CARTESIAN_POINT('Ctrl Pts',(0.824791705568809,1.18221026837391,30.5));
#6835=CARTESIAN_POINT('Ctrl Pts',(0.778760560401958,1.21866560867757,30.5));
#6836=CARTESIAN_POINT('Ctrl Pts',(0.732729415235107,1.25512094898123,30.5));
#6837=CARTESIAN_POINT('Ctrl Pts',(0.684426316648659,1.28868319301696,30.5));
#6838=CARTESIAN_POINT('Ctrl Pts',(0.634007094575159,1.31904027763688,30.5));
#6839=CARTESIAN_POINT('Ctrl Pts',(0.634007094575196,1.31904027763686,30.5));
#6840=CARTESIAN_POINT('Ctrl Pts',(1.06872986157005,1.11008735700134,30.4737732507434));
#6841=CARTESIAN_POINT('Ctrl Pts',(1.38854621907513,0.671335257325359,30.4475465014868));
#6842=CARTESIAN_POINT('Ctrl Pts',(1.45248495519637,0.196183303534575,30.4213197522303));
#6843=CARTESIAN_POINT('Ctrl Pts',(1.51642369131762,-0.278968650256209,30.3950930029737));
#6844=CARTESIAN_POINT('Ctrl Pts',(1.32448480605502,-0.790520458161781,30.3688662537171));
#6845=CARTESIAN_POINT('Ctrl Pts',(0.962321702016902,-1.10602209691984,30.3426395044605));
#6846=CARTESIAN_POINT('Ctrl Pts',(0.600158597978774,-1.42152373567791,30.316412755204));
#6847=CARTESIAN_POINT('Ctrl Pts',(0.0677712751650977,-1.54097520528845,
30.2901860059474));
#6848=CARTESIAN_POINT('Ctrl Pts',(-0.394758208438047,-1.41153983397962,
30.2639592566908));
#6849=CARTESIAN_POINT('Ctrl Pts',(-0.857287692041192,-1.28210446267079,
30.2377325074342));
#6850=CARTESIAN_POINT('Ctrl Pts',(-1.24995933643381,-0.903782250442599,
30.2115057581776));
#6851=CARTESIAN_POINT('Ctrl Pts',(-1.39616801576639,-0.446438130892744,
30.1852790089211));
#6852=CARTESIAN_POINT('Ctrl Pts',(-1.44192584220496,-0.303306594922432,
30.1770710212283));
#6853=CARTESIAN_POINT('Ctrl Pts',(-1.46354373156418,-0.152435219134119,
30.1688630335356));
#6854=CARTESIAN_POINT('Ctrl Pts',(-1.46240228632645,-0.00123407841183185,
30.1606550458429));
#6855=CARTESIAN_POINT('Origin',(0.,0.,8.));
#6856=CARTESIAN_POINT('Origin',(0.,0.,30.5));
#6857=CARTESIAN_POINT('Origin',(0.,0.,30.5));
#6858=CARTESIAN_POINT('Origin',(0.,0.,8.));
#6859=CARTESIAN_POINT('Origin',(0.,0.,0.));
#6860=UNCERTAINTY_MEASURE_WITH_UNIT(LENGTH_MEASURE(0.01),#6864,
'DISTANCE_ACCURACY_VALUE',
'Maximum model space distance between geometric entities at asserted c
onnectivities');
#6861=UNCERTAINTY_MEASURE_WITH_UNIT(LENGTH_MEASURE(0.01),#6864,
'DISTANCE_ACCURACY_VALUE',
'Maximum model space distance between geometric entities at asserted c
onnectivities');
#6862=(
GEOMETRIC_REPRESENTATION_CONTEXT(3)
GLOBAL_UNCERTAINTY_ASSIGNED_CONTEXT((#6860))
GLOBAL_UNIT_ASSIGNED_CONTEXT((#6864,#6866,#6867))
REPRESENTATION_CONTEXT('','3D')
);
#6863=(
GEOMETRIC_REPRESENTATION_CONTEXT(3)
GLOBAL_UNCERTAINTY_ASSIGNED_CONTEXT((#6861))
GLOBAL_UNIT_ASSIGNED_CONTEXT((#6864,#6866,#6867))
REPRESENTATION_CONTEXT('','3D')
);
#6864=(
LENGTH_UNIT()
NAMED_UNIT(*)
SI_UNIT(.MILLI.,.METRE.)
);
#6865=(
LENGTH_UNIT()
NAMED_UNIT(*)
SI_UNIT($,.METRE.)
);
#6866=(
NAMED_UNIT(*)
PLANE_ANGLE_UNIT()
SI_UNIT($,.RADIAN.)
);
#6867=(
NAMED_UNIT(*)
SI_UNIT($,.STERADIAN.)
SOLID_ANGLE_UNIT()
);
#6868=SHAPE_DEFINITION_REPRESENTATION(#6869,#6870);
#6869=PRODUCT_DEFINITION_SHAPE('',$,#6872);
#6870=SHAPE_REPRESENTATION('',(#1938),#6862);
#6871=PRODUCT_DEFINITION_CONTEXT('part definition',#6876,'design');
#6872=PRODUCT_DEFINITION('M3 X 25mm Male to Female Brass Spacer',
'M3 X 25mm Male to Female Brass Spacer v2',#6873,#6871);
#6873=PRODUCT_DEFINITION_FORMATION('',$,#6878);
#6874=PRODUCT_RELATED_PRODUCT_CATEGORY(
'M3 X 25mm Male to Female Brass Spacer v2',
'M3 X 25mm Male to Female Brass Spacer v2',(#6878));
#6875=APPLICATION_PROTOCOL_DEFINITION('international standard',
'automotive_design',2009,#6876);
#6876=APPLICATION_CONTEXT(
'Core Data for Automotive Mechanical Design Process');
#6877=PRODUCT_CONTEXT('part definition',#6876,'mechanical');
#6878=PRODUCT('M3 X 25mm Male to Female Brass Spacer',
'M3 X 25mm Male to Female Brass Spacer v2',$,(#6877));
#6879=PRESENTATION_STYLE_ASSIGNMENT((#6880));
#6880=SURFACE_STYLE_USAGE(.BOTH.,#6881);
#6881=SURFACE_SIDE_STYLE('',(#6882));
#6882=SURFACE_STYLE_FILL_AREA(#6883);
#6883=FILL_AREA_STYLE('Steel - Satin',(#6884));
#6884=FILL_AREA_STYLE_COLOUR('Steel - Satin',#6885);
#6885=COLOUR_RGB('Steel - Satin',0.627450980392157,0.627450980392157,0.627450980392157);
ENDSEC;
END-ISO-10303-21;
