ISO-10303-21;
HEADER;
/* Generated by software containing ST-Developer
 * from STEP Tools, Inc. (www.steptools.com) 
 */

FILE_DESCRIPTION(
/* description */ (''),
/* implementation_level */ '2;1');

FILE_NAME(
/* name */ 'M2.5 Hex Nut.step',
/* time_stamp */ '2026-03-06T10:00:51+05:30',
/* author */ (''),
/* organization */ (''),
/* preprocessor_version */ 'ST-DEVELOPER v20.1',
/* originating_system */ 'Autodesk Translation Framework v14.24.0.0',
/* authorisation */ '');

FILE_SCHEMA (('AUTOMOTIVE_DESIGN { 1 0 10303 214 3 1 1 }'));
ENDSEC;

DATA;
#10=MECHANICAL_DESIGN_GEOMETRIC_PRESENTATION_REPRESENTATION('',(#13),#2510);
#11=SHAPE_REPRESENTATION_RELATIONSHIP('SRR','None',#2517,#12);
#12=ADVANCED_BREP_SHAPE_REPRESENTATION('',(#14),#2509);
#13=STYLED_ITEM('',(#2526),#14);
#14=MANIFOLD_SOLID_BREP('Body1',#990);
#15=ELLIPSE('',#1020,0.223606797749979,0.1);
#16=ELLIPSE('',#1021,0.223606797749979,0.1);
#17=ELLIPSE('',#1023,0.223606797749979,0.1);
#18=ELLIPSE('',#1024,0.223606797749979,0.1);
#19=ELLIPSE('',#1027,0.223606797749979,0.1);
#20=ELLIPSE('',#1029,0.223606797749979,0.1);
#21=ELLIPSE('',#1030,0.223606797749979,0.1);
#22=ELLIPSE('',#1033,0.223606797749979,0.1);
#23=ELLIPSE('',#1035,0.223606797749979,0.1);
#24=ELLIPSE('',#1036,0.223606797749979,0.1);
#25=ELLIPSE('',#1039,0.223606797749979,0.1);
#26=ELLIPSE('',#1041,0.223606797749979,0.1);
#27=ELLIPSE('',#1042,0.223606797749979,0.1);
#28=ELLIPSE('',#1045,0.223606797749979,0.1);
#29=ELLIPSE('',#1047,0.223606797749979,0.1);
#30=ELLIPSE('',#1048,0.22360679774998,0.1);
#31=ELLIPSE('',#1050,0.223606797749979,0.1);
#32=ELLIPSE('',#1053,0.223606797749979,0.1);
#33=ELLIPSE('',#1054,0.223606797749979,0.1);
#34=ELLIPSE('',#1056,0.223606797749979,0.1);
#35=ELLIPSE('',#1057,0.223606797749979,0.1);
#36=ELLIPSE('',#1060,0.223606797749979,0.1);
#37=ELLIPSE('',#1061,0.223606797749979,0.1);
#38=ELLIPSE('',#1063,0.223606797749979,0.1);
#39=ELLIPSE('',#1064,0.223606797749979,0.1);
#40=ELLIPSE('',#1066,0.223606797749979,0.1);
#41=ELLIPSE('',#1069,0.223606797749979,0.1);
#42=ELLIPSE('',#1070,0.223606797749979,0.1);
#43=ELLIPSE('',#1072,0.223606797749979,0.1);
#44=ELLIPSE('',#1074,0.223606797749979,0.1);
#45=ELLIPSE('',#1076,0.223606797749979,0.1);
#46=ELLIPSE('',#1077,0.223606797749979,0.1);
#47=ELLIPSE('',#1079,0.223606797749979,0.1);
#48=ELLIPSE('',#1081,0.223606797749979,0.1);
#49=ELLIPSE('',#1087,0.223606797749979,0.1);
#50=ELLIPSE('',#1088,0.223606797749979,0.1);
#51=FACE_BOUND('',#139,.T.);
#52=FACE_BOUND('',#159,.T.);
#53=PLANE('',#1018);
#54=PLANE('',#1022);
#55=PLANE('',#1025);
#56=PLANE('',#1028);
#57=PLANE('',#1031);
#58=PLANE('',#1034);
#59=PLANE('',#1037);
#60=PLANE('',#1040);
#61=PLANE('',#1043);
#62=PLANE('',#1046);
#63=PLANE('',#1051);
#64=PLANE('',#1055);
#65=PLANE('',#1058);
#66=PLANE('',#1062);
#67=PLANE('',#1067);
#68=PLANE('',#1071);
#69=PLANE('',#1075);
#70=PLANE('',#1080);
#71=PLANE('',#1089);
#72=PLANE('',#1092);
#73=B_SPLINE_SURFACE_WITH_KNOTS('',3,3,((#1661,#1662,#1663,#1664,#1665,
#1666,#1667,#1668,#1669,#1670,#1671,#1672,#1673,#1674,#1675,#1676,#1677,
#1678,#1679,#1680,#1681,#1682,#1683,#1684,#1685,#1686,#1687,#1688,#1689,
#1690,#1691,#1692,#1693),(#1694,#1695,#1696,#1697,#1698,#1699,#1700,#1701,
#1702,#1703,#1704,#1705,#1706,#1707,#1708,#1709,#1710,#1711,#1712,#1713,
#1714,#1715,#1716,#1717,#1718,#1719,#1720,#1721,#1722,#1723,#1724,#1725,
#1726),(#1727,#1728,#1729,#1730,#1731,#1732,#1733,#1734,#1735,#1736,#1737,
#1738,#1739,#1740,#1741,#1742,#1743,#1744,#1745,#1746,#1747,#1748,#1749,
#1750,#1751,#1752,#1753,#1754,#1755,#1756,#1757,#1758,#1759),(#1760,#1761,
#1762,#1763,#1764,#1765,#1766,#1767,#1768,#1769,#1770,#1771,#1772,#1773,
#1774,#1775,#1776,#1777,#1778,#1779,#1780,#1781,#1782,#1783,#1784,#1785,
#1786,#1787,#1788,#1789,#1790,#1791,#1792)),.UNSPECIFIED.,.F.,.F.,.F.,(4,
4),(4,1,1,1,1,1,1,1,1,1,1,1,1,1,1,1,1,1,1,1,1,1,1,1,1,1,1,1,1,1,4),(0.,
0.0291273210806166),(11.8408508686655,12.8394754904148,13.8381001121641,
14.8367247339133,15.8353493556626,16.8339739774119,17.8325985991612,18.8312232209105,
19.8298478426598,20.828472464409,21.8270970861583,22.8257217079076,23.8243463296569,
24.8229709514062,25.8215955731555,26.8202201949047,27.818844816654,28.8174694384033,
29.8160940601526,30.8147186819019,31.8133433036512,32.8119679254005,33.8105925471497,
34.809217168899,35.8078417906483,36.8064664123976,37.8050910341469,38.8037156558962,
39.8023402776454,40.8009648993947,41.799589521144),.UNSPECIFIED.);
#74=B_SPLINE_SURFACE_WITH_KNOTS('',3,3,((#1976,#1977,#1978,#1979,#1980,
#1981,#1982,#1983,#1984,#1985,#1986,#1987,#1988,#1989,#1990,#1991,#1992,
#1993,#1994,#1995,#1996,#1997,#1998,#1999,#2000,#2001,#2002,#2003,#2004,
#2005,#2006,#2007,#2008),(#2009,#2010,#2011,#2012,#2013,#2014,#2015,#2016,
#2017,#2018,#2019,#2020,#2021,#2022,#2023,#2024,#2025,#2026,#2027,#2028,
#2029,#2030,#2031,#2032,#2033,#2034,#2035,#2036,#2037,#2038,#2039,#2040,
#2041),(#2042,#2043,#2044,#2045,#2046,#2047,#2048,#2049,#2050,#2051,#2052,
#2053,#2054,#2055,#2056,#2057,#2058,#2059,#2060,#2061,#2062,#2063,#2064,
#2065,#2066,#2067,#2068,#2069,#2070,#2071,#2072,#2073,#2074),(#2075,#2076,
#2077,#2078,#2079,#2080,#2081,#2082,#2083,#2084,#2085,#2086,#2087,#2088,
#2089,#2090,#2091,#2092,#2093,#2094,#2095,#2096,#2097,#2098,#2099,#2100,
#2101,#2102,#2103,#2104,#2105,#2106,#2107)),.UNSPECIFIED.,.F.,.F.,.F.,(4,
4),(4,1,1,1,1,1,1,1,1,1,1,1,1,1,1,1,1,1,1,1,1,1,1,1,1,1,1,1,1,1,4),(0.,
0.0291273210806166),(14.4000123930734,15.3986370148227,16.397261636572,
17.3958862583213,18.3945108800705,19.3931355018198,20.3917601235691,21.3903847453184,
22.3890093670677,23.387633988817,24.3862586105663,25.3848832323155,26.3835078540648,
27.3821324758141,28.3807570975634,29.3793817193127,30.378006341062,31.3766309628112,
32.3752555845605,33.3738802063098,34.3725048280591,35.3711294498084,36.3697540715577,
37.368378693307,38.3670033150562,39.3656279368055,40.3642525585548,41.3628771803041,
42.3615018020534,43.3601264238027,44.3587510455519),.UNSPECIFIED.);
#75=FACE_OUTER_BOUND('',#126,.T.);
#76=FACE_OUTER_BOUND('',#127,.T.);
#77=FACE_OUTER_BOUND('',#128,.T.);
#78=FACE_OUTER_BOUND('',#129,.T.);
#79=FACE_OUTER_BOUND('',#130,.T.);
#80=FACE_OUTER_BOUND('',#131,.T.);
#81=FACE_OUTER_BOUND('',#132,.T.);
#82=FACE_OUTER_BOUND('',#133,.T.);
#83=FACE_OUTER_BOUND('',#134,.T.);
#84=FACE_OUTER_BOUND('',#135,.T.);
#85=FACE_OUTER_BOUND('',#136,.T.);
#86=FACE_OUTER_BOUND('',#137,.T.);
#87=FACE_OUTER_BOUND('',#138,.T.);
#88=FACE_OUTER_BOUND('',#140,.T.);
#89=FACE_OUTER_BOUND('',#141,.T.);
#90=FACE_OUTER_BOUND('',#142,.T.);
#91=FACE_OUTER_BOUND('',#143,.T.);
#92=FACE_OUTER_BOUND('',#144,.T.);
#93=FACE_OUTER_BOUND('',#145,.T.);
#94=FACE_OUTER_BOUND('',#146,.T.);
#95=FACE_OUTER_BOUND('',#147,.T.);
#96=FACE_OUTER_BOUND('',#148,.T.);
#97=FACE_OUTER_BOUND('',#149,.T.);
#98=FACE_OUTER_BOUND('',#150,.T.);
#99=FACE_OUTER_BOUND('',#151,.T.);
#100=FACE_OUTER_BOUND('',#152,.T.);
#101=FACE_OUTER_BOUND('',#153,.T.);
#102=FACE_OUTER_BOUND('',#154,.T.);
#103=FACE_OUTER_BOUND('',#155,.T.);
#104=FACE_OUTER_BOUND('',#156,.T.);
#105=FACE_OUTER_BOUND('',#157,.T.);
#106=FACE_OUTER_BOUND('',#158,.T.);
#107=FACE_OUTER_BOUND('',#160,.T.);
#108=FACE_OUTER_BOUND('',#161,.T.);
#109=FACE_OUTER_BOUND('',#162,.T.);
#110=FACE_OUTER_BOUND('',#163,.T.);
#111=FACE_OUTER_BOUND('',#164,.T.);
#112=FACE_OUTER_BOUND('',#165,.T.);
#113=FACE_OUTER_BOUND('',#166,.T.);
#114=FACE_OUTER_BOUND('',#167,.T.);
#115=FACE_OUTER_BOUND('',#168,.T.);
#116=FACE_OUTER_BOUND('',#169,.T.);
#117=FACE_OUTER_BOUND('',#170,.T.);
#118=FACE_OUTER_BOUND('',#171,.T.);
#119=FACE_OUTER_BOUND('',#172,.T.);
#120=FACE_OUTER_BOUND('',#173,.T.);
#121=FACE_OUTER_BOUND('',#174,.T.);
#122=FACE_OUTER_BOUND('',#175,.T.);
#123=FACE_OUTER_BOUND('',#176,.T.);
#124=FACE_OUTER_BOUND('',#177,.T.);
#125=FACE_OUTER_BOUND('',#178,.T.);
#126=EDGE_LOOP('',(#616,#617,#618,#619));
#127=EDGE_LOOP('',(#620,#621,#622,#623));
#128=EDGE_LOOP('',(#624,#625,#626,#627));
#129=EDGE_LOOP('',(#628,#629,#630,#631));
#130=EDGE_LOOP('',(#632,#633,#634,#635));
#131=EDGE_LOOP('',(#636,#637,#638,#639));
#132=EDGE_LOOP('',(#640,#641,#642,#643));
#133=EDGE_LOOP('',(#644,#645,#646,#647));
#134=EDGE_LOOP('',(#648,#649,#650,#651));
#135=EDGE_LOOP('',(#652,#653,#654,#655));
#136=EDGE_LOOP('',(#656,#657,#658,#659,#660,#661,#662,#663,#664,#665,#666,
#667,#668));
#137=EDGE_LOOP('',(#669,#670,#671,#672,#673,#674,#675,#676,#677,#678,#679,
#680,#681));
#138=EDGE_LOOP('',(#682,#683,#684,#685,#686,#687,#688,#689,#690,#691,#692,
#693));
#139=EDGE_LOOP('',(#694,#695,#696,#697));
#140=EDGE_LOOP('',(#698,#699,#700,#701));
#141=EDGE_LOOP('',(#702,#703,#704,#705,#706,#707));
#142=EDGE_LOOP('',(#708,#709,#710,#711,#712,#713,#714,#715));
#143=EDGE_LOOP('',(#716,#717,#718,#719));
#144=EDGE_LOOP('',(#720,#721,#722,#723,#724,#725));
#145=EDGE_LOOP('',(#726,#727,#728,#729,#730,#731,#732,#733));
#146=EDGE_LOOP('',(#734,#735,#736,#737));
#147=EDGE_LOOP('',(#738,#739,#740,#741,#742,#743));
#148=EDGE_LOOP('',(#744,#745,#746,#747,#748,#749,#750,#751));
#149=EDGE_LOOP('',(#752,#753,#754,#755));
#150=EDGE_LOOP('',(#756,#757,#758,#759,#760,#761));
#151=EDGE_LOOP('',(#762,#763,#764,#765,#766,#767,#768,#769));
#152=EDGE_LOOP('',(#770,#771,#772,#773));
#153=EDGE_LOOP('',(#774,#775,#776,#777,#778,#779));
#154=EDGE_LOOP('',(#780,#781,#782,#783));
#155=EDGE_LOOP('',(#784,#785,#786,#787,#788,#789,#790,#791));
#156=EDGE_LOOP('',(#792,#793,#794,#795));
#157=EDGE_LOOP('',(#796,#797,#798,#799,#800,#801));
#158=EDGE_LOOP('',(#802,#803,#804,#805,#806,#807,#808,#809,#810,#811,#812,
#813));
#159=EDGE_LOOP('',(#814,#815,#816,#817));
#160=EDGE_LOOP('',(#818,#819,#820,#821));
#161=EDGE_LOOP('',(#822,#823,#824,#825,#826,#827));
#162=EDGE_LOOP('',(#828,#829,#830,#831));
#163=EDGE_LOOP('',(#832,#833,#834,#835,#836,#837,#838,#839));
#164=EDGE_LOOP('',(#840,#841,#842,#843));
#165=EDGE_LOOP('',(#844,#845,#846,#847,#848,#849));
#166=EDGE_LOOP('',(#850,#851,#852,#853));
#167=EDGE_LOOP('',(#854,#855,#856,#857,#858,#859));
#168=EDGE_LOOP('',(#860,#861,#862,#863));
#169=EDGE_LOOP('',(#864,#865,#866,#867,#868,#869));
#170=EDGE_LOOP('',(#870,#871,#872,#873));
#171=EDGE_LOOP('',(#874,#875,#876,#877));
#172=EDGE_LOOP('',(#878,#879,#880,#881));
#173=EDGE_LOOP('',(#882,#883,#884,#885));
#174=EDGE_LOOP('',(#886,#887,#888,#889));
#175=EDGE_LOOP('',(#890,#891,#892,#893,#894,#895));
#176=EDGE_LOOP('',(#896,#897,#898,#899));
#177=EDGE_LOOP('',(#900,#901,#902,#903));
#178=EDGE_LOOP('',(#904,#905,#906,#907,#908,#909));
#179=CIRCLE('',#1005,1.03775);
#180=CIRCLE('',#1009,1.03775);
#181=CIRCLE('',#1011,1.29);
#182=CIRCLE('',#1016,1.29);
#183=B_SPLINE_CURVE_WITH_KNOTS('',3,(#1360,#1361,#1362,#1363,#1364,#1365,
#1366,#1367,#1368,#1369,#1370,#1371,#1372),.UNSPECIFIED.,.F.,.F.,(4,3,3,
3,4),(26.4406921035939,26.9628647872307,27.96148940898,28.9601140307292,
29.9587386524785),.UNSPECIFIED.);
#184=B_SPLINE_CURVE_WITH_KNOTS('',3,(#1375,#1376,#1377,#1378,#1379,#1380,
#1381,#1382,#1383,#1384,#1385,#1386,#1387,#1388,#1389,#1390,#1391,#1392,
#1393),.UNSPECIFIED.,.F.,.F.,(4,3,3,3,3,3,4),(-27.9252680319093,-26.9628647872307,
-25.9642401654814,-24.9656155437321,-23.9669909219828,-22.9683663002335,
-22.7166683208222),.UNSPECIFIED.);
#185=B_SPLINE_CURVE_WITH_KNOTS('',3,(#1398,#1399,#1400,#1401,#1402,#1403,
#1404,#1405,#1406,#1407,#1408,#1409,#1410,#1411,#1412,#1413,#1414,#1415,
#1416,#1417,#1418,#1419),.UNSPECIFIED.,.F.,.F.,(4,3,3,3,3,3,3,4),(20.1575067964143,
20.971117056735,21.9697416784843,22.9683663002335,23.9669909219828,24.9656155437321,
25.9642401654814,26.4406921035939),.UNSPECIFIED.);
#186=B_SPLINE_CURVE_WITH_KNOTS('',3,(#1420,#1421,#1422,#1423,#1424,#1425,
#1426,#1427,#1428,#1429,#1430,#1431,#1432,#1433,#1434,#1435,#1436,#1437,
#1438,#1439,#1440,#1441),.UNSPECIFIED.,.F.,.F.,(4,3,3,3,3,3,3,4),(-22.7166683208222,
-21.9697416784842,-20.971117056735,-19.9724924349857,-18.9738678132364,
-17.9752431914871,-16.9766185697378,-16.4334830136427),.UNSPECIFIED.);
#187=B_SPLINE_CURVE_WITH_KNOTS('',3,(#1446,#1447,#1448,#1449,#1450,#1451,
#1452,#1453,#1454,#1455,#1456,#1457,#1458,#1459,#1460,#1461,#1462,#1463,
#1464,#1465,#1466,#1467,#1468,#1469,#1470),.UNSPECIFIED.,.F.,.F.,(4,3,3,
3,3,3,3,3,4),(13.8743214892347,13.98074470449,14.9793693262393,15.9779939479886,
16.9766185697378,17.9752431914871,18.9738678132364,19.9724924349857,20.1575067964143),
 .UNSPECIFIED.);
#188=B_SPLINE_CURVE_WITH_KNOTS('',3,(#1471,#1472,#1473,#1474,#1475,#1476,
#1477,#1478,#1479,#1480,#1481,#1482,#1483,#1484,#1485,#1486,#1487,#1488,
#1489,#1490,#1491,#1492),.UNSPECIFIED.,.F.,.F.,(4,3,3,3,3,3,3,4),(-16.4334830136427,
-15.9779939479885,-14.9793693262393,-13.98074470449,-12.9821200827407,-11.9834954609914,
-10.9848708392421,-10.1502977064631),.UNSPECIFIED.);
#189=B_SPLINE_CURVE_WITH_KNOTS('',3,(#1498,#1499,#1500,#1501,#1502,#1503,
#1504,#1505,#1506,#1507,#1508,#1509,#1510),.UNSPECIFIED.,.F.,.F.,(4,3,3,
3,4),(-3.86711239928349,-2.99587386524785,-1.99724924349857,-0.998624621749286,
0.),.UNSPECIFIED.);
#190=B_SPLINE_CURVE_WITH_KNOTS('',3,(#1513,#1514,#1515,#1516,#1517,#1518,
#1519,#1520,#1521,#1522,#1523,#1524,#1525,#1526,#1527,#1528,#1529,#1530,
#1531),.UNSPECIFIED.,.F.,.F.,(4,3,3,3,3,3,4),(2.03347062056925,2.99587386524785,
3.99449848699714,4.99312310874642,5.99174773049571,6.99037235224499,7.59113618205515),
 .UNSPECIFIED.);
#191=B_SPLINE_CURVE_WITH_KNOTS('',3,(#1537,#1538,#1539,#1540),
 .UNSPECIFIED.,.F.,.F.,(4,4),(40.8407044966673,41.799589521144),
 .UNSPECIFIED.);
#192=B_SPLINE_CURVE_WITH_KNOTS('',3,(#1543,#1544,#1545,#1546,#1547),
 .UNSPECIFIED.,.F.,.F.,(4,1,4),(40.8407044966673,41.3628771803041,42.3252804249827),
 .UNSPECIFIED.);
#193=B_SPLINE_CURVE_WITH_KNOTS('',3,(#1552,#1553,#1554,#1555,#1556,#1557,
#1558,#1559,#1560,#1561,#1562),.UNSPECIFIED.,.F.,.F.,(4,1,1,1,1,1,1,1,4),
(34.5575191894877,34.809217168899,35.8078417906483,36.8064664123976,37.8050910341469,
38.8037156558962,39.8023402776454,40.8009648993947,40.8407044966673),
 .UNSPECIFIED.);
#194=B_SPLINE_CURVE_WITH_KNOTS('',3,(#1563,#1564,#1565,#1566,#1567,#1568,
#1569,#1570,#1571,#1572),.UNSPECIFIED.,.F.,.F.,(4,1,1,1,1,1,1,4),(34.5575191894877,
35.3711294498084,36.3697540715577,37.368378693307,38.3670033150562,39.3656279368055,
40.3642525585548,40.8407044966673),.UNSPECIFIED.);
#195=B_SPLINE_CURVE_WITH_KNOTS('',3,(#1577,#1578,#1579,#1580,#1581,#1582,
#1583,#1584,#1585,#1586),.UNSPECIFIED.,.F.,.F.,(4,1,1,1,1,1,1,4),(28.2743338823081,
28.8174694384033,29.8160940601526,30.8147186819019,31.8133433036512,32.8119679254005,
33.8105925471497,34.5575191894877),.UNSPECIFIED.);
#196=B_SPLINE_CURVE_WITH_KNOTS('',3,(#1587,#1588,#1589,#1590,#1591,#1592,
#1593,#1594,#1595,#1596,#1597),.UNSPECIFIED.,.F.,.F.,(4,1,1,1,1,1,1,1,4),
(28.2743338823081,28.3807570975634,29.3793817193127,30.378006341062,31.3766309628112,
32.3752555845605,33.3738802063098,34.3725048280591,34.5575191894877),
 .UNSPECIFIED.);
#197=B_SPLINE_CURVE_WITH_KNOTS('',3,(#1602,#1603,#1604,#1605,#1606,#1607,
#1608,#1609,#1610,#1611),.UNSPECIFIED.,.F.,.F.,(4,1,1,1,1,1,1,4),(21.9911485751285,
22.8257217079076,23.8243463296569,24.8229709514062,25.8215955731555,26.8202201949047,
27.818844816654,28.2743338823081),.UNSPECIFIED.);
#198=B_SPLINE_CURVE_WITH_KNOTS('',3,(#1612,#1613,#1614,#1615,#1616,#1617,
#1618,#1619,#1620,#1621),.UNSPECIFIED.,.F.,.F.,(4,1,1,1,1,1,1,4),(21.9911485751285,
22.3890093670677,23.387633988817,24.3862586105663,25.3848832323155,26.3835078540648,
27.3821324758141,28.2743338823081),.UNSPECIFIED.);
#199=B_SPLINE_CURVE_WITH_KNOTS('',3,(#1627,#1628,#1629,#1630,#1631),
 .UNSPECIFIED.,.F.,.F.,(4,1,4),(14.4000123930734,15.3986370148227,15.707963267949),
 .UNSPECIFIED.);
#200=B_SPLINE_CURVE_WITH_KNOTS('',3,(#1634,#1635,#1636,#1637,#1638),
 .UNSPECIFIED.,.F.,.F.,(4,1,4),(13.8743214892347,14.8367247339133,15.707963267949),
 .UNSPECIFIED.);
#201=B_SPLINE_CURVE_WITH_KNOTS('',3,(#1640,#1641,#1642,#1643,#1644,#1645,
#1646,#1647,#1648,#1649,#1650),.UNSPECIFIED.,.F.,.F.,(4,1,1,1,1,1,1,1,4),
(15.707963267949,15.8353493556626,16.8339739774119,17.8325985991612,18.8312232209105,
19.8298478426598,20.828472464409,21.8270970861583,21.9911485751285),
 .UNSPECIFIED.);
#202=B_SPLINE_CURVE_WITH_KNOTS('',3,(#1651,#1652,#1653,#1654,#1655,#1656,
#1657,#1658,#1659,#1660),.UNSPECIFIED.,.F.,.F.,(4,1,1,1,1,1,1,4),(15.707963267949,
16.397261636572,17.3958862583213,18.3945108800705,19.3931355018198,20.3917601235691,
21.3903847453184,21.9911485751285),.UNSPECIFIED.);
#203=B_SPLINE_CURVE_WITH_KNOTS('',3,(#1793,#1794,#1795,#1796,#1797,#1798,
#1799,#1800,#1801,#1802,#1803,#1804,#1805,#1806,#1807,#1808,#1809,#1810,
#1811,#1812,#1813,#1814,#1815,#1816,#1817,#1818,#1819,#1820,#1821,#1822,
#1823,#1824,#1825,#1826,#1827,#1828,#1829,#1830,#1831,#1832,#1833,#1834,
#1835,#1836,#1837,#1838,#1839,#1840,#1841,#1842,#1843,#1844,#1845,#1846,
#1847,#1848,#1849,#1850,#1851,#1852,#1853,#1854,#1855,#1856,#1857,#1858,
#1859,#1860,#1861,#1862,#1863,#1864,#1865,#1866,#1867,#1868,#1869,#1870,
#1871),.UNSPECIFIED.,.F.,.F.,(4,3,3,3,3,3,3,3,3,3,3,3,3,3,3,3,3,3,3,3,3,
3,3,3,3,3,4),(0.,0.015733276358126,0.0316486456264784,0.0431668291727258,
0.0481216020884821,0.0511327568133217,0.0665895506221958,0.0816931149747129,
0.0922183647301491,0.0960769295660917,0.0985489536306736,0.113163656591894,
0.123794113996458,0.137740865185752,0.141511705601294,0.144225454519428,
0.158763605331343,0.173259414671746,0.181023003276629,0.18520485646016,
0.18819125458575,0.20208461619241,0.211577821536655,0.215170473130434,0.228486074887658,
0.235368123510813,0.239178774929417),.UNSPECIFIED.);
#204=B_SPLINE_CURVE_WITH_KNOTS('',3,(#1872,#1873,#1874,#1875,#1876,#1877,
#1878,#1879,#1880,#1881,#1882,#1883,#1884,#1885,#1886,#1887,#1888,#1889,
#1890,#1891,#1892,#1893,#1894,#1895,#1896,#1897,#1898,#1899,#1900,#1901,
#1902,#1903,#1904,#1905,#1906,#1907,#1908,#1909,#1910,#1911,#1912,#1913,
#1914,#1915,#1916,#1917,#1918,#1919,#1920,#1921,#1922,#1923,#1924,#1925,
#1926,#1927,#1928,#1929,#1930,#1931,#1932,#1933,#1934,#1935,#1936,#1937,
#1938,#1939,#1940,#1941,#1942,#1943,#1944,#1945,#1946,#1947,#1948,#1949,
#1950),.UNSPECIFIED.,.F.,.F.,(4,3,3,3,3,3,3,3,3,3,3,3,3,3,3,3,3,3,3,3,3,
3,3,3,3,3,4),(0.,0.0130371786790852,0.0266703846972297,0.0371782476118527,
0.0404767445688844,0.0430905638932445,0.0571691023899026,0.071524611041572,
0.0813267802847324,0.0840194262956557,0.086720868294185,0.101521287636693,
0.110733288014214,0.125147754349476,0.128731343205388,0.131710907321305,
0.146504296076511,0.161660203663716,0.170628674139818,0.17497089222422,
0.177689259223054,0.193357607357808,0.204091510210524,0.208959245194552,
0.22484143834776,0.233407967472531,0.238077416065714),.UNSPECIFIED.);
#205=B_SPLINE_CURVE_WITH_KNOTS('',3,(#1951,#1952,#1953,#1954,#1955,#1956,
#1957,#1958,#1959,#1960,#1961,#1962,#1963,#1964,#1965,#1966,#1967,#1968,
#1969,#1970,#1971,#1972,#1973,#1974,#1975),.UNSPECIFIED.,.F.,.F.,(4,3,3,
3,3,3,3,3,4),(-10.1502977064631,-9.98624621749284,-8.98762159574355,-7.98899697399428,
-6.99037235224499,-5.9917477304957,-4.99312310874642,-3.99449848699714,
-3.86711239928349),.UNSPECIFIED.);
#206=B_SPLINE_CURVE_WITH_KNOTS('',3,(#2108,#2109,#2110,#2111,#2112,#2113,
#2114,#2115,#2116,#2117,#2118,#2119,#2120,#2121,#2122,#2123,#2124,#2125,
#2126,#2127,#2128,#2129,#2130,#2131,#2132,#2133,#2134,#2135,#2136,#2137,
#2138,#2139,#2140,#2141,#2142,#2143,#2144,#2145,#2146,#2147,#2148,#2149,
#2150,#2151,#2152,#2153,#2154,#2155,#2156,#2157,#2158,#2159,#2160,#2161,
#2162,#2163,#2164,#2165,#2166,#2167,#2168,#2169,#2170,#2171,#2172,#2173,
#2174,#2175,#2176,#2177,#2178,#2179,#2180,#2181,#2182,#2183,#2184,#2185,
#2186),.UNSPECIFIED.,.F.,.F.,(4,3,3,3,3,3,3,3,3,3,3,3,3,3,3,3,3,3,3,3,3,
3,3,3,3,3,4),(0.,0.013037169005715,0.0266703682044188,0.0371782331806432,
0.0404768377034571,0.0430906589717071,0.057169193298615,0.0715247023680413,
0.0813268487795846,0.0840196108261327,0.0867208956497331,0.101521316231655,
0.110733288014214,0.125147759521176,0.128731390189106,0.131710918287734,
0.146504313195909,0.161660223489715,0.170628691487567,0.174970953796422,
0.177689343908824,0.193357692660997,0.204091631884374,0.208959242221174,
0.224841435402141,0.233407967472527,0.238077416065712),.UNSPECIFIED.);
#207=B_SPLINE_CURVE_WITH_KNOTS('',3,(#2187,#2188,#2189,#2190,#2191,#2192,
#2193,#2194,#2195,#2196,#2197,#2198,#2199,#2200,#2201,#2202,#2203,#2204,
#2205,#2206,#2207,#2208),.UNSPECIFIED.,.F.,.F.,(4,3,3,3,3,3,3,4),(7.59113618205515,
7.98899697399428,8.98762159574356,9.98624621749284,10.9848708392421,11.9834954609914,
12.9821200827407,13.8743214892347),.UNSPECIFIED.);
#208=B_SPLINE_CURVE_WITH_KNOTS('',3,(#2209,#2210,#2211,#2212,#2213,#2214,
#2215,#2216,#2217,#2218,#2219,#2220,#2221,#2222,#2223,#2224,#2225,#2226,
#2227,#2228,#2229,#2230,#2231,#2232,#2233,#2234,#2235,#2236,#2237,#2238,
#2239,#2240,#2241,#2242,#2243,#2244,#2245,#2246,#2247,#2248,#2249,#2250,
#2251,#2252,#2253,#2254,#2255,#2256,#2257,#2258,#2259,#2260,#2261,#2262,
#2263,#2264,#2265,#2266,#2267,#2268,#2269,#2270,#2271,#2272,#2273,#2274,
#2275,#2276,#2277,#2278,#2279,#2280,#2281,#2282,#2283,#2284,#2285,#2286,
#2287),.UNSPECIFIED.,.F.,.F.,(4,3,3,3,3,3,3,3,3,3,3,3,3,3,3,3,3,3,3,3,3,
3,3,3,3,3,4),(0.,0.0157332712265329,0.0316486405136508,0.0431668246990023,
0.048121588571353,0.0511327571349944,0.0665895513821003,0.0816931183942321,
0.09221836729479,0.0960769511666757,0.0985489791944559,0.113163684289203,
0.123794113996463,0.137740865185758,0.141511707881675,0.144225457001912,
0.158763607537696,0.173259417827683,0.181023006038075,0.185204868711729,
0.18819126694514,0.202084631835651,0.211577846072351,0.215170469702206,
0.228486077272787,0.23536812351082,0.239178774929425),.UNSPECIFIED.);
#209=LINE('',#1358,#290);
#210=LINE('',#1397,#291);
#211=LINE('',#1445,#292);
#212=LINE('',#1496,#293);
#213=LINE('',#1535,#294);
#214=LINE('',#1551,#295);
#215=LINE('',#1576,#296);
#216=LINE('',#1601,#297);
#217=LINE('',#1625,#298);
#218=LINE('',#2291,#299);
#219=LINE('',#2293,#300);
#220=LINE('',#2295,#301);
#221=LINE('',#2297,#302);
#222=LINE('',#2299,#303);
#223=LINE('',#2301,#304);
#224=LINE('',#2303,#305);
#225=LINE('',#2305,#306);
#226=LINE('',#2307,#307);
#227=LINE('',#2309,#308);
#228=LINE('',#2311,#309);
#229=LINE('',#2312,#310);
#230=LINE('',#2317,#311);
#231=LINE('',#2321,#312);
#232=LINE('',#2325,#313);
#233=LINE('',#2329,#314);
#234=LINE('',#2331,#315);
#235=LINE('',#2333,#316);
#236=LINE('',#2335,#317);
#237=LINE('',#2337,#318);
#238=LINE('',#2338,#319);
#239=LINE('',#2341,#320);
#240=LINE('',#2345,#321);
#241=LINE('',#2349,#322);
#242=LINE('',#2353,#323);
#243=LINE('',#2355,#324);
#244=LINE('',#2357,#325);
#245=LINE('',#2359,#326);
#246=LINE('',#2360,#327);
#247=LINE('',#2363,#328);
#248=LINE('',#2367,#329);
#249=LINE('',#2371,#330);
#250=LINE('',#2375,#331);
#251=LINE('',#2377,#332);
#252=LINE('',#2379,#333);
#253=LINE('',#2381,#334);
#254=LINE('',#2382,#335);
#255=LINE('',#2385,#336);
#256=LINE('',#2389,#337);
#257=LINE('',#2393,#338);
#258=LINE('',#2397,#339);
#259=LINE('',#2399,#340);
#260=LINE('',#2401,#341);
#261=LINE('',#2403,#342);
#262=LINE('',#2404,#343);
#263=LINE('',#2407,#344);
#264=LINE('',#2411,#345);
#265=LINE('',#2415,#346);
#266=LINE('',#2419,#347);
#267=LINE('',#2423,#348);
#268=LINE('',#2425,#349);
#269=LINE('',#2427,#350);
#270=LINE('',#2429,#351);
#271=LINE('',#2431,#352);
#272=LINE('',#2432,#353);
#273=LINE('',#2437,#354);
#274=LINE('',#2441,#355);
#275=LINE('',#2446,#356);
#276=LINE('',#2448,#357);
#277=LINE('',#2450,#358);
#278=LINE('',#2452,#359);
#279=LINE('',#2454,#360);
#280=LINE('',#2456,#361);
#281=LINE('',#2458,#362);
#282=LINE('',#2460,#363);
#283=LINE('',#2462,#364);
#284=LINE('',#2463,#365);
#285=LINE('',#2471,#366);
#286=LINE('',#2476,#367);
#287=LINE('',#2479,#368);
#288=LINE('',#2480,#369);
#289=LINE('',#2481,#370);
#290=VECTOR('',#1097,1.25);
#291=VECTOR('',#1102,1.25);
#292=VECTOR('',#1105,1.25);
#293=VECTOR('',#1108,1.25);
#294=VECTOR('',#1113,1.29);
#295=VECTOR('',#1118,1.29);
#296=VECTOR('',#1121,1.29);
#297=VECTOR('',#1124,1.29);
#298=VECTOR('',#1127,1.29);
#299=VECTOR('',#1134,10.);
#300=VECTOR('',#1135,10.);
#301=VECTOR('',#1136,10.);
#302=VECTOR('',#1137,10.);
#303=VECTOR('',#1138,10.);
#304=VECTOR('',#1139,10.);
#305=VECTOR('',#1140,10.);
#306=VECTOR('',#1141,10.);
#307=VECTOR('',#1142,10.);
#308=VECTOR('',#1143,10.);
#309=VECTOR('',#1144,10.);
#310=VECTOR('',#1145,10.);
#311=VECTOR('',#1150,10.);
#312=VECTOR('',#1155,10.);
#313=VECTOR('',#1158,10.);
#314=VECTOR('',#1163,10.);
#315=VECTOR('',#1164,10.);
#316=VECTOR('',#1165,10.);
#317=VECTOR('',#1166,10.);
#318=VECTOR('',#1167,10.);
#319=VECTOR('',#1168,10.);
#320=VECTOR('',#1171,10.);
#321=VECTOR('',#1176,10.);
#322=VECTOR('',#1179,10.);
#323=VECTOR('',#1184,10.);
#324=VECTOR('',#1185,10.);
#325=VECTOR('',#1186,10.);
#326=VECTOR('',#1187,10.);
#327=VECTOR('',#1188,10.);
#328=VECTOR('',#1191,10.);
#329=VECTOR('',#1196,10.);
#330=VECTOR('',#1199,10.);
#331=VECTOR('',#1204,10.);
#332=VECTOR('',#1205,10.);
#333=VECTOR('',#1206,10.);
#334=VECTOR('',#1207,10.);
#335=VECTOR('',#1208,10.);
#336=VECTOR('',#1211,10.);
#337=VECTOR('',#1216,10.);
#338=VECTOR('',#1219,10.);
#339=VECTOR('',#1224,10.);
#340=VECTOR('',#1225,10.);
#341=VECTOR('',#1226,10.);
#342=VECTOR('',#1227,10.);
#343=VECTOR('',#1228,10.);
#344=VECTOR('',#1231,10.);
#345=VECTOR('',#1236,10.);
#346=VECTOR('',#1239,10.);
#347=VECTOR('',#1244,10.);
#348=VECTOR('',#1249,10.);
#349=VECTOR('',#1250,10.);
#350=VECTOR('',#1251,10.);
#351=VECTOR('',#1252,10.);
#352=VECTOR('',#1253,10.);
#353=VECTOR('',#1254,10.);
#354=VECTOR('',#1259,10.);
#355=VECTOR('',#1264,10.);
#356=VECTOR('',#1271,10.);
#357=VECTOR('',#1272,10.);
#358=VECTOR('',#1273,10.);
#359=VECTOR('',#1274,10.);
#360=VECTOR('',#1275,10.);
#361=VECTOR('',#1276,10.);
#362=VECTOR('',#1277,10.);
#363=VECTOR('',#1278,10.);
#364=VECTOR('',#1279,10.);
#365=VECTOR('',#1280,10.);
#366=VECTOR('',#1291,10.);
#367=VECTOR('',#1298,10.);
#368=VECTOR('',#1301,10.);
#369=VECTOR('',#1302,10.);
#370=VECTOR('',#1303,10.);
#371=VERTEX_POINT('',#1356);
#372=VERTEX_POINT('',#1357);
#373=VERTEX_POINT('',#1359);
#374=VERTEX_POINT('',#1373);
#375=VERTEX_POINT('',#1395);
#376=VERTEX_POINT('',#1396);
#377=VERTEX_POINT('',#1443);
#378=VERTEX_POINT('',#1444);
#379=VERTEX_POINT('',#1494);
#380=VERTEX_POINT('',#1495);
#381=VERTEX_POINT('',#1497);
#382=VERTEX_POINT('',#1511);
#383=VERTEX_POINT('',#1533);
#384=VERTEX_POINT('',#1534);
#385=VERTEX_POINT('',#1536);
#386=VERTEX_POINT('',#1541);
#387=VERTEX_POINT('',#1549);
#388=VERTEX_POINT('',#1550);
#389=VERTEX_POINT('',#1574);
#390=VERTEX_POINT('',#1575);
#391=VERTEX_POINT('',#1599);
#392=VERTEX_POINT('',#1600);
#393=VERTEX_POINT('',#1623);
#394=VERTEX_POINT('',#1624);
#395=VERTEX_POINT('',#1626);
#396=VERTEX_POINT('',#1632);
#397=VERTEX_POINT('',#2289);
#398=VERTEX_POINT('',#2290);
#399=VERTEX_POINT('',#2292);
#400=VERTEX_POINT('',#2294);
#401=VERTEX_POINT('',#2296);
#402=VERTEX_POINT('',#2298);
#403=VERTEX_POINT('',#2300);
#404=VERTEX_POINT('',#2302);
#405=VERTEX_POINT('',#2304);
#406=VERTEX_POINT('',#2306);
#407=VERTEX_POINT('',#2308);
#408=VERTEX_POINT('',#2310);
#409=VERTEX_POINT('',#2314);
#410=VERTEX_POINT('',#2316);
#411=VERTEX_POINT('',#2320);
#412=VERTEX_POINT('',#2322);
#413=VERTEX_POINT('',#2324);
#414=VERTEX_POINT('',#2328);
#415=VERTEX_POINT('',#2330);
#416=VERTEX_POINT('',#2332);
#417=VERTEX_POINT('',#2334);
#418=VERTEX_POINT('',#2336);
#419=VERTEX_POINT('',#2340);
#420=VERTEX_POINT('',#2344);
#421=VERTEX_POINT('',#2346);
#422=VERTEX_POINT('',#2348);
#423=VERTEX_POINT('',#2352);
#424=VERTEX_POINT('',#2354);
#425=VERTEX_POINT('',#2356);
#426=VERTEX_POINT('',#2358);
#427=VERTEX_POINT('',#2362);
#428=VERTEX_POINT('',#2366);
#429=VERTEX_POINT('',#2368);
#430=VERTEX_POINT('',#2370);
#431=VERTEX_POINT('',#2374);
#432=VERTEX_POINT('',#2376);
#433=VERTEX_POINT('',#2378);
#434=VERTEX_POINT('',#2380);
#435=VERTEX_POINT('',#2384);
#436=VERTEX_POINT('',#2388);
#437=VERTEX_POINT('',#2390);
#438=VERTEX_POINT('',#2392);
#439=VERTEX_POINT('',#2396);
#440=VERTEX_POINT('',#2398);
#441=VERTEX_POINT('',#2400);
#442=VERTEX_POINT('',#2402);
#443=VERTEX_POINT('',#2406);
#444=VERTEX_POINT('',#2410);
#445=VERTEX_POINT('',#2412);
#446=VERTEX_POINT('',#2414);
#447=VERTEX_POINT('',#2418);
#448=VERTEX_POINT('',#2422);
#449=VERTEX_POINT('',#2424);
#450=VERTEX_POINT('',#2426);
#451=VERTEX_POINT('',#2428);
#452=VERTEX_POINT('',#2430);
#453=VERTEX_POINT('',#2434);
#454=VERTEX_POINT('',#2436);
#455=VERTEX_POINT('',#2440);
#456=VERTEX_POINT('',#2445);
#457=VERTEX_POINT('',#2447);
#458=VERTEX_POINT('',#2449);
#459=VERTEX_POINT('',#2451);
#460=VERTEX_POINT('',#2453);
#461=VERTEX_POINT('',#2455);
#462=VERTEX_POINT('',#2457);
#463=VERTEX_POINT('',#2459);
#464=VERTEX_POINT('',#2461);
#465=VERTEX_POINT('',#2468);
#466=VERTEX_POINT('',#2470);
#467=VERTEX_POINT('',#2474);
#468=VERTEX_POINT('',#2478);
#469=EDGE_CURVE('',#371,#372,#209,.T.);
#470=EDGE_CURVE('',#372,#373,#183,.T.);
#471=EDGE_CURVE('',#374,#373,#179,.T.);
#472=EDGE_CURVE('',#374,#371,#184,.T.);
#473=EDGE_CURVE('',#375,#376,#210,.T.);
#474=EDGE_CURVE('',#376,#372,#185,.T.);
#475=EDGE_CURVE('',#371,#375,#186,.T.);
#476=EDGE_CURVE('',#377,#378,#211,.T.);
#477=EDGE_CURVE('',#378,#376,#187,.T.);
#478=EDGE_CURVE('',#375,#377,#188,.T.);
#479=EDGE_CURVE('',#379,#380,#212,.T.);
#480=EDGE_CURVE('',#379,#381,#189,.T.);
#481=EDGE_CURVE('',#382,#381,#180,.F.);
#482=EDGE_CURVE('',#382,#380,#190,.T.);
#483=EDGE_CURVE('',#383,#384,#213,.T.);
#484=EDGE_CURVE('',#384,#385,#191,.T.);
#485=EDGE_CURVE('',#386,#385,#181,.T.);
#486=EDGE_CURVE('',#383,#386,#192,.T.);
#487=EDGE_CURVE('',#387,#388,#214,.T.);
#488=EDGE_CURVE('',#388,#384,#193,.T.);
#489=EDGE_CURVE('',#387,#383,#194,.T.);
#490=EDGE_CURVE('',#389,#390,#215,.T.);
#491=EDGE_CURVE('',#390,#388,#195,.T.);
#492=EDGE_CURVE('',#389,#387,#196,.T.);
#493=EDGE_CURVE('',#391,#392,#216,.T.);
#494=EDGE_CURVE('',#392,#390,#197,.T.);
#495=EDGE_CURVE('',#391,#389,#198,.T.);
#496=EDGE_CURVE('',#393,#394,#217,.T.);
#497=EDGE_CURVE('',#395,#393,#199,.T.);
#498=EDGE_CURVE('',#396,#395,#182,.T.);
#499=EDGE_CURVE('',#396,#394,#200,.T.);
#500=EDGE_CURVE('',#394,#392,#201,.T.);
#501=EDGE_CURVE('',#393,#391,#202,.T.);
#502=EDGE_CURVE('',#385,#374,#203,.T.);
#503=EDGE_CURVE('',#381,#396,#204,.T.);
#504=EDGE_CURVE('',#377,#379,#205,.T.);
#505=EDGE_CURVE('',#373,#386,#206,.T.);
#506=EDGE_CURVE('',#380,#378,#207,.T.);
#507=EDGE_CURVE('',#395,#382,#208,.T.);
#508=EDGE_CURVE('',#397,#398,#218,.T.);
#509=EDGE_CURVE('',#399,#397,#219,.T.);
#510=EDGE_CURVE('',#400,#399,#220,.T.);
#511=EDGE_CURVE('',#401,#400,#221,.T.);
#512=EDGE_CURVE('',#402,#401,#222,.T.);
#513=EDGE_CURVE('',#403,#402,#223,.T.);
#514=EDGE_CURVE('',#404,#403,#224,.T.);
#515=EDGE_CURVE('',#404,#405,#225,.T.);
#516=EDGE_CURVE('',#406,#405,#226,.T.);
#517=EDGE_CURVE('',#407,#406,#227,.T.);
#518=EDGE_CURVE('',#408,#407,#228,.T.);
#519=EDGE_CURVE('',#398,#408,#229,.T.);
#520=EDGE_CURVE('',#398,#409,#15,.T.);
#521=EDGE_CURVE('',#409,#410,#230,.T.);
#522=EDGE_CURVE('',#410,#397,#16,.T.);
#523=EDGE_CURVE('',#410,#411,#231,.T.);
#524=EDGE_CURVE('',#412,#411,#17,.T.);
#525=EDGE_CURVE('',#412,#413,#232,.T.);
#526=EDGE_CURVE('',#399,#413,#18,.T.);
#527=EDGE_CURVE('',#414,#409,#233,.T.);
#528=EDGE_CURVE('',#415,#414,#234,.T.);
#529=EDGE_CURVE('',#416,#415,#235,.T.);
#530=EDGE_CURVE('',#417,#416,#236,.T.);
#531=EDGE_CURVE('',#418,#417,#237,.T.);
#532=EDGE_CURVE('',#411,#418,#238,.T.);
#533=EDGE_CURVE('',#413,#419,#239,.T.);
#534=EDGE_CURVE('',#419,#400,#19,.T.);
#535=EDGE_CURVE('',#419,#420,#240,.T.);
#536=EDGE_CURVE('',#421,#420,#20,.T.);
#537=EDGE_CURVE('',#421,#422,#241,.T.);
#538=EDGE_CURVE('',#401,#422,#21,.T.);
#539=EDGE_CURVE('',#423,#412,#242,.T.);
#540=EDGE_CURVE('',#424,#423,#243,.T.);
#541=EDGE_CURVE('',#425,#424,#244,.T.);
#542=EDGE_CURVE('',#426,#425,#245,.T.);
#543=EDGE_CURVE('',#420,#426,#246,.T.);
#544=EDGE_CURVE('',#422,#427,#247,.T.);
#545=EDGE_CURVE('',#427,#402,#22,.T.);
#546=EDGE_CURVE('',#427,#428,#248,.T.);
#547=EDGE_CURVE('',#429,#428,#23,.T.);
#548=EDGE_CURVE('',#429,#430,#249,.T.);
#549=EDGE_CURVE('',#403,#430,#24,.T.);
#550=EDGE_CURVE('',#431,#421,#250,.T.);
#551=EDGE_CURVE('',#432,#431,#251,.T.);
#552=EDGE_CURVE('',#433,#432,#252,.T.);
#553=EDGE_CURVE('',#434,#433,#253,.T.);
#554=EDGE_CURVE('',#428,#434,#254,.T.);
#555=EDGE_CURVE('',#430,#435,#255,.T.);
#556=EDGE_CURVE('',#435,#404,#25,.T.);
#557=EDGE_CURVE('',#436,#435,#256,.T.);
#558=EDGE_CURVE('',#437,#436,#26,.T.);
#559=EDGE_CURVE('',#438,#437,#257,.T.);
#560=EDGE_CURVE('',#405,#438,#27,.T.);
#561=EDGE_CURVE('',#439,#429,#258,.T.);
#562=EDGE_CURVE('',#440,#439,#259,.T.);
#563=EDGE_CURVE('',#441,#440,#260,.T.);
#564=EDGE_CURVE('',#441,#442,#261,.T.);
#565=EDGE_CURVE('',#436,#442,#262,.T.);
#566=EDGE_CURVE('',#438,#443,#263,.T.);
#567=EDGE_CURVE('',#443,#406,#28,.T.);
#568=EDGE_CURVE('',#443,#444,#264,.T.);
#569=EDGE_CURVE('',#445,#444,#29,.T.);
#570=EDGE_CURVE('',#445,#446,#265,.T.);
#571=EDGE_CURVE('',#407,#446,#30,.T.);
#572=EDGE_CURVE('',#446,#447,#266,.T.);
#573=EDGE_CURVE('',#447,#408,#31,.T.);
#574=EDGE_CURVE('',#448,#445,#267,.T.);
#575=EDGE_CURVE('',#449,#448,#268,.T.);
#576=EDGE_CURVE('',#450,#449,#269,.T.);
#577=EDGE_CURVE('',#451,#450,#270,.T.);
#578=EDGE_CURVE('',#452,#451,#271,.T.);
#579=EDGE_CURVE('',#447,#452,#272,.T.);
#580=EDGE_CURVE('',#416,#453,#32,.T.);
#581=EDGE_CURVE('',#453,#454,#273,.T.);
#582=EDGE_CURVE('',#454,#417,#33,.T.);
#583=EDGE_CURVE('',#454,#455,#274,.T.);
#584=EDGE_CURVE('',#424,#455,#34,.T.);
#585=EDGE_CURVE('',#418,#423,#35,.T.);
#586=EDGE_CURVE('',#456,#453,#275,.T.);
#587=EDGE_CURVE('',#457,#456,#276,.T.);
#588=EDGE_CURVE('',#458,#457,#277,.T.);
#589=EDGE_CURVE('',#459,#458,#278,.T.);
#590=EDGE_CURVE('',#459,#460,#279,.T.);
#591=EDGE_CURVE('',#461,#460,#280,.T.);
#592=EDGE_CURVE('',#462,#461,#281,.T.);
#593=EDGE_CURVE('',#463,#462,#282,.T.);
#594=EDGE_CURVE('',#464,#463,#283,.T.);
#595=EDGE_CURVE('',#455,#464,#284,.T.);
#596=EDGE_CURVE('',#449,#457,#36,.T.);
#597=EDGE_CURVE('',#456,#450,#37,.T.);
#598=EDGE_CURVE('',#465,#448,#38,.T.);
#599=EDGE_CURVE('',#465,#466,#285,.T.);
#600=EDGE_CURVE('',#458,#466,#39,.T.);
#601=EDGE_CURVE('',#467,#459,#40,.T.);
#602=EDGE_CURVE('',#466,#467,#286,.T.);
#603=EDGE_CURVE('',#468,#437,#287,.T.);
#604=EDGE_CURVE('',#468,#467,#288,.T.);
#605=EDGE_CURVE('',#444,#465,#289,.T.);
#606=EDGE_CURVE('',#440,#461,#41,.T.);
#607=EDGE_CURVE('',#460,#441,#42,.T.);
#608=EDGE_CURVE('',#442,#468,#43,.T.);
#609=EDGE_CURVE('',#464,#425,#44,.T.);
#610=EDGE_CURVE('',#432,#463,#45,.T.);
#611=EDGE_CURVE('',#426,#431,#46,.T.);
#612=EDGE_CURVE('',#462,#433,#47,.T.);
#613=EDGE_CURVE('',#434,#439,#48,.T.);
#614=EDGE_CURVE('',#451,#415,#49,.T.);
#615=EDGE_CURVE('',#414,#452,#50,.T.);
#616=ORIENTED_EDGE('',*,*,#469,.T.);
#617=ORIENTED_EDGE('',*,*,#470,.T.);
#618=ORIENTED_EDGE('',*,*,#471,.F.);
#619=ORIENTED_EDGE('',*,*,#472,.T.);
#620=ORIENTED_EDGE('',*,*,#473,.T.);
#621=ORIENTED_EDGE('',*,*,#474,.T.);
#622=ORIENTED_EDGE('',*,*,#469,.F.);
#623=ORIENTED_EDGE('',*,*,#475,.T.);
#624=ORIENTED_EDGE('',*,*,#476,.T.);
#625=ORIENTED_EDGE('',*,*,#477,.T.);
#626=ORIENTED_EDGE('',*,*,#473,.F.);
#627=ORIENTED_EDGE('',*,*,#478,.T.);
#628=ORIENTED_EDGE('',*,*,#479,.F.);
#629=ORIENTED_EDGE('',*,*,#480,.T.);
#630=ORIENTED_EDGE('',*,*,#481,.F.);
#631=ORIENTED_EDGE('',*,*,#482,.T.);
#632=ORIENTED_EDGE('',*,*,#483,.T.);
#633=ORIENTED_EDGE('',*,*,#484,.T.);
#634=ORIENTED_EDGE('',*,*,#485,.F.);
#635=ORIENTED_EDGE('',*,*,#486,.F.);
#636=ORIENTED_EDGE('',*,*,#487,.T.);
#637=ORIENTED_EDGE('',*,*,#488,.T.);
#638=ORIENTED_EDGE('',*,*,#483,.F.);
#639=ORIENTED_EDGE('',*,*,#489,.F.);
#640=ORIENTED_EDGE('',*,*,#490,.T.);
#641=ORIENTED_EDGE('',*,*,#491,.T.);
#642=ORIENTED_EDGE('',*,*,#487,.F.);
#643=ORIENTED_EDGE('',*,*,#492,.F.);
#644=ORIENTED_EDGE('',*,*,#493,.T.);
#645=ORIENTED_EDGE('',*,*,#494,.T.);
#646=ORIENTED_EDGE('',*,*,#490,.F.);
#647=ORIENTED_EDGE('',*,*,#495,.F.);
#648=ORIENTED_EDGE('',*,*,#496,.F.);
#649=ORIENTED_EDGE('',*,*,#497,.F.);
#650=ORIENTED_EDGE('',*,*,#498,.F.);
#651=ORIENTED_EDGE('',*,*,#499,.T.);
#652=ORIENTED_EDGE('',*,*,#496,.T.);
#653=ORIENTED_EDGE('',*,*,#500,.T.);
#654=ORIENTED_EDGE('',*,*,#493,.F.);
#655=ORIENTED_EDGE('',*,*,#501,.F.);
#656=ORIENTED_EDGE('',*,*,#502,.F.);
#657=ORIENTED_EDGE('',*,*,#484,.F.);
#658=ORIENTED_EDGE('',*,*,#488,.F.);
#659=ORIENTED_EDGE('',*,*,#491,.F.);
#660=ORIENTED_EDGE('',*,*,#494,.F.);
#661=ORIENTED_EDGE('',*,*,#500,.F.);
#662=ORIENTED_EDGE('',*,*,#499,.F.);
#663=ORIENTED_EDGE('',*,*,#503,.F.);
#664=ORIENTED_EDGE('',*,*,#480,.F.);
#665=ORIENTED_EDGE('',*,*,#504,.F.);
#666=ORIENTED_EDGE('',*,*,#478,.F.);
#667=ORIENTED_EDGE('',*,*,#475,.F.);
#668=ORIENTED_EDGE('',*,*,#472,.F.);
#669=ORIENTED_EDGE('',*,*,#505,.F.);
#670=ORIENTED_EDGE('',*,*,#470,.F.);
#671=ORIENTED_EDGE('',*,*,#474,.F.);
#672=ORIENTED_EDGE('',*,*,#477,.F.);
#673=ORIENTED_EDGE('',*,*,#506,.F.);
#674=ORIENTED_EDGE('',*,*,#482,.F.);
#675=ORIENTED_EDGE('',*,*,#507,.F.);
#676=ORIENTED_EDGE('',*,*,#497,.T.);
#677=ORIENTED_EDGE('',*,*,#501,.T.);
#678=ORIENTED_EDGE('',*,*,#495,.T.);
#679=ORIENTED_EDGE('',*,*,#492,.T.);
#680=ORIENTED_EDGE('',*,*,#489,.T.);
#681=ORIENTED_EDGE('',*,*,#486,.T.);
#682=ORIENTED_EDGE('',*,*,#508,.F.);
#683=ORIENTED_EDGE('',*,*,#509,.F.);
#684=ORIENTED_EDGE('',*,*,#510,.F.);
#685=ORIENTED_EDGE('',*,*,#511,.F.);
#686=ORIENTED_EDGE('',*,*,#512,.F.);
#687=ORIENTED_EDGE('',*,*,#513,.F.);
#688=ORIENTED_EDGE('',*,*,#514,.F.);
#689=ORIENTED_EDGE('',*,*,#515,.T.);
#690=ORIENTED_EDGE('',*,*,#516,.F.);
#691=ORIENTED_EDGE('',*,*,#517,.F.);
#692=ORIENTED_EDGE('',*,*,#518,.F.);
#693=ORIENTED_EDGE('',*,*,#519,.F.);
#694=ORIENTED_EDGE('',*,*,#503,.T.);
#695=ORIENTED_EDGE('',*,*,#498,.T.);
#696=ORIENTED_EDGE('',*,*,#507,.T.);
#697=ORIENTED_EDGE('',*,*,#481,.T.);
#698=ORIENTED_EDGE('',*,*,#520,.T.);
#699=ORIENTED_EDGE('',*,*,#521,.T.);
#700=ORIENTED_EDGE('',*,*,#522,.T.);
#701=ORIENTED_EDGE('',*,*,#508,.T.);
#702=ORIENTED_EDGE('',*,*,#522,.F.);
#703=ORIENTED_EDGE('',*,*,#523,.T.);
#704=ORIENTED_EDGE('',*,*,#524,.F.);
#705=ORIENTED_EDGE('',*,*,#525,.T.);
#706=ORIENTED_EDGE('',*,*,#526,.F.);
#707=ORIENTED_EDGE('',*,*,#509,.T.);
#708=ORIENTED_EDGE('',*,*,#521,.F.);
#709=ORIENTED_EDGE('',*,*,#527,.F.);
#710=ORIENTED_EDGE('',*,*,#528,.F.);
#711=ORIENTED_EDGE('',*,*,#529,.F.);
#712=ORIENTED_EDGE('',*,*,#530,.F.);
#713=ORIENTED_EDGE('',*,*,#531,.F.);
#714=ORIENTED_EDGE('',*,*,#532,.F.);
#715=ORIENTED_EDGE('',*,*,#523,.F.);
#716=ORIENTED_EDGE('',*,*,#526,.T.);
#717=ORIENTED_EDGE('',*,*,#533,.T.);
#718=ORIENTED_EDGE('',*,*,#534,.T.);
#719=ORIENTED_EDGE('',*,*,#510,.T.);
#720=ORIENTED_EDGE('',*,*,#534,.F.);
#721=ORIENTED_EDGE('',*,*,#535,.T.);
#722=ORIENTED_EDGE('',*,*,#536,.F.);
#723=ORIENTED_EDGE('',*,*,#537,.T.);
#724=ORIENTED_EDGE('',*,*,#538,.F.);
#725=ORIENTED_EDGE('',*,*,#511,.T.);
#726=ORIENTED_EDGE('',*,*,#533,.F.);
#727=ORIENTED_EDGE('',*,*,#525,.F.);
#728=ORIENTED_EDGE('',*,*,#539,.F.);
#729=ORIENTED_EDGE('',*,*,#540,.F.);
#730=ORIENTED_EDGE('',*,*,#541,.F.);
#731=ORIENTED_EDGE('',*,*,#542,.F.);
#732=ORIENTED_EDGE('',*,*,#543,.F.);
#733=ORIENTED_EDGE('',*,*,#535,.F.);
#734=ORIENTED_EDGE('',*,*,#538,.T.);
#735=ORIENTED_EDGE('',*,*,#544,.T.);
#736=ORIENTED_EDGE('',*,*,#545,.T.);
#737=ORIENTED_EDGE('',*,*,#512,.T.);
#738=ORIENTED_EDGE('',*,*,#545,.F.);
#739=ORIENTED_EDGE('',*,*,#546,.T.);
#740=ORIENTED_EDGE('',*,*,#547,.F.);
#741=ORIENTED_EDGE('',*,*,#548,.T.);
#742=ORIENTED_EDGE('',*,*,#549,.F.);
#743=ORIENTED_EDGE('',*,*,#513,.T.);
#744=ORIENTED_EDGE('',*,*,#544,.F.);
#745=ORIENTED_EDGE('',*,*,#537,.F.);
#746=ORIENTED_EDGE('',*,*,#550,.F.);
#747=ORIENTED_EDGE('',*,*,#551,.F.);
#748=ORIENTED_EDGE('',*,*,#552,.F.);
#749=ORIENTED_EDGE('',*,*,#553,.F.);
#750=ORIENTED_EDGE('',*,*,#554,.F.);
#751=ORIENTED_EDGE('',*,*,#546,.F.);
#752=ORIENTED_EDGE('',*,*,#549,.T.);
#753=ORIENTED_EDGE('',*,*,#555,.T.);
#754=ORIENTED_EDGE('',*,*,#556,.T.);
#755=ORIENTED_EDGE('',*,*,#514,.T.);
#756=ORIENTED_EDGE('',*,*,#556,.F.);
#757=ORIENTED_EDGE('',*,*,#557,.F.);
#758=ORIENTED_EDGE('',*,*,#558,.F.);
#759=ORIENTED_EDGE('',*,*,#559,.F.);
#760=ORIENTED_EDGE('',*,*,#560,.F.);
#761=ORIENTED_EDGE('',*,*,#515,.F.);
#762=ORIENTED_EDGE('',*,*,#555,.F.);
#763=ORIENTED_EDGE('',*,*,#548,.F.);
#764=ORIENTED_EDGE('',*,*,#561,.F.);
#765=ORIENTED_EDGE('',*,*,#562,.F.);
#766=ORIENTED_EDGE('',*,*,#563,.F.);
#767=ORIENTED_EDGE('',*,*,#564,.T.);
#768=ORIENTED_EDGE('',*,*,#565,.F.);
#769=ORIENTED_EDGE('',*,*,#557,.T.);
#770=ORIENTED_EDGE('',*,*,#560,.T.);
#771=ORIENTED_EDGE('',*,*,#566,.T.);
#772=ORIENTED_EDGE('',*,*,#567,.T.);
#773=ORIENTED_EDGE('',*,*,#516,.T.);
#774=ORIENTED_EDGE('',*,*,#567,.F.);
#775=ORIENTED_EDGE('',*,*,#568,.T.);
#776=ORIENTED_EDGE('',*,*,#569,.F.);
#777=ORIENTED_EDGE('',*,*,#570,.T.);
#778=ORIENTED_EDGE('',*,*,#571,.F.);
#779=ORIENTED_EDGE('',*,*,#517,.T.);
#780=ORIENTED_EDGE('',*,*,#571,.T.);
#781=ORIENTED_EDGE('',*,*,#572,.T.);
#782=ORIENTED_EDGE('',*,*,#573,.T.);
#783=ORIENTED_EDGE('',*,*,#518,.T.);
#784=ORIENTED_EDGE('',*,*,#572,.F.);
#785=ORIENTED_EDGE('',*,*,#570,.F.);
#786=ORIENTED_EDGE('',*,*,#574,.F.);
#787=ORIENTED_EDGE('',*,*,#575,.F.);
#788=ORIENTED_EDGE('',*,*,#576,.F.);
#789=ORIENTED_EDGE('',*,*,#577,.F.);
#790=ORIENTED_EDGE('',*,*,#578,.F.);
#791=ORIENTED_EDGE('',*,*,#579,.F.);
#792=ORIENTED_EDGE('',*,*,#580,.T.);
#793=ORIENTED_EDGE('',*,*,#581,.T.);
#794=ORIENTED_EDGE('',*,*,#582,.T.);
#795=ORIENTED_EDGE('',*,*,#530,.T.);
#796=ORIENTED_EDGE('',*,*,#582,.F.);
#797=ORIENTED_EDGE('',*,*,#583,.T.);
#798=ORIENTED_EDGE('',*,*,#584,.F.);
#799=ORIENTED_EDGE('',*,*,#540,.T.);
#800=ORIENTED_EDGE('',*,*,#585,.F.);
#801=ORIENTED_EDGE('',*,*,#531,.T.);
#802=ORIENTED_EDGE('',*,*,#581,.F.);
#803=ORIENTED_EDGE('',*,*,#586,.F.);
#804=ORIENTED_EDGE('',*,*,#587,.F.);
#805=ORIENTED_EDGE('',*,*,#588,.F.);
#806=ORIENTED_EDGE('',*,*,#589,.F.);
#807=ORIENTED_EDGE('',*,*,#590,.T.);
#808=ORIENTED_EDGE('',*,*,#591,.F.);
#809=ORIENTED_EDGE('',*,*,#592,.F.);
#810=ORIENTED_EDGE('',*,*,#593,.F.);
#811=ORIENTED_EDGE('',*,*,#594,.F.);
#812=ORIENTED_EDGE('',*,*,#595,.F.);
#813=ORIENTED_EDGE('',*,*,#583,.F.);
#814=ORIENTED_EDGE('',*,*,#502,.T.);
#815=ORIENTED_EDGE('',*,*,#471,.T.);
#816=ORIENTED_EDGE('',*,*,#505,.T.);
#817=ORIENTED_EDGE('',*,*,#485,.T.);
#818=ORIENTED_EDGE('',*,*,#596,.T.);
#819=ORIENTED_EDGE('',*,*,#587,.T.);
#820=ORIENTED_EDGE('',*,*,#597,.T.);
#821=ORIENTED_EDGE('',*,*,#576,.T.);
#822=ORIENTED_EDGE('',*,*,#596,.F.);
#823=ORIENTED_EDGE('',*,*,#575,.T.);
#824=ORIENTED_EDGE('',*,*,#598,.F.);
#825=ORIENTED_EDGE('',*,*,#599,.T.);
#826=ORIENTED_EDGE('',*,*,#600,.F.);
#827=ORIENTED_EDGE('',*,*,#588,.T.);
#828=ORIENTED_EDGE('',*,*,#601,.T.);
#829=ORIENTED_EDGE('',*,*,#589,.T.);
#830=ORIENTED_EDGE('',*,*,#600,.T.);
#831=ORIENTED_EDGE('',*,*,#602,.T.);
#832=ORIENTED_EDGE('',*,*,#566,.F.);
#833=ORIENTED_EDGE('',*,*,#559,.T.);
#834=ORIENTED_EDGE('',*,*,#603,.F.);
#835=ORIENTED_EDGE('',*,*,#604,.T.);
#836=ORIENTED_EDGE('',*,*,#602,.F.);
#837=ORIENTED_EDGE('',*,*,#599,.F.);
#838=ORIENTED_EDGE('',*,*,#605,.F.);
#839=ORIENTED_EDGE('',*,*,#568,.F.);
#840=ORIENTED_EDGE('',*,*,#606,.T.);
#841=ORIENTED_EDGE('',*,*,#591,.T.);
#842=ORIENTED_EDGE('',*,*,#607,.T.);
#843=ORIENTED_EDGE('',*,*,#563,.T.);
#844=ORIENTED_EDGE('',*,*,#601,.F.);
#845=ORIENTED_EDGE('',*,*,#604,.F.);
#846=ORIENTED_EDGE('',*,*,#608,.F.);
#847=ORIENTED_EDGE('',*,*,#564,.F.);
#848=ORIENTED_EDGE('',*,*,#607,.F.);
#849=ORIENTED_EDGE('',*,*,#590,.F.);
#850=ORIENTED_EDGE('',*,*,#584,.T.);
#851=ORIENTED_EDGE('',*,*,#595,.T.);
#852=ORIENTED_EDGE('',*,*,#609,.T.);
#853=ORIENTED_EDGE('',*,*,#541,.T.);
#854=ORIENTED_EDGE('',*,*,#609,.F.);
#855=ORIENTED_EDGE('',*,*,#594,.T.);
#856=ORIENTED_EDGE('',*,*,#610,.F.);
#857=ORIENTED_EDGE('',*,*,#551,.T.);
#858=ORIENTED_EDGE('',*,*,#611,.F.);
#859=ORIENTED_EDGE('',*,*,#542,.T.);
#860=ORIENTED_EDGE('',*,*,#610,.T.);
#861=ORIENTED_EDGE('',*,*,#593,.T.);
#862=ORIENTED_EDGE('',*,*,#612,.T.);
#863=ORIENTED_EDGE('',*,*,#552,.T.);
#864=ORIENTED_EDGE('',*,*,#606,.F.);
#865=ORIENTED_EDGE('',*,*,#562,.T.);
#866=ORIENTED_EDGE('',*,*,#613,.F.);
#867=ORIENTED_EDGE('',*,*,#553,.T.);
#868=ORIENTED_EDGE('',*,*,#612,.F.);
#869=ORIENTED_EDGE('',*,*,#592,.T.);
#870=ORIENTED_EDGE('',*,*,#611,.T.);
#871=ORIENTED_EDGE('',*,*,#550,.T.);
#872=ORIENTED_EDGE('',*,*,#536,.T.);
#873=ORIENTED_EDGE('',*,*,#543,.T.);
#874=ORIENTED_EDGE('',*,*,#613,.T.);
#875=ORIENTED_EDGE('',*,*,#561,.T.);
#876=ORIENTED_EDGE('',*,*,#547,.T.);
#877=ORIENTED_EDGE('',*,*,#554,.T.);
#878=ORIENTED_EDGE('',*,*,#608,.T.);
#879=ORIENTED_EDGE('',*,*,#603,.T.);
#880=ORIENTED_EDGE('',*,*,#558,.T.);
#881=ORIENTED_EDGE('',*,*,#565,.T.);
#882=ORIENTED_EDGE('',*,*,#598,.T.);
#883=ORIENTED_EDGE('',*,*,#574,.T.);
#884=ORIENTED_EDGE('',*,*,#569,.T.);
#885=ORIENTED_EDGE('',*,*,#605,.T.);
#886=ORIENTED_EDGE('',*,*,#614,.T.);
#887=ORIENTED_EDGE('',*,*,#528,.T.);
#888=ORIENTED_EDGE('',*,*,#615,.T.);
#889=ORIENTED_EDGE('',*,*,#578,.T.);
#890=ORIENTED_EDGE('',*,*,#580,.F.);
#891=ORIENTED_EDGE('',*,*,#529,.T.);
#892=ORIENTED_EDGE('',*,*,#614,.F.);
#893=ORIENTED_EDGE('',*,*,#577,.T.);
#894=ORIENTED_EDGE('',*,*,#597,.F.);
#895=ORIENTED_EDGE('',*,*,#586,.T.);
#896=ORIENTED_EDGE('',*,*,#585,.T.);
#897=ORIENTED_EDGE('',*,*,#539,.T.);
#898=ORIENTED_EDGE('',*,*,#524,.T.);
#899=ORIENTED_EDGE('',*,*,#532,.T.);
#900=ORIENTED_EDGE('',*,*,#479,.T.);
#901=ORIENTED_EDGE('',*,*,#506,.T.);
#902=ORIENTED_EDGE('',*,*,#476,.F.);
#903=ORIENTED_EDGE('',*,*,#504,.T.);
#904=ORIENTED_EDGE('',*,*,#520,.F.);
#905=ORIENTED_EDGE('',*,*,#519,.T.);
#906=ORIENTED_EDGE('',*,*,#573,.F.);
#907=ORIENTED_EDGE('',*,*,#579,.T.);
#908=ORIENTED_EDGE('',*,*,#615,.F.);
#909=ORIENTED_EDGE('',*,*,#527,.T.);
#910=CYLINDRICAL_SURFACE('',#1004,1.03775);
#911=CYLINDRICAL_SURFACE('',#1006,1.03775);
#912=CYLINDRICAL_SURFACE('',#1007,1.03775);
#913=CYLINDRICAL_SURFACE('',#1008,1.03775);
#914=CYLINDRICAL_SURFACE('',#1010,1.29);
#915=CYLINDRICAL_SURFACE('',#1012,1.29);
#916=CYLINDRICAL_SURFACE('',#1013,1.29);
#917=CYLINDRICAL_SURFACE('',#1014,1.29);
#918=CYLINDRICAL_SURFACE('',#1015,1.29);
#919=CYLINDRICAL_SURFACE('',#1017,1.29);
#920=CYLINDRICAL_SURFACE('',#1019,0.1);
#921=CYLINDRICAL_SURFACE('',#1026,0.1);
#922=CYLINDRICAL_SURFACE('',#1032,0.1);
#923=CYLINDRICAL_SURFACE('',#1038,0.1);
#924=CYLINDRICAL_SURFACE('',#1044,0.1);
#925=CYLINDRICAL_SURFACE('',#1049,0.1);
#926=CYLINDRICAL_SURFACE('',#1052,0.1);
#927=CYLINDRICAL_SURFACE('',#1059,0.1);
#928=CYLINDRICAL_SURFACE('',#1065,0.1);
#929=CYLINDRICAL_SURFACE('',#1068,0.1);
#930=CYLINDRICAL_SURFACE('',#1073,0.1);
#931=CYLINDRICAL_SURFACE('',#1078,0.1);
#932=CYLINDRICAL_SURFACE('',#1082,0.1);
#933=CYLINDRICAL_SURFACE('',#1083,0.1);
#934=CYLINDRICAL_SURFACE('',#1084,0.1);
#935=CYLINDRICAL_SURFACE('',#1085,0.1);
#936=CYLINDRICAL_SURFACE('',#1086,0.1);
#937=CYLINDRICAL_SURFACE('',#1090,0.1);
#938=CYLINDRICAL_SURFACE('',#1091,1.03775);
#939=ADVANCED_FACE('',(#75),#910,.F.);
#940=ADVANCED_FACE('',(#76),#911,.F.);
#941=ADVANCED_FACE('',(#77),#912,.F.);
#942=ADVANCED_FACE('',(#78),#913,.F.);
#943=ADVANCED_FACE('',(#79),#914,.F.);
#944=ADVANCED_FACE('',(#80),#915,.F.);
#945=ADVANCED_FACE('',(#81),#916,.F.);
#946=ADVANCED_FACE('',(#82),#917,.F.);
#947=ADVANCED_FACE('',(#83),#918,.F.);
#948=ADVANCED_FACE('',(#84),#919,.F.);
#949=ADVANCED_FACE('',(#85),#73,.F.);
#950=ADVANCED_FACE('',(#86),#74,.F.);
#951=ADVANCED_FACE('',(#87,#51),#53,.F.);
#952=ADVANCED_FACE('',(#88),#920,.T.);
#953=ADVANCED_FACE('',(#89),#54,.F.);
#954=ADVANCED_FACE('',(#90),#55,.T.);
#955=ADVANCED_FACE('',(#91),#921,.T.);
#956=ADVANCED_FACE('',(#92),#56,.F.);
#957=ADVANCED_FACE('',(#93),#57,.T.);
#958=ADVANCED_FACE('',(#94),#922,.T.);
#959=ADVANCED_FACE('',(#95),#58,.F.);
#960=ADVANCED_FACE('',(#96),#59,.T.);
#961=ADVANCED_FACE('',(#97),#923,.T.);
#962=ADVANCED_FACE('',(#98),#60,.F.);
#963=ADVANCED_FACE('',(#99),#61,.T.);
#964=ADVANCED_FACE('',(#100),#924,.T.);
#965=ADVANCED_FACE('',(#101),#62,.F.);
#966=ADVANCED_FACE('',(#102),#925,.T.);
#967=ADVANCED_FACE('',(#103),#63,.T.);
#968=ADVANCED_FACE('',(#104),#926,.T.);
#969=ADVANCED_FACE('',(#105),#64,.F.);
#970=ADVANCED_FACE('',(#106,#52),#65,.T.);
#971=ADVANCED_FACE('',(#107),#927,.T.);
#972=ADVANCED_FACE('',(#108),#66,.F.);
#973=ADVANCED_FACE('',(#109),#928,.T.);
#974=ADVANCED_FACE('',(#110),#67,.T.);
#975=ADVANCED_FACE('',(#111),#929,.T.);
#976=ADVANCED_FACE('',(#112),#68,.F.);
#977=ADVANCED_FACE('',(#113),#930,.T.);
#978=ADVANCED_FACE('',(#114),#69,.F.);
#979=ADVANCED_FACE('',(#115),#931,.T.);
#980=ADVANCED_FACE('',(#116),#70,.F.);
#981=ADVANCED_FACE('',(#117),#932,.T.);
#982=ADVANCED_FACE('',(#118),#933,.T.);
#983=ADVANCED_FACE('',(#119),#934,.T.);
#984=ADVANCED_FACE('',(#120),#935,.T.);
#985=ADVANCED_FACE('',(#121),#936,.T.);
#986=ADVANCED_FACE('',(#122),#71,.F.);
#987=ADVANCED_FACE('',(#123),#937,.T.);
#988=ADVANCED_FACE('',(#124),#938,.F.);
#989=ADVANCED_FACE('',(#125),#72,.F.);
#990=CLOSED_SHELL('',(#939,#940,#941,#942,#943,#944,#945,#946,#947,#948,
#949,#950,#951,#952,#953,#954,#955,#956,#957,#958,#959,#960,#961,#962,#963,
#964,#965,#966,#967,#968,#969,#970,#971,#972,#973,#974,#975,#976,#977,#978,
#979,#980,#981,#982,#983,#984,#985,#986,#987,#988,#989));
#991=DERIVED_UNIT_ELEMENT(#993,1.);
#992=DERIVED_UNIT_ELEMENT(#2512,-3.);
#993=(
MASS_UNIT()
NAMED_UNIT(*)
SI_UNIT(.KILO.,.GRAM.)
);
#994=DERIVED_UNIT((#991,#992));
#995=MEASURE_REPRESENTATION_ITEM('density measure',
POSITIVE_RATIO_MEASURE(7850.),#994);
#996=PROPERTY_DEFINITION_REPRESENTATION(#1001,#998);
#997=PROPERTY_DEFINITION_REPRESENTATION(#1002,#999);
#998=REPRESENTATION('material name',(#1000),#2509);
#999=REPRESENTATION('density',(#995),#2509);
#1000=DESCRIPTIVE_REPRESENTATION_ITEM('Steel','Steel');
#1001=PROPERTY_DEFINITION('material property','material name',#2519);
#1002=PROPERTY_DEFINITION('material property','density of part',#2519);
#1003=AXIS2_PLACEMENT_3D('',#1354,#1093,#1094);
#1004=AXIS2_PLACEMENT_3D('',#1355,#1095,#1096);
#1005=AXIS2_PLACEMENT_3D('',#1374,#1098,#1099);
#1006=AXIS2_PLACEMENT_3D('',#1394,#1100,#1101);
#1007=AXIS2_PLACEMENT_3D('',#1442,#1103,#1104);
#1008=AXIS2_PLACEMENT_3D('',#1493,#1106,#1107);
#1009=AXIS2_PLACEMENT_3D('',#1512,#1109,#1110);
#1010=AXIS2_PLACEMENT_3D('',#1532,#1111,#1112);
#1011=AXIS2_PLACEMENT_3D('',#1542,#1114,#1115);
#1012=AXIS2_PLACEMENT_3D('',#1548,#1116,#1117);
#1013=AXIS2_PLACEMENT_3D('',#1573,#1119,#1120);
#1014=AXIS2_PLACEMENT_3D('',#1598,#1122,#1123);
#1015=AXIS2_PLACEMENT_3D('',#1622,#1125,#1126);
#1016=AXIS2_PLACEMENT_3D('',#1633,#1128,#1129);
#1017=AXIS2_PLACEMENT_3D('',#1639,#1130,#1131);
#1018=AXIS2_PLACEMENT_3D('',#2288,#1132,#1133);
#1019=AXIS2_PLACEMENT_3D('',#2313,#1146,#1147);
#1020=AXIS2_PLACEMENT_3D('',#2315,#1148,#1149);
#1021=AXIS2_PLACEMENT_3D('',#2318,#1151,#1152);
#1022=AXIS2_PLACEMENT_3D('',#2319,#1153,#1154);
#1023=AXIS2_PLACEMENT_3D('',#2323,#1156,#1157);
#1024=AXIS2_PLACEMENT_3D('',#2326,#1159,#1160);
#1025=AXIS2_PLACEMENT_3D('',#2327,#1161,#1162);
#1026=AXIS2_PLACEMENT_3D('',#2339,#1169,#1170);
#1027=AXIS2_PLACEMENT_3D('',#2342,#1172,#1173);
#1028=AXIS2_PLACEMENT_3D('',#2343,#1174,#1175);
#1029=AXIS2_PLACEMENT_3D('',#2347,#1177,#1178);
#1030=AXIS2_PLACEMENT_3D('',#2350,#1180,#1181);
#1031=AXIS2_PLACEMENT_3D('',#2351,#1182,#1183);
#1032=AXIS2_PLACEMENT_3D('',#2361,#1189,#1190);
#1033=AXIS2_PLACEMENT_3D('',#2364,#1192,#1193);
#1034=AXIS2_PLACEMENT_3D('',#2365,#1194,#1195);
#1035=AXIS2_PLACEMENT_3D('',#2369,#1197,#1198);
#1036=AXIS2_PLACEMENT_3D('',#2372,#1200,#1201);
#1037=AXIS2_PLACEMENT_3D('',#2373,#1202,#1203);
#1038=AXIS2_PLACEMENT_3D('',#2383,#1209,#1210);
#1039=AXIS2_PLACEMENT_3D('',#2386,#1212,#1213);
#1040=AXIS2_PLACEMENT_3D('',#2387,#1214,#1215);
#1041=AXIS2_PLACEMENT_3D('',#2391,#1217,#1218);
#1042=AXIS2_PLACEMENT_3D('',#2394,#1220,#1221);
#1043=AXIS2_PLACEMENT_3D('',#2395,#1222,#1223);
#1044=AXIS2_PLACEMENT_3D('',#2405,#1229,#1230);
#1045=AXIS2_PLACEMENT_3D('',#2408,#1232,#1233);
#1046=AXIS2_PLACEMENT_3D('',#2409,#1234,#1235);
#1047=AXIS2_PLACEMENT_3D('',#2413,#1237,#1238);
#1048=AXIS2_PLACEMENT_3D('',#2416,#1240,#1241);
#1049=AXIS2_PLACEMENT_3D('',#2417,#1242,#1243);
#1050=AXIS2_PLACEMENT_3D('',#2420,#1245,#1246);
#1051=AXIS2_PLACEMENT_3D('',#2421,#1247,#1248);
#1052=AXIS2_PLACEMENT_3D('',#2433,#1255,#1256);
#1053=AXIS2_PLACEMENT_3D('',#2435,#1257,#1258);
#1054=AXIS2_PLACEMENT_3D('',#2438,#1260,#1261);
#1055=AXIS2_PLACEMENT_3D('',#2439,#1262,#1263);
#1056=AXIS2_PLACEMENT_3D('',#2442,#1265,#1266);
#1057=AXIS2_PLACEMENT_3D('',#2443,#1267,#1268);
#1058=AXIS2_PLACEMENT_3D('',#2444,#1269,#1270);
#1059=AXIS2_PLACEMENT_3D('',#2464,#1281,#1282);
#1060=AXIS2_PLACEMENT_3D('',#2465,#1283,#1284);
#1061=AXIS2_PLACEMENT_3D('',#2466,#1285,#1286);
#1062=AXIS2_PLACEMENT_3D('',#2467,#1287,#1288);
#1063=AXIS2_PLACEMENT_3D('',#2469,#1289,#1290);
#1064=AXIS2_PLACEMENT_3D('',#2472,#1292,#1293);
#1065=AXIS2_PLACEMENT_3D('',#2473,#1294,#1295);
#1066=AXIS2_PLACEMENT_3D('',#2475,#1296,#1297);
#1067=AXIS2_PLACEMENT_3D('',#2477,#1299,#1300);
#1068=AXIS2_PLACEMENT_3D('',#2482,#1304,#1305);
#1069=AXIS2_PLACEMENT_3D('',#2483,#1306,#1307);
#1070=AXIS2_PLACEMENT_3D('',#2484,#1308,#1309);
#1071=AXIS2_PLACEMENT_3D('',#2485,#1310,#1311);
#1072=AXIS2_PLACEMENT_3D('',#2486,#1312,#1313);
#1073=AXIS2_PLACEMENT_3D('',#2487,#1314,#1315);
#1074=AXIS2_PLACEMENT_3D('',#2488,#1316,#1317);
#1075=AXIS2_PLACEMENT_3D('',#2489,#1318,#1319);
#1076=AXIS2_PLACEMENT_3D('',#2490,#1320,#1321);
#1077=AXIS2_PLACEMENT_3D('',#2491,#1322,#1323);
#1078=AXIS2_PLACEMENT_3D('',#2492,#1324,#1325);
#1079=AXIS2_PLACEMENT_3D('',#2493,#1326,#1327);
#1080=AXIS2_PLACEMENT_3D('',#2494,#1328,#1329);
#1081=AXIS2_PLACEMENT_3D('',#2495,#1330,#1331);
#1082=AXIS2_PLACEMENT_3D('',#2496,#1332,#1333);
#1083=AXIS2_PLACEMENT_3D('',#2497,#1334,#1335);
#1084=AXIS2_PLACEMENT_3D('',#2498,#1336,#1337);
#1085=AXIS2_PLACEMENT_3D('',#2499,#1338,#1339);
#1086=AXIS2_PLACEMENT_3D('',#2500,#1340,#1341);
#1087=AXIS2_PLACEMENT_3D('',#2501,#1342,#1343);
#1088=AXIS2_PLACEMENT_3D('',#2502,#1344,#1345);
#1089=AXIS2_PLACEMENT_3D('',#2503,#1346,#1347);
#1090=AXIS2_PLACEMENT_3D('',#2504,#1348,#1349);
#1091=AXIS2_PLACEMENT_3D('',#2505,#1350,#1351);
#1092=AXIS2_PLACEMENT_3D('',#2506,#1352,#1353);
#1093=DIRECTION('axis',(0.,0.,1.));
#1094=DIRECTION('refdir',(1.,0.,0.));
#1095=DIRECTION('center_axis',(0.,0.,1.));
#1096=DIRECTION('ref_axis',(0.859086481363965,-0.511830457805786,0.));
#1097=DIRECTION('',(0.,0.,1.));
#1098=DIRECTION('center_axis',(0.,0.,-1.));
#1099=DIRECTION('ref_axis',(1.,0.,0.));
#1100=DIRECTION('center_axis',(0.,0.,1.));
#1101=DIRECTION('ref_axis',(1.,0.,0.));
#1102=DIRECTION('',(0.,0.,1.));
#1103=DIRECTION('center_axis',(0.,0.,1.));
#1104=DIRECTION('ref_axis',(1.,0.,0.));
#1105=DIRECTION('',(0.,0.,1.));
#1106=DIRECTION('center_axis',(0.,0.,1.));
#1107=DIRECTION('ref_axis',(0.934831900279553,0.355090577486533,0.));
#1108=DIRECTION('',(0.,0.,1.));
#1109=DIRECTION('center_axis',(0.,0.,-1.));
#1110=DIRECTION('ref_axis',(1.,0.,0.));
#1111=DIRECTION('center_axis',(0.,0.,1.));
#1112=DIRECTION('ref_axis',(-0.736938263042624,-0.675960055375848,0.));
#1113=DIRECTION('',(1.22464679914735E-16,-1.02771446745104E-30,1.));
#1114=DIRECTION('center_axis',(0.,0.,-1.));
#1115=DIRECTION('ref_axis',(1.,-8.51439015725705E-15,0.));
#1116=DIRECTION('center_axis',(0.,0.,1.));
#1117=DIRECTION('ref_axis',(1.,-8.51439015725705E-15,0.));
#1118=DIRECTION('',(1.22464679914735E-16,-1.02771446745104E-30,1.));
#1119=DIRECTION('center_axis',(0.,0.,1.));
#1120=DIRECTION('ref_axis',(1.,-8.51439015725705E-15,0.));
#1121=DIRECTION('',(1.22464679914735E-16,-1.02771446745104E-30,1.));
#1122=DIRECTION('center_axis',(0.,0.,1.));
#1123=DIRECTION('ref_axis',(1.,-8.51439015725705E-15,0.));
#1124=DIRECTION('',(1.22464679914735E-16,-1.02771446745104E-30,1.));
#1125=DIRECTION('center_axis',(0.,0.,1.));
#1126=DIRECTION('ref_axis',(-0.608545710658609,0.79351882021727,0.));
#1127=DIRECTION('',(1.22464679914735E-16,-1.02771446745104E-30,1.));
#1128=DIRECTION('center_axis',(0.,0.,1.));
#1129=DIRECTION('ref_axis',(1.,-8.51439015725705E-15,0.));
#1130=DIRECTION('center_axis',(0.,0.,1.));
#1131=DIRECTION('ref_axis',(1.,-8.51439015725705E-15,0.));
#1132=DIRECTION('center_axis',(0.,0.,1.));
#1133=DIRECTION('ref_axis',(1.,0.,0.));
#1134=DIRECTION('',(-3.84592537276713E-16,-1.,0.));
#1135=DIRECTION('',(-0.500000000000001,-0.866025403784438,0.));
#1136=DIRECTION('',(-0.866025403784439,-0.5,0.));
#1137=DIRECTION('',(-1.,8.06823599805364E-16,0.));
#1138=DIRECTION('',(-0.866025403784439,0.5,0.));
#1139=DIRECTION('',(-0.499999999999999,0.866025403784439,0.));
#1140=DIRECTION('',(3.84592537276713E-16,1.,0.));
#1141=DIRECTION('',(-0.5,-0.866025403784438,0.));
#1142=DIRECTION('',(0.866025403784439,0.5,0.));
#1143=DIRECTION('',(1.,-1.42745713811718E-15,0.));
#1144=DIRECTION('',(0.866025403784438,-0.5,0.));
#1145=DIRECTION('',(0.499999999999999,-0.866025403784439,0.));
#1146=DIRECTION('center_axis',(-3.84592537276713E-16,-1.,0.));
#1147=DIRECTION('ref_axis',(-0.707106781186548,0.,-0.707106781186547));
#1148=DIRECTION('center_axis',(0.774596669241484,0.447213595499957,0.447213595499958));
#1149=DIRECTION('ref_axis',(-0.387298334620741,0.894427190999916,-0.223606797749979));
#1150=DIRECTION('',(3.84592537276713E-16,1.,0.));
#1151=DIRECTION('center_axis',(0.774596669241483,-0.447213595499958,0.447213595499958));
#1152=DIRECTION('ref_axis',(-0.387298334620742,-0.894427190999916,-0.223606797749979));
#1153=DIRECTION('center_axis',(0.774596669241483,-0.447213595499958,0.447213595499958));
#1154=DIRECTION('ref_axis',(-0.500000000000001,6.12323399573677E-17,0.866025403784438));
#1155=DIRECTION('',(2.71947991102104E-16,0.707106781186548,0.707106781186547));
#1156=DIRECTION('center_axis',(0.774596669241483,-0.447213595499958,0.447213595499958));
#1157=DIRECTION('ref_axis',(-0.387298334620742,0.223606797749979,0.894427190999916));
#1158=DIRECTION('',(0.612372435695795,0.353553390593274,-0.707106781186547));
#1159=DIRECTION('center_axis',(0.774596669241483,-0.447213595499958,0.447213595499958));
#1160=DIRECTION('ref_axis',(0.580947501931113,0.782623792124926,-0.223606797749979));
#1161=DIRECTION('center_axis',(-1.,3.84592537276713E-16,0.));
#1162=DIRECTION('ref_axis',(-3.84592537276713E-16,-1.,0.));
#1163=DIRECTION('',(2.71947991102104E-16,0.707106781186548,-0.707106781186547));
#1164=DIRECTION('',(0.,0.,-1.));
#1165=DIRECTION('',(-2.71947991102104E-16,-0.707106781186548,-0.707106781186547));
#1166=DIRECTION('',(-3.84592537276713E-16,-1.,0.));
#1167=DIRECTION('',(-2.71947991102104E-16,-0.707106781186548,0.707106781186547));
#1168=DIRECTION('',(0.,0.,1.));
#1169=DIRECTION('center_axis',(-0.866025403784439,-0.5,0.));
#1170=DIRECTION('ref_axis',(-0.353553390593273,0.612372435695794,-0.707106781186548));
#1171=DIRECTION('',(0.866025403784439,0.5,0.));
#1172=DIRECTION('center_axis',(-7.21644966006352E-16,-0.894427190999916,
0.447213595499958));
#1173=DIRECTION('ref_axis',(-0.968245836551854,-0.111803398874989,-0.223606797749979));
#1174=DIRECTION('center_axis',(-7.21644966006352E-16,-0.894427190999916,
0.447213595499958));
#1175=DIRECTION('ref_axis',(-0.25,0.43301270189222,0.866025403784438));
#1176=DIRECTION('',(0.612372435695795,0.353553390593274,0.707106781186547));
#1177=DIRECTION('center_axis',(-7.21644966006352E-16,-0.894427190999916,
0.447213595499958));
#1178=DIRECTION('ref_axis',(3.13532572860884E-16,0.447213595499958,0.894427190999916));
#1179=DIRECTION('',(0.612372435695795,-0.353553390593274,-0.707106781186547));
#1180=DIRECTION('center_axis',(-7.21644966006352E-16,-0.894427190999916,
0.447213595499958));
#1181=DIRECTION('ref_axis',(0.968245836551854,-0.11180339887499,-0.223606797749979));
#1182=DIRECTION('center_axis',(-0.5,0.866025403784439,0.));
#1183=DIRECTION('ref_axis',(-0.866025403784439,-0.5,0.));
#1184=DIRECTION('',(0.,0.,-1.));
#1185=DIRECTION('',(-0.612372435695795,-0.353553390593274,-0.707106781186547));
#1186=DIRECTION('',(-0.866025403784439,-0.5,0.));
#1187=DIRECTION('',(-0.612372435695795,-0.353553390593274,0.707106781186547));
#1188=DIRECTION('',(0.,0.,1.));
#1189=DIRECTION('center_axis',(-0.866025403784439,0.5,0.));
#1190=DIRECTION('ref_axis',(0.353553390593273,0.612372435695796,-0.707106781186546));
#1191=DIRECTION('',(0.866025403784439,-0.5,0.));
#1192=DIRECTION('center_axis',(-0.774596669241483,-0.447213595499957,0.447213595499958));
#1193=DIRECTION('ref_axis',(-0.580947501931112,0.782623792124927,-0.223606797749979));
#1194=DIRECTION('center_axis',(-0.774596669241483,-0.447213595499957,0.447213595499958));
#1195=DIRECTION('ref_axis',(0.25,0.43301270189222,0.866025403784438));
#1196=DIRECTION('',(0.612372435695795,-0.353553390593274,0.707106781186547));
#1197=DIRECTION('center_axis',(-0.774596669241483,-0.447213595499957,0.447213595499958));
#1198=DIRECTION('ref_axis',(0.387298334620742,0.223606797749979,0.894427190999916));
#1199=DIRECTION('',(-2.71947991102104E-16,-0.707106781186548,-0.707106781186547));
#1200=DIRECTION('center_axis',(-0.774596669241483,-0.447213595499957,0.447213595499958));
#1201=DIRECTION('ref_axis',(0.387298334620741,-0.894427190999916,-0.223606797749979));
#1202=DIRECTION('center_axis',(0.5,0.866025403784439,0.));
#1203=DIRECTION('ref_axis',(-0.866025403784439,0.5,0.));
#1204=DIRECTION('',(0.,0.,-1.));
#1205=DIRECTION('',(-0.612372435695795,0.353553390593274,-0.707106781186547));
#1206=DIRECTION('',(-0.866025403784439,0.5,0.));
#1207=DIRECTION('',(-0.612372435695795,0.353553390593274,0.707106781186547));
#1208=DIRECTION('',(0.,0.,1.));
#1209=DIRECTION('center_axis',(3.84592537276713E-16,1.,0.));
#1210=DIRECTION('ref_axis',(0.707106781186548,0.,-0.707106781186547));
#1211=DIRECTION('',(-3.84592537276713E-16,-1.,0.));
#1212=DIRECTION('center_axis',(-0.774596669241483,0.447213595499958,0.447213595499958));
#1213=DIRECTION('ref_axis',(0.387298334620742,0.894427190999916,-0.223606797749979));
#1214=DIRECTION('center_axis',(-0.774596669241483,0.447213595499958,0.447213595499958));
#1215=DIRECTION('ref_axis',(0.500000000000001,0.,0.866025403784438));
#1216=DIRECTION('',(2.71947991102104E-16,0.707106781186548,-0.707106781186547));
#1217=DIRECTION('center_axis',(-0.774596669241483,0.447213595499958,0.447213595499958));
#1218=DIRECTION('ref_axis',(0.387298334620742,-0.22360679774998,0.894427190999916));
#1219=DIRECTION('',(0.612372435695795,0.353553390593274,0.707106781186547));
#1220=DIRECTION('center_axis',(-0.774596669241483,0.447213595499958,0.447213595499958));
#1221=DIRECTION('ref_axis',(-0.580947501931113,-0.782623792124926,-0.223606797749979));
#1222=DIRECTION('center_axis',(1.,-3.84592537276713E-16,0.));
#1223=DIRECTION('ref_axis',(3.84592537276713E-16,1.,0.));
#1224=DIRECTION('',(0.,0.,-1.));
#1225=DIRECTION('',(2.71947991102104E-16,0.707106781186548,-0.707106781186547));
#1226=DIRECTION('',(3.84592537276713E-16,1.,0.));
#1227=DIRECTION('',(-2.71947991102104E-16,-0.707106781186548,-0.707106781186547));
#1228=DIRECTION('',(0.,0.,1.));
#1229=DIRECTION('center_axis',(0.866025403784439,0.5,0.));
#1230=DIRECTION('ref_axis',(0.353553390593273,-0.612372435695794,-0.707106781186548));
#1231=DIRECTION('',(-0.866025403784439,-0.5,0.));
#1232=DIRECTION('center_axis',(1.27675647831893E-15,0.894427190999916,0.447213595499959));
#1233=DIRECTION('ref_axis',(0.968245836551854,0.111803398874989,-0.22360679774998));
#1234=DIRECTION('center_axis',(1.27675647831893E-15,0.894427190999916,0.447213595499959));
#1235=DIRECTION('ref_axis',(0.25,-0.43301270189222,0.866025403784438));
#1236=DIRECTION('',(-0.612372435695795,-0.353553390593273,0.707106781186548));
#1237=DIRECTION('center_axis',(1.27675647831893E-15,0.894427190999916,0.447213595499959));
#1238=DIRECTION('ref_axis',(-2.91137389085105E-16,-0.447213595499958,0.894427190999916));
#1239=DIRECTION('',(-0.612372435695796,0.353553390593275,-0.707106781186546));
#1240=DIRECTION('center_axis',(1.27675647831893E-15,0.894427190999916,0.447213595499959));
#1241=DIRECTION('ref_axis',(-0.968245836551854,0.111803398874991,-0.223606797749979));
#1242=DIRECTION('center_axis',(0.866025403784439,-0.5,0.));
#1243=DIRECTION('ref_axis',(-0.353553390593275,-0.612372435695791,-0.707106781186549));
#1244=DIRECTION('',(-0.866025403784438,0.5,0.));
#1245=DIRECTION('center_axis',(0.774596669241484,0.447213595499957,0.447213595499958));
#1246=DIRECTION('ref_axis',(0.580947501931112,-0.782623792124927,-0.223606797749979));
#1247=DIRECTION('center_axis',(-0.5,-0.866025403784439,0.));
#1248=DIRECTION('ref_axis',(0.866025403784438,-0.5,0.));
#1249=DIRECTION('',(0.,0.,-1.));
#1250=DIRECTION('',(0.612372435695795,-0.353553390593274,-0.707106781186547));
#1251=DIRECTION('',(0.866025403784438,-0.5,0.));
#1252=DIRECTION('',(0.612372435695794,-0.353553390593274,0.707106781186547));
#1253=DIRECTION('',(0.,0.,1.));
#1254=DIRECTION('',(-0.612372435695794,0.353553390593274,0.707106781186547));
#1255=DIRECTION('center_axis',(-3.84592537276713E-16,-1.,0.));
#1256=DIRECTION('ref_axis',(-0.707106781186548,0.,0.707106781186548));
#1257=DIRECTION('center_axis',(0.774596669241483,0.447213595499957,-0.447213595499958));
#1258=DIRECTION('ref_axis',(-0.387298334620741,0.894427190999916,0.223606797749979));
#1259=DIRECTION('',(3.84592537276713E-16,1.,0.));
#1260=DIRECTION('center_axis',(0.774596669241483,-0.447213595499958,-0.447213595499958));
#1261=DIRECTION('ref_axis',(-0.387298334620742,-0.894427190999916,0.223606797749979));
#1262=DIRECTION('center_axis',(0.774596669241483,-0.447213595499958,-0.447213595499958));
#1263=DIRECTION('ref_axis',(0.5,-6.12323399573677E-17,0.866025403784438));
#1264=DIRECTION('',(0.5,0.866025403784439,0.));
#1265=DIRECTION('center_axis',(0.774596669241483,-0.447213595499958,-0.447213595499958));
#1266=DIRECTION('ref_axis',(0.580947501931113,0.782623792124926,0.223606797749979));
#1267=DIRECTION('center_axis',(0.774596669241483,-0.447213595499958,-0.447213595499958));
#1268=DIRECTION('ref_axis',(-0.387298334620742,0.223606797749979,-0.894427190999916));
#1269=DIRECTION('center_axis',(0.,0.,1.));
#1270=DIRECTION('ref_axis',(1.,0.,0.));
#1271=DIRECTION('',(-0.499999999999999,0.866025403784439,0.));
#1272=DIRECTION('',(-0.866025403784438,0.5,0.));
#1273=DIRECTION('',(-1.,9.30950307467728E-16,0.));
#1274=DIRECTION('',(-0.866025403784439,-0.5,0.));
#1275=DIRECTION('',(0.5,0.866025403784439,0.));
#1276=DIRECTION('',(-3.84592537276713E-16,-1.,0.));
#1277=DIRECTION('',(0.5,-0.866025403784439,0.));
#1278=DIRECTION('',(0.866025403784439,-0.5,0.));
#1279=DIRECTION('',(1.,-3.10316769155909E-16,0.));
#1280=DIRECTION('',(0.866025403784439,0.5,0.));
#1281=DIRECTION('center_axis',(0.866025403784439,-0.5,0.));
#1282=DIRECTION('ref_axis',(-0.353553390593273,-0.612372435695796,0.707106781186546));
#1283=DIRECTION('center_axis',(8.32667268468867E-16,0.894427190999916,-0.447213595499958));
#1284=DIRECTION('ref_axis',(-0.968245836551854,0.11180339887499,0.223606797749979));
#1285=DIRECTION('center_axis',(0.774596669241483,0.447213595499957,-0.447213595499958));
#1286=DIRECTION('ref_axis',(0.580947501931112,-0.782623792124927,0.223606797749979));
#1287=DIRECTION('center_axis',(8.32667268468867E-16,0.894427190999916,-0.447213595499958));
#1288=DIRECTION('ref_axis',(-0.25,0.43301270189222,0.866025403784438));
#1289=DIRECTION('center_axis',(8.32667268468867E-16,0.894427190999916,-0.447213595499958));
#1290=DIRECTION('ref_axis',(-2.91137389085105E-16,-0.447213595499958,-0.894427190999916));
#1291=DIRECTION('',(0.612372435695795,0.353553390593274,0.707106781186547));
#1292=DIRECTION('center_axis',(8.32667268468867E-16,0.894427190999916,-0.447213595499958));
#1293=DIRECTION('ref_axis',(0.968245836551854,0.111803398874989,0.223606797749979));
#1294=DIRECTION('center_axis',(0.866025403784439,0.5,0.));
#1295=DIRECTION('ref_axis',(0.353553390593273,-0.612372435695794,0.707106781186548));
#1296=DIRECTION('center_axis',(-0.774596669241483,0.447213595499958,-0.447213595499958));
#1297=DIRECTION('ref_axis',(-0.580947501931113,-0.782623792124926,0.223606797749979));
#1298=DIRECTION('',(0.866025403784439,0.5,0.));
#1299=DIRECTION('center_axis',(0.5,-0.866025403784439,0.));
#1300=DIRECTION('ref_axis',(0.866025403784439,0.5,0.));
#1301=DIRECTION('',(0.,0.,-1.));
#1302=DIRECTION('',(-0.612372435695795,-0.353553390593274,0.707106781186547));
#1303=DIRECTION('',(0.,0.,1.));
#1304=DIRECTION('center_axis',(3.84592537276713E-16,1.,0.));
#1305=DIRECTION('ref_axis',(0.707106781186548,0.,0.707106781186548));
#1306=DIRECTION('center_axis',(-0.774596669241483,-0.447213595499958,-0.447213595499958));
#1307=DIRECTION('ref_axis',(0.387298334620741,-0.894427190999916,0.223606797749979));
#1308=DIRECTION('center_axis',(-0.774596669241483,0.447213595499958,-0.447213595499958));
#1309=DIRECTION('ref_axis',(0.387298334620742,0.894427190999916,0.223606797749979));
#1310=DIRECTION('center_axis',(-0.774596669241483,0.447213595499958,-0.447213595499958));
#1311=DIRECTION('ref_axis',(-0.5,0.,0.866025403784438));
#1312=DIRECTION('center_axis',(-0.774596669241483,0.447213595499958,-0.447213595499958));
#1313=DIRECTION('ref_axis',(0.387298334620742,-0.22360679774998,-0.894427190999916));
#1314=DIRECTION('center_axis',(-0.866025403784439,-0.5,0.));
#1315=DIRECTION('ref_axis',(-0.353553390593274,0.612372435695796,0.707106781186546));
#1316=DIRECTION('center_axis',(-2.77555756156289E-16,-0.894427190999916,
-0.447213595499958));
#1317=DIRECTION('ref_axis',(-0.968245836551854,-0.111803398874989,0.223606797749979));
#1318=DIRECTION('center_axis',(-2.77555756156289E-16,-0.894427190999916,
-0.447213595499958));
#1319=DIRECTION('ref_axis',(0.25,-0.43301270189222,0.866025403784438));
#1320=DIRECTION('center_axis',(-2.77555756156289E-16,-0.894427190999916,
-0.447213595499958));
#1321=DIRECTION('ref_axis',(0.968245836551854,-0.11180339887499,0.223606797749979));
#1322=DIRECTION('center_axis',(-2.77555756156289E-16,-0.894427190999916,
-0.447213595499958));
#1323=DIRECTION('ref_axis',(3.13532572860884E-16,0.447213595499958,-0.894427190999916));
#1324=DIRECTION('center_axis',(-0.866025403784439,0.5,0.));
#1325=DIRECTION('ref_axis',(0.353553390593273,0.612372435695796,0.707106781186546));
#1326=DIRECTION('center_axis',(-0.774596669241483,-0.447213595499958,-0.447213595499958));
#1327=DIRECTION('ref_axis',(-0.580947501931113,0.782623792124926,0.223606797749979));
#1328=DIRECTION('center_axis',(-0.774596669241483,-0.447213595499958,-0.447213595499958));
#1329=DIRECTION('ref_axis',(-0.25,-0.43301270189222,0.866025403784438));
#1330=DIRECTION('center_axis',(-0.774596669241483,-0.447213595499958,-0.447213595499958));
#1331=DIRECTION('ref_axis',(0.387298334620742,0.223606797749979,-0.894427190999916));
#1332=DIRECTION('center_axis',(0.,0.,1.));
#1333=DIRECTION('ref_axis',(7.01080146077342E-16,1.,0.));
#1334=DIRECTION('center_axis',(0.,0.,1.));
#1335=DIRECTION('ref_axis',(0.866025403784439,0.499999999999999,0.));
#1336=DIRECTION('center_axis',(0.,0.,1.));
#1337=DIRECTION('ref_axis',(0.866025403784438,-0.500000000000002,0.));
#1338=DIRECTION('center_axis',(0.,0.,1.));
#1339=DIRECTION('ref_axis',(-6.51002992786099E-16,-1.,0.));
#1340=DIRECTION('center_axis',(0.,0.,1.));
#1341=DIRECTION('ref_axis',(-0.866025403784439,-0.499999999999999,0.));
#1342=DIRECTION('center_axis',(0.774596669241483,0.447213595499957,-0.447213595499958));
#1343=DIRECTION('ref_axis',(-0.387298334620742,-0.223606797749979,-0.894427190999916));
#1344=DIRECTION('center_axis',(0.774596669241484,0.447213595499957,0.447213595499958));
#1345=DIRECTION('ref_axis',(-0.387298334620742,-0.223606797749979,0.894427190999916));
#1346=DIRECTION('center_axis',(0.774596669241483,0.447213595499957,-0.447213595499958));
#1347=DIRECTION('ref_axis',(0.25,0.433012701892219,0.866025403784438));
#1348=DIRECTION('center_axis',(0.,0.,1.));
#1349=DIRECTION('ref_axis',(-0.866025403784439,0.499999999999999,0.));
#1350=DIRECTION('center_axis',(0.,0.,1.));
#1351=DIRECTION('ref_axis',(1.,0.,0.));
#1352=DIRECTION('center_axis',(0.774596669241484,0.447213595499957,0.447213595499958));
#1353=DIRECTION('ref_axis',(-0.25,-0.43301270189222,0.866025403784438));
#1354=CARTESIAN_POINT('',(0.,0.,0.));
#1355=CARTESIAN_POINT('Origin',(0.,0.,0.));
#1356=CARTESIAN_POINT('',(-1.03754763220749,-0.000962746695554323,1.62696152422707));
#1357=CARTESIAN_POINT('',(-1.03602245457996,0.00020461415230478,1.74803847577293));
#1358=CARTESIAN_POINT('',(-1.03775,-1.27087721581517E-16,0.));
#1359=CARTESIAN_POINT('',(0.965080639641294,0.381502845978311,2.));
#1360=CARTESIAN_POINT('Ctrl Pts',(-1.03602245457996,0.00020461415230478,
1.74803847577293));
#1361=CARTESIAN_POINT('Ctrl Pts',(-1.03579776089051,-0.18106520089197,1.76050443033519));
#1362=CARTESIAN_POINT('Ctrl Pts',(-0.990549502706362,-0.362447120993727,
1.77297038489744));
#1363=CARTESIAN_POINT('Ctrl Pts',(-0.90089335827206,-0.518338261126669,
1.78543633945969));
#1364=CARTESIAN_POINT('Ctrl Pts',(-0.729431242139065,-0.816470920547085,
1.80927674618639));
#1365=CARTESIAN_POINT('Ctrl Pts',(-0.395550308803139,-1.02137278963461,
1.83311715291309));
#1366=CARTESIAN_POINT('Ctrl Pts',(-0.0520304085130804,-1.03835514496656,
1.8569575596398));
#1367=CARTESIAN_POINT('Ctrl Pts',(0.291489491776972,-1.0553375002985,1.8807979663665));
#1368=CARTESIAN_POINT('Ctrl Pts',(0.644648359021157,-0.884400341874881,
1.9046383730932));
#1369=CARTESIAN_POINT('Ctrl Pts',(0.844794323925684,-0.605503029365623,
1.9284787798199));
#1370=CARTESIAN_POINT('Ctrl Pts',(1.04494028883021,-0.326605716856364,1.9523191865466));
#1371=CARTESIAN_POINT('Ctrl Pts',(1.09207335139508,0.0602517497385304,1.9761595932733));
#1372=CARTESIAN_POINT('Ctrl Pts',(0.965080639641294,0.381502845978311,2.));
#1373=CARTESIAN_POINT('',(-0.495098380539976,0.914153286628089,2.));
#1374=CARTESIAN_POINT('Origin',(0.,0.,2.));
#1375=CARTESIAN_POINT('Ctrl Pts',(-0.495100279495476,0.914156171491671,
2.));
#1376=CARTESIAN_POINT('Ctrl Pts',(-0.203184501461337,1.07124106907441,1.97702431495426));
#1377=CARTESIAN_POINT('Ctrl Pts',(0.171205622515941,1.07747555575491,1.95404862990852));
#1378=CARTESIAN_POINT('Ctrl Pts',(0.467246090968671,0.928420268046357,1.93107294486278));
#1379=CARTESIAN_POINT('Ctrl Pts',(0.77442845186129,0.773755078448634,1.90723253813607));
#1380=CARTESIAN_POINT('Ctrl Pts',(0.997252579873244,0.451891056077582,1.88339213140937));
#1381=CARTESIAN_POINT('Ctrl Pts',(1.03361649766455,0.110015891929998,1.85955172468267));
#1382=CARTESIAN_POINT('Ctrl Pts',(1.06998041545586,-0.231859272217585,1.83571131795597));
#1383=CARTESIAN_POINT('Ctrl Pts',(0.919884123026516,-0.5937455781417,1.81187091122927));
#1384=CARTESIAN_POINT('Ctrl Pts',(0.652115070468492,-0.809494668352899,
1.78803050450257));
#1385=CARTESIAN_POINT('Ctrl Pts',(0.38434601791047,-1.0252437585641,1.76419009777587));
#1386=CARTESIAN_POINT('Ctrl Pts',(-0.00109579477623245,-1.09485563306238,
1.74034969104917));
#1387=CARTESIAN_POINT('Ctrl Pts',(-0.327449660227369,-0.986519910884654,
1.71650928432247));
#1388=CARTESIAN_POINT('Ctrl Pts',(-0.653803525678507,-0.878184188706928,
1.69266887759577));
#1389=CARTESIAN_POINT('Ctrl Pts',(-0.921069443894078,-0.591900869853188,
1.66882847086906));
#1390=CARTESIAN_POINT('Ctrl Pts',(-1.00670552164028,-0.258885016664444,
1.64498806414236));
#1391=CARTESIAN_POINT('Ctrl Pts',(-1.02828963569474,-0.174950157124625,
1.63897921750393));
#1392=CARTESIAN_POINT('Ctrl Pts',(-1.03833544194329,-0.0880465433078974,
1.6329703708655));
#1393=CARTESIAN_POINT('Ctrl Pts',(-1.03754763220749,-0.000962746695554323,
1.62696152422707));
#1394=CARTESIAN_POINT('Origin',(0.,0.,0.));
#1395=CARTESIAN_POINT('',(-1.03609357805948,0.000248032283254179,1.17696152422707));
#1396=CARTESIAN_POINT('',(-1.03824882098829,0.000895520381384463,1.29803847577293));
#1397=CARTESIAN_POINT('',(-1.03775,-1.27087721581517E-16,0.));
#1398=CARTESIAN_POINT('Ctrl Pts',(-1.03824882098829,0.000895520381384463,
1.29803847577293));
#1399=CARTESIAN_POINT('Ctrl Pts',(-1.03568666381052,-0.280112467494992,
1.31746198997498));
#1400=CARTESIAN_POINT('Ctrl Pts',(-0.917587879102881,-0.563015381510297,
1.33688550417703));
#1401=CARTESIAN_POINT('Ctrl Pts',(-0.713982060149195,-0.755447528851514,
1.35630901837908));
#1402=CARTESIAN_POINT('Ctrl Pts',(-0.464076431060344,-0.991638601804904,
1.38014942510578));
#1403=CARTESIAN_POINT('Ctrl Pts',(-0.0853536926536997,-1.09153465829,1.40398983183248));
#1404=CARTESIAN_POINT('Ctrl Pts',(0.248532621780638,-1.00931442594476,1.42783023855918));
#1405=CARTESIAN_POINT('Ctrl Pts',(0.582418936214978,-0.92709419359953,1.45167064528588));
#1406=CARTESIAN_POINT('Ctrl Pts',(0.87146882667701,-0.662757672423965,1.47551105201258));
#1407=CARTESIAN_POINT('Ctrl Pts',(0.983129085609497,-0.33754220878969,1.49935145873928));
#1408=CARTESIAN_POINT('Ctrl Pts',(1.09478934454198,-0.0123267451554158,
1.52319186546598));
#1409=CARTESIAN_POINT('Ctrl Pts',(1.02905997194492,0.373767660937568,1.54703227219268));
#1410=CARTESIAN_POINT('Ctrl Pts',(0.816103445828477,0.643754701592764,1.57087267891938));
#1411=CARTESIAN_POINT('Ctrl Pts',(0.60314691971203,0.91374174224796,1.59471308564608));
#1412=CARTESIAN_POINT('Ctrl Pts',(0.242963240076194,1.06762141746537,1.61855349237279));
#1413=CARTESIAN_POINT('Ctrl Pts',(-0.0993322051926478,1.03473128926033,
1.64239389909949));
#1414=CARTESIAN_POINT('Ctrl Pts',(-0.441627650461487,1.0018411610553,1.66623430582619));
#1415=CARTESIAN_POINT('Ctrl Pts',(-0.766034861363333,0.782181229427826,
1.69007471255289));
#1416=CARTESIAN_POINT('Ctrl Pts',(-0.923716817349224,0.476669538737439,
1.71391511927959));
#1417=CARTESIAN_POINT('Ctrl Pts',(-0.998948162439885,0.330907423548963,
1.72528957144404));
#1418=CARTESIAN_POINT('Ctrl Pts',(-1.03622747438888,0.165602685337545,1.73666402360849));
#1419=CARTESIAN_POINT('Ctrl Pts',(-1.03602245457996,0.00020461415230478,
1.74803847577293));
#1420=CARTESIAN_POINT('Ctrl Pts',(-1.03754763220749,-0.000962746695554323,
1.62696152422707));
#1421=CARTESIAN_POINT('Ctrl Pts',(-1.03520976647594,0.257462878960412,1.6091299641388));
#1422=CARTESIAN_POINT('Ctrl Pts',(-0.937467176551525,0.517475259209198,
1.59129840405053));
#1423=CARTESIAN_POINT('Ctrl Pts',(-0.762735802629409,0.706199750045519,
1.57346684396226));
#1424=CARTESIAN_POINT('Ctrl Pts',(-0.529123768595492,0.958520276042985,
1.54962643723556));
#1425=CARTESIAN_POINT('Ctrl Pts',(-0.157893463250816,1.08341294051417,1.52578603050886));
#1426=CARTESIAN_POINT('Ctrl Pts',(0.180727960437305,1.02362525115861,1.50194562378216));
#1427=CARTESIAN_POINT('Ctrl Pts',(0.51934938412543,0.963837561803056,1.47810521705546));
#1428=CARTESIAN_POINT('Ctrl Pts',(0.825361926157002,0.719369518620753,1.45426481032876));
#1429=CARTESIAN_POINT('Ctrl Pts',(0.958447849055736,0.402311348085518,1.43042440360206));
#1430=CARTESIAN_POINT('Ctrl Pts',(1.09153377195447,0.0852531775502831,1.40658399687535));
#1431=CARTESIAN_POINT('Ctrl Pts',(1.05169307572037,-0.304395120337882,1.38274359014865));
#1432=CARTESIAN_POINT('Ctrl Pts',(0.857193549164976,-0.587959473390989,
1.35890318342195));
#1433=CARTESIAN_POINT('Ctrl Pts',(0.662694022609586,-0.871523826444095,
1.33506277669525));
#1434=CARTESIAN_POINT('Ctrl Pts',(0.313535665732907,-1.04900423466214,1.31122236996855));
#1435=CARTESIAN_POINT('Ctrl Pts',(-0.0301777258994737,-1.03902101220898,
1.28738196324185));
#1436=CARTESIAN_POINT('Ctrl Pts',(-0.373891117531853,-1.02903778975582,
1.26354155651515));
#1437=CARTESIAN_POINT('Ctrl Pts',(-0.712159543919936,-0.831590936631455,
1.23970114978845));
#1438=CARTESIAN_POINT('Ctrl Pts',(-0.889873331396762,-0.537216641050181,
1.21586074306175));
#1439=CARTESIAN_POINT('Ctrl Pts',(-0.986528946214197,-0.377111288900349,
1.20289433678352));
#1440=CARTESIAN_POINT('Ctrl Pts',(-1.03569099407922,-0.188333890840979,
1.18992793050529));
#1441=CARTESIAN_POINT('Ctrl Pts',(-1.03609357805948,0.000248032283254179,
1.17696152422707));
#1442=CARTESIAN_POINT('Origin',(0.,0.,0.));
#1443=CARTESIAN_POINT('',(-1.03846195729851,0.000845580281901396,0.726961524227067));
#1444=CARTESIAN_POINT('',(-1.03898580236803,-0.000623330863765131,0.848038475772934));
#1445=CARTESIAN_POINT('',(-1.03775,-1.27087721581517E-16,0.));
#1446=CARTESIAN_POINT('Ctrl Pts',(-1.03898580236803,-0.000623330863765131,
0.848038475772934));
#1447=CARTESIAN_POINT('Ctrl Pts',(-1.03924588636354,-0.0373126121004327,
0.850579142888075));
#1448=CARTESIAN_POINT('Ctrl Pts',(-1.03747128676471,-0.0739764537445125,
0.853119810003216));
#1449=CARTESIAN_POINT('Ctrl Pts',(-1.03357877918884,-0.110414042650268,
0.855660477118357));
#1450=CARTESIAN_POINT('Ctrl Pts',(-0.997053347249128,-0.452326973500849,
0.879500883845057));
#1451=CARTESIAN_POINT('Ctrl Pts',(-0.774045075508615,-0.774318239381639,
0.903341290571757));
#1452=CARTESIAN_POINT('Ctrl Pts',(-0.466812611242317,-0.928742144593127,
0.927181697298458));
#1453=CARTESIAN_POINT('Ctrl Pts',(-0.159580146976015,-1.08316604980462,
0.951022104025159));
#1454=CARTESIAN_POINT('Ctrl Pts',(0.231876509816073,-1.0700225943468,0.974862510751861));
#1455=CARTESIAN_POINT('Ctrl Pts',(0.528058708517028,-0.89533812270181,0.998702917478562));
#1456=CARTESIAN_POINT('Ctrl Pts',(0.824240907217982,-0.720653651056824,
1.02254332420526));
#1457=CARTESIAN_POINT('Ctrl Pts',(1.0251486478278,-0.384428163224672,1.04638373093196));
#1458=CARTESIAN_POINT('Ctrl Pts',(1.03865722063468,-0.0408354612583664,
1.07022413765866));
#1459=CARTESIAN_POINT('Ctrl Pts',(1.05216579344156,0.302757240707939,1.09406454438537));
#1460=CARTESIAN_POINT('Ctrl Pts',(0.878275198445502,0.653717156808399,1.11790495111207));
#1461=CARTESIAN_POINT('Ctrl Pts',(0.596721886179978,0.851115998635665,1.14174535783877));
#1462=CARTESIAN_POINT('Ctrl Pts',(0.315168573914456,1.04851484046293,1.16558576456547));
#1463=CARTESIAN_POINT('Ctrl Pts',(-0.0740474556205255,1.092352608017,1.18942617129217));
#1464=CARTESIAN_POINT('Ctrl Pts',(-0.392455677658791,0.962525716356407,
1.21326657801887));
#1465=CARTESIAN_POINT('Ctrl Pts',(-0.710863899697059,0.832698824695808,
1.23710698474557));
#1466=CARTESIAN_POINT('Ctrl Pts',(-0.958464314238609,0.529207273820534,
1.26094739147227));
#1467=CARTESIAN_POINT('Ctrl Pts',(-1.02172026162386,0.191218453672052,1.28478779819897));
#1468=CARTESIAN_POINT('Ctrl Pts',(-1.03343963891254,0.128599543254794,1.28920469072363));
#1469=CARTESIAN_POINT('Ctrl Pts',(-1.03883145360398,0.0647965255294773,
1.29362158324828));
#1470=CARTESIAN_POINT('Ctrl Pts',(-1.03824882098829,0.000895520381384463,
1.29803847577293));
#1471=CARTESIAN_POINT('Ctrl Pts',(-1.03609357805948,0.000248032283254179,
1.17696152422707));
#1472=CARTESIAN_POINT('Ctrl Pts',(-1.03643119653972,0.158398245428315,1.16608752377859));
#1473=CARTESIAN_POINT('Ctrl Pts',(-1.00247637683669,0.316410981423392,1.15521352333012));
#1474=CARTESIAN_POINT('Ctrl Pts',(-0.933482485382789,0.457260004146695,
1.14433952288164));
#1475=CARTESIAN_POINT('Ctrl Pts',(-0.78221870332642,0.76606061572411,1.12049911615494));
#1476=CARTESIAN_POINT('Ctrl Pts',(-0.462531990648115,0.992360100840756,
1.09665870942824));
#1477=CARTESIAN_POINT('Ctrl Pts',(-0.12101183948467,1.03239141187082,1.07281830270154));
#1478=CARTESIAN_POINT('Ctrl Pts',(0.220508311678774,1.07242272290089,1.04897789597484));
#1479=CARTESIAN_POINT('Ctrl Pts',(0.583861901327358,0.926185859844379,1.02513748924814));
#1480=CARTESIAN_POINT('Ctrl Pts',(0.80243651056473,0.660735884012185,1.00129708252144));
#1481=CARTESIAN_POINT('Ctrl Pts',(1.0210111198021,0.395285908179994,0.977456675794737));
#1482=CARTESIAN_POINT('Ctrl Pts',(1.09480674862826,0.0106228195721209,0.953616269068038));
#1483=CARTESIAN_POINT('Ctrl Pts',(0.989985034018823,-0.316868896818793,
0.929775862341337));
#1484=CARTESIAN_POINT('Ctrl Pts',(0.885163319409383,-0.64436061320971,0.905935455614636));
#1485=CARTESIAN_POINT('Ctrl Pts',(0.601724261364341,-0.914680957383668,
0.882095048887934));
#1486=CARTESIAN_POINT('Ctrl Pts',(0.269636325594534,-1.00387828488922,0.858254642161232));
#1487=CARTESIAN_POINT('Ctrl Pts',(-0.0624516101752718,-1.09307561239477,
0.834414235434531));
#1488=CARTESIAN_POINT('Ctrl Pts',(-0.443188423669842,-1.00114992323192,
0.810573828707832));
#1489=CARTESIAN_POINT('Ctrl Pts',(-0.697990857671199,-0.770250534363775,
0.786733421981131));
#1490=CARTESIAN_POINT('Ctrl Pts',(-0.910935002000167,-0.57728270428274,
0.76680945606311));
#1491=CARTESIAN_POINT('Ctrl Pts',(-1.03592251938271,-0.287251166026595,
0.746885490145089));
#1492=CARTESIAN_POINT('Ctrl Pts',(-1.03846195729851,0.000845580281901397,
0.726961524227067));
#1493=CARTESIAN_POINT('Origin',(0.,0.,0.));
#1494=CARTESIAN_POINT('',(-1.03881079148867,-0.000682618231065552,0.276961524227067));
#1495=CARTESIAN_POINT('',(-1.03632324347648,-0.00054304964665273,0.398038475772933));
#1496=CARTESIAN_POINT('',(-1.03775,-1.27087721581517E-16,0.));
#1497=CARTESIAN_POINT('',(0.776397497473618,-0.688572427865583,0.));
#1498=CARTESIAN_POINT('Ctrl Pts',(-1.03881079148867,-0.000682618231065552,
0.276961524227067));
#1499=CARTESIAN_POINT('Ctrl Pts',(-1.03643988540839,0.29973021279425,0.256162236331481));
#1500=CARTESIAN_POINT('Ctrl Pts',(-0.898809600253783,0.601948711108271,
0.235362948435894));
#1501=CARTESIAN_POINT('Ctrl Pts',(-0.66928063235534,0.795202199945906,0.214563660540308));
#1502=CARTESIAN_POINT('Ctrl Pts',(-0.406191627687061,1.01671179192674,0.190723253813607));
#1503=CARTESIAN_POINT('Ctrl Pts',(-0.0223658193125489,1.09506278176885,
0.166882847086906));
#1504=CARTESIAN_POINT('Ctrl Pts',(0.306245664102648,0.993530194136622,0.143042440360206));
#1505=CARTESIAN_POINT('Ctrl Pts',(0.634857147517845,0.891997606504397,0.119202033633505));
#1506=CARTESIAN_POINT('Ctrl Pts',(0.908254305973727,0.610581441397837,0.0953616269068037));
#1507=CARTESIAN_POINT('Ctrl Pts',(1.00094150848969,0.280049737575483,0.0715212201801028));
#1508=CARTESIAN_POINT('Ctrl Pts',(1.09362871100566,-0.0504819662468726,
0.0476808134534018));
#1509=CARTESIAN_POINT('Ctrl Pts',(1.0056059575817,-0.430129208785024,0.0238404067267008));
#1510=CARTESIAN_POINT('Ctrl Pts',(0.776397497473617,-0.688572427865585,
-1.38777878078145E-16));
#1511=CARTESIAN_POINT('',(-0.777899186773051,-0.689689335745542,3.28765150357907E-16));
#1512=CARTESIAN_POINT('Origin',(0.,0.,0.));
#1513=CARTESIAN_POINT('Ctrl Pts',(-0.777901963056516,-0.689691400655292,
2.08166817117217E-16));
#1514=CARTESIAN_POINT('Ctrl Pts',(-0.557317073721123,-0.937143944469263,
0.0229756850457419));
#1515=CARTESIAN_POINT('Ctrl Pts',(-0.207637707393424,-1.07105168816864,
0.0459513700914837));
#1516=CARTESIAN_POINT('Ctrl Pts',(0.121529276200808,-1.03223739079372,0.0689270551372254));
#1517=CARTESIAN_POINT('Ctrl Pts',(0.463084914444649,-0.991962263658799,
0.0927674618639263));
#1518=CARTESIAN_POINT('Ctrl Pts',(0.782555090436203,-0.765719169376853,
0.116607868590627));
#1519=CARTESIAN_POINT('Ctrl Pts',(0.933654189184726,-0.456898744616086,
0.140448275317328));
#1520=CARTESIAN_POINT('Ctrl Pts',(1.08475328793325,-0.148078319855319,0.164288682044029));
#1521=CARTESIAN_POINT('Ctrl Pts',(1.06748130943874,0.24331943538427,0.18812908877073));
#1522=CARTESIAN_POINT('Ctrl Pts',(0.889651234856159,0.537639663977367,0.211969495497431));
#1523=CARTESIAN_POINT('Ctrl Pts',(0.711821160273581,0.831959892570462,0.235809902224132));
#1524=CARTESIAN_POINT('Ctrl Pts',(0.373432989602934,1.02920259451707,0.259650308950833));
#1525=CARTESIAN_POINT('Ctrl Pts',(0.0297076571743302,1.0390199253244,0.283490715677534));
#1526=CARTESIAN_POINT('Ctrl Pts',(-0.314017675254275,1.04883725613173,0.307331122404235));
#1527=CARTESIAN_POINT('Ctrl Pts',(-0.663080169440837,0.871229215799783,
0.331171529130936));
#1528=CARTESIAN_POINT('Ctrl Pts',(-0.857449898763352,0.587585919501742,
0.355011935857637));
#1529=CARTESIAN_POINT('Ctrl Pts',(-0.974381026279927,0.416948595653774,
0.369354115829402));
#1530=CARTESIAN_POINT('Ctrl Pts',(-1.03532698178718,0.207935837443818,0.383696295801168));
#1531=CARTESIAN_POINT('Ctrl Pts',(-1.03632324347648,-0.00054304964665273,
0.398038475772933));
#1532=CARTESIAN_POINT('Origin',(0.,0.,-0.993675081176017));
#1533=CARTESIAN_POINT('',(-1.28785253327695,0.000254350524185182,1.89367508117602));
#1534=CARTESIAN_POINT('',(-1.29196133170156,2.51930851330262E-5,1.93132491882398));
#1535=CARTESIAN_POINT('',(-1.29,1.08255838657716E-14,-0.993675081176017));
#1536=CARTESIAN_POINT('',(-0.741018580241646,-1.05593156205156,2.));
#1537=CARTESIAN_POINT('Ctrl Pts',(-1.29196133170156,2.51930851330462E-5,
1.93132491882398));
#1538=CARTESIAN_POINT('Ctrl Pts',(-1.29072602638999,-0.409663046733021,
1.95421661254932));
#1539=CARTESIAN_POINT('Ctrl Pts',(-1.07852423414949,-0.819081022233999,
1.97710830627466));
#1540=CARTESIAN_POINT('Ctrl Pts',(-0.741018580241646,-1.05593156205156,
2.));
#1541=CARTESIAN_POINT('',(-0.111087026950012,-1.28753449406945,2.));
#1542=CARTESIAN_POINT('Origin',(0.,0.,2.));
#1543=CARTESIAN_POINT('Ctrl Pts',(-1.28785253327695,0.000254350524185043,
1.89367508117602));
#1544=CARTESIAN_POINT('Ctrl Pts',(-1.28757322240304,-0.225077435943764,
1.90614103573827));
#1545=CARTESIAN_POINT('Ctrl Pts',(-1.12765899668662,-0.866108725899419,
1.94158267534627));
#1546=CARTESIAN_POINT('Ctrl Pts',(-0.521540625107706,-1.25101227225381,
1.97702431495426));
#1547=CARTESIAN_POINT('Ctrl Pts',(-0.111087027814921,-1.28753879510565,
2.));
#1548=CARTESIAN_POINT('Origin',(0.,0.,-0.993675081176017));
#1549=CARTESIAN_POINT('',(-1.29062007138029,0.00111319806504008,1.44367508117602));
#1550=CARTESIAN_POINT('',(-1.28974844186717,-0.00119676534544622,1.48132491882398));
#1551=CARTESIAN_POINT('',(-1.29,1.08255838657716E-14,-0.993675081176017));
#1552=CARTESIAN_POINT('Ctrl Pts',(-1.28974844186717,-0.00119676534544618,
1.48132491882398));
#1553=CARTESIAN_POINT('Ctrl Pts',(-1.29072774763368,-0.109448365085203,
1.48733376546242));
#1554=CARTESIAN_POINT('Ctrl Pts',(-1.22869455711696,-0.646081095112607,
1.51718301882755));
#1555=CARTESIAN_POINT('Ctrl Pts',(-0.480494833656652,-1.44751923368177,
1.57087267891938));
#1556=CARTESIAN_POINT('Ctrl Pts',(0.956903205464089,-1.18792110859542,1.64239389909949));
#1557=CARTESIAN_POINT('Ctrl Pts',(1.51664558243498,0.161633219447287,1.71391511927959));
#1558=CARTESIAN_POINT('Ctrl Pts',(0.685684970142755,1.3619355722066,1.78543633945969));
#1559=CARTESIAN_POINT('Ctrl Pts',(-0.774456776812285,1.31519483591212,1.85695755963979));
#1560=CARTESIAN_POINT('Ctrl Pts',(-1.28388232522261,0.460662364365049,1.90558708609456));
#1561=CARTESIAN_POINT('Ctrl Pts',(-1.29201252713619,0.0170041272035131,
1.93037620582262));
#1562=CARTESIAN_POINT('Ctrl Pts',(-1.29196133170156,2.51930851330462E-5,
1.93132491882398));
#1563=CARTESIAN_POINT('Ctrl Pts',(-1.29062007138029,0.00111319806504005,
1.44367508117602));
#1564=CARTESIAN_POINT('Ctrl Pts',(-1.28743512051609,-0.348200513677219,
1.46309859537806));
#1565=CARTESIAN_POINT('Ctrl Pts',(-0.960440607298308,-1.13150832573759,
1.50636251630681));
#1566=CARTESIAN_POINT('Ctrl Pts',(0.364679420882969,-1.4810364943964,1.57346684396226));
#1567=CARTESIAN_POINT('Ctrl Pts',(1.44261059514273,-0.495266957466092,1.64498806414236));
#1568=CARTESIAN_POINT('Ctrl Pts',(1.19749118107323,0.944564747260336,1.71650928432247));
#1569=CARTESIAN_POINT('Ctrl Pts',(-0.145713675771557,1.51841619808314,1.78803050450257));
#1570=CARTESIAN_POINT('Ctrl Pts',(-1.14463764509314,0.842033049286204,1.84708577012042));
#1571=CARTESIAN_POINT('Ctrl Pts',(-1.2881073880623,0.205856385531615,1.88230062901157));
#1572=CARTESIAN_POINT('Ctrl Pts',(-1.28785253327695,0.000254350524185043,
1.89367508117602));
#1573=CARTESIAN_POINT('Origin',(0.,0.,-0.993675081176017));
#1574=CARTESIAN_POINT('',(-1.29153619374104,-0.000774846364005738,0.993675081176016));
#1575=CARTESIAN_POINT('',(-1.28794094502214,0.000308322472090847,1.03132491882398));
#1576=CARTESIAN_POINT('',(-1.29,1.08255838657716E-14,-0.993675081176017));
#1577=CARTESIAN_POINT('Ctrl Pts',(-1.28794094502214,0.000308322472090845,
1.03132491882398));
#1578=CARTESIAN_POINT('Ctrl Pts',(-1.28744050336034,-0.234112955128743,
1.04429132510221));
#1579=CARTESIAN_POINT('Ctrl Pts',(-1.11396605184121,-0.900237679580209,
1.08109813810714));
#1580=CARTESIAN_POINT('Ctrl Pts',(-0.0442816396776301,-1.52461111955235,
1.14174535783877));
#1581=CARTESIAN_POINT('Ctrl Pts',(1.25780734236307,-0.862747298975284,1.21326657801887));
#1582=CARTESIAN_POINT('Ctrl Pts',(1.40638213824453,0.59033765677244,1.28478779819897));
#1583=CARTESIAN_POINT('Ctrl Pts',(0.265193472706412,1.50201323096228,1.35630901837907));
#1584=CARTESIAN_POINT('Ctrl Pts',(-1.00289648957707,1.07539091080525,1.42182139192075));
#1585=CARTESIAN_POINT('Ctrl Pts',(-1.28684230185878,0.320045400008624,1.46349335873572));
#1586=CARTESIAN_POINT('Ctrl Pts',(-1.28974844186717,-0.00119676534544618,
1.48132491882398));
#1587=CARTESIAN_POINT('Ctrl Pts',(-1.29153619374104,-0.000774846364005755,
0.993675081176016));
#1588=CARTESIAN_POINT('Ctrl Pts',(-1.29185949738277,-0.0463823364100696,
0.996215748291157));
#1589=CARTESIAN_POINT('Ctrl Pts',(-1.2689538774445,-0.519620368657249,1.022596822133));
#1590=CARTESIAN_POINT('Ctrl Pts',(-0.68497950070908,-1.36279379598992,1.07281830270154));
#1591=CARTESIAN_POINT('Ctrl Pts',(0.774849226619637,-1.31377893439343,1.14433952288165));
#1592=CARTESIAN_POINT('Ctrl Pts',(1.52407876760736,-0.059919490490344,1.21586074306175));
#1593=CARTESIAN_POINT('Ctrl Pts',(0.875602157022196,1.24888790561544,1.28738196324185));
#1594=CARTESIAN_POINT('Ctrl Pts',(-0.575870774127301,1.41236866729626,1.35890318342195));
#1595=CARTESIAN_POINT('Ctrl Pts',(-1.2484652185331,0.587948678255601,1.41100088940001));
#1596=CARTESIAN_POINT('Ctrl Pts',(-1.29134432681198,0.0805468734599199,
1.43925818865136));
#1597=CARTESIAN_POINT('Ctrl Pts',(-1.29062007138029,0.00111319806504005,
1.44367508117602));
#1598=CARTESIAN_POINT('Origin',(0.,0.,-0.993675081176017));
#1599=CARTESIAN_POINT('',(-1.28822643612109,-0.00067505087368594,0.543675081176016));
#1600=CARTESIAN_POINT('',(-1.29088501557704,0.0010511188279176,0.581324918823983));
#1601=CARTESIAN_POINT('',(-1.29,1.08255838657716E-14,-0.993675081176017));
#1602=CARTESIAN_POINT('Ctrl Pts',(-1.29088501557704,0.00105111882791758,
0.581324918823983));
#1603=CARTESIAN_POINT('Ctrl Pts',(-1.28772830643575,-0.357074443916449,
0.601248884742005));
#1604=CARTESIAN_POINT('Ctrl Pts',(-0.946450122411645,-1.14900502033417,
0.645013257386727));
#1605=CARTESIAN_POINT('Ctrl Pts',(0.395652047489179,-1.47304425826002,0.71261803675815));
#1606=CARTESIAN_POINT('Ctrl Pts',(1.45265918276676,-0.464959717712475,0.784139256938253));
#1607=CARTESIAN_POINT('Ctrl Pts',(1.17745890952441,0.969534286539487,0.855660477118356));
#1608=CARTESIAN_POINT('Ctrl Pts',(-0.17756724507931,1.51488399507111,0.927181697298459));
#1609=CARTESIAN_POINT('Ctrl Pts',(-1.1536137232515,0.823961267599024,0.985736511200334));
#1610=CARTESIAN_POINT('Ctrl Pts',(-1.28836062976269,0.19690073389789,1.02045091837551));
#1611=CARTESIAN_POINT('Ctrl Pts',(-1.28794094502214,0.000308322472090845,
1.03132491882398));
#1612=CARTESIAN_POINT('Ctrl Pts',(-1.28822643612109,-0.00067505087368587,
0.543675081176016));
#1613=CARTESIAN_POINT('Ctrl Pts',(-1.28904659457135,-0.172302368055755,
0.553173307930951));
#1614=CARTESIAN_POINT('Ctrl Pts',(-1.17720407274902,-0.773690048358475,
0.586511941412588));
#1615=CARTESIAN_POINT('Ctrl Pts',(-0.264518447036498,-1.50213234053345,
0.643690981620925));
#1616=CARTESIAN_POINT('Ctrl Pts',(1.11965959791096,-1.03574699438986,0.715212201801028));
#1617=CARTESIAN_POINT('Ctrl Pts',(1.47702929393792,0.380521833412267,0.786733421981132));
#1618=CARTESIAN_POINT('Ctrl Pts',(0.479836605120727,1.44781109629698,0.858254642161233));
#1619=CARTESIAN_POINT('Ctrl Pts',(-0.906346961738639,1.19659718671534,0.927235195226195));
#1620=CARTESIAN_POINT('Ctrl Pts',(-1.28882577042612,0.381576566982824,0.972375341564456));
#1621=CARTESIAN_POINT('Ctrl Pts',(-1.29153619374104,-0.000774846364005755,
0.993675081176016));
#1622=CARTESIAN_POINT('Origin',(0.,0.,-0.993675081176017));
#1623=CARTESIAN_POINT('',(-1.28874141367246,0.00162021788148989,0.0936750811760158));
#1624=CARTESIAN_POINT('',(-1.29131864227452,-0.000848544946333841,0.131324918823983));
#1625=CARTESIAN_POINT('',(-1.29,1.08255838657716E-14,-0.993675081176017));
#1626=CARTESIAN_POINT('',(-0.335179827523349,1.24569437793602,0.));
#1627=CARTESIAN_POINT('Ctrl Pts',(-0.335179827523349,1.24569437793602,0.));
#1628=CARTESIAN_POINT('Ctrl Pts',(-0.749840186517206,1.13412143510986,0.0238404067267009));
#1629=CARTESIAN_POINT('Ctrl Pts',(-1.20951901439807,0.696748460041027,0.0550654337853729));
#1630=CARTESIAN_POINT('Ctrl Pts',(-1.28976959007856,0.134879019308179,0.0862904608440448));
#1631=CARTESIAN_POINT('Ctrl Pts',(-1.28874141367246,0.00162021788148989,
0.0936750811760158));
#1632=CARTESIAN_POINT('',(0.335974919046061,1.24788077544852,-8.67361737988404E-18));
#1633=CARTESIAN_POINT('Origin',(0.,0.,0.));
#1634=CARTESIAN_POINT('Ctrl Pts',(0.33597638630688,1.24788481022352,-7.44033740868177E-17));
#1635=CARTESIAN_POINT('Ctrl Pts',(-0.0622166865770547,1.35394454833445,
0.0229756850457416));
#1636=CARTESIAN_POINT('Ctrl Pts',(-0.92830022082432,1.16325713267843,0.0667506579870693));
#1637=CARTESIAN_POINT('Ctrl Pts',(-1.28837143066906,0.372586821975036,0.110525630928397));
#1638=CARTESIAN_POINT('Ctrl Pts',(-1.29131864227452,-0.000848544946333791,
0.131324918823982));
#1639=CARTESIAN_POINT('Origin',(0.,0.,-0.993675081176017));
#1640=CARTESIAN_POINT('Ctrl Pts',(-1.29131864227452,-0.000848544946333834,
0.131324918823982));
#1641=CARTESIAN_POINT('Ctrl Pts',(-1.29174956186935,-0.0554495164916131,
0.134366037655098));
#1642=CARTESIAN_POINT('Ctrl Pts',(-1.26378586839019,-0.537662671037199,
0.161247563212914));
#1643=CARTESIAN_POINT('Ctrl Pts',(-0.656254892433785,-1.37700756026637,
0.211969495497431));
#1644=CARTESIAN_POINT('Ctrl Pts',(0.802213383867638,-1.29716649039089,0.283490715677533));
#1645=CARTESIAN_POINT('Ctrl Pts',(1.52500176210064,-0.0280032257763163,
0.355011935857637));
#1646=CARTESIAN_POINT('Ctrl Pts',(0.849230827818116,1.26699133258954,0.426533156037739));
#1647=CARTESIAN_POINT('Ctrl Pts',(-0.60534994566009,1.39997241660012,0.498054376217842));
#1648=CARTESIAN_POINT('Ctrl Pts',(-1.25422025137615,0.569707567118633,0.549651630479923));
#1649=CARTESIAN_POINT('Ctrl Pts',(-1.29150552780603,0.0714476239381089,
0.577408478015304));
#1650=CARTESIAN_POINT('Ctrl Pts',(-1.29088501557704,0.00105111882791758,
0.581324918823983));
#1651=CARTESIAN_POINT('Ctrl Pts',(-1.28874141367246,0.00162021788148989,
0.0936750811760158));
#1652=CARTESIAN_POINT('Ctrl Pts',(-1.28645023950857,-0.29533186264748,0.110130867570746));
#1653=CARTESIAN_POINT('Ctrl Pts',(-1.03755642022969,-1.02709672862187,0.150427060692177));
#1654=CARTESIAN_POINT('Ctrl Pts',(0.178523741367854,-1.51431935605258,0.214563660540308));
#1655=CARTESIAN_POINT('Ctrl Pts',(1.36989890984515,-0.670608659958977,0.286084880720411));
#1656=CARTESIAN_POINT('Ctrl Pts',(1.3054878698319,0.789000410411733,0.357606100900514));
#1657=CARTESIAN_POINT('Ctrl Pts',(0.0435633017804381,1.52456220904663,0.429127321080617));
#1658=CARTESIAN_POINT('Ctrl Pts',(-1.08529444656128,0.950183076840728,0.491150314505784));
#1659=CARTESIAN_POINT('Ctrl Pts',(-1.28698800915968,0.258479624478473,0.52933290120425));
#1660=CARTESIAN_POINT('Ctrl Pts',(-1.28822643612109,-0.00067505087368587,
0.543675081176016));
#1661=CARTESIAN_POINT('Ctrl Pts',(0.776397497473617,-0.688572427865585,
-1.38777878078145E-16));
#1662=CARTESIAN_POINT('Ctrl Pts',(1.0056059575817,-0.430129208785024,0.0238404067267008));
#1663=CARTESIAN_POINT('Ctrl Pts',(1.18165146442961,0.329165276291276,0.0715212201801025));
#1664=CARTESIAN_POINT('Ctrl Pts',(0.361459989061965,1.17341377161096,0.143042440360206));
#1665=CARTESIAN_POINT('Ctrl Pts',(-0.790017436061572,0.938360802084633,
0.214563660540308));
#1666=CARTESIAN_POINT('Ctrl Pts',(-1.21707403894772,-0.155643780274047,
0.286084880720412));
#1667=CARTESIAN_POINT('Ctrl Pts',(-0.527929081103225,-1.10774387260963,
0.357606100900513));
#1668=CARTESIAN_POINT('Ctrl Pts',(0.645346464425303,-1.04351513597143,0.429127321080617));
#1669=CARTESIAN_POINT('Ctrl Pts',(1.22679889815499,-0.0225274012010646,
0.500648541260719));
#1670=CARTESIAN_POINT('Ctrl Pts',(0.68316999346376,1.01924050805798,0.572169761440822));
#1671=CARTESIAN_POINT('Ctrl Pts',(-0.486978221789736,1.12621812040835,0.643690981620925));
#1672=CARTESIAN_POINT('Ctrl Pts',(-1.21052940068885,0.200395031651225,0.715212201801028));
#1673=CARTESIAN_POINT('Ctrl Pts',(-0.823925237164412,-0.909224234069062,
0.786733421981132));
#1674=CARTESIAN_POINT('Ctrl Pts',(0.3182852033193,-1.18500130155763,0.858254642161231));
#1675=CARTESIAN_POINT('Ctrl Pts',(1.16860237745442,-0.374040269035753,0.929775862341338));
#1676=CARTESIAN_POINT('Ctrl Pts',(0.947215490975938,0.77994899678787,1.00129708252144));
#1677=CARTESIAN_POINT('Ctrl Pts',(-0.142845277969811,1.2186595859574,1.07281830270154));
#1678=CARTESIAN_POINT('Ctrl Pts',(-1.10190541600473,0.539761130607465,1.14433952288164));
#1679=CARTESIAN_POINT('Ctrl Pts',(-1.05042797030802,-0.634144083507086,
1.21586074306175));
#1680=CARTESIAN_POINT('Ctrl Pts',(-0.0356226911437673,-1.22648464288019,
1.28738196324185));
#1681=CARTESIAN_POINT('Ctrl Pts',(1.01185237948626,-0.694043418226047,1.35890318342195));
#1682=CARTESIAN_POINT('Ctrl Pts',(1.13137446818857,0.474901475438449,1.43042440360206));
#1683=CARTESIAN_POINT('Ctrl Pts',(0.21333684209386,1.20830560498536,1.50194562378216));
#1684=CARTESIAN_POINT('Ctrl Pts',(-0.900354073940169,0.833627611571799,
1.57346684396226));
#1685=CARTESIAN_POINT('Ctrl Pts',(-1.18833536210965,-0.30561755099945,1.64498806414236));
#1686=CARTESIAN_POINT('Ctrl Pts',(-0.386537607462939,-1.16446750756066,
1.71650928432247));
#1687=CARTESIAN_POINT('Ctrl Pts',(0.769787830597176,-0.955631884065811,
1.78803050450257));
#1688=CARTESIAN_POINT('Ctrl Pts',(1.2200767078852,0.130027033706529,1.85955172468267));
#1689=CARTESIAN_POINT('Ctrl Pts',(0.551604323849337,1.09561910081968,1.93107294486277));
#1690=CARTESIAN_POINT('Ctrl Pts',(-0.623017457470504,1.05801817129287,2.00259416504288));
#1691=CARTESIAN_POINT('Ctrl Pts',(-1.22574165579254,0.046982504823901,2.07411538522298));
#1692=CARTESIAN_POINT('Ctrl Pts',(-0.878879055200613,-0.651019265846656,
2.12179619867638));
#1693=CARTESIAN_POINT('Ctrl Pts',(-0.596117853988967,-0.849451921332566,
2.14563660540308));
#1694=CARTESIAN_POINT('Ctrl Pts',(0.839304835059008,-0.744363769688147,
-0.0485455351343612));
#1695=CARTESIAN_POINT('Ctrl Pts',(1.08708483104191,-0.464980278540432,-0.0247051284076602));
#1696=CARTESIAN_POINT('Ctrl Pts',(1.27739436394053,0.355835778481744,0.0229756850457417));
#1697=CARTESIAN_POINT('Ctrl Pts',(0.390747159138535,1.26848921492224,0.0944969052258445));
#1698=CARTESIAN_POINT('Ctrl Pts',(-0.854028324440768,1.01439116017533,0.166018125405947));
#1699=CARTESIAN_POINT('Ctrl Pts',(-1.3156870402565,-0.168254763514753,0.23753934558605));
#1700=CARTESIAN_POINT('Ctrl Pts',(-0.570704351546745,-1.19749843516188,
0.309060565766153));
#1701=CARTESIAN_POINT('Ctrl Pts',(0.697635437572748,-1.12806558744459,0.380581785946255));
#1702=CARTESIAN_POINT('Ctrl Pts',(1.32619985280354,-0.0243526760594818,
0.452103006126358));
#1703=CARTESIAN_POINT('Ctrl Pts',(0.738523604915211,1.10182411623517,0.523624226306461));
#1704=CARTESIAN_POINT('Ctrl Pts',(-0.526435463079853,1.21746955247227,0.595145446486564));
#1705=CARTESIAN_POINT('Ctrl Pts',(-1.30861212495569,0.216631969492395,0.666666666666666));
#1706=CARTESIAN_POINT('Ctrl Pts',(-0.890683493351586,-0.982893811855594,
0.738187886846771));
#1707=CARTESIAN_POINT('Ctrl Pts',(0.344074151375925,-1.28101562045842,0.80970910702687));
#1708=CARTESIAN_POINT('Ctrl Pts',(1.26328797922521,-0.404346751927994,0.881230327206976));
#1709=CARTESIAN_POINT('Ctrl Pts',(1.02396329715876,0.843144093371743,0.952751547387076));
#1710=CARTESIAN_POINT('Ctrl Pts',(-0.15441926700631,1.31740105566197,1.02427276756718));
#1711=CARTESIAN_POINT('Ctrl Pts',(-1.19118691963829,0.583495088752725,1.09579398774728));
#1712=CARTESIAN_POINT('Ctrl Pts',(-1.13553853178243,-0.685525387631284,
1.16731520792739));
#1713=CARTESIAN_POINT('Ctrl Pts',(-0.0385090073217221,-1.32586013510424,
1.23883642810749));
#1714=CARTESIAN_POINT('Ctrl Pts',(1.09383736711187,-0.750278045142459,1.31035764828759));
#1715=CARTESIAN_POINT('Ctrl Pts',(1.22304369154056,0.513380202549778,1.3818788684677));
#1716=CARTESIAN_POINT('Ctrl Pts',(0.230622385631377,1.30620814697767,1.4534000886478));
#1717=CARTESIAN_POINT('Ctrl Pts',(-0.973304950082915,0.901171999275641,
1.5249213088279));
#1718=CARTESIAN_POINT('Ctrl Pts',(-1.28461982210874,-0.330380106926411,
1.596442529008));
#1719=CARTESIAN_POINT('Ctrl Pts',(-0.417856682860842,-1.25881808293437,
1.66796374918811));
#1720=CARTESIAN_POINT('Ctrl Pts',(0.832159622219479,-1.03306162557568,1.73948496936821));
#1721=CARTESIAN_POINT('Ctrl Pts',(1.3189329994018,0.140562428953447,1.81100618954831));
#1722=CARTESIAN_POINT('Ctrl Pts',(0.596297872613808,1.18439125794866,1.88252740972842));
#1723=CARTESIAN_POINT('Ctrl Pts',(-0.67349723058443,1.14374372616595,1.95404862990851));
#1724=CARTESIAN_POINT('Ctrl Pts',(-1.32505694774585,0.0507892459599582,
2.02556985008862));
#1725=CARTESIAN_POINT('Ctrl Pts',(-0.950089925408388,-0.703767875759069,
2.07325066354202));
#1726=CARTESIAN_POINT('Ctrl Pts',(-0.644418096073194,-0.918278468238899,
2.09709107026872));
#1727=CARTESIAN_POINT('Ctrl Pts',(0.902212172644399,-0.80015511151071,-0.0970910702687223));
#1728=CARTESIAN_POINT('Ctrl Pts',(1.16856370450211,-0.499831348295839,-0.0732506635420213));
#1729=CARTESIAN_POINT('Ctrl Pts',(1.37313726345145,0.382506280672212,-0.0255698500886191));
#1730=CARTESIAN_POINT('Ctrl Pts',(0.420034329215106,1.36356465823353,0.0459513700914833));
#1731=CARTESIAN_POINT('Ctrl Pts',(-0.918039212819965,1.09042151826602,0.117472590271586));
#1732=CARTESIAN_POINT('Ctrl Pts',(-1.41430004156528,-0.180865746755459,
0.188993810451689));
#1733=CARTESIAN_POINT('Ctrl Pts',(-0.613479621990265,-1.28725299771412,
0.260515030631792));
#1734=CARTESIAN_POINT('Ctrl Pts',(0.749924410720193,-1.21261603891774,0.332036250811894));
#1735=CARTESIAN_POINT('Ctrl Pts',(1.42560080745209,-0.026177950917899,0.403557470991997));
#1736=CARTESIAN_POINT('Ctrl Pts',(0.793877216366663,1.18440772441235,0.4750786911721));
#1737=CARTESIAN_POINT('Ctrl Pts',(-0.565892704369972,1.3087209845362,0.546599911352203));
#1738=CARTESIAN_POINT('Ctrl Pts',(-1.40669484922254,0.232868907333565,0.618121131532305));
#1739=CARTESIAN_POINT('Ctrl Pts',(-0.957441749538763,-1.05656338964213,
0.689642351712409));
#1740=CARTESIAN_POINT('Ctrl Pts',(0.369863099432554,-1.37702993935922,0.76116357189251));
#1741=CARTESIAN_POINT('Ctrl Pts',(1.35797358099598,-0.434653234820235,0.832684792072614));
#1742=CARTESIAN_POINT('Ctrl Pts',(1.10071110334159,0.906339189955615,0.904206012252717));
#1743=CARTESIAN_POINT('Ctrl Pts',(-0.165993256042811,1.41614252536654,0.97572723243282));
#1744=CARTESIAN_POINT('Ctrl Pts',(-1.28046842327185,0.627229046897986,1.04724845261292));
#1745=CARTESIAN_POINT('Ctrl Pts',(-1.22064909325684,-0.736906691755484,
1.11876967279303));
#1746=CARTESIAN_POINT('Ctrl Pts',(-0.0413953234996759,-1.42523562732829,
1.19029089297313));
#1747=CARTESIAN_POINT('Ctrl Pts',(1.17582235473747,-0.806512672058872,1.26181211315323));
#1748=CARTESIAN_POINT('Ctrl Pts',(1.31471291489254,0.55185892966111,1.33333333333333));
#1749=CARTESIAN_POINT('Ctrl Pts',(0.247907929168894,1.40411068896997,1.40485455351344));
#1750=CARTESIAN_POINT('Ctrl Pts',(-1.04625582622566,0.968716386979484,1.47637577369354));
#1751=CARTESIAN_POINT('Ctrl Pts',(-1.38090428210782,-0.355142662853372,
1.54789699387365));
#1752=CARTESIAN_POINT('Ctrl Pts',(-0.449175758258747,-1.35316865830807,
1.61941821405374));
#1753=CARTESIAN_POINT('Ctrl Pts',(0.894531413841783,-1.11049136708555,1.69093943423385));
#1754=CARTESIAN_POINT('Ctrl Pts',(1.41778929091839,0.151097824200367,1.76246065441395));
#1755=CARTESIAN_POINT('Ctrl Pts',(0.640991421378281,1.27316341507762,1.83398187459405));
#1756=CARTESIAN_POINT('Ctrl Pts',(-0.723977003698357,1.22946928103904,1.90550309477415));
#1757=CARTESIAN_POINT('Ctrl Pts',(-1.42437223969917,0.0545959870960146,
1.97702431495426));
#1758=CARTESIAN_POINT('Ctrl Pts',(-1.02130079561616,-0.756516485671482,
2.02470512840766));
#1759=CARTESIAN_POINT('Ctrl Pts',(-0.69271833815742,-0.987105015145231,
2.04854553513436));
#1760=CARTESIAN_POINT('Ctrl Pts',(0.965119510229791,-0.855946453333273,
-0.145636605403083));
#1761=CARTESIAN_POINT('Ctrl Pts',(1.25004257796232,-0.534682418051246,-0.121796198676382));
#1762=CARTESIAN_POINT('Ctrl Pts',(1.46888016296237,0.409176782862681,-0.07411538522298));
#1763=CARTESIAN_POINT('Ctrl Pts',(0.449321499291675,1.45864010154482,-0.00259416504287783));
#1764=CARTESIAN_POINT('Ctrl Pts',(-0.982050101199161,1.16645187635671,0.0689270551372252));
#1765=CARTESIAN_POINT('Ctrl Pts',(-1.51291304287406,-0.193476729996165,
0.140448275317328));
#1766=CARTESIAN_POINT('Ctrl Pts',(-0.656254892433785,-1.37700756026637,
0.211969495497431));
#1767=CARTESIAN_POINT('Ctrl Pts',(0.802213383867638,-1.29716649039089,0.283490715677533));
#1768=CARTESIAN_POINT('Ctrl Pts',(1.52500176210064,-0.0280032257763163,
0.355011935857637));
#1769=CARTESIAN_POINT('Ctrl Pts',(0.849230827818116,1.26699133258954,0.426533156037739));
#1770=CARTESIAN_POINT('Ctrl Pts',(-0.60534994566009,1.39997241660012,0.498054376217842));
#1771=CARTESIAN_POINT('Ctrl Pts',(-1.50477757348939,0.249105845174733,0.569575596397945));
#1772=CARTESIAN_POINT('Ctrl Pts',(-1.02420000572594,-1.13023296742866,0.641096816578047));
#1773=CARTESIAN_POINT('Ctrl Pts',(0.395652047489179,-1.47304425826002,0.71261803675815));
#1774=CARTESIAN_POINT('Ctrl Pts',(1.45265918276676,-0.464959717712475,0.784139256938253));
#1775=CARTESIAN_POINT('Ctrl Pts',(1.17745890952441,0.969534286539487,0.855660477118356));
#1776=CARTESIAN_POINT('Ctrl Pts',(-0.17756724507931,1.51488399507111,0.927181697298459));
#1777=CARTESIAN_POINT('Ctrl Pts',(-1.36974992690542,0.670963005043246,0.998702917478561));
#1778=CARTESIAN_POINT('Ctrl Pts',(-1.30575965473124,-0.788287995879682,
1.07022413765866));
#1779=CARTESIAN_POINT('Ctrl Pts',(-0.0442816396776301,-1.52461111955235,
1.14174535783877));
#1780=CARTESIAN_POINT('Ctrl Pts',(1.25780734236307,-0.862747298975284,1.21326657801887));
#1781=CARTESIAN_POINT('Ctrl Pts',(1.40638213824453,0.59033765677244,1.28478779819897));
#1782=CARTESIAN_POINT('Ctrl Pts',(0.265193472706412,1.50201323096228,1.35630901837907));
#1783=CARTESIAN_POINT('Ctrl Pts',(-1.11920670236841,1.03626077468333,1.42783023855918));
#1784=CARTESIAN_POINT('Ctrl Pts',(-1.47718874210691,-0.379905218780334,
1.49935145873928));
#1785=CARTESIAN_POINT('Ctrl Pts',(-0.480494833656652,-1.44751923368177,
1.57087267891938));
#1786=CARTESIAN_POINT('Ctrl Pts',(0.956903205464089,-1.18792110859542,1.64239389909949));
#1787=CARTESIAN_POINT('Ctrl Pts',(1.51664558243498,0.161633219447287,1.71391511927959));
#1788=CARTESIAN_POINT('Ctrl Pts',(0.685684970142755,1.3619355722066,1.78543633945969));
#1789=CARTESIAN_POINT('Ctrl Pts',(-0.774456776812285,1.31519483591212,1.85695755963979));
#1790=CARTESIAN_POINT('Ctrl Pts',(-1.52368753165249,0.0584027282320716,
1.9284787798199));
#1791=CARTESIAN_POINT('Ctrl Pts',(-1.09251166582394,-0.809265095583895,
1.9761595932733));
#1792=CARTESIAN_POINT('Ctrl Pts',(-0.741018580241646,-1.05593156205156,
2.));
#1793=CARTESIAN_POINT('Ctrl Pts',(-0.741018580241646,-1.05593156205156,
2.));
#1794=CARTESIAN_POINT('Ctrl Pts',(-0.780866145588625,-1.02183506122201,
2.));
#1795=CARTESIAN_POINT('Ctrl Pts',(-0.818309899300843,-0.985239863967896,
2.));
#1796=CARTESIAN_POINT('Ctrl Pts',(-0.853275781011862,-0.94646102623619,
2.));
#1797=CARTESIAN_POINT('Ctrl Pts',(-0.888646348880707,-0.907233372170427,
2.));
#1798=CARTESIAN_POINT('Ctrl Pts',(-0.921481769025847,-0.86577008633473,
2.));
#1799=CARTESIAN_POINT('Ctrl Pts',(-0.951659530670904,-0.822368484969618,
2.));
#1800=CARTESIAN_POINT('Ctrl Pts',(-0.97349961441523,-0.790958116646057,
2.));
#1801=CARTESIAN_POINT('Ctrl Pts',(-0.993946774061873,-0.758531874492655,
2.));
#1802=CARTESIAN_POINT('Ctrl Pts',(-1.01293802545589,-0.725198398010472,
2.));
#1803=CARTESIAN_POINT('Ctrl Pts',(-1.02110748530741,-0.710859348298443,
2.));
#1804=CARTESIAN_POINT('Ctrl Pts',(-1.02900735342416,-0.696352401650048,
2.));
#1805=CARTESIAN_POINT('Ctrl Pts',(-1.03663177230993,-0.681686200534228,
2.));
#1806=CARTESIAN_POINT('Ctrl Pts',(-1.04126534590501,-0.672773138011239,
2.));
#1807=CARTESIAN_POINT('Ctrl Pts',(-1.04579752869878,-0.663800296649819,
2.));
#1808=CARTESIAN_POINT('Ctrl Pts',(-1.05021978139407,-0.654784894781266,
2.));
#1809=CARTESIAN_POINT('Ctrl Pts',(-1.07291999255157,-0.60850723038998,2.));
#1810=CARTESIAN_POINT('Ctrl Pts',(-1.0927764411875,-0.561017705173157,2.));
#1811=CARTESIAN_POINT('Ctrl Pts',(-1.10968197555461,-0.512597904919175,
2.));
#1812=CARTESIAN_POINT('Ctrl Pts',(-1.12620117283347,-0.465284627785842,
2.));
#1813=CARTESIAN_POINT('Ctrl Pts',(-1.13990284789232,-0.417082035617447,
2.));
#1814=CARTESIAN_POINT('Ctrl Pts',(-1.15063870942729,-0.36824830022158,2.));
#1815=CARTESIAN_POINT('Ctrl Pts',(-1.15812022977294,-0.334217441707925,
2.));
#1816=CARTESIAN_POINT('Ctrl Pts',(-1.16416046889217,-0.299879980664723,
2.));
#1817=CARTESIAN_POINT('Ctrl Pts',(-1.16869458246793,-0.265325959205929,
2.));
#1818=CARTESIAN_POINT('Ctrl Pts',(-1.1703567920698,-0.252658427770636,2.));
#1819=CARTESIAN_POINT('Ctrl Pts',(-1.17181646380422,-0.239961827964171,
2.));
#1820=CARTESIAN_POINT('Ctrl Pts',(-1.17306997883367,-0.227240746925766,
2.));
#1821=CARTESIAN_POINT('Ctrl Pts',(-1.17387305444594,-0.219090872609411,
2.));
#1822=CARTESIAN_POINT('Ctrl Pts',(-1.17459128920355,-0.210932525853338,
2.));
#1823=CARTESIAN_POINT('Ctrl Pts',(-1.175223258187,-0.202776210852094,2.));
#1824=CARTESIAN_POINT('Ctrl Pts',(-1.17895948353618,-0.154555757536454,
2.));
#1825=CARTESIAN_POINT('Ctrl Pts',(-1.17969388515193,-0.106315004608281,
2.));
#1826=CARTESIAN_POINT('Ctrl Pts',(-1.17730059020478,-0.0582923123009607,
2.));
#1827=CARTESIAN_POINT('Ctrl Pts',(-1.17555975290827,-0.0233615178551153,
2.));
#1828=CARTESIAN_POINT('Ctrl Pts',(-1.17216310581301,0.0114539653053332,
2.));
#1829=CARTESIAN_POINT('Ctrl Pts',(-1.16704526496402,0.0460582995185924,
2.));
#1830=CARTESIAN_POINT('Ctrl Pts',(-1.1603308546399,0.0914578548694554,2.));
#1831=CARTESIAN_POINT('Ctrl Pts',(-1.15065432493143,0.136495166649432,2.));
#1832=CARTESIAN_POINT('Ctrl Pts',(-1.13815110879381,0.180936571370317,2.));
#1833=CARTESIAN_POINT('Ctrl Pts',(-1.13477056288057,0.192952376540313,2.));
#1834=CARTESIAN_POINT('Ctrl Pts',(-1.13118321399874,0.204924475870994,2.));
#1835=CARTESIAN_POINT('Ctrl Pts',(-1.12739139529013,0.216847901984479,2.));
#1836=CARTESIAN_POINT('Ctrl Pts',(-1.12466254898949,0.22542879673212,2.));
#1837=CARTESIAN_POINT('Ctrl Pts',(-1.12182804427126,0.233983379250595,2.));
#1838=CARTESIAN_POINT('Ctrl Pts',(-1.11889321274151,0.242497863222832,2.));
#1839=CARTESIAN_POINT('Ctrl Pts',(-1.10317067367321,0.288111829661237,2.));
#1840=CARTESIAN_POINT('Ctrl Pts',(-1.08454328765701,0.332671035431104,2.));
#1841=CARTESIAN_POINT('Ctrl Pts',(-1.06321179721416,0.375927409073811,2.));
#1842=CARTESIAN_POINT('Ctrl Pts',(-1.04194243342734,0.419057801184477,2.));
#1843=CARTESIAN_POINT('Ctrl Pts',(-1.01798378452705,0.460893865199708,2.));
#1844=CARTESIAN_POINT('Ctrl Pts',(-0.991495986037619,0.501156308941203,
2.));
#1845=CARTESIAN_POINT('Ctrl Pts',(-0.977309791552581,0.522719854797523,
2.));
#1846=CARTESIAN_POINT('Ctrl Pts',(-0.962397554342226,0.543831369394434,
2.));
#1847=CARTESIAN_POINT('Ctrl Pts',(-0.946780627332673,0.564442604210333,
2.));
#1848=CARTESIAN_POINT('Ctrl Pts',(-0.9383685772801,0.575544835706364,2.));
#1849=CARTESIAN_POINT('Ctrl Pts',(-0.929752033246312,0.586501844116885,
2.));
#1850=CARTESIAN_POINT('Ctrl Pts',(-0.920934136096699,0.597305559978511,
2.));
#1851=CARTESIAN_POINT('Ctrl Pts',(-0.914636987353418,0.60502084681011,2.));
#1852=CARTESIAN_POINT('Ctrl Pts',(-0.908237883468036,0.612656878199496,
2.));
#1853=CARTESIAN_POINT('Ctrl Pts',(-0.901746338966611,0.6202014724066,2.));
#1854=CARTESIAN_POINT('Ctrl Pts',(-0.871546288152494,0.655300535253108,
2.));
#1855=CARTESIAN_POINT('Ctrl Pts',(-0.839301339944342,0.688481300135656,
2.));
#1856=CARTESIAN_POINT('Ctrl Pts',(-0.8051556587424,0.719479507041132,2.));
#1857=CARTESIAN_POINT('Ctrl Pts',(-0.781824230939226,0.740660294800664,
2.));
#1858=CARTESIAN_POINT('Ctrl Pts',(-0.757604775670026,0.760821270234044,
2.));
#1859=CARTESIAN_POINT('Ctrl Pts',(-0.732538298460624,0.779864944720833,
2.));
#1860=CARTESIAN_POINT('Ctrl Pts',(-0.723052027382395,0.787071919079378,
2.));
#1861=CARTESIAN_POINT('Ctrl Pts',(-0.713443323938684,0.794119332006937,
2.));
#1862=CARTESIAN_POINT('Ctrl Pts',(-0.703728851440085,0.800991738956926,
2.));
#1863=CARTESIAN_POINT('Ctrl Pts',(-0.667723677073383,0.826463241458887,
2.));
#1864=CARTESIAN_POINT('Ctrl Pts',(-0.63022286477706,0.84956875241937,2.));
#1865=CARTESIAN_POINT('Ctrl Pts',(-0.591348131019381,0.870049244675943,
2.));
#1866=CARTESIAN_POINT('Ctrl Pts',(-0.571256075638754,0.880634402305744,
2.));
#1867=CARTESIAN_POINT('Ctrl Pts',(-0.550796775015522,0.890517577844022,
2.));
#1868=CARTESIAN_POINT('Ctrl Pts',(-0.529986021912869,0.899657571624101,
2.));
#1869=CARTESIAN_POINT('Ctrl Pts',(-0.518462923170724,0.904718467321193,
2.));
#1870=CARTESIAN_POINT('Ctrl Pts',(-0.506832058324815,0.909551430553224,
2.));
#1871=CARTESIAN_POINT('Ctrl Pts',(-0.495100279495469,0.914156171491675,
2.));
#1872=CARTESIAN_POINT('Ctrl Pts',(0.776397497473617,-0.688572427865585,
-1.38777878078145E-16));
#1873=CARTESIAN_POINT('Ctrl Pts',(0.808887609407314,-0.659711965811338,
-1.5373452655534E-16));
#1874=CARTESIAN_POINT('Ctrl Pts',(0.839274883253525,-0.62877476053653,-1.04061632183569E-16));
#1875=CARTESIAN_POINT('Ctrl Pts',(0.867552341422004,-0.596064583424969,
-1.21430643318376E-16));
#1876=CARTESIAN_POINT('Ctrl Pts',(0.897122574550648,-0.56185897848321,-1.39593722383339E-16));
#1877=CARTESIAN_POINT('Ctrl Pts',(0.92438633823505,-0.525714131787687,-3.63390122182416E-17));
#1878=CARTESIAN_POINT('Ctrl Pts',(0.949309656521823,-0.487926681051132,
-5.55111512312578E-17));
#1879=CARTESIAN_POINT('Ctrl Pts',(0.968519430920183,-0.458801811104596,
-7.02881749379889E-17));
#1880=CARTESIAN_POINT('Ctrl Pts',(0.986338370720642,-0.42869995977897,-1.04053034106336E-16));
#1881=CARTESIAN_POINT('Ctrl Pts',(1.00273727050801,-0.397740914701599,-1.07552855510562E-16));
#1882=CARTESIAN_POINT('Ctrl Pts',(1.00788500811049,-0.388022638320375,-1.08651475691068E-16));
#1883=CARTESIAN_POINT('Ctrl Pts',(1.01289271996838,-0.378219810012553,-2.62400177541136E-16));
#1884=CARTESIAN_POINT('Ctrl Pts',(1.01775922255483,-0.368335919033288,-2.84494650060196E-16));
#1885=CARTESIAN_POINT('Ctrl Pts',(1.02161557248275,-0.360503653132179,-3.02002915183422E-16));
#1886=CARTESIAN_POINT('Ctrl Pts',(1.02538241604617,-0.352621961780234,-1.95520809167617E-16));
#1887=CARTESIAN_POINT('Ctrl Pts',(1.02905437252898,-0.344703687075055,-2.0122792321331E-16));
#1888=CARTESIAN_POINT('Ctrl Pts',(1.0488322432561,-0.302054321747835,-2.31967547811031E-16));
#1889=CARTESIAN_POINT('Ctrl Pts',(1.06590234462042,-0.258262006046354,-1.69162248370144E-16));
#1890=CARTESIAN_POINT('Ctrl Pts',(1.0802339745421,-0.213641179179943,-1.45716771982052E-16));
#1891=CARTESIAN_POINT('Ctrl Pts',(1.09484755374152,-0.168142517065444,-1.21810047629118E-16));
#1892=CARTESIAN_POINT('Ctrl Pts',(1.10661451806668,-0.121781476338505,-2.24234660826967E-16));
#1893=CARTESIAN_POINT('Ctrl Pts',(1.11546276726837,-0.0748554625793718,
-2.35922392732846E-16));
#1894=CARTESIAN_POINT('Ctrl Pts',(1.1215044923152,-0.0428136352965464,-2.43902961655201E-16));
#1895=CARTESIAN_POINT('Ctrl Pts',(1.12618457674208,-0.0105076401317147,
-9.41959052119713E-17));
#1896=CARTESIAN_POINT('Ctrl Pts',(1.12946733589826,0.021973555447297,-9.0205620750794E-17));
#1897=CARTESIAN_POINT('Ctrl Pts',(1.13036910652958,0.0308961071331776,-8.91094936313468E-17));
#1898=CARTESIAN_POINT('Ctrl Pts',(1.13116537034222,0.0398318960297515,-9.90013646411717E-17));
#1899=CARTESIAN_POINT('Ctrl Pts',(1.13185523530707,0.0487791081508309,-1.04083408558608E-16));
#1900=CARTESIAN_POINT('Ctrl Pts',(1.13254735383353,0.0577555478668506,-1.09182053839585E-16));
#1901=CARTESIAN_POINT('Ctrl Pts',(1.13313167981534,0.0667347434600168,-8.91059129450932E-17));
#1902=CARTESIAN_POINT('Ctrl Pts',(1.13360779072716,0.0757119704280361,-9.0205620750794E-17));
#1903=CARTESIAN_POINT('Ctrl Pts',(1.1362162647023,0.124895600404877,-9.62306017377861E-17));
#1904=CARTESIAN_POINT('Ctrl Pts',(1.13558221879948,0.174044372751144,-5.56895783735014E-17));
#1905=CARTESIAN_POINT('Ctrl Pts',(1.13164464596011,0.222841961846074,-2.77555756156289E-17));
#1906=CARTESIAN_POINT('Ctrl Pts',(1.12919384226034,0.253214304599464,-1.03690382482655E-17));
#1907=CARTESIAN_POINT('Ctrl Pts',(1.12546239312659,0.283451197871841,-7.08522136142255E-17));
#1908=CARTESIAN_POINT('Ctrl Pts',(1.12042598907217,0.313479860262626,-5.55111512312578E-17));
#1909=CARTESIAN_POINT('Ctrl Pts',(1.11254528198163,0.360467173048807,-4.75178000745119E-17));
#1910=CARTESIAN_POINT('Ctrl Pts',(1.10147225411006,0.406945123059614,-3.75066699598947E-18));
#1911=CARTESIAN_POINT('Ctrl Pts',(1.08741771045171,0.452719579649435,-2.77555756156289E-17));
#1912=CARTESIAN_POINT('Ctrl Pts',(1.08392360218176,0.464099593914646,-3.37234499035639E-17));
#1913=CARTESIAN_POINT('Ctrl Pts',(1.080244964729,0.475436105348607,5.57291378911323E-17));
#1914=CARTESIAN_POINT('Ctrl Pts',(1.07638455485058,0.486726061595385,6.93889390390723E-17));
#1915=CARTESIAN_POINT('Ctrl Pts',(1.07317482873273,0.496113061571034,8.0746339390351E-17));
#1916=CARTESIAN_POINT('Ctrl Pts',(1.06984224242564,0.50545953805962,1.77370986067927E-17));
#1917=CARTESIAN_POINT('Ctrl Pts',(1.06639095966652,0.514758864489991,1.38777878078145E-17));
#1918=CARTESIAN_POINT('Ctrl Pts',(1.04925551113327,0.56092956117382,-5.28349980182282E-18));
#1919=CARTESIAN_POINT('Ctrl Pts',(1.02918524953229,0.605976733567693,-2.48270950133215E-17));
#1920=CARTESIAN_POINT('Ctrl Pts',(1.00644907010494,0.649698906175476,-1.38777878078145E-17));
#1921=CARTESIAN_POINT('Ctrl Pts',(0.983155730087382,0.694492510840408,-2.66016276621095E-18));
#1922=CARTESIAN_POINT('Ctrl Pts',(0.95706387104079,0.737896337046878,-1.41021403086465E-16));
#1923=CARTESIAN_POINT('Ctrl Pts',(0.928407209272654,0.779689028734149,-1.38777878078145E-16));
#1924=CARTESIAN_POINT('Ctrl Pts',(0.911449701216313,0.80441974969939,-1.37450277755713E-16));
#1925=CARTESIAN_POINT('Ctrl Pts',(0.893593065461143,0.828586150217939,-1.44897932876534E-16));
#1926=CARTESIAN_POINT('Ctrl Pts',(0.874877743602585,0.852139457852398,-1.80411241501588E-16));
#1927=CARTESIAN_POINT('Ctrl Pts',(0.865816442765816,0.863543141304371,-1.97605536934636E-16));
#1928=CARTESIAN_POINT('Ctrl Pts',(0.856553769760989,0.874803063720623,-6.60143576923993E-17));
#1929=CARTESIAN_POINT('Ctrl Pts',(0.847093872254169,0.885913409795486,-6.93889390390723E-17));
#1930=CARTESIAN_POINT('Ctrl Pts',(0.841171674728609,0.892868840759219,-7.15015345811131E-17));
#1931=CARTESIAN_POINT('Ctrl Pts',(0.835173350101833,0.899764167423431,-2.2516818124126E-16));
#1932=CARTESIAN_POINT('Ctrl Pts',(0.82910621886623,0.906591241457498,-2.08166817117217E-16));
#1933=CARTESIAN_POINT('Ctrl Pts',(0.794135986951463,0.945941694414506,-1.10172950955855E-16));
#1934=CARTESIAN_POINT('Ctrl Pts',(0.756828899826475,0.983091209931266,-1.99238131421758E-16));
#1935=CARTESIAN_POINT('Ctrl Pts',(0.717432314439332,1.01779914505486,-2.91433543964104E-16));
#1936=CARTESIAN_POINT('Ctrl Pts',(0.69044292687675,1.0415764826932,-3.5459378224733E-16));
#1937=CARTESIAN_POINT('Ctrl Pts',(0.662471772284905,1.06420769051486,-3.95709645125794E-17));
#1938=CARTESIAN_POINT('Ctrl Pts',(0.633586220068146,1.0856082271761,-8.32667268468867E-17));
#1939=CARTESIAN_POINT('Ctrl Pts',(0.620486864224532,1.0953131911964,-1.03082388856041E-16));
#1940=CARTESIAN_POINT('Ctrl Pts',(0.607195282456512,1.10476748300351,-2.05277714605388E-16));
#1941=CARTESIAN_POINT('Ctrl Pts',(0.593742220711714,1.11394632036471,-1.94289029309402E-16));
#1942=CARTESIAN_POINT('Ctrl Pts',(0.549848268835952,1.14389455468124,-1.5843571705159E-16));
#1943=CARTESIAN_POINT('Ctrl Pts',(0.504195778055022,1.17094675386269,-4.81962558219771E-17));
#1944=CARTESIAN_POINT('Ctrl Pts',(0.45701345187329,1.19484867121548,0.));
#1945=CARTESIAN_POINT('Ctrl Pts',(0.43156427319178,1.20774087502924,2.59960715262085E-17));
#1946=CARTESIAN_POINT('Ctrl Pts',(0.405669299811081,1.21971605824017,-2.19540133116092E-16));
#1947=CARTESIAN_POINT('Ctrl Pts',(0.379360034514075,1.23072974712259,-2.77555756156289E-16));
#1948=CARTESIAN_POINT('Ctrl Pts',(0.365019365143843,1.23673309495561,-3.36761716437351E-16));
#1949=CARTESIAN_POINT('Ctrl Pts',(0.350555555993205,1.24245070729655,-6.06952805717138E-17));
#1950=CARTESIAN_POINT('Ctrl Pts',(0.33597638630688,1.24788481022352,-5.55111512312578E-17));
#1951=CARTESIAN_POINT('Ctrl Pts',(-1.03846195729851,0.000845580281901397,
0.726961524227067));
#1952=CARTESIAN_POINT('Ctrl Pts',(-1.03896113293078,0.0574765672416746,
0.723045083418387));
#1953=CARTESIAN_POINT('Ctrl Pts',(-1.03472897538502,0.114032794798325,0.719128642609708));
#1954=CARTESIAN_POINT('Ctrl Pts',(-1.02550351028492,0.169762335490697,0.715212201801028));
#1955=CARTESIAN_POINT('Ctrl Pts',(-0.969345674389143,0.5090027279036,0.691371795074327));
#1956=CARTESIAN_POINT('Ctrl Pts',(-0.728161948089442,0.817610424155973,
0.667531388347626));
#1957=CARTESIAN_POINT('Ctrl Pts',(-0.412545382397341,0.954084670223767,
0.643690981620925));
#1958=CARTESIAN_POINT('Ctrl Pts',(-0.0969288167052419,1.09055891629156,
0.619850574894224));
#1959=CARTESIAN_POINT('Ctrl Pts',(0.293120588379258,1.05489971217477,0.596010168167524));
#1960=CARTESIAN_POINT('Ctrl Pts',(0.578750108370045,0.86344212523987,0.572169761440823));
#1961=CARTESIAN_POINT('Ctrl Pts',(0.864379628360835,0.671984538304968,0.548329354714121));
#1962=CARTESIAN_POINT('Ctrl Pts',(1.04558926325791,0.324728568551951,0.52448894798742));
#1963=CARTESIAN_POINT('Ctrl Pts',(1.0392853417515,-0.0190640387862864,0.500648541260719));
#1964=CARTESIAN_POINT('Ctrl Pts',(1.03298142024509,-0.362856646124522,0.476808134534018));
#1965=CARTESIAN_POINT('Ctrl Pts',(0.839163942335198,-0.703185891047977,
0.452967727807318));
#1966=CARTESIAN_POINT('Ctrl Pts',(0.546709279125497,-0.884055302949405,
0.429127321080617));
#1967=CARTESIAN_POINT('Ctrl Pts',(0.254254615915794,-1.06492471485083,0.405286914353916));
#1968=CARTESIAN_POINT('Ctrl Pts',(-0.136837232593716,-1.08633429373023,
0.381446507627214));
#1969=CARTESIAN_POINT('Ctrl Pts',(-0.447240649822553,-0.938355734447334,
0.357606100900513));
#1970=CARTESIAN_POINT('Ctrl Pts',(-0.757644067051388,-0.790377175164436,
0.333765694173813));
#1971=CARTESIAN_POINT('Ctrl Pts',(-0.987359052999552,-0.473010477719241,
0.309925287447112));
#1972=CARTESIAN_POINT('Ctrl Pts',(-1.03104044549261,-0.131993031936864,
0.286084880720411));
#1973=CARTESIAN_POINT('Ctrl Pts',(-1.03661251088574,-0.0884923237486123,
0.283043761889296));
#1974=CARTESIAN_POINT('Ctrl Pts',(-1.03915744793017,-0.0446067718908393,
0.280002643058182));
#1975=CARTESIAN_POINT('Ctrl Pts',(-1.03881079148867,-0.000682618231065552,
0.276961524227067));
#1976=CARTESIAN_POINT('Ctrl Pts',(-0.335179827523349,1.24569437793602,0.));
#1977=CARTESIAN_POINT('Ctrl Pts',(-0.749840186517206,1.13412143510986,0.0238404067267009));
#1978=CARTESIAN_POINT('Ctrl Pts',(-1.45177265880882,0.466250140887086,0.0715212201801028));
#1979=CARTESIAN_POINT('Ctrl Pts',(-1.17757460497762,-0.970998430158263,
0.143042440360206));
#1980=CARTESIAN_POINT('Ctrl Pts',(0.178523741367854,-1.51431935605258,0.214563660540308));
#1981=CARTESIAN_POINT('Ctrl Pts',(1.36989890984515,-0.670608659958977,0.286084880720411));
#1982=CARTESIAN_POINT('Ctrl Pts',(1.3054878698319,0.789000410411733,0.357606100900514));
#1983=CARTESIAN_POINT('Ctrl Pts',(0.0435633017804381,1.52456220904663,0.429127321080617));
#1984=CARTESIAN_POINT('Ctrl Pts',(-1.25816818701936,0.862222419998568,0.50064854126072));
#1985=CARTESIAN_POINT('Ctrl Pts',(-1.40613239078161,-0.590975361029822,
0.572169761440822));
#1986=CARTESIAN_POINT('Ctrl Pts',(-0.264518447036498,-1.50213234053345,
0.643690981620925));
#1987=CARTESIAN_POINT('Ctrl Pts',(1.11965959791096,-1.03574699438986,0.715212201801028));
#1988=CARTESIAN_POINT('Ctrl Pts',(1.47702929393792,0.380521833412267,0.786733421981132));
#1989=CARTESIAN_POINT('Ctrl Pts',(0.479836605120727,1.44781109629698,0.858254642161233));
#1990=CARTESIAN_POINT('Ctrl Pts',(-0.957402380220885,1.18734456564199,0.929775862341336));
#1991=CARTESIAN_POINT('Ctrl Pts',(-1.51662682582187,-0.162016923950729,
1.00129708252144));
#1992=CARTESIAN_POINT('Ctrl Pts',(-0.68497950070908,-1.36279379598992,1.07281830270154));
#1993=CARTESIAN_POINT('Ctrl Pts',(0.774849226619637,-1.31377893439343,1.14433952288165));
#1994=CARTESIAN_POINT('Ctrl Pts',(1.52407876760736,-0.059919490490344,1.21586074306175));
#1995=CARTESIAN_POINT('Ctrl Pts',(0.875602157022196,1.24888790561544,1.28738196324185));
#1996=CARTESIAN_POINT('Ctrl Pts',(-0.575870774127301,1.41236866729626,1.35890318342195));
#1997=CARTESIAN_POINT('Ctrl Pts',(-1.49922765610832,0.280581337122992,1.43042440360205));
#1998=CARTESIAN_POINT('Ctrl Pts',(-1.04766169945788,-1.10850193540116,1.50194562378216));
#1999=CARTESIAN_POINT('Ctrl Pts',(0.364679420882969,-1.4810364943964,1.57346684396226));
#2000=CARTESIAN_POINT('Ctrl Pts',(1.44261059514273,-0.495266957466092,1.64498806414236));
#2001=CARTESIAN_POINT('Ctrl Pts',(1.19749118107323,0.944564747260336,1.71650928432247));
#2002=CARTESIAN_POINT('Ctrl Pts',(-0.145713675771557,1.51841619808314,1.78803050450257));
#2003=CARTESIAN_POINT('Ctrl Pts',(-1.35550014283024,0.699255576162326,1.85955172468267));
#2004=CARTESIAN_POINT('Ctrl Pts',(-1.32177567464489,-0.760225561438528,
1.93107294486278));
#2005=CARTESIAN_POINT('Ctrl Pts',(-0.0766595946545066,-1.52435009371385,
2.00259416504288));
#2006=CARTESIAN_POINT('Ctrl Pts',(1.24034817815687,-0.886887503398822,2.07411538522298));
#2007=CARTESIAN_POINT('Ctrl Pts',(1.35752794343499,0.0748973810288651,2.12179619867638));
#2008=CARTESIAN_POINT('Ctrl Pts',(1.19966661058759,0.474236252769955,2.14563660540308));
#2009=CARTESIAN_POINT('Ctrl Pts',(-0.313332511892143,1.16449892397366,-0.048545535134361));
#2010=CARTESIAN_POINT('Ctrl Pts',(-0.70096494438569,1.06019840358364,-0.0247051284076601));
#2011=CARTESIAN_POINT('Ctrl Pts',(-1.35714484144848,0.435859547078619,0.0229756850457417));
#2012=CARTESIAN_POINT('Ctrl Pts',(-1.10081925766351,-0.907707899406991,
0.0944969052258447));
#2013=CARTESIAN_POINT('Ctrl Pts',(0.166887407062933,-1.4156146900153,0.166018125405947));
#2014=CARTESIAN_POINT('Ctrl Pts',(1.28060769537269,-0.626897798337619,0.23753934558605));
#2015=CARTESIAN_POINT('Ctrl Pts',(1.22039502353601,0.737572670482441,0.309060565766153));
#2016=CARTESIAN_POINT('Ctrl Pts',(0.0407238074977216,1.42518990485231,0.380581785946256));
#2017=CARTESIAN_POINT('Ctrl Pts',(-1.17615967922204,0.806022005154992,0.452103006126358));
#2018=CARTESIAN_POINT('Ctrl Pts',(-1.31447944618867,-0.55245506779474,0.523624226306462));
#2019=CARTESIAN_POINT('Ctrl Pts',(-0.247276902265192,-1.40422203487465,
0.595145446486564));
#2020=CARTESIAN_POINT('Ctrl Pts',(1.04667920163885,-0.968236095336933,0.666666666666667));
#2021=CARTESIAN_POINT('Ctrl Pts',(1.38075522691057,0.355719086001869,0.73818788684677));
#2022=CARTESIAN_POINT('Ctrl Pts',(0.448560433637082,1.3534414970616,0.809709107026872));
#2023=CARTESIAN_POINT('Ctrl Pts',(-0.894998051949381,1.10995240370835,0.881230327206975));
#2024=CARTESIAN_POINT('Ctrl Pts',(-1.41777175687779,-0.15145651850717,0.952751547387079));
#2025=CARTESIAN_POINT('Ctrl Pts',(-0.640331935062086,-1.27396569908076,
1.02427276756718));
#2026=CARTESIAN_POINT('Ctrl Pts',(0.724343873282478,-1.22814566922528,1.09579398774729));
#2027=CARTESIAN_POINT('Ctrl Pts',(1.42473797455078,-0.0560138854577362,
1.16731520792738));
#2028=CARTESIAN_POINT('Ctrl Pts',(0.818529639164612,1.16748429471324,1.23883642810749));
#2029=CARTESIAN_POINT('Ctrl Pts',(-0.538335011136704,1.3203092367212,1.31035764828759));
#2030=CARTESIAN_POINT('Ctrl Pts',(-1.40150668033226,0.262292799063748,1.38187886846769));
#2031=CARTESIAN_POINT('Ctrl Pts',(-0.979374189460919,-1.03624880537404,
1.4534000886478));
#2032=CARTESIAN_POINT('Ctrl Pts',(0.340909295839628,-1.38450123452263,1.5249213088279));
#2033=CARTESIAN_POINT('Ctrl Pts',(1.3485799691415,-0.462985022060195,1.596442529008));
#2034=CARTESIAN_POINT('Ctrl Pts',(1.11943765383144,0.882997187183742,1.6679637491881));
#2035=CARTESIAN_POINT('Ctrl Pts',(-0.136215930367584,1.41944449628302,1.73948496936821));
#2036=CARTESIAN_POINT('Ctrl Pts',(-1.26714745264189,0.653677483375001,1.81100618954831));
#2037=CARTESIAN_POINT('Ctrl Pts',(-1.23562117492159,-0.710673391445538,
1.88252740972841));
#2038=CARTESIAN_POINT('Ctrl Pts',(-0.0716628549254115,-1.42499161538327,
1.95404862990852));
#2039=CARTESIAN_POINT('Ctrl Pts',(1.15950119419302,-0.829079396749636,2.02556985008862));
#2040=CARTESIAN_POINT('Ctrl Pts',(1.26904307942168,0.070015503932087,2.07325066354202));
#2041=CARTESIAN_POINT('Ctrl Pts',(1.12147128693882,0.44332511717274,2.09709107026872));
#2042=CARTESIAN_POINT('Ctrl Pts',(-0.291485196260938,1.08330347001129,-0.097091070268722));
#2043=CARTESIAN_POINT('Ctrl Pts',(-0.652089702254175,0.986275372057424,
-0.0732506635420211));
#2044=CARTESIAN_POINT('Ctrl Pts',(-1.26251702408814,0.405468953270152,-0.0255698500886192));
#2045=CARTESIAN_POINT('Ctrl Pts',(-1.0240639103494,-0.84441736865572,0.0459513700914836));
#2046=CARTESIAN_POINT('Ctrl Pts',(0.155251072758013,-1.31691002397802,0.117472590271586));
#2047=CARTESIAN_POINT('Ctrl Pts',(1.19131648090022,-0.583186936716263,0.188993810451689));
#2048=CARTESIAN_POINT('Ctrl Pts',(1.13530217724012,0.686144930553149,0.260515030631792));
#2049=CARTESIAN_POINT('Ctrl Pts',(0.0378843132150026,1.32581760065799,0.332036250811895));
#2050=CARTESIAN_POINT('Ctrl Pts',(-1.09415117142472,0.749821590311416,0.403557470991998));
#2051=CARTESIAN_POINT('Ctrl Pts',(-1.22282650159574,-0.513934774559656,
0.4750786911721));
#2052=CARTESIAN_POINT('Ctrl Pts',(-0.230035357493883,-1.30631172921585,
0.546599911352203));
#2053=CARTESIAN_POINT('Ctrl Pts',(0.973698805366749,-0.900725196284002,
0.618121131532306));
#2054=CARTESIAN_POINT('Ctrl Pts',(1.28448115988323,0.33091633859147,0.689642351712409));
#2055=CARTESIAN_POINT('Ctrl Pts',(0.417284262153437,1.25907189782622,0.761163571892511));
#2056=CARTESIAN_POINT('Ctrl Pts',(-0.832593723677877,1.03256024177471,0.832684792072614));
#2057=CARTESIAN_POINT('Ctrl Pts',(-1.31891668793372,-0.140896113063613,
0.904206012252718));
#2058=CARTESIAN_POINT('Ctrl Pts',(-0.595684369415092,-1.1851376021716,0.975727232432819));
#2059=CARTESIAN_POINT('Ctrl Pts',(0.67383851994532,-1.14251240405713,1.04724845261292));
#2060=CARTESIAN_POINT('Ctrl Pts',(1.3253971814942,-0.0521082804251289,1.11876967279303));
#2061=CARTESIAN_POINT('Ctrl Pts',(0.761457121307028,1.08608068381105,1.19029089297313));
#2062=CARTESIAN_POINT('Ctrl Pts',(-0.500799248146106,1.22824980614614,1.26181211315323));
#2063=CARTESIAN_POINT('Ctrl Pts',(-1.30378570455621,0.244004261004504,1.33333333333333));
#2064=CARTESIAN_POINT('Ctrl Pts',(-0.911086679463955,-0.963995675346927,
1.40485455351344));
#2065=CARTESIAN_POINT('Ctrl Pts',(0.317139170796288,-1.28796597464886,1.47637577369354));
#2066=CARTESIAN_POINT('Ctrl Pts',(1.25454934314027,-0.430703086654297,1.54789699387364));
#2067=CARTESIAN_POINT('Ctrl Pts',(1.04138412658965,0.821429627107147,1.61941821405374));
#2068=CARTESIAN_POINT('Ctrl Pts',(-0.126718184963612,1.3204727944829,1.69093943423385));
#2069=CARTESIAN_POINT('Ctrl Pts',(-1.17879476245354,0.608099390587675,1.76246065441395));
#2070=CARTESIAN_POINT('Ctrl Pts',(-1.14946667519829,-0.661121221452549,
1.83398187459406));
#2071=CARTESIAN_POINT('Ctrl Pts',(-0.0666661151963157,-1.3256331370527,
1.90550309477416));
#2072=CARTESIAN_POINT('Ctrl Pts',(1.07865421022918,-0.771271290100449,1.97702431495426));
#2073=CARTESIAN_POINT('Ctrl Pts',(1.18055821540838,0.065133626835309,2.02470512840766));
#2074=CARTESIAN_POINT('Ctrl Pts',(1.04327596329006,0.412413981575526,2.04854553513436));
#2075=CARTESIAN_POINT('Ctrl Pts',(-0.269637880629732,1.00210801604892,-0.145636605403083));
#2076=CARTESIAN_POINT('Ctrl Pts',(-0.603214460122659,0.912352340531207,
-0.121796198676382));
#2077=CARTESIAN_POINT('Ctrl Pts',(-1.16788920672779,0.375078359461685,-0.0741153852229801));
#2078=CARTESIAN_POINT('Ctrl Pts',(-0.94730856303529,-0.781126837904448,
-0.00259416504287752));
#2079=CARTESIAN_POINT('Ctrl Pts',(0.143614738453094,-1.21820535794075,0.0689270551372254));
#2080=CARTESIAN_POINT('Ctrl Pts',(1.10202526642776,-0.539476075094906,0.140448275317328));
#2081=CARTESIAN_POINT('Ctrl Pts',(1.05020933094423,0.634717190623857,0.211969495497431));
#2082=CARTESIAN_POINT('Ctrl Pts',(0.0350448189322863,1.22644529646367,0.283490715677533));
#2083=CARTESIAN_POINT('Ctrl Pts',(-1.0121426636274,0.69362117546784,0.355011935857637));
#2084=CARTESIAN_POINT('Ctrl Pts',(-1.1311735570028,-0.475414481324572,0.426533156037739));
#2085=CARTESIAN_POINT('Ctrl Pts',(-0.212793812722578,-1.20840142355705,
0.498054376217843));
#2086=CARTESIAN_POINT('Ctrl Pts',(0.900718409094648,-0.83321429723107,0.569575596397945));
#2087=CARTESIAN_POINT('Ctrl Pts',(1.18820709285588,0.30611359118107,0.641096816578048));
#2088=CARTESIAN_POINT('Ctrl Pts',(0.386008090669794,1.16470229859084,0.712618036758151));
#2089=CARTESIAN_POINT('Ctrl Pts',(-0.770189395406374,0.955168079841069,
0.784139256938252));
#2090=CARTESIAN_POINT('Ctrl Pts',(-1.22006161898965,-0.130335707620054,
0.855660477118357));
#2091=CARTESIAN_POINT('Ctrl Pts',(-0.551036803768098,-1.09630950526244,
0.927181697298458));
#2092=CARTESIAN_POINT('Ctrl Pts',(0.623333166608161,-1.05687913888898,0.998702917478563));
#2093=CARTESIAN_POINT('Ctrl Pts',(1.22605638843762,-0.0482026753925225,
1.07022413765866));
#2094=CARTESIAN_POINT('Ctrl Pts',(0.704384603449443,1.00467707290885,1.14174535783877));
#2095=CARTESIAN_POINT('Ctrl Pts',(-0.463263485155508,1.13619037557108,1.21326657801887));
#2096=CARTESIAN_POINT('Ctrl Pts',(-1.20606472878016,0.22571572294526,1.28478779819897));
#2097=CARTESIAN_POINT('Ctrl Pts',(-0.842799169466991,-0.89174254531981,
1.35630901837907));
#2098=CARTESIAN_POINT('Ctrl Pts',(0.293369045752947,-1.19143071477509,1.42783023855918));
#2099=CARTESIAN_POINT('Ctrl Pts',(1.16051871713904,-0.3984211512484,1.49935145873928));
#2100=CARTESIAN_POINT('Ctrl Pts',(0.963330599347866,0.759862067030553,1.57087267891938));
#2101=CARTESIAN_POINT('Ctrl Pts',(-0.117220439559639,1.22150109268277,1.64239389909949));
#2102=CARTESIAN_POINT('Ctrl Pts',(-1.09044207226518,0.562521297800352,1.71391511927959));
#2103=CARTESIAN_POINT('Ctrl Pts',(-1.06331217547499,-0.61156905145956,1.78543633945969));
#2104=CARTESIAN_POINT('Ctrl Pts',(-0.0616693754672199,-1.22627465872213,
1.85695755963979));
#2105=CARTESIAN_POINT('Ctrl Pts',(0.997807226265339,-0.713463183451263,
1.9284787798199));
#2106=CARTESIAN_POINT('Ctrl Pts',(1.09207335139508,0.0602517497385308,1.9761595932733));
#2107=CARTESIAN_POINT('Ctrl Pts',(0.965080639641294,0.381502845978311,2.));
#2108=CARTESIAN_POINT('Ctrl Pts',(0.965080639641294,0.381502845978311,2.));
#2109=CARTESIAN_POINT('Ctrl Pts',(0.985740483376386,0.343270638380918,2.));
#2110=CARTESIAN_POINT('Ctrl Pts',(1.00371401557198,0.303806142205023,2.));
#2111=CARTESIAN_POINT('Ctrl Pts',(1.01909857673537,0.263397195815521,2.));
#2112=CARTESIAN_POINT('Ctrl Pts',(1.03518648560831,0.221140842822295,2.));
#2113=CARTESIAN_POINT('Ctrl Pts',(1.04844376025551,0.177851055948633,2.));
#2114=CARTESIAN_POINT('Ctrl Pts',(1.05893993138478,0.133818204346302,2.));
#2115=CARTESIAN_POINT('Ctrl Pts',(1.06702991432907,0.0998796362661544,2.));
#2116=CARTESIAN_POINT('Ctrl Pts',(1.07347879032404,0.065498698052515,2.));
#2117=CARTESIAN_POINT('Ctrl Pts',(1.07830008578982,0.030797942537262,2.));
#2118=CARTESIAN_POINT('Ctrl Pts',(1.07981357564387,0.0199047621103472,2.));
#2119=CARTESIAN_POINT('Ctrl Pts',(1.08116655528741,0.00898001834773293,
2.));
#2120=CARTESIAN_POINT('Ctrl Pts',(1.08235910599251,-0.00197260476225492,
2.));
#2121=CARTESIAN_POINT('Ctrl Pts',(1.08330408571799,-0.0106514867046079,
2.));
#2122=CARTESIAN_POINT('Ctrl Pts',(1.08414805217258,-0.0193461994843262,
2.));
#2123=CARTESIAN_POINT('Ctrl Pts',(1.08489034154723,-0.0280428361930618,
2.));
#2124=CARTESIAN_POINT('Ctrl Pts',(1.08888845211756,-0.0748845617233441,
2.));
#2125=CARTESIAN_POINT('Ctrl Pts',(1.08995118085011,-0.121874196105033,2.));
#2126=CARTESIAN_POINT('Ctrl Pts',(1.08815722311248,-0.168705761998423,2.));
#2127=CARTESIAN_POINT('Ctrl Pts',(1.08632797185843,-0.21645867102341,2.));
#2128=CARTESIAN_POINT('Ctrl Pts',(1.08152882736281,-0.264048349136972,2.));
#2129=CARTESIAN_POINT('Ctrl Pts',(1.07379375768172,-0.31117066594194,2.));
#2130=CARTESIAN_POINT('Ctrl Pts',(1.06851214174245,-0.343346456179651,2.));
#2131=CARTESIAN_POINT('Ctrl Pts',(1.06186065882767,-0.375304774162849,2.));
#2132=CARTESIAN_POINT('Ctrl Pts',(1.05383620548779,-0.406949813331303,2.));
#2133=CARTESIAN_POINT('Ctrl Pts',(1.05163179611756,-0.415643068548751,2.));
#2134=CARTESIAN_POINT('Ctrl Pts',(1.04932370655406,-0.424312675072852,2.));
#2135=CARTESIAN_POINT('Ctrl Pts',(1.04691171896442,-0.432956622955733,2.));
#2136=CARTESIAN_POINT('Ctrl Pts',(1.04449209726819,-0.441627929528088,2.));
#2137=CARTESIAN_POINT('Ctrl Pts',(1.04197025390542,-0.450264959840453,2.));
#2138=CARTESIAN_POINT('Ctrl Pts',(1.03934740653272,-0.458863134110412,2.));
#2139=CARTESIAN_POINT('Ctrl Pts',(1.02497674709726,-0.505972788864421,2.));
#2140=CARTESIAN_POINT('Ctrl Pts',(1.00757104168756,-0.551940678138465,2.));
#2141=CARTESIAN_POINT('Ctrl Pts',(0.987181153869297,-0.596448686471068,
2.));
#2142=CARTESIAN_POINT('Ctrl Pts',(0.97449022591953,-0.62415104226484,2.));
#2143=CARTESIAN_POINT('Ctrl Pts',(0.960642220948335,-0.65128811274773,2.));
#2144=CARTESIAN_POINT('Ctrl Pts',(0.945639188622718,-0.677783191933799,
2.));
#2145=CARTESIAN_POINT('Ctrl Pts',(0.922163130827462,-0.719241478283019,
2.));
#2146=CARTESIAN_POINT('Ctrl Pts',(0.895861489983468,-0.759129277654451,
2.));
#2147=CARTESIAN_POINT('Ctrl Pts',(0.866998753367983,-0.797336267073487,
2.));
#2148=CARTESIAN_POINT('Ctrl Pts',(0.859823090490182,-0.806835036344715,
2.));
#2149=CARTESIAN_POINT('Ctrl Pts',(0.852488902388784,-0.816229811034349,
2.));
#2150=CARTESIAN_POINT('Ctrl Pts',(0.844999823639445,-0.825518665675149,
2.));
#2151=CARTESIAN_POINT('Ctrl Pts',(0.838773199683414,-0.833241672304715,
2.));
#2152=CARTESIAN_POINT('Ctrl Pts',(0.832444987885549,-0.84088457996497,2.));
#2153=CARTESIAN_POINT('Ctrl Pts',(0.826021366516995,-0.848442586658684,
2.));
#2154=CARTESIAN_POINT('Ctrl Pts',(0.794128004716064,-0.885968186027994,
2.));
#2155=CARTESIAN_POINT('Ctrl Pts',(0.759861091866948,-0.921434248530253,
2.));
#2156=CARTESIAN_POINT('Ctrl Pts',(0.723542214236394,-0.954743417381984,
2.));
#2157=CARTESIAN_POINT('Ctrl Pts',(0.6863333345467,-0.988868834719362,2.));
#2158=CARTESIAN_POINT('Ctrl Pts',(0.646970042432804,-1.0207311349811,2.));
#2159=CARTESIAN_POINT('Ctrl Pts',(0.605747666071482,-1.05020224789879,2.));
#2160=CARTESIAN_POINT('Ctrl Pts',(0.581354438873311,-1.06764169745607,2.));
#2161=CARTESIAN_POINT('Ctrl Pts',(0.556309318085615,-1.0842433395537,2.));
#2162=CARTESIAN_POINT('Ctrl Pts',(0.530666987146787,-1.09997517511225,2.));
#2163=CARTESIAN_POINT('Ctrl Pts',(0.518251742182593,-1.10759205645825,2.));
#2164=CARTESIAN_POINT('Ctrl Pts',(0.505696435688806,-1.11500496907707,2.));
#2165=CARTESIAN_POINT('Ctrl Pts',(0.493006954288836,-1.12220986684642,2.));
#2166=CARTESIAN_POINT('Ctrl Pts',(0.485062947613135,-1.12672035503529,2.));
#2167=CARTESIAN_POINT('Ctrl Pts',(0.477067961391365,-1.13114832496092,2.));
#2168=CARTESIAN_POINT('Ctrl Pts',(0.469031661125108,-1.13548862370053,2.));
#2169=CARTESIAN_POINT('Ctrl Pts',(0.422711762198744,-1.16050538418332,2.));
#2170=CARTESIAN_POINT('Ctrl Pts',(0.374948704223625,-1.18265468756587,2.));
#2171=CARTESIAN_POINT('Ctrl Pts',(0.326057229511421,-1.20179500514686,2.));
#2172=CARTESIAN_POINT('Ctrl Pts',(0.292563073464549,-1.21490749127288,2.));
#2173=CARTESIAN_POINT('Ctrl Pts',(0.258538353974006,-1.22660717400123,2.));
#2174=CARTESIAN_POINT('Ctrl Pts',(0.224075292738878,-1.23683765175134,2.));
#2175=CARTESIAN_POINT('Ctrl Pts',(0.208447036456178,-1.24147695314951,2.));
#2176=CARTESIAN_POINT('Ctrl Pts',(0.192723886870651,-1.24581496993536,2.));
#2177=CARTESIAN_POINT('Ctrl Pts',(0.176943209523189,-1.24983893101572,2.));
#2178=CARTESIAN_POINT('Ctrl Pts',(0.125453515645257,-1.26296843868148,2.));
#2179=CARTESIAN_POINT('Ctrl Pts',(0.073301834262527,-1.27277510960421,2.));
#2180=CARTESIAN_POINT('Ctrl Pts',(0.0207900321260201,-1.27909825210764,
2.));
#2181=CARTESIAN_POINT('Ctrl Pts',(-0.00753376622792627,-1.28250882660602,
2.));
#2182=CARTESIAN_POINT('Ctrl Pts',(-0.035962836742399,-1.28490521293331,
2.));
#2183=CARTESIAN_POINT('Ctrl Pts',(-0.06445236580619,-1.2862563941488,2.));
#2184=CARTESIAN_POINT('Ctrl Pts',(-0.0799814492572772,-1.28699289652501,
2.));
#2185=CARTESIAN_POINT('Ctrl Pts',(-0.0955285195158177,-1.28741877935372,
2.));
#2186=CARTESIAN_POINT('Ctrl Pts',(-0.111087027814921,-1.28753879510565,
2.));
#2187=CARTESIAN_POINT('Ctrl Pts',(-1.03632324347648,-0.00054304964665273,
0.398038475772933));
#2188=CARTESIAN_POINT('Ctrl Pts',(-1.03698302598172,-0.138609908875868,
0.407536702527869));
#2189=CARTESIAN_POINT('Ctrl Pts',(-1.01134971410021,-0.276442619724315,
0.417034929282804));
#2190=CARTESIAN_POINT('Ctrl Pts',(-0.958271784060198,-0.402739695564582,
0.426533156037739));
#2191=CARTESIAN_POINT('Ctrl Pts',(-0.825046975576061,-0.71974346206873,
0.45037356276444));
#2192=CARTESIAN_POINT('Ctrl Pts',(-0.518920394149319,-0.964072442812888,
0.474213969491142));
#2193=CARTESIAN_POINT('Ctrl Pts',(-0.180271733133077,-1.02370574546397,
0.498054376217843));
#2194=CARTESIAN_POINT('Ctrl Pts',(0.158376927883165,-1.08333904811505,0.521894782944543));
#2195=CARTESIAN_POINT('Ctrl Pts',(0.529547668488907,-0.958276672673062,
0.545735189671244));
#2196=CARTESIAN_POINT('Ctrl Pts',(0.763047819418649,-0.705857503550043,
0.569575596397945));
#2197=CARTESIAN_POINT('Ctrl Pts',(0.99654797034839,-0.453438334427024,0.593416003124646));
#2198=CARTESIAN_POINT('Ctrl Pts',(1.09237753160213,-0.0736623716229775,
0.617256409851347));
#2199=CARTESIAN_POINT('Ctrl Pts',(1.00659247853132,0.259323727680674,0.641096816578048));
#2200=CARTESIAN_POINT('Ctrl Pts',(0.920807425460515,0.592309826984327,0.664937223304749));
#2201=CARTESIAN_POINT('Ctrl Pts',(0.653407758065154,0.878506062787585,0.68877763003145));
#2202=CARTESIAN_POINT('Ctrl Pts',(0.327008343354779,0.986681810897585,0.712618036758151));
#2203=CARTESIAN_POINT('Ctrl Pts',(0.000608928644404219,1.09485755900758,
0.736458443484851));
#2204=CARTESIAN_POINT('Ctrl Pts',(-0.384790233380986,1.02501281942433,0.760298850211552));
#2205=CARTESIAN_POINT('Ctrl Pts',(-0.652468518324226,0.80917315172251,0.784139256938253));
#2206=CARTESIAN_POINT('Ctrl Pts',(-0.891620384914422,0.616335471870958,
0.805438996549813));
#2207=CARTESIAN_POINT('Ctrl Pts',(-1.03680538237187,0.306962079369316,0.826738736161374));
#2208=CARTESIAN_POINT('Ctrl Pts',(-1.03898580236803,-0.000623330863765131,
0.848038475772934));
#2209=CARTESIAN_POINT('Ctrl Pts',(-0.335179827523349,1.24569437793602,0.));
#2210=CARTESIAN_POINT('Ctrl Pts',(-0.384285964720269,1.22728282372817,-2.32899199578257E-18));
#2211=CARTESIAN_POINT('Ctrl Pts',(-0.431987861953605,1.20570110506589,1.8162381958292E-16));
#2212=CARTESIAN_POINT('Ctrl Pts',(-0.478108170301888,1.1812199493525,1.73472347597681E-16));
#2213=CARTESIAN_POINT('Ctrl Pts',(-0.5247622785563,1.15645544690771,1.65226529864628E-16));
#2214=CARTESIAN_POINT('Ctrl Pts',(-0.569798757364787,1.1287230600869,1.40682501466391E-16));
#2215=CARTESIAN_POINT('Ctrl Pts',(-0.613000796483924,1.09826027567006,1.6306400674182E-16));
#2216=CARTESIAN_POINT('Ctrl Pts',(-0.644266740413968,1.07621391561507,1.79261827568791E-16));
#2217=CARTESIAN_POINT('Ctrl Pts',(-0.674571212761331,1.05273653603768,2.0328923344117E-16));
#2218=CARTESIAN_POINT('Ctrl Pts',(-0.703817871009397,1.0279086836181,2.22044604925031E-16));
#2219=CARTESIAN_POINT('Ctrl Pts',(-0.716398871915667,1.01722851526716,2.30112581226273E-16));
#2220=CARTESIAN_POINT('Ctrl Pts',(-0.728783964278642,1.00629837026512,4.91223466206171E-17));
#2221=CARTESIAN_POINT('Ctrl Pts',(-0.740964688012214,0.99512436652416,4.85722573273506E-17));
#2222=CARTESIAN_POINT('Ctrl Pts',(-0.748367303622941,0.988333566869195,
4.82379504603124E-17));
#2223=CARTESIAN_POINT('Ctrl Pts',(-0.755695087965454,0.981451914837689,
-2.43900929564087E-16));
#2224=CARTESIAN_POINT('Ctrl Pts',(-0.762934127541183,0.974492669941008,
-2.25514051876985E-16));
#2225=CARTESIAN_POINT('Ctrl Pts',(-0.800093238000741,0.938769788870168,
-1.31131363146816E-16));
#2226=CARTESIAN_POINT('Ctrl Pts',(-0.834994566338061,0.900935505761939,
-1.54918160483471E-16));
#2227=CARTESIAN_POINT('Ctrl Pts',(-0.867441115161798,0.861217778621422,
-9.71445146547012E-17));
#2228=CARTESIAN_POINT('Ctrl Pts',(-0.899146177455907,0.822407703010259,
-4.06911442235476E-17));
#2229=CARTESIAN_POINT('Ctrl Pts',(-0.928507797920356,0.781798295379071,
-1.38354677845472E-16));
#2230=CARTESIAN_POINT('Ctrl Pts',(-0.955298328554976,0.73958144121976,-1.59594559789866E-16));
#2231=CARTESIAN_POINT('Ctrl Pts',(-0.973967892034974,0.710161708949338,
-1.74396033104325E-16));
#2232=CARTESIAN_POINT('Ctrl Pts',(-0.991387958849519,0.67996091874132,1.57646997511648E-16));
#2233=CARTESIAN_POINT('Ctrl Pts',(-1.0074667991914,0.649041505088675,1.59594559789866E-16));
#2234=CARTESIAN_POINT('Ctrl Pts',(-1.01336134426183,0.637706366891426,1.60308541232702E-16));
#2235=CARTESIAN_POINT('Ctrl Pts',(-1.019075506228,0.626274640637514,-1.34922378286831E-16));
#2236=CARTESIAN_POINT('Ctrl Pts',(-1.02460431553265,0.614749399191791,-1.38777878078145E-16));
#2237=CARTESIAN_POINT('Ctrl Pts',(-1.02814638485526,0.607365674792705,-1.41247930268709E-16));
#2238=CARTESIAN_POINT('Ctrl Pts',(-1.03161162728188,0.599944971805181,9.0205620750794E-17));
#2239=CARTESIAN_POINT('Ctrl Pts',(-1.03499511126774,0.592496673429578,9.0205620750794E-17));
#2240=CARTESIAN_POINT('Ctrl Pts',(-1.05499837178525,0.548462106266974,9.0205620750794E-17));
#2241=CARTESIAN_POINT('Ctrl Pts',(-1.07218778330375,0.503381784140502,-2.14374288332394E-17));
#2242=CARTESIAN_POINT('Ctrl Pts',(-1.08636354018404,0.45743664316153,-5.55111512312578E-17));
#2243=CARTESIAN_POINT('Ctrl Pts',(-1.09667468817411,0.424017112052228,-8.02956616588442E-17));
#2244=CARTESIAN_POINT('Ctrl Pts',(-1.10539045383352,0.390139623719155,1.27586365878995E-16));
#2245=CARTESIAN_POINT('Ctrl Pts',(-1.11241661877369,0.355871873657059,1.66533453693773E-16));
#2246=CARTESIAN_POINT('Ctrl Pts',(-1.12163470091468,0.31091378662822,2.1659840089511E-16));
#2247=CARTESIAN_POINT('Ctrl Pts',(-1.12794540801422,0.265282999713257,2.3735516105705E-16));
#2248=CARTESIAN_POINT('Ctrl Pts',(-1.1313960875232,0.219245404073731,2.63677968348475E-16));
#2249=CARTESIAN_POINT('Ctrl Pts',(-1.13232906248244,0.206798022680124,2.70794978199994E-16));
#2250=CARTESIAN_POINT('Ctrl Pts',(-1.13305275776117,0.194320980927017,1.17581115462936E-16));
#2251=CARTESIAN_POINT('Ctrl Pts',(-1.13356766684757,0.1818197445847,1.11022302462516E-16));
#2252=CARTESIAN_POINT('Ctrl Pts',(-1.13393822966148,0.172823023729023,1.06302144544245E-16));
#2253=CARTESIAN_POINT('Ctrl Pts',(-1.13420050674618,0.163814891187516,3.43838824795841E-17));
#2254=CARTESIAN_POINT('Ctrl Pts',(-1.13435479297262,0.154810125338692,2.77555756156289E-17));
#2255=CARTESIAN_POINT('Ctrl Pts',(-1.13518133820068,0.106569615383866,-7.75372119701798E-18));
#2256=CARTESIAN_POINT('Ctrl Pts',(-1.13291747184971,0.0583267451991281,
3.71598471616897E-16));
#2257=CARTESIAN_POINT('Ctrl Pts',(-1.12766698439511,0.0103832818433425,
2.91433543964104E-16));
#2258=CARTESIAN_POINT('Ctrl Pts',(-1.12243178822044,-0.0374205531589002,
2.11502084986215E-16));
#2259=CARTESIAN_POINT('Ctrl Pts',(-1.11422680458727,-0.0849279039679731,
2.8828481105265E-17));
#2260=CARTESIAN_POINT('Ctrl Pts',(-1.10310698778393,-0.13182155393653,2.77555756156289E-17));
#2261=CARTESIAN_POINT('Ctrl Pts',(-1.09715149603086,-0.156936603095916,
2.71809546566365E-17));
#2262=CARTESIAN_POINT('Ctrl Pts',(-1.0903591436466,-0.181875202639401,-4.76402273893588E-17));
#2263=CARTESIAN_POINT('Ctrl Pts',(-1.08273349379773,-0.206584710944909,
-8.32667268468867E-17));
#2264=CARTESIAN_POINT('Ctrl Pts',(-1.07862593172705,-0.219894506321335,
-1.02456967781481E-16));
#2265=CARTESIAN_POINT('Ctrl Pts',(-1.07427653785821,-0.233137777351834,
-1.46929545607088E-16));
#2266=CARTESIAN_POINT('Ctrl Pts',(-1.0696855037127,-0.246305866967449,-1.52655665885959E-16));
#2267=CARTESIAN_POINT('Ctrl Pts',(-1.06640690340188,-0.255709609422509,
-1.5674486651726E-16));
#2268=CARTESIAN_POINT('Ctrl Pts',(-1.06300538966189,-0.265073746730293,
9.643380291301E-17));
#2269=CARTESIAN_POINT('Ctrl Pts',(-1.05948573678218,-0.274383577774577,
1.11022302462516E-16));
#2270=CARTESIAN_POINT('Ctrl Pts',(-1.04311155694285,-0.317694907897986,
1.78891130262756E-16));
#2271=CARTESIAN_POINT('Ctrl Pts',(-1.0241597042676,-0.359903023513178,7.965420507017E-17));
#2272=CARTESIAN_POINT('Ctrl Pts',(-1.00267526641442,-0.400710295738192,
1.2490009027033E-16));
#2273=CARTESIAN_POINT('Ctrl Pts',(-0.987995138676992,-0.428593546534548,
1.5581620633863E-16));
#2274=CARTESIAN_POINT('Ctrl Pts',(-0.972131739312151,-0.455822210169012,
1.25776386440799E-16));
#2275=CARTESIAN_POINT('Ctrl Pts',(-0.955090257733945,-0.482290652829406,
8.32667268468867E-17));
#2276=CARTESIAN_POINT('Ctrl Pts',(-0.948641058560823,-0.492307402707393,
6.7179319173758E-17));
#2277=CARTESIAN_POINT('Ctrl Pts',(-0.942022240013682,-0.50221609003007,
-8.72553403195633E-17));
#2278=CARTESIAN_POINT('Ctrl Pts',(-0.935244177932266,-0.511996502937513,
-8.32667268468867E-17));
#2279=CARTESIAN_POINT('Ctrl Pts',(-0.910122143434923,-0.548246373108031,
-6.84834327351547E-17));
#2280=CARTESIAN_POINT('Ctrl Pts',(-0.882785449585956,-0.582784479068003,
-1.86564699056874E-16));
#2281=CARTESIAN_POINT('Ctrl Pts',(-0.85325987968863,-0.61532578661324,-2.22044604925031E-16));
#2282=CARTESIAN_POINT('Ctrl Pts',(-0.837999867243789,-0.6321444546301,-2.4038205978103E-16));
#2283=CARTESIAN_POINT('Ctrl Pts',(-0.822154665275096,-0.64842908229105,
-9.44835363416243E-17));
#2284=CARTESIAN_POINT('Ctrl Pts',(-0.805725022965815,-0.664135553404701,
-2.77555756156289E-17));
#2285=CARTESIAN_POINT('Ctrl Pts',(-0.796627781010795,-0.672832368909912,
9.47434628942048E-18));
#2286=CARTESIAN_POINT('Ctrl Pts',(-0.787351314453018,-0.681351856640651,
-2.84606877729215E-17));
#2287=CARTESIAN_POINT('Ctrl Pts',(-0.777901963056519,-0.689691400655289,
-2.77555756156289E-17));
#2288=CARTESIAN_POINT('Origin',(-2.77555756156289E-16,0.,0.));
#2289=CARTESIAN_POINT('',(-2.4,1.36658075373095,6.93889390390723E-17));
#2290=CARTESIAN_POINT('',(-2.4,-1.36658075373095,0.));
#2291=CARTESIAN_POINT('',(-2.4,0.721687836487033,0.));
#2292=CARTESIAN_POINT('',(-2.38349364905389,1.39517059221718,6.93889390390723E-17));
#2293=CARTESIAN_POINT('',(-2.40037838659262,1.36592536892762,6.93889390390723E-17));
#2294=CARTESIAN_POINT('',(-0.0165063509461078,2.76175134594813,0.));
#2295=CARTESIAN_POINT('',(-0.574999999999999,2.43930488732617,0.));
#2296=CARTESIAN_POINT('',(0.0165063509461083,2.76175134594813,0.));
#2297=CARTESIAN_POINT('',(-0.0172631241313592,2.76175134594813,0.));
#2298=CARTESIAN_POINT('',(2.38349364905389,1.39517059221717,0.));
#2299=CARTESIAN_POINT('',(1.825,1.71761705083914,0.));
#2300=CARTESIAN_POINT('',(2.4,1.36658075373095,0.));
#2301=CARTESIAN_POINT('',(2.38311526246127,1.39582597702051,0.));
#2302=CARTESIAN_POINT('',(2.4,-1.36658075373095,0.));
#2303=CARTESIAN_POINT('',(2.4,-0.721687836487033,0.));
#2304=CARTESIAN_POINT('',(2.38349364905389,-1.39517059221718,0.));
#2305=CARTESIAN_POINT('',(2.40037838659262,-1.36592536892762,0.));
#2306=CARTESIAN_POINT('',(0.0165063509461086,-2.76175134594813,6.93889390390723E-17));
#2307=CARTESIAN_POINT('',(0.574999999999999,-2.43930488732617,0.));
#2308=CARTESIAN_POINT('',(-0.0165063509461114,-2.76175134594813,6.93889390390723E-17));
#2309=CARTESIAN_POINT('',(0.0172631241313573,-2.76175134594813,6.93889390390723E-17));
#2310=CARTESIAN_POINT('',(-2.38349364905389,-1.39517059221718,0.));
#2311=CARTESIAN_POINT('',(-1.825,-1.71761705083914,0.));
#2312=CARTESIAN_POINT('',(-2.38311526246127,-1.39582597702051,0.));
#2313=CARTESIAN_POINT('Origin',(-2.4,0.721687836487033,0.1));
#2314=CARTESIAN_POINT('',(-2.5,-1.29337567297406,0.1));
#2315=CARTESIAN_POINT('Origin',(-2.4,-1.46658075373095,0.1));
#2316=CARTESIAN_POINT('',(-2.5,1.29337567297407,0.1));
#2317=CARTESIAN_POINT('',(-2.5,0.721687836487033,0.1));
#2318=CARTESIAN_POINT('Origin',(-2.4,1.46658075373095,0.1));
#2319=CARTESIAN_POINT('Origin',(-2.44720794730374,1.37302868968163,0.0882144992017822));
#2320=CARTESIAN_POINT('',(-2.5,1.3856406460551,0.192264973081037));
#2321=CARTESIAN_POINT('',(-2.5,1.3228425519514,0.129466878977335));
#2322=CARTESIAN_POINT('',(-2.45,1.47224318643355,0.192264973081037));
#2323=CARTESIAN_POINT('Origin',(-2.4,1.3856406460551,0.0190598923241499));
#2324=CARTESIAN_POINT('',(-2.37009618943233,1.51837567297406,0.1));
#2325=CARTESIAN_POINT('',(-1.78356259829547,1.85701099970569,-0.577270653463254));
#2326=CARTESIAN_POINT('Origin',(-2.47009618943233,1.34517059221718,0.1));
#2327=CARTESIAN_POINT('Origin',(-2.5,1.44337567297406,0.));
#2328=CARTESIAN_POINT('',(-2.5,-1.3856406460551,0.192264973081036));
#2329=CARTESIAN_POINT('',(-2.5,-0.616105019510808,-0.577270653463254));
#2330=CARTESIAN_POINT('',(-2.5,-1.3856406460551,1.80773502691896));
#2331=CARTESIAN_POINT('',(-2.5,-1.3856406460551,0.));
#2332=CARTESIAN_POINT('',(-2.5,-1.29337567297407,1.9));
#2333=CARTESIAN_POINT('',(-2.5,-1.10717141530516,2.0862042576689));
#2334=CARTESIAN_POINT('',(-2.5,1.29337567297407,1.9));
#2335=CARTESIAN_POINT('',(-2.5,0.721687836487033,1.9));
#2336=CARTESIAN_POINT('',(-2.5,1.3856406460551,1.80773502691896));
#2337=CARTESIAN_POINT('',(-2.5,1.82516533761499,1.36821033535908));
#2338=CARTESIAN_POINT('',(-2.5,1.3856406460551,0.));
#2339=CARTESIAN_POINT('Origin',(-0.574999999999999,2.43930488732617,0.1));
#2340=CARTESIAN_POINT('',(-0.129903810567665,2.81175134594813,0.1));
#2341=CARTESIAN_POINT('',(-0.624999999999999,2.52590742770461,0.1));
#2342=CARTESIAN_POINT('Origin',(0.0700961894323349,2.81175134594813,0.1));
#2343=CARTESIAN_POINT('Origin',(-0.0345262482627204,2.80585859554902,0.0882144992017822));
#2344=CARTESIAN_POINT('',(-0.0499999999999994,2.85788383248865,0.192264973081037));
#2345=CARTESIAN_POINT('',(-0.104384744803051,2.8264847854368,0.129466878977336));
#2346=CARTESIAN_POINT('',(0.0500000000000006,2.85788383248865,0.192264973081035));
#2347=CARTESIAN_POINT('Origin',(5.55111512312578E-16,2.7712812921102,0.0190598923241496));
#2348=CARTESIAN_POINT('',(0.129903810567665,2.81175134594813,0.1));
#2349=CARTESIAN_POINT('',(0.716437401704532,2.4731160192165,-0.577270653463255));
#2350=CARTESIAN_POINT('Origin',(-0.070096189432334,2.81175134594813,0.1));
#2351=CARTESIAN_POINT('Origin',(6.93889390390723E-16,2.88675134594813,0.));
#2352=CARTESIAN_POINT('',(-2.45,1.47224318643355,1.80773502691897));
#2353=CARTESIAN_POINT('',(-2.45,1.47224318643355,0.));
#2354=CARTESIAN_POINT('',(-2.37009618943234,1.51837567297406,1.9));
#2355=CARTESIAN_POINT('',(-2.20883857199824,1.61147780180851,2.0862042576689));
#2356=CARTESIAN_POINT('',(-0.129903810567663,2.81175134594813,1.9));
#2357=CARTESIAN_POINT('',(-0.624999999999999,2.52590742770461,1.9));
#2358=CARTESIAN_POINT('',(-0.0499999999999994,2.85788383248865,1.80773502691897));
#2359=CARTESIAN_POINT('',(0.33063954848138,3.07764617826859,1.36821033535908));
#2360=CARTESIAN_POINT('',(-0.0499999999999993,2.85788383248865,0.));
#2361=CARTESIAN_POINT('Origin',(1.825,1.71761705083914,0.1));
#2362=CARTESIAN_POINT('',(2.37009618943233,1.51837567297406,0.1));
#2363=CARTESIAN_POINT('',(1.875,1.80421959121758,0.1));
#2364=CARTESIAN_POINT('Origin',(2.47009618943233,1.34517059221718,0.1));
#2365=CARTESIAN_POINT('Origin',(2.41268169904102,1.43282990586739,0.0882144992017822));
#2366=CARTESIAN_POINT('',(2.45,1.47224318643355,0.192264973081037));
#2367=CARTESIAN_POINT('',(2.39561525519695,1.5036422334854,0.129466878977336));
#2368=CARTESIAN_POINT('',(2.5,1.3856406460551,0.192264973081036));
#2369=CARTESIAN_POINT('Origin',(2.4,1.3856406460551,0.019059892324149));
#2370=CARTESIAN_POINT('',(2.5,1.29337567297407,0.1));
#2371=CARTESIAN_POINT('',(2.5,0.616105019510809,-0.577270653463255));
#2372=CARTESIAN_POINT('Origin',(2.4,1.46658075373095,0.1));
#2373=CARTESIAN_POINT('Origin',(2.5,1.44337567297406,0.));
#2374=CARTESIAN_POINT('',(0.0500000000000008,2.85788383248865,1.80773502691897));
#2375=CARTESIAN_POINT('',(0.0500000000000006,2.85788383248865,0.));
#2376=CARTESIAN_POINT('',(0.129903810567665,2.81175134594813,1.9));
#2377=CARTESIAN_POINT('',(0.291161428001758,2.71864921711368,2.0862042576689));
#2378=CARTESIAN_POINT('',(2.37009618943233,1.51837567297406,1.9));
#2379=CARTESIAN_POINT('',(1.875,1.80421959121758,1.9));
#2380=CARTESIAN_POINT('',(2.45,1.47224318643355,1.80773502691896));
#2381=CARTESIAN_POINT('',(2.83063954848138,1.2524808406536,1.36821033535908));
#2382=CARTESIAN_POINT('',(2.45,1.47224318643355,0.));
#2383=CARTESIAN_POINT('Origin',(2.4,-0.721687836487033,0.1));
#2384=CARTESIAN_POINT('',(2.5,-1.29337567297407,0.1));
#2385=CARTESIAN_POINT('',(2.5,-0.721687836487033,0.1));
#2386=CARTESIAN_POINT('Origin',(2.4,-1.46658075373095,0.1));
#2387=CARTESIAN_POINT('Origin',(2.44720794730374,-1.37302868968162,0.0882144992017822));
#2388=CARTESIAN_POINT('',(2.5,-1.3856406460551,0.192264973081037));
#2389=CARTESIAN_POINT('',(2.5,-1.3228425519514,0.129466878977335));
#2390=CARTESIAN_POINT('',(2.45,-1.47224318643355,0.192264973081036));
#2391=CARTESIAN_POINT('Origin',(2.4,-1.3856406460551,0.0190598923241493));
#2392=CARTESIAN_POINT('',(2.37009618943233,-1.51837567297406,0.1));
#2393=CARTESIAN_POINT('',(1.78356259829547,-1.85701099970569,-0.577270653463254));
#2394=CARTESIAN_POINT('Origin',(2.47009618943233,-1.34517059221718,0.1));
#2395=CARTESIAN_POINT('Origin',(2.5,-1.44337567297407,0.));
#2396=CARTESIAN_POINT('',(2.5,1.3856406460551,1.80773502691897));
#2397=CARTESIAN_POINT('',(2.5,1.3856406460551,0.));
#2398=CARTESIAN_POINT('',(2.5,1.29337567297407,1.9));
#2399=CARTESIAN_POINT('',(2.5,1.10717141530516,2.0862042576689));
#2400=CARTESIAN_POINT('',(2.5,-1.29337567297407,1.9));
#2401=CARTESIAN_POINT('',(2.5,-0.721687836487033,1.9));
#2402=CARTESIAN_POINT('',(2.5,-1.3856406460551,1.80773502691897));
#2403=CARTESIAN_POINT('',(2.5,-1.82516533761499,1.36821033535908));
#2404=CARTESIAN_POINT('',(2.5,-1.3856406460551,0.));
#2405=CARTESIAN_POINT('Origin',(0.574999999999999,-2.43930488732617,0.1));
#2406=CARTESIAN_POINT('',(0.129903810567665,-2.81175134594813,0.1));
#2407=CARTESIAN_POINT('',(0.624999999999998,-2.52590742770461,0.1));
#2408=CARTESIAN_POINT('Origin',(-0.070096189432335,-2.81175134594813,0.1));
#2409=CARTESIAN_POINT('Origin',(0.0345262482627187,-2.80585859554902,0.0882144992017822));
#2410=CARTESIAN_POINT('',(0.0499999999999989,-2.85788383248865,0.192264973081038));
#2411=CARTESIAN_POINT('',(0.10438474480305,-2.8264847854368,0.129466878977336));
#2412=CARTESIAN_POINT('',(-0.0500000000000009,-2.85788383248865,0.192264973081037));
#2413=CARTESIAN_POINT('Origin',(-9.71445146547012E-16,-2.7712812921102,
0.0190598923241497));
#2414=CARTESIAN_POINT('',(-0.129903810567667,-2.81175134594813,0.1));
#2415=CARTESIAN_POINT('',(-0.716437401704534,-2.4731160192165,-0.577270653463254));
#2416=CARTESIAN_POINT('Origin',(0.0700961894323324,-2.81175134594813,0.1));
#2417=CARTESIAN_POINT('Origin',(-1.825,-1.71761705083914,0.1));
#2418=CARTESIAN_POINT('',(-2.37009618943233,-1.51837567297406,0.1));
#2419=CARTESIAN_POINT('',(-1.875,-1.80421959121758,0.1));
#2420=CARTESIAN_POINT('Origin',(-2.47009618943233,-1.34517059221718,0.1));
#2421=CARTESIAN_POINT('Origin',(-2.5,-1.44337567297406,0.));
#2422=CARTESIAN_POINT('',(-0.0500000000000011,-2.85788383248865,1.80773502691896));
#2423=CARTESIAN_POINT('',(-0.0500000000000011,-2.85788383248865,0.));
#2424=CARTESIAN_POINT('',(-0.129903810567665,-2.81175134594813,1.9));
#2425=CARTESIAN_POINT('',(-0.291161428001759,-2.71864921711368,2.0862042576689));
#2426=CARTESIAN_POINT('',(-2.37009618943234,-1.51837567297406,1.9));
#2427=CARTESIAN_POINT('',(-1.875,-1.80421959121758,1.9));
#2428=CARTESIAN_POINT('',(-2.45,-1.47224318643354,1.80773502691896));
#2429=CARTESIAN_POINT('',(-2.83063954848138,-1.2524808406536,1.36821033535908));
#2430=CARTESIAN_POINT('',(-2.45,-1.47224318643354,0.192264973081037));
#2431=CARTESIAN_POINT('',(-2.45,-1.47224318643354,0.));
#2432=CARTESIAN_POINT('',(-2.39561525519695,-1.5036422334854,0.129466878977336));
#2433=CARTESIAN_POINT('Origin',(-2.4,0.721687836487033,1.9));
#2434=CARTESIAN_POINT('',(-2.4,-1.36658075373095,2.));
#2435=CARTESIAN_POINT('Origin',(-2.4,-1.46658075373095,1.9));
#2436=CARTESIAN_POINT('',(-2.4,1.36658075373096,2.));
#2437=CARTESIAN_POINT('',(-2.4,0.721687836487033,2.));
#2438=CARTESIAN_POINT('Origin',(-2.4,1.46658075373095,1.9));
#2439=CARTESIAN_POINT('Origin',(-2.42963007842374,1.39289714200326,1.92236281046552));
#2440=CARTESIAN_POINT('',(-2.38349364905389,1.39517059221717,2.));
#2441=CARTESIAN_POINT('',(-2.39387950687152,1.37718175879685,2.));
#2442=CARTESIAN_POINT('Origin',(-2.47009618943234,1.34517059221718,1.9));
#2443=CARTESIAN_POINT('Origin',(-2.4,1.3856406460551,1.98094010767585));
#2444=CARTESIAN_POINT('Origin',(-2.77555756156289E-16,0.,2.));
#2445=CARTESIAN_POINT('',(-2.38349364905389,-1.39517059221717,2.));
#2446=CARTESIAN_POINT('',(-2.38961414218237,-1.38456958715127,2.));
#2447=CARTESIAN_POINT('',(-0.0165063509461072,-2.76175134594813,2.));
#2448=CARTESIAN_POINT('',(-1.825,-1.71761705083914,2.));
#2449=CARTESIAN_POINT('',(0.0165063509461056,-2.76175134594813,2.));
#2450=CARTESIAN_POINT('',(0.00426536468914973,-2.76175134594813,2.));
#2451=CARTESIAN_POINT('',(2.38349364905389,-1.39517059221718,2.));
#2452=CARTESIAN_POINT('',(0.574999999999999,-2.43930488732617,2.));
#2453=CARTESIAN_POINT('',(2.4,-1.36658075373096,2.));
#2454=CARTESIAN_POINT('',(2.39387950687152,-1.37718175879685,2.));
#2455=CARTESIAN_POINT('',(2.4,1.36658075373095,2.));
#2456=CARTESIAN_POINT('',(2.4,-0.721687836487033,2.));
#2457=CARTESIAN_POINT('',(2.38349364905389,1.39517059221717,2.));
#2458=CARTESIAN_POINT('',(2.38961414218237,1.38456958715128,2.));
#2459=CARTESIAN_POINT('',(0.0165063509461073,2.76175134594813,2.));
#2460=CARTESIAN_POINT('',(1.825,1.71761705083914,2.));
#2461=CARTESIAN_POINT('',(-0.0165063509461057,2.76175134594813,2.));
#2462=CARTESIAN_POINT('',(-0.00426536468915175,2.76175134594813,2.));
#2463=CARTESIAN_POINT('',(-0.574999999999999,2.43930488732617,2.));
#2464=CARTESIAN_POINT('Origin',(-1.825,-1.71761705083914,1.9));
#2465=CARTESIAN_POINT('Origin',(0.0700961894323357,-2.81175134594813,1.9));
#2466=CARTESIAN_POINT('Origin',(-2.47009618943234,-1.34517059221717,1.9));
#2467=CARTESIAN_POINT('Origin',(0.00853072937830227,-2.80056994071537,1.92236281046552));
#2468=CARTESIAN_POINT('',(0.0499999999999989,-2.85788383248865,1.80773502691897));
#2469=CARTESIAN_POINT('Origin',(-9.71445146547012E-16,-2.7712812921102,
1.98094010767585));
#2470=CARTESIAN_POINT('',(0.129903810567663,-2.81175134594813,1.9));
#2471=CARTESIAN_POINT('',(-0.330639548481381,-3.07764617826859,1.36821033535908));
#2472=CARTESIAN_POINT('Origin',(-0.0700961894323371,-2.81175134594813,1.9));
#2473=CARTESIAN_POINT('Origin',(0.574999999999999,-2.43930488732617,1.9));
#2474=CARTESIAN_POINT('',(2.37009618943233,-1.51837567297406,1.9));
#2475=CARTESIAN_POINT('Origin',(2.47009618943233,-1.34517059221718,1.9));
#2476=CARTESIAN_POINT('',(0.624999999999998,-2.52590742770461,1.9));
#2477=CARTESIAN_POINT('Origin',(-1.38777878078145E-15,-2.88675134594813,
0.));
#2478=CARTESIAN_POINT('',(2.45,-1.47224318643355,1.80773502691897));
#2479=CARTESIAN_POINT('',(2.45,-1.47224318643355,0.));
#2480=CARTESIAN_POINT('',(2.20883857199824,-1.61147780180851,2.0862042576689));
#2481=CARTESIAN_POINT('',(0.0499999999999991,-2.85788383248865,0.));
#2482=CARTESIAN_POINT('Origin',(2.4,-0.721687836487033,1.9));
#2483=CARTESIAN_POINT('Origin',(2.4,1.46658075373095,1.9));
#2484=CARTESIAN_POINT('Origin',(2.4,-1.46658075373096,1.9));
#2485=CARTESIAN_POINT('Origin',(2.42963007842374,-1.39289714200326,1.92236281046552));
#2486=CARTESIAN_POINT('Origin',(2.4,-1.3856406460551,1.98094010767585));
#2487=CARTESIAN_POINT('Origin',(-0.574999999999999,2.43930488732617,1.9));
#2488=CARTESIAN_POINT('Origin',(0.0700961894323371,2.81175134594813,1.9));
#2489=CARTESIAN_POINT('Origin',(-0.00853072937830407,2.80056994071537,1.92236281046552));
#2490=CARTESIAN_POINT('Origin',(-0.0700961894323349,2.81175134594813,1.9));
#2491=CARTESIAN_POINT('Origin',(5.55111512312578E-16,2.7712812921102,1.98094010767585));
#2492=CARTESIAN_POINT('Origin',(1.825,1.71761705083914,1.9));
#2493=CARTESIAN_POINT('Origin',(2.47009618943234,1.34517059221717,1.9));
#2494=CARTESIAN_POINT('Origin',(2.42109934904544,1.40767279871211,1.92236281046552));
#2495=CARTESIAN_POINT('Origin',(2.4,1.3856406460551,1.98094010767585));
#2496=CARTESIAN_POINT('Origin',(5.55111512312578E-16,2.7712812921102,0.));
#2497=CARTESIAN_POINT('Origin',(2.4,1.3856406460551,0.));
#2498=CARTESIAN_POINT('Origin',(2.4,-1.3856406460551,0.));
#2499=CARTESIAN_POINT('Origin',(-9.71445146547012E-16,-2.7712812921102,
0.));
#2500=CARTESIAN_POINT('Origin',(-2.4,-1.3856406460551,0.));
#2501=CARTESIAN_POINT('Origin',(-2.4,-1.3856406460551,1.98094010767585));
#2502=CARTESIAN_POINT('Origin',(-2.4,-1.3856406460551,0.0190598923241493));
#2503=CARTESIAN_POINT('Origin',(-2.42109934904544,-1.40767279871211,1.92236281046552));
#2504=CARTESIAN_POINT('Origin',(-2.4,1.3856406460551,0.));
#2505=CARTESIAN_POINT('Origin',(0.,0.,0.));
#2506=CARTESIAN_POINT('Origin',(-2.41268169904102,-1.43282990586739,0.0882144992017822));
#2507=UNCERTAINTY_MEASURE_WITH_UNIT(LENGTH_MEASURE(0.01),#2511,
'DISTANCE_ACCURACY_VALUE',
'Maximum model space distance between geometric entities at asserted c
onnectivities');
#2508=UNCERTAINTY_MEASURE_WITH_UNIT(LENGTH_MEASURE(0.01),#2511,
'DISTANCE_ACCURACY_VALUE',
'Maximum model space distance between geometric entities at asserted c
onnectivities');
#2509=(
GEOMETRIC_REPRESENTATION_CONTEXT(3)
GLOBAL_UNCERTAINTY_ASSIGNED_CONTEXT((#2507))
GLOBAL_UNIT_ASSIGNED_CONTEXT((#2511,#2513,#2514))
REPRESENTATION_CONTEXT('','3D')
);
#2510=(
GEOMETRIC_REPRESENTATION_CONTEXT(3)
GLOBAL_UNCERTAINTY_ASSIGNED_CONTEXT((#2508))
GLOBAL_UNIT_ASSIGNED_CONTEXT((#2511,#2513,#2514))
REPRESENTATION_CONTEXT('','3D')
);
#2511=(
LENGTH_UNIT()
NAMED_UNIT(*)
SI_UNIT(.MILLI.,.METRE.)
);
#2512=(
LENGTH_UNIT()
NAMED_UNIT(*)
SI_UNIT($,.METRE.)
);
#2513=(
NAMED_UNIT(*)
PLANE_ANGLE_UNIT()
SI_UNIT($,.RADIAN.)
);
#2514=(
NAMED_UNIT(*)
SI_UNIT($,.STERADIAN.)
SOLID_ANGLE_UNIT()
);
#2515=SHAPE_DEFINITION_REPRESENTATION(#2516,#2517);
#2516=PRODUCT_DEFINITION_SHAPE('',$,#2519);
#2517=SHAPE_REPRESENTATION('',(#1003),#2509);
#2518=PRODUCT_DEFINITION_CONTEXT('part definition',#2523,'design');
#2519=PRODUCT_DEFINITION('M2.5 Hex Nut','M2.5 Hex Nut v3',#2520,#2518);
#2520=PRODUCT_DEFINITION_FORMATION('',$,#2525);
#2521=PRODUCT_RELATED_PRODUCT_CATEGORY('M2.5 Hex Nut v3',
'M2.5 Hex Nut v3',(#2525));
#2522=APPLICATION_PROTOCOL_DEFINITION('international standard',
'automotive_design',2009,#2523);
#2523=APPLICATION_CONTEXT(
'Core Data for Automotive Mechanical Design Process');
#2524=PRODUCT_CONTEXT('part definition',#2523,'mechanical');
#2525=PRODUCT('M2.5 Hex Nut','M2.5 Hex Nut v3',$,(#2524));
#2526=PRESENTATION_STYLE_ASSIGNMENT((#2527));
#2527=SURFACE_STYLE_USAGE(.BOTH.,#2528);
#2528=SURFACE_SIDE_STYLE('',(#2529));
#2529=SURFACE_STYLE_FILL_AREA(#2530);
#2530=FILL_AREA_STYLE('Steel - Satin',(#2531));
#2531=FILL_AREA_STYLE_COLOUR('Steel - Satin',#2532);
#2532=COLOUR_RGB('Steel - Satin',0.627450980392157,0.627450980392157,0.627450980392157);
ENDSEC;
END-ISO-10303-21;
