ISO-10303-21;
HEADER;
/* Generated by software containing ST-Developer
 * from STEP Tools, Inc. (www.steptools.com) 
 */

FILE_DESCRIPTION(
/* description */ (''),
/* implementation_level */ '2;1');

FILE_NAME(
/* name */ 'M2.5 X 5mm Phillips Pan head Screw v7.step',
/* time_stamp */ '2026-03-06T13:29:58+05:30',
/* author */ (''),
/* organization */ (''),
/* preprocessor_version */ 'ST-DEVELOPER v20.1',
/* originating_system */ 'Autodesk Translation Framework v14.24.0.0',
/* authorisation */ '');

FILE_SCHEMA (('AUTOMOTIVE_DESIGN { 1 0 10303 214 3 1 1 }'));
ENDSEC;

DATA;
#10=MECHANICAL_DESIGN_GEOMETRIC_PRESENTATION_REPRESENTATION('',(#13),#3200);
#11=SHAPE_REPRESENTATION_RELATIONSHIP('SRR','None',#3207,#12);
#12=ADVANCED_BREP_SHAPE_REPRESENTATION('',(#14),#3199);
#13=STYLED_ITEM('',(#3216),#14);
#14=MANIFOLD_SOLID_BREP('Body2',#790);
#15=FACE_BOUND('',#116,.T.);
#16=FACE_BOUND('',#122,.T.);
#17=PLANE('',#831);
#18=PLANE('',#837);
#19=PLANE('',#840);
#20=PLANE('',#841);
#21=SPHERICAL_SURFACE('',#828,3.);
#22=B_SPLINE_SURFACE_WITH_KNOTS('',3,3,((#1739,#1740,#1741,#1742),(#1743,
#1744,#1745,#1746),(#1747,#1748,#1749,#1750),(#1751,#1752,#1753,#1754)),
 .UNSPECIFIED.,.F.,.F.,.F.,(4,4),(4,4),(0.,0.11216078234077),(-0.13324421129901,
0.),.UNSPECIFIED.);
#23=B_SPLINE_SURFACE_WITH_KNOTS('',3,3,((#1771,#1772,#1773,#1774),(#1775,
#1776,#1777,#1778),(#1779,#1780,#1781,#1782),(#1783,#1784,#1785,#1786)),
 .UNSPECIFIED.,.F.,.F.,.F.,(4,4),(4,4),(0.,0.108981024222134),(-0.133244211271592,
0.),.UNSPECIFIED.);
#24=B_SPLINE_SURFACE_WITH_KNOTS('',3,3,((#1813,#1814,#1815,#1816),(#1817,
#1818,#1819,#1820),(#1821,#1822,#1823,#1824),(#1825,#1826,#1827,#1828),
(#1829,#1830,#1831,#1832),(#1833,#1834,#1835,#1836)),.UNSPECIFIED.,.F.,
 .F.,.F.,(4,2,4),(4,4),(0.,0.0149034180460405,0.0290950681174531),(-0.117202069582513,
0.),.UNSPECIFIED.);
#25=B_SPLINE_SURFACE_WITH_KNOTS('',3,3,((#1870,#1871,#1872,#1873),(#1874,
#1875,#1876,#1877),(#1878,#1879,#1880,#1881),(#1882,#1883,#1884,#1885)),
 .UNSPECIFIED.,.F.,.F.,.F.,(4,4),(4,4),(0.,0.109869849820408),(-0.133241585354085,
0.),.UNSPECIFIED.);
#26=B_SPLINE_SURFACE_WITH_KNOTS('',3,3,((#1899,#1900,#1901,#1902),(#1903,
#1904,#1905,#1906),(#1907,#1908,#1909,#1910),(#1911,#1912,#1913,#1914)),
 .UNSPECIFIED.,.F.,.F.,.F.,(4,4),(4,4),(0.,0.110233203135764),(-0.133241585354085,
0.),.UNSPECIFIED.);
#27=B_SPLINE_SURFACE_WITH_KNOTS('',3,3,((#1928,#1929,#1930,#1931),(#1932,
#1933,#1934,#1935),(#1936,#1937,#1938,#1939),(#1940,#1941,#1942,#1943),
(#1944,#1945,#1946,#1947),(#1948,#1949,#1950,#1951)),.UNSPECIFIED.,.F.,
 .F.,.F.,(4,2,4),(4,4),(0.,0.016169862186643,0.0321025986211056),(-0.116656829482934,
0.),.UNSPECIFIED.);
#28=B_SPLINE_SURFACE_WITH_KNOTS('',3,3,((#1977,#1978,#1979,#1980),(#1981,
#1982,#1983,#1984),(#1985,#1986,#1987,#1988),(#1989,#1990,#1991,#1992)),
 .UNSPECIFIED.,.F.,.F.,.F.,(4,4),(4,4),(0.,0.112161003654929),(-0.133243479246372,
0.),.UNSPECIFIED.);
#29=B_SPLINE_SURFACE_WITH_KNOTS('',3,3,((#2006,#2007,#2008,#2009),(#2010,
#2011,#2012,#2013),(#2014,#2015,#2016,#2017),(#2018,#2019,#2020,#2021)),
 .UNSPECIFIED.,.F.,.F.,.F.,(4,4),(4,4),(0.,0.108981012600863),(-0.133243479218953,
0.),.UNSPECIFIED.);
#30=B_SPLINE_SURFACE_WITH_KNOTS('',3,3,((#2048,#2049,#2050,#2051),(#2052,
#2053,#2054,#2055),(#2056,#2057,#2058,#2059),(#2060,#2061,#2062,#2063),
(#2064,#2065,#2066,#2067),(#2068,#2069,#2070,#2071)),.UNSPECIFIED.,.F.,
 .F.,.F.,(4,2,4),(4,4),(0.,0.0149065990220965,0.0290974589151083),(-0.117200448149261,
0.),.UNSPECIFIED.);
#31=B_SPLINE_SURFACE_WITH_KNOTS('',3,3,((#2100,#2101,#2102,#2103),(#2104,
#2105,#2106,#2107),(#2108,#2109,#2110,#2111),(#2112,#2113,#2114,#2115)),
 .UNSPECIFIED.,.F.,.F.,.F.,(4,4),(4,4),(0.,0.109870886058496),(-0.133242000392706,
0.),.UNSPECIFIED.);
#32=B_SPLINE_SURFACE_WITH_KNOTS('',3,3,((#2129,#2130,#2131,#2132),(#2133,
#2134,#2135,#2136),(#2137,#2138,#2139,#2140),(#2141,#2142,#2143,#2144)),
 .UNSPECIFIED.,.F.,.F.,.F.,(4,4),(4,4),(0.,0.110231234381923),(-0.133242000392706,
0.),.UNSPECIFIED.);
#33=B_SPLINE_SURFACE_WITH_KNOTS('',3,3,((#2158,#2159,#2160,#2161),(#2162,
#2163,#2164,#2165),(#2166,#2167,#2168,#2169),(#2170,#2171,#2172,#2173),
(#2174,#2175,#2176,#2177),(#2178,#2179,#2180,#2181)),.UNSPECIFIED.,.F.,
 .F.,.F.,(4,2,4),(4,4),(0.,0.0161710480335809,0.0321045455929095),(-0.116661731507826,
0.),.UNSPECIFIED.);
#34=B_SPLINE_SURFACE_WITH_KNOTS('',3,3,((#2211,#2212,#2213,#2214,#2215,
#2216,#2217,#2218,#2219,#2220,#2221,#2222,#2223,#2224,#2225,#2226,#2227,
#2228,#2229,#2230,#2231,#2232,#2233,#2234,#2235,#2236,#2237,#2238,#2239,
#2240,#2241,#2242,#2243,#2244,#2245,#2246,#2247,#2248,#2249,#2250,#2251,
#2252,#2253,#2254,#2255,#2256,#2257,#2258,#2259,#2260,#2261,#2262,#2263,
#2264,#2265,#2266,#2267,#2268,#2269,#2270,#2271,#2272,#2273,#2274,#2275,
#2276,#2277,#2278,#2279,#2280,#2281,#2282,#2283,#2284,#2285),(#2286,#2287,
#2288,#2289,#2290,#2291,#2292,#2293,#2294,#2295,#2296,#2297,#2298,#2299,
#2300,#2301,#2302,#2303,#2304,#2305,#2306,#2307,#2308,#2309,#2310,#2311,
#2312,#2313,#2314,#2315,#2316,#2317,#2318,#2319,#2320,#2321,#2322,#2323,
#2324,#2325,#2326,#2327,#2328,#2329,#2330,#2331,#2332,#2333,#2334,#2335,
#2336,#2337,#2338,#2339,#2340,#2341,#2342,#2343,#2344,#2345,#2346,#2347,
#2348,#2349,#2350,#2351,#2352,#2353,#2354,#2355,#2356,#2357,#2358,#2359,
#2360),(#2361,#2362,#2363,#2364,#2365,#2366,#2367,#2368,#2369,#2370,#2371,
#2372,#2373,#2374,#2375,#2376,#2377,#2378,#2379,#2380,#2381,#2382,#2383,
#2384,#2385,#2386,#2387,#2388,#2389,#2390,#2391,#2392,#2393,#2394,#2395,
#2396,#2397,#2398,#2399,#2400,#2401,#2402,#2403,#2404,#2405,#2406,#2407,
#2408,#2409,#2410,#2411,#2412,#2413,#2414,#2415,#2416,#2417,#2418,#2419,
#2420,#2421,#2422,#2423,#2424,#2425,#2426,#2427,#2428,#2429,#2430,#2431,
#2432,#2433,#2434,#2435),(#2436,#2437,#2438,#2439,#2440,#2441,#2442,#2443,
#2444,#2445,#2446,#2447,#2448,#2449,#2450,#2451,#2452,#2453,#2454,#2455,
#2456,#2457,#2458,#2459,#2460,#2461,#2462,#2463,#2464,#2465,#2466,#2467,
#2468,#2469,#2470,#2471,#2472,#2473,#2474,#2475,#2476,#2477,#2478,#2479,
#2480,#2481,#2482,#2483,#2484,#2485,#2486,#2487,#2488,#2489,#2490,#2491,
#2492,#2493,#2494,#2495,#2496,#2497,#2498,#2499,#2500,#2501,#2502,#2503,
#2504,#2505,#2506,#2507,#2508,#2509,#2510)),.UNSPECIFIED.,.F.,.F.,.F.,(4,
4),(4,1,1,1,1,1,1,1,1,1,1,1,1,1,1,1,1,1,1,1,1,1,1,1,1,1,1,1,1,1,1,1,1,1,
1,1,1,1,1,1,1,1,1,1,1,1,1,1,1,1,1,1,1,1,1,1,1,1,1,1,1,1,1,1,1,1,1,1,1,1,
1,1,4),(0.,0.0296469363228873),(8.3062683528249,9.30464219570861,10.3030160385923,
11.301389881476,12.2997637243597,13.2981375672434,14.2965114101272,15.2948852530109,
16.2932590958946,17.2916329387783,18.290006781662,19.2883806245457,20.2867544674294,
21.2851283103131,22.2835021531968,23.2818759960805,24.2802498389643,25.278623681848,
26.2769975247317,27.2753713676154,28.2737452104991,29.2721190533828,30.2704928962665,
31.2688667391502,32.2672405820339,33.2656144249176,34.2639882678014,35.2623621106851,
36.2607359535688,37.2591097964525,38.2574836393362,39.2558574822199,40.2542313251036,
41.2526051679873,42.250979010871,43.2493528537547,44.2477266966385,45.2461005395222,
46.2444743824059,47.2428482252896,48.2412220681733,49.239595911057,50.2379697539407,
51.2363435968244,52.2347174397081,53.2330912825918,54.2314651254756,55.2298389683593,
56.228212811243,57.2265866541267,58.2249604970104,59.2233343398941,60.2217081827778,
61.2200820256615,62.2184558685452,63.2168297114289,64.2152035543127,65.2135773971964,
66.2119512400801,67.2103250829638,68.2086989258475,69.2070727687312,70.2054466116149,
71.2038204544986,72.2021942973823,73.200568140266,74.1989419831498,75.1973158260335,
76.1956896689172,77.1940635118009,78.1924373546846,79.1908111975683,80.189185040452),
 .UNSPECIFIED.);
#35=B_SPLINE_SURFACE_WITH_KNOTS('',3,3,((#2713,#2714,#2715,#2716,#2717,
#2718,#2719,#2720,#2721,#2722,#2723,#2724,#2725,#2726,#2727,#2728,#2729,
#2730,#2731,#2732,#2733,#2734,#2735,#2736,#2737,#2738,#2739,#2740,#2741,
#2742,#2743,#2744,#2745,#2746,#2747,#2748,#2749,#2750,#2751,#2752,#2753,
#2754,#2755,#2756,#2757,#2758,#2759,#2760,#2761,#2762,#2763,#2764,#2765,
#2766,#2767,#2768,#2769,#2770,#2771,#2772,#2773,#2774,#2775,#2776,#2777,
#2778,#2779,#2780,#2781,#2782,#2783,#2784,#2785,#2786,#2787),(#2788,#2789,
#2790,#2791,#2792,#2793,#2794,#2795,#2796,#2797,#2798,#2799,#2800,#2801,
#2802,#2803,#2804,#2805,#2806,#2807,#2808,#2809,#2810,#2811,#2812,#2813,
#2814,#2815,#2816,#2817,#2818,#2819,#2820,#2821,#2822,#2823,#2824,#2825,
#2826,#2827,#2828,#2829,#2830,#2831,#2832,#2833,#2834,#2835,#2836,#2837,
#2838,#2839,#2840,#2841,#2842,#2843,#2844,#2845,#2846,#2847,#2848,#2849,
#2850,#2851,#2852,#2853,#2854,#2855,#2856,#2857,#2858,#2859,#2860,#2861,
#2862),(#2863,#2864,#2865,#2866,#2867,#2868,#2869,#2870,#2871,#2872,#2873,
#2874,#2875,#2876,#2877,#2878,#2879,#2880,#2881,#2882,#2883,#2884,#2885,
#2886,#2887,#2888,#2889,#2890,#2891,#2892,#2893,#2894,#2895,#2896,#2897,
#2898,#2899,#2900,#2901,#2902,#2903,#2904,#2905,#2906,#2907,#2908,#2909,
#2910,#2911,#2912,#2913,#2914,#2915,#2916,#2917,#2918,#2919,#2920,#2921,
#2922,#2923,#2924,#2925,#2926,#2927,#2928,#2929,#2930,#2931,#2932,#2933,
#2934,#2935,#2936,#2937),(#2938,#2939,#2940,#2941,#2942,#2943,#2944,#2945,
#2946,#2947,#2948,#2949,#2950,#2951,#2952,#2953,#2954,#2955,#2956,#2957,
#2958,#2959,#2960,#2961,#2962,#2963,#2964,#2965,#2966,#2967,#2968,#2969,
#2970,#2971,#2972,#2973,#2974,#2975,#2976,#2977,#2978,#2979,#2980,#2981,
#2982,#2983,#2984,#2985,#2986,#2987,#2988,#2989,#2990,#2991,#2992,#2993,
#2994,#2995,#2996,#2997,#2998,#2999,#3000,#3001,#3002,#3003,#3004,#3005,
#3006,#3007,#3008,#3009,#3010,#3011,#3012)),.UNSPECIFIED.,.F.,.F.,.F.,(4,
4),(4,1,1,1,1,1,1,1,1,1,1,1,1,1,1,1,1,1,1,1,1,1,1,1,1,1,1,1,1,1,1,1,1,1,
1,1,1,1,1,1,1,1,1,1,1,1,1,1,1,1,1,1,1,1,1,1,1,1,1,1,1,1,1,1,1,1,1,1,1,1,
1,1,4),(0.,0.0296469363228873),(11.6151336144496,12.6135074573333,13.611881300217,
14.6102551431007,15.6086289859845,16.6070028288682,17.6053766717519,18.6037505146356,
19.6021243575193,20.600498200403,21.5988720432867,22.5972458861704,23.5956197290541,
24.5939935719378,25.5923674148216,26.5907412577053,27.589115100589,28.5874889434727,
29.5858627863564,30.5842366292401,31.5826104721238,32.5809843150075,33.5793581578912,
34.5777320007749,35.5761058436587,36.5744796865424,37.5728535294261,38.5712273723098,
39.5696012151935,40.5679750580772,41.5663489009609,42.5647227438446,43.5630965867283,
44.561470429612,45.5598442724958,46.5582181153795,47.5565919582632,48.5549658011469,
49.5533396440306,50.5517134869143,51.550087329798,52.5484611726817,53.5468350155654,
54.5452088584491,55.5435827013329,56.5419565442166,57.5403303871003,58.538704229984,
59.5370780728677,60.5354519157514,61.5338257586351,62.5321996015188,63.5305734444025,
64.5289472872863,65.52732113017,66.5256949730537,67.5240688159374,68.5224426588211,
69.5208165017048,70.5191903445885,71.5175641874722,72.5159380303559,73.5143118732396,
74.5126857161233,75.5110595590071,76.5094334018908,77.5078072447745,78.5061810876582,
79.5045549305419,80.5029287734256,81.5013026163093,82.499676459193,83.4980503020767),
 .UNSPECIFIED.);
#36=FACE_OUTER_BOUND('',#80,.T.);
#37=FACE_OUTER_BOUND('',#81,.T.);
#38=FACE_OUTER_BOUND('',#82,.T.);
#39=FACE_OUTER_BOUND('',#83,.T.);
#40=FACE_OUTER_BOUND('',#84,.T.);
#41=FACE_OUTER_BOUND('',#85,.T.);
#42=FACE_OUTER_BOUND('',#86,.T.);
#43=FACE_OUTER_BOUND('',#87,.T.);
#44=FACE_OUTER_BOUND('',#88,.T.);
#45=FACE_OUTER_BOUND('',#89,.T.);
#46=FACE_OUTER_BOUND('',#90,.T.);
#47=FACE_OUTER_BOUND('',#91,.T.);
#48=FACE_OUTER_BOUND('',#92,.T.);
#49=FACE_OUTER_BOUND('',#93,.T.);
#50=FACE_OUTER_BOUND('',#94,.T.);
#51=FACE_OUTER_BOUND('',#95,.T.);
#52=FACE_OUTER_BOUND('',#96,.T.);
#53=FACE_OUTER_BOUND('',#97,.T.);
#54=FACE_OUTER_BOUND('',#98,.T.);
#55=FACE_OUTER_BOUND('',#99,.T.);
#56=FACE_OUTER_BOUND('',#100,.T.);
#57=FACE_OUTER_BOUND('',#101,.T.);
#58=FACE_OUTER_BOUND('',#102,.T.);
#59=FACE_OUTER_BOUND('',#103,.T.);
#60=FACE_OUTER_BOUND('',#104,.T.);
#61=FACE_OUTER_BOUND('',#105,.T.);
#62=FACE_OUTER_BOUND('',#106,.T.);
#63=FACE_OUTER_BOUND('',#107,.T.);
#64=FACE_OUTER_BOUND('',#108,.T.);
#65=FACE_OUTER_BOUND('',#109,.T.);
#66=FACE_OUTER_BOUND('',#110,.T.);
#67=FACE_OUTER_BOUND('',#111,.T.);
#68=FACE_OUTER_BOUND('',#112,.T.);
#69=FACE_OUTER_BOUND('',#113,.T.);
#70=FACE_OUTER_BOUND('',#114,.T.);
#71=FACE_OUTER_BOUND('',#115,.T.);
#72=FACE_OUTER_BOUND('',#117,.T.);
#73=FACE_OUTER_BOUND('',#118,.T.);
#74=FACE_OUTER_BOUND('',#119,.T.);
#75=FACE_OUTER_BOUND('',#120,.T.);
#76=FACE_OUTER_BOUND('',#121,.T.);
#77=FACE_OUTER_BOUND('',#123,.T.);
#78=FACE_OUTER_BOUND('',#124,.T.);
#79=FACE_OUTER_BOUND('',#125,.T.);
#80=EDGE_LOOP('',(#481,#482,#483,#484));
#81=EDGE_LOOP('',(#485,#486,#487,#488));
#82=EDGE_LOOP('',(#489,#490,#491,#492));
#83=EDGE_LOOP('',(#493,#494,#495,#496));
#84=EDGE_LOOP('',(#497,#498,#499,#500));
#85=EDGE_LOOP('',(#501,#502,#503,#504));
#86=EDGE_LOOP('',(#505,#506,#507,#508));
#87=EDGE_LOOP('',(#509,#510,#511,#512));
#88=EDGE_LOOP('',(#513,#514,#515,#516));
#89=EDGE_LOOP('',(#517,#518,#519,#520));
#90=EDGE_LOOP('',(#521,#522,#523,#524));
#91=EDGE_LOOP('',(#525,#526,#527,#528));
#92=EDGE_LOOP('',(#529,#530,#531,#532));
#93=EDGE_LOOP('',(#533,#534,#535,#536));
#94=EDGE_LOOP('',(#537,#538,#539,#540));
#95=EDGE_LOOP('',(#541,#542,#543,#544));
#96=EDGE_LOOP('',(#545,#546,#547,#548));
#97=EDGE_LOOP('',(#549,#550,#551,#552));
#98=EDGE_LOOP('',(#553,#554,#555,#556));
#99=EDGE_LOOP('',(#557,#558,#559,#560));
#100=EDGE_LOOP('',(#561,#562,#563,#564));
#101=EDGE_LOOP('',(#565,#566,#567,#568));
#102=EDGE_LOOP('',(#569,#570,#571,#572));
#103=EDGE_LOOP('',(#573,#574,#575,#576));
#104=EDGE_LOOP('',(#577,#578,#579,#580,#581));
#105=EDGE_LOOP('',(#582,#583,#584,#585));
#106=EDGE_LOOP('',(#586,#587,#588,#589));
#107=EDGE_LOOP('',(#590,#591,#592,#593));
#108=EDGE_LOOP('',(#594,#595,#596,#597));
#109=EDGE_LOOP('',(#598,#599,#600,#601));
#110=EDGE_LOOP('',(#602,#603,#604,#605));
#111=EDGE_LOOP('',(#606,#607,#608,#609));
#112=EDGE_LOOP('',(#610,#611,#612,#613));
#113=EDGE_LOOP('',(#614,#615,#616,#617));
#114=EDGE_LOOP('',(#618,#619,#620,#621,#622,#623,#624,#625,#626,#627,#628,
#629,#630,#631,#632,#633));
#115=EDGE_LOOP('',(#634));
#116=EDGE_LOOP('',(#635));
#117=EDGE_LOOP('',(#636,#637,#638,#639,#640,#641,#642,#643,#644,#645,#646,
#647,#648,#649,#650,#651,#652,#653,#654,#655,#656,#657,#658,#659,#660,#661));
#118=EDGE_LOOP('',(#662,#663,#664,#665));
#119=EDGE_LOOP('',(#666,#667,#668,#669,#670,#671,#672,#673,#674,#675,#676,
#677,#678,#679,#680,#681,#682,#683,#684,#685,#686,#687,#688,#689,#690,#691));
#120=EDGE_LOOP('',(#692,#693,#694,#695));
#121=EDGE_LOOP('',(#696));
#122=EDGE_LOOP('',(#697,#698,#699,#700));
#123=EDGE_LOOP('',(#701,#702,#703,#704));
#124=EDGE_LOOP('',(#705,#706,#707,#708,#709,#710,#711,#712,#713,#714,#715,
#716));
#125=EDGE_LOOP('',(#717,#718,#719,#720));
#126=CIRCLE('',#805,1.215);
#127=CIRCLE('',#817,0.95825);
#128=CIRCLE('',#829,2.49887974900754);
#129=CIRCLE('',#830,3.);
#130=CIRCLE('',#832,2.5);
#131=CIRCLE('',#834,0.95825);
#132=CIRCLE('',#836,1.215);
#133=CIRCLE('',#838,2.5);
#134=B_SPLINE_CURVE_WITH_KNOTS('',3,(#961,#962,#963,#964,#965,#966,#967,
#968,#969,#970),.UNSPECIFIED.,.F.,.F.,(4,3,3,4),(-4.09282965349931,-3.99349537153484,
-2.99512152865113,-2.06974660785395),.UNSPECIFIED.);
#135=B_SPLINE_CURVE_WITH_KNOTS('',3,(#973,#974,#975,#976,#977,#978,#979),
 .UNSPECIFIED.,.F.,.F.,(4,3,4),(0.,0.998373842883712,1.11850960794438),
 .UNSPECIFIED.);
#136=B_SPLINE_CURVE_WITH_KNOTS('',3,(#984,#985,#986,#987,#988,#989,#990,
#991,#992,#993,#994,#995,#996,#997,#998,#999,#1000,#1001,#1002,#1003,#1004,
#1005),.UNSPECIFIED.,.F.,.F.,(4,3,3,3,3,3,3,4),(-10.3760149606789,-9.9837384288371,
-8.98536458595339,-7.98699074306968,-6.98861690018597,-5.99024305730226,
-4.99186921441855,-4.09282965349931),.UNSPECIFIED.);
#137=B_SPLINE_CURVE_WITH_KNOTS('',3,(#1006,#1007,#1008,#1009,#1010,#1011,
#1012,#1013,#1014,#1015,#1016,#1017,#1018,#1019,#1020,#1021,#1022,#1023,
#1024,#1025,#1026,#1027),.UNSPECIFIED.,.F.,.F.,(4,3,3,3,3,3,3,4),(1.11850960794438,
1.99674768576742,2.99512152865113,3.99349537153484,4.99186921441854,5.99024305730225,
6.98861690018596,7.40169491512397),.UNSPECIFIED.);
#138=B_SPLINE_CURVE_WITH_KNOTS('',3,(#1032,#1033,#1034,#1035,#1036,#1037,
#1038,#1039,#1040,#1041,#1042,#1043,#1044,#1045,#1046,#1047,#1048,#1049,
#1050,#1051,#1052,#1053),.UNSPECIFIED.,.F.,.F.,(4,3,3,3,3,3,3,4),(-16.6592002678585,
-15.9739814861394,-14.9756076432556,-13.9772338003719,-12.9788599574882,
-11.9804861146045,-10.9821122717208,-10.3760149606789),.UNSPECIFIED.);
#139=B_SPLINE_CURVE_WITH_KNOTS('',3,(#1054,#1055,#1056,#1057,#1058,#1059,
#1060,#1061,#1062,#1063,#1064,#1065,#1066,#1067,#1068,#1069,#1070,#1071,
#1072,#1073,#1074,#1075),.UNSPECIFIED.,.F.,.F.,(4,3,3,3,3,3,3,4),(7.40169491512397,
7.98699074306967,8.98536458595338,9.98373842883709,10.9821122717208,11.9804861146045,
12.9788599574882,13.6848802223036),.UNSPECIFIED.);
#140=B_SPLINE_CURVE_WITH_KNOTS('',3,(#1080,#1081,#1082,#1083,#1084,#1085,
#1086,#1087,#1088,#1089,#1090,#1091,#1092,#1093,#1094,#1095,#1096,#1097,
#1098,#1099,#1100,#1101),.UNSPECIFIED.,.F.,.F.,(4,3,3,3,3,3,3,4),(-22.9423855750381,
-21.9642245434416,-20.9658507005579,-19.9674768576742,-18.9691030147905,
-17.9707291719068,-16.9723553290231,-16.6592002678585),.UNSPECIFIED.);
#141=B_SPLINE_CURVE_WITH_KNOTS('',3,(#1102,#1103,#1104,#1105,#1106,#1107,
#1108,#1109,#1110,#1111,#1112,#1113,#1114,#1115,#1116,#1117,#1118,#1119,
#1120,#1121,#1122,#1123),.UNSPECIFIED.,.F.,.F.,(4,3,3,3,3,3,3,4),(13.6848802223036,
13.9772338003719,14.9756076432557,15.9739814861394,16.9723553290231,17.9707291719068,
18.9691030147905,19.9680655294831),.UNSPECIFIED.);
#142=B_SPLINE_CURVE_WITH_KNOTS('',3,(#1128,#1129,#1130,#1131,#1132,#1133,
#1134,#1135,#1136,#1137,#1138,#1139,#1140,#1141,#1142,#1143,#1144,#1145,
#1146,#1147,#1148,#1149,#1150,#1151,#1152),.UNSPECIFIED.,.F.,.F.,(4,3,3,
3,3,3,3,3,4),(-29.2255708822177,-28.9528414436276,-27.9544676007439,-26.9560937578602,
-25.9577199149765,-24.9593460720928,-23.960972229209,-22.9625983863253,
-22.9423855750381),.UNSPECIFIED.);
#143=B_SPLINE_CURVE_WITH_KNOTS('',3,(#1153,#1154,#1155,#1156,#1157,#1158,
#1159,#1160,#1161,#1162,#1163,#1164,#1165,#1166,#1167,#1168,#1169,#1170,
#1171,#1172,#1173,#1174),.UNSPECIFIED.,.F.,.F.,(4,3,3,3,3,3,3,4),(19.9680655294831,
20.9658507005579,21.9642245434416,22.9625983863253,23.960972229209,24.9593460720927,
25.9577199149765,26.2512508366627),.UNSPECIFIED.);
#144=B_SPLINE_CURVE_WITH_KNOTS('',3,(#1179,#1180,#1181,#1182,#1183,#1184,
#1185,#1186,#1187,#1188,#1189,#1190,#1191,#1192,#1193,#1194,#1195,#1196,
#1197,#1198,#1199,#1200),.UNSPECIFIED.,.F.,.F.,(4,3,3,3,3,3,3,4),(-35.5087561893972,
-34.9430845009299,-33.9447106580461,-32.9463368151624,-31.9479629722787,
-30.949589129395,-29.9512152865113,-29.2255708822177),.UNSPECIFIED.);
#145=B_SPLINE_CURVE_WITH_KNOTS('',3,(#1201,#1202,#1203,#1204,#1205,#1206,
#1207,#1208,#1209,#1210,#1211,#1212,#1213,#1214,#1215,#1216,#1217,#1218,
#1219,#1220,#1221,#1222),.UNSPECIFIED.,.F.,.F.,(4,3,3,3,3,3,3,4),(26.2512508366627,
26.9560937578602,27.9544676007439,28.9528414436276,29.9512152865113,30.949589129395,
31.9479629722787,32.5344361438423),.UNSPECIFIED.);
#146=B_SPLINE_CURVE_WITH_KNOTS('',3,(#1227,#1228,#1229,#1230,#1231,#1232,
#1233,#1234,#1235,#1236,#1237,#1238,#1239,#1240,#1241,#1242,#1243,#1244,
#1245,#1246,#1247,#1248),.UNSPECIFIED.,.F.,.F.,(4,3,3,3,3,3,3,4),(-41.7919414965768,
-40.9333275582321,-39.9349537153484,-38.9365798724647,-37.938206029581,
-36.9398321866973,-35.9414583438136,-35.5087561893972),.UNSPECIFIED.);
#147=B_SPLINE_CURVE_WITH_KNOTS('',3,(#1249,#1250,#1251,#1252,#1253,#1254,
#1255,#1256,#1257,#1258,#1259,#1260,#1261,#1262,#1263,#1264,#1265,#1266,
#1267,#1268,#1269,#1270),.UNSPECIFIED.,.F.,.F.,(4,3,3,3,3,3,3,4),(32.5344361438423,
32.9463368151624,33.9447106580461,34.9430845009299,35.9414583438136,36.9398321866973,
37.938206029581,38.8176214510219),.UNSPECIFIED.);
#148=B_SPLINE_CURVE_WITH_KNOTS('',3,(#1275,#1276,#1277,#1278,#1279,#1280,
#1281,#1282,#1283,#1284,#1285,#1286,#1287,#1288,#1289,#1290,#1291,#1292,
#1293,#1294,#1295,#1296,#1297,#1298,#1299),.UNSPECIFIED.,.F.,.F.,(4,3,3,
3,3,3,3,3,4),(-48.0751268037564,-47.9219444584181,-46.9235706155344,-45.9251967726507,
-44.926822929767,-43.9284490868832,-42.9300752439995,-41.9317014011158,
-41.7919414965768),.UNSPECIFIED.);
#149=B_SPLINE_CURVE_WITH_KNOTS('',3,(#1300,#1301,#1302,#1303,#1304,#1305,
#1306,#1307,#1308,#1309,#1310,#1311,#1312,#1313,#1314,#1315,#1316,#1317,
#1318,#1319,#1320,#1321,#1322,#1323,#1324),.UNSPECIFIED.,.F.,.F.,(4,3,3,
3,3,3,3,3,4),(38.8176214510219,38.9365798724647,39.9349537153484,40.9333275582321,
41.9317014011158,42.9300752439995,43.9284490868832,44.9268229297669,45.1008067582015),
 .UNSPECIFIED.);
#150=B_SPLINE_CURVE_WITH_KNOTS('',3,(#1329,#1330,#1331,#1332,#1333,#1334,
#1335,#1336,#1337,#1338,#1339,#1340,#1341,#1342,#1343,#1344,#1345,#1346,
#1347,#1348,#1349,#1350),.UNSPECIFIED.,.F.,.F.,(4,3,3,3,3,3,3,4),(-54.358312110936,
-53.9121875157203,-52.9138136728367,-51.9154398299529,-50.9170659870692,
-49.9186921441855,-48.9203183013018,-48.0751268037564),.UNSPECIFIED.);
#151=B_SPLINE_CURVE_WITH_KNOTS('',3,(#1351,#1352,#1353,#1354,#1355,#1356,
#1357,#1358,#1359,#1360,#1361,#1362,#1363,#1364,#1365,#1366,#1367,#1368,
#1369,#1370,#1371,#1372),.UNSPECIFIED.,.F.,.F.,(4,3,3,3,3,3,3,4),(45.1008067582015,
45.9251967726507,46.9235706155344,47.9219444584181,48.9203183013018,49.9186921441855,
50.9170659870692,51.3839920653811),.UNSPECIFIED.);
#152=B_SPLINE_CURVE_WITH_KNOTS('',3,(#1377,#1378,#1379,#1380,#1381,#1382,
#1383,#1384,#1385,#1386,#1387,#1388,#1389,#1390,#1391,#1392,#1393,#1394,
#1395,#1396,#1397,#1398),.UNSPECIFIED.,.F.,.F.,(4,3,3,3,3,3,3,4),(-60.6414974181156,
-59.9024305730226,-58.9040567301389,-57.9056828872552,-56.9073090443715,
-55.9089352014878,-54.9105613586041,-54.358312110936),.UNSPECIFIED.);
#153=B_SPLINE_CURVE_WITH_KNOTS('',3,(#1399,#1400,#1401,#1402,#1403,#1404,
#1405,#1406,#1407,#1408,#1409,#1410,#1411,#1412,#1413,#1414,#1415,#1416,
#1417,#1418,#1419,#1420),.UNSPECIFIED.,.F.,.F.,(4,3,3,3,3,3,3,4),(51.3839920653811,
51.9154398299529,52.9138136728366,53.9121875157203,54.910561358604,55.9089352014878,
56.9073090443715,57.6671773725607),.UNSPECIFIED.);
#154=B_SPLINE_CURVE_WITH_KNOTS('',3,(#1425,#1426,#1427,#1428,#1429,#1430,
#1431,#1432,#1433,#1434,#1435,#1436,#1437,#1438,#1439,#1440,#1441,#1442,
#1443,#1444,#1445,#1446,#1447,#1448,#1449),.UNSPECIFIED.,.F.,.F.,(4,3,3,
3,3,3,3,3,4),(-66.9246827252952,-66.8910474732086,-65.8926736303249,-64.8942997874412,
-63.8959259445575,-62.8975521016737,-61.89917825879,-60.9008044159063,-60.6414974181156),
 .UNSPECIFIED.);
#155=B_SPLINE_CURVE_WITH_KNOTS('',3,(#1450,#1451,#1452,#1453,#1454,#1455,
#1456,#1457,#1458,#1459,#1460,#1461,#1462,#1463,#1464,#1465,#1466,#1467,
#1468,#1469,#1470,#1471,#1472,#1473,#1474),.UNSPECIFIED.,.F.,.F.,(4,3,3,
3,3,3,3,3,4),(57.6671773725607,57.9056828872552,58.9040567301389,59.9024305730226,
60.9008044159063,61.89917825879,62.8975521016737,63.8959259445575,63.9503626797403),
 .UNSPECIFIED.);
#156=B_SPLINE_CURVE_WITH_KNOTS('',3,(#1480,#1481,#1482,#1483,#1484,#1485),
 .UNSPECIFIED.,.F.,.F.,(4,1,1,4),(78.5398163397448,79.5045549305419,80.5029287734256,
81.4283036942228),.UNSPECIFIED.);
#157=B_SPLINE_CURVE_WITH_KNOTS('',3,(#1488,#1489,#1490,#1491,#1492),
 .UNSPECIFIED.,.F.,.F.,(4,1,4),(78.5398163397448,79.1908111975683,80.189185040452),
 .UNSPECIFIED.);
#158=B_SPLINE_CURVE_WITH_KNOTS('',3,(#1497,#1498,#1499,#1500,#1501,#1502,
#1503,#1504,#1505,#1506,#1507),.UNSPECIFIED.,.F.,.F.,(4,1,1,1,1,1,1,1,4),
(72.2566310325653,72.5159380303559,73.5143118732396,74.5126857161233,75.5110595590071,
76.5094334018908,77.5078072447745,78.5061810876582,78.5398163397448),
 .UNSPECIFIED.);
#159=B_SPLINE_CURVE_WITH_KNOTS('',3,(#1508,#1509,#1510,#1511,#1512,#1513,
#1514,#1515,#1516,#1517),.UNSPECIFIED.,.F.,.F.,(4,1,1,1,1,1,1,4),(72.2566310325652,
73.200568140266,74.1989419831498,75.1973158260335,76.1956896689172,77.1940635118009,
78.1924373546846,78.5398163397448),.UNSPECIFIED.);
#160=B_SPLINE_CURVE_WITH_KNOTS('',3,(#1522,#1523,#1524,#1525,#1526,#1527,
#1528,#1529,#1530,#1531),.UNSPECIFIED.,.F.,.F.,(4,1,1,1,1,1,1,4),(65.9734457253856,
66.5256949730537,67.5240688159374,68.5224426588211,69.5208165017048,70.5191903445885,
71.5175641874722,72.2566310325653),.UNSPECIFIED.);
#161=B_SPLINE_CURVE_WITH_KNOTS('',3,(#1532,#1533,#1534,#1535,#1536,#1537,
#1538,#1539,#1540,#1541,#1542),.UNSPECIFIED.,.F.,.F.,(4,1,1,1,1,1,1,1,4),
(65.9734457253856,66.2119512400801,67.2103250829638,68.2086989258475,69.2070727687312,
70.2054466116149,71.2038204544986,72.2021942973823,72.2566310325652),
 .UNSPECIFIED.);
#162=B_SPLINE_CURVE_WITH_KNOTS('',3,(#1547,#1548,#1549,#1550,#1551,#1552,
#1553,#1554,#1555,#1556),.UNSPECIFIED.,.F.,.F.,(4,1,1,1,1,1,1,4),(59.6902604182061,
60.5354519157514,61.5338257586351,62.5321996015188,63.5305734444025,64.5289472872863,
65.52732113017,65.9734457253856),.UNSPECIFIED.);
#163=B_SPLINE_CURVE_WITH_KNOTS('',3,(#1557,#1558,#1559,#1560,#1561,#1562,
#1563,#1564,#1565,#1566),.UNSPECIFIED.,.F.,.F.,(4,1,1,1,1,1,1,4),(59.6902604182061,
60.2217081827778,61.2200820256615,62.2184558685452,63.2168297114289,64.2152035543127,
65.2135773971964,65.9734457253856),.UNSPECIFIED.);
#164=B_SPLINE_CURVE_WITH_KNOTS('',3,(#1571,#1572,#1573,#1574,#1575,#1576,
#1577,#1578,#1579,#1580,#1581),.UNSPECIFIED.,.F.,.F.,(4,1,1,1,1,1,1,1,4),
(53.4070751110265,53.5468350155654,54.5452088584491,55.5435827013329,56.5419565442166,
57.5403303871003,58.538704229984,59.5370780728677,59.6902604182061),
 .UNSPECIFIED.);
#165=B_SPLINE_CURVE_WITH_KNOTS('',3,(#1582,#1583,#1584,#1585,#1586,#1587,
#1588,#1589,#1590,#1591),.UNSPECIFIED.,.F.,.F.,(4,1,1,1,1,1,1,4),(53.4070751110265,
54.2314651254756,55.2298389683593,56.228212811243,57.2265866541267,58.2249604970104,
59.2233343398941,59.6902604182061),.UNSPECIFIED.);
#166=B_SPLINE_CURVE_WITH_KNOTS('',3,(#1596,#1597,#1598,#1599,#1600,#1601,
#1602,#1603,#1604,#1605),.UNSPECIFIED.,.F.,.F.,(4,1,1,1,1,1,1,4),(47.1238898038469,
47.5565919582632,48.5549658011469,49.5533396440306,50.5517134869143,51.550087329798,
52.5484611726817,53.4070751110265),.UNSPECIFIED.);
#167=B_SPLINE_CURVE_WITH_KNOTS('',3,(#1606,#1607,#1608,#1609,#1610,#1611,
#1612,#1613,#1614,#1615,#1616),.UNSPECIFIED.,.F.,.F.,(4,1,1,1,1,1,1,1,4),
(47.1238898038469,47.2428482252896,48.2412220681733,49.239595911057,50.2379697539407,
51.2363435968244,52.2347174397081,53.2330912825918,53.4070751110265),
 .UNSPECIFIED.);
#168=B_SPLINE_CURVE_WITH_KNOTS('',3,(#1621,#1622,#1623,#1624,#1625,#1626,
#1627,#1628,#1629,#1630),.UNSPECIFIED.,.F.,.F.,(4,1,1,1,1,1,1,4),(40.8407044966673,
41.5663489009609,42.5647227438446,43.5630965867283,44.561470429612,45.5598442724958,
46.5582181153795,47.1238898038469),.UNSPECIFIED.);
#169=B_SPLINE_CURVE_WITH_KNOTS('',3,(#1631,#1632,#1633,#1634,#1635,#1636,
#1637,#1638,#1639,#1640),.UNSPECIFIED.,.F.,.F.,(4,1,1,1,1,1,1,4),(40.8407044966673,
41.2526051679873,42.250979010871,43.2493528537547,44.2477266966385,45.2461005395222,
46.2444743824059,47.1238898038469),.UNSPECIFIED.);
#170=B_SPLINE_CURVE_WITH_KNOTS('',3,(#1645,#1646,#1647,#1648,#1649,#1650,
#1651,#1652,#1653,#1654,#1655),.UNSPECIFIED.,.F.,.F.,(4,1,1,1,1,1,1,1,4),
(34.5575191894877,34.5777320007749,35.5761058436587,36.5744796865424,37.5728535294261,
38.5712273723098,39.5696012151935,40.5679750580772,40.8407044966673),
 .UNSPECIFIED.);
#171=B_SPLINE_CURVE_WITH_KNOTS('',3,(#1656,#1657,#1658,#1659,#1660,#1661,
#1662,#1663,#1664,#1665),.UNSPECIFIED.,.F.,.F.,(4,1,1,1,1,1,1,4),(34.5575191894877,
35.2623621106851,36.2607359535688,37.2591097964525,38.2574836393362,39.2558574822199,
40.2542313251036,40.8407044966673),.UNSPECIFIED.);
#172=B_SPLINE_CURVE_WITH_KNOTS('',3,(#1670,#1671,#1672,#1673,#1674,#1675,
#1676,#1677,#1678,#1679),.UNSPECIFIED.,.F.,.F.,(4,1,1,1,1,1,1,4),(28.2743338823081,
28.5874889434727,29.5858627863564,30.5842366292401,31.5826104721238,32.5809843150075,
33.5793581578912,34.5575191894877),.UNSPECIFIED.);
#173=B_SPLINE_CURVE_WITH_KNOTS('',3,(#1680,#1681,#1682,#1683,#1684,#1685,
#1686,#1687,#1688,#1689),.UNSPECIFIED.,.F.,.F.,(4,1,1,1,1,1,1,4),(28.2743338823081,
29.2721190533828,30.2704928962665,31.2688667391502,32.2672405820339,33.2656144249176,
34.2639882678014,34.5575191894877),.UNSPECIFIED.);
#174=B_SPLINE_CURVE_WITH_KNOTS('',3,(#1694,#1695,#1696,#1697,#1698,#1699,
#1700,#1701,#1702,#1703),.UNSPECIFIED.,.F.,.F.,(4,1,1,1,1,1,1,4),(21.9911485751285,
22.5972458861704,23.5956197290541,24.5939935719378,25.5923674148216,26.5907412577053,
27.589115100589,28.2743338823081),.UNSPECIFIED.);
#175=B_SPLINE_CURVE_WITH_KNOTS('',3,(#1704,#1705,#1706,#1707,#1708,#1709,
#1710,#1711,#1712,#1713,#1714),.UNSPECIFIED.,.F.,.F.,(4,1,1,1,1,1,1,1,4),
(21.9911485751285,22.2835021531968,23.2818759960805,24.2802498389643,25.278623681848,
26.2769975247317,27.2753713676154,28.2737452104991,28.2743338823081),
 .UNSPECIFIED.);
#176=B_SPLINE_CURVE_WITH_KNOTS('',3,(#1719,#1720,#1721,#1722,#1723,#1724,
#1725,#1726,#1727,#1728),.UNSPECIFIED.,.F.,.F.,(4,1,1,1,1,1,1,4),(15.7079632679489,
16.6070028288682,17.6053766717519,18.6037505146356,19.6021243575193,20.600498200403,
21.5988720432867,21.9911485751285),.UNSPECIFIED.);
#177=B_SPLINE_CURVE_WITH_KNOTS('',3,(#1729,#1730,#1731,#1732,#1733,#1734,
#1735,#1736,#1737,#1738),.UNSPECIFIED.,.F.,.F.,(4,1,1,1,1,1,1,4),(15.7079632679489,
16.2932590958946,17.2916329387783,18.290006781662,19.2883806245457,20.2867544674294,
21.2851283103131,21.9911485751285),.UNSPECIFIED.);
#178=B_SPLINE_CURVE_WITH_KNOTS('',3,(#1757,#1758,#1759,#1760,#1761,#1762),
 .UNSPECIFIED.,.F.,.F.,(4,2,4),(0.,0.034173493676924,0.0679625525942189),
 .UNSPECIFIED.);
#179=B_SPLINE_CURVE_WITH_KNOTS('',3,(#1766,#1767,#1768,#1769),
 .UNSPECIFIED.,.F.,.F.,(4,4),(3.03457259320794E-12,0.11216078234077),
 .UNSPECIFIED.);
#180=B_SPLINE_CURVE_WITH_KNOTS('',3,(#1788,#1789,#1790,#1791,#1792,#1793,
#1794,#1795,#1796,#1797,#1798,#1799,#1800,#1801,#1802,#1803,#1804,#1805,
#1806),.UNSPECIFIED.,.F.,.F.,(4,3,3,3,3,3,4),(0.,0.0138046136941905,0.0276824591672478,
0.0298544281485889,0.0409403348305584,0.0519018464188374,0.0613124131029723),
 .UNSPECIFIED.);
#181=B_SPLINE_CURVE_WITH_KNOTS('',3,(#1808,#1809,#1810,#1811),
 .UNSPECIFIED.,.F.,.F.,(4,4),(0.,0.108981024222134),.UNSPECIFIED.);
#182=B_SPLINE_CURVE_WITH_KNOTS('',3,(#1838,#1839,#1840,#1841,#1842,#1843,
#1844,#1845,#1846,#1847,#1848,#1849,#1850,#1851,#1852,#1853,#1854,#1855,
#1856),.UNSPECIFIED.,.F.,.F.,(4,3,3,3,3,3,4),(0.,0.00349015574001144,0.00670650467317284,
0.00912199980571863,0.00935011216744007,0.0148724509642478,0.0186971614812252),
 .UNSPECIFIED.);
#183=B_SPLINE_CURVE_WITH_KNOTS('',3,(#1858,#1859,#1860,#1861),
 .UNSPECIFIED.,.F.,.F.,(4,4),(0.0151427207909296,0.0290950681174531),
 .UNSPECIFIED.);
#184=B_SPLINE_CURVE_WITH_KNOTS('',3,(#1863,#1864,#1865,#1866,#1867,#1868),
 .UNSPECIFIED.,.F.,.F.,(4,2,4),(0.,0.0149034180460405,0.0151427207909296),
 .UNSPECIFIED.);
#185=B_SPLINE_CURVE_WITH_KNOTS('',3,(#1887,#1888,#1889,#1890,#1891,#1892),
 .UNSPECIFIED.,.F.,.F.,(4,2,4),(0.,0.0333303527588897,0.0664156028361834),
 .UNSPECIFIED.);
#186=B_SPLINE_CURVE_WITH_KNOTS('',3,(#1894,#1895,#1896,#1897),
 .UNSPECIFIED.,.F.,.F.,(4,4),(0.,0.109869849820408),.UNSPECIFIED.);
#187=B_SPLINE_CURVE_WITH_KNOTS('',3,(#1916,#1917,#1918,#1919,#1920,#1921),
 .UNSPECIFIED.,.F.,.F.,(4,2,4),(0.,0.0308322068778406,0.064914749412995),
 .UNSPECIFIED.);
#188=B_SPLINE_CURVE_WITH_KNOTS('',3,(#1923,#1924,#1925,#1926),
 .UNSPECIFIED.,.F.,.F.,(4,4),(0.,0.110233203135764),.UNSPECIFIED.);
#189=B_SPLINE_CURVE_WITH_KNOTS('',3,(#1953,#1954,#1955,#1956,#1957,#1958,
#1959,#1960,#1961,#1962,#1963,#1964,#1965,#1966,#1967,#1968),
 .UNSPECIFIED.,.F.,.F.,(4,3,3,3,3,4),(0.,0.0056594568667698,0.00993277194434646,
0.0100064427167141,0.0164230818532038,0.0200237915164245),.UNSPECIFIED.);
#190=B_SPLINE_CURVE_WITH_KNOTS('',3,(#1970,#1971,#1972,#1973,#1974,#1975),
 .UNSPECIFIED.,.F.,.F.,(4,2,4),(0.,0.016169862186643,0.0321025986211056),
 .UNSPECIFIED.);
#191=B_SPLINE_CURVE_WITH_KNOTS('',3,(#1994,#1995,#1996,#1997,#1998,#1999),
 .UNSPECIFIED.,.F.,.F.,(4,2,4),(0.,0.034178171658086,0.0679645944680524),
 .UNSPECIFIED.);
#192=B_SPLINE_CURVE_WITH_KNOTS('',3,(#2001,#2002,#2003,#2004),
 .UNSPECIFIED.,.F.,.F.,(4,4),(3.03208846919034E-12,0.112161003654929),
 .UNSPECIFIED.);
#193=B_SPLINE_CURVE_WITH_KNOTS('',3,(#2023,#2024,#2025,#2026,#2027,#2028,
#2029,#2030,#2031,#2032,#2033,#2034,#2035,#2036,#2037,#2038,#2039,#2040,
#2041),.UNSPECIFIED.,.F.,.F.,(4,3,3,3,3,3,4),(0.,0.0136331721220456,0.0274078695975095,
0.0298636213992033,0.0409740633778575,0.0520905324266557,0.0613165188564072),
 .UNSPECIFIED.);
#194=B_SPLINE_CURVE_WITH_KNOTS('',3,(#2043,#2044,#2045,#2046),
 .UNSPECIFIED.,.F.,.F.,(4,4),(0.,0.108981012600863),.UNSPECIFIED.);
#195=B_SPLINE_CURVE_WITH_KNOTS('',3,(#2073,#2074,#2075,#2076,#2077,#2078,
#2079,#2080,#2081,#2082,#2083,#2084,#2085,#2086,#2087,#2088,#2089,#2090,
#2091),.UNSPECIFIED.,.F.,.F.,(4,3,3,3,3,3,4),(0.,0.00348577540331617,0.0067000427594988,
0.00912333723424813,0.0093527732734538,0.0148769807008986,0.0187023644604366),
 .UNSPECIFIED.);
#196=B_SPLINE_CURVE_WITH_KNOTS('',3,(#2093,#2094,#2095,#2096,#2097,#2098),
 .UNSPECIFIED.,.F.,.F.,(4,2,4),(0.,0.0149065990220965,0.0290974589151083),
 .UNSPECIFIED.);
#197=B_SPLINE_CURVE_WITH_KNOTS('',3,(#2117,#2118,#2119,#2120,#2121,#2122),
 .UNSPECIFIED.,.F.,.F.,(4,2,4),(0.,0.0333343692791072,0.0664162145006674),
 .UNSPECIFIED.);
#198=B_SPLINE_CURVE_WITH_KNOTS('',3,(#2124,#2125,#2126,#2127),
 .UNSPECIFIED.,.F.,.F.,(4,4),(0.,0.109870886058496),.UNSPECIFIED.);
#199=B_SPLINE_CURVE_WITH_KNOTS('',3,(#2146,#2147,#2148,#2149,#2150,#2151),
 .UNSPECIFIED.,.F.,.F.,(4,2,4),(0.,0.0308320598565319,0.0649043670036177),
 .UNSPECIFIED.);
#200=B_SPLINE_CURVE_WITH_KNOTS('',3,(#2153,#2154,#2155,#2156),
 .UNSPECIFIED.,.F.,.F.,(4,4),(0.,0.110231234381923),.UNSPECIFIED.);
#201=B_SPLINE_CURVE_WITH_KNOTS('',3,(#2182,#2183,#2184,#2185,#2186,#2187,
#2188,#2189,#2190,#2191,#2192,#2193,#2194,#2195,#2196,#2197),
 .UNSPECIFIED.,.F.,.F.,(4,3,3,3,3,4),(0.,0.00565857468878182,0.00993320559022715,
0.0100070086811267,0.0164246402504478,0.0200249273507138),.UNSPECIFIED.);
#202=B_SPLINE_CURVE_WITH_KNOTS('',3,(#2198,#2199,#2200,#2201,#2202,#2203),
 .UNSPECIFIED.,.F.,.F.,(4,2,4),(0.,0.0161710480335809,0.0321045455929095),
 .UNSPECIFIED.);
#203=B_SPLINE_CURVE_WITH_KNOTS('',3,(#2512,#2513,#2514,#2515,#2516,#2517,
#2518,#2519,#2520,#2521,#2522,#2523,#2524,#2525,#2526,#2527,#2528,#2529,
#2530,#2531,#2532,#2533,#2534,#2535,#2536,#2537,#2538,#2539,#2540,#2541,
#2542,#2543,#2544,#2545,#2546,#2547,#2548,#2549,#2550,#2551,#2552,#2553,
#2554,#2555,#2556,#2557,#2558,#2559,#2560,#2561,#2562,#2563,#2564,#2565,
#2566,#2567,#2568,#2569,#2570,#2571,#2572,#2573,#2574,#2575,#2576,#2577,
#2578,#2579,#2580,#2581,#2582,#2583,#2584,#2585,#2586,#2587,#2588,#2589,
#2590),.UNSPECIFIED.,.F.,.F.,(4,3,3,3,3,3,3,3,3,3,3,3,3,3,3,3,3,3,3,3,3,
3,3,3,3,3,4),(0.,0.00889789544537712,0.0240415367692357,0.0365773325909938,
0.0426815935307645,0.0458978999040589,0.0485876483629622,0.06332750355567,
0.0785776035025777,0.0852866125067457,0.0891036923959437,0.092676133019585,
0.106735758492609,0.120342421861086,0.124327903343301,0.131253230437775,
0.13390271969363,0.147631134331342,0.161413669667622,0.169677441638834,
0.173993883706086,0.177116651634654,0.18971845008532,0.20018874052694,0.203371928110426,
0.215958651864227,0.227523845437319),.UNSPECIFIED.);
#204=B_SPLINE_CURVE_WITH_KNOTS('',3,(#2591,#2592,#2593,#2594,#2595,#2596,
#2597,#2598,#2599,#2600,#2601,#2602,#2603,#2604,#2605,#2606,#2607,#2608,
#2609),.UNSPECIFIED.,.F.,.F.,(4,3,3,3,3,3,4),(63.9503626797403,64.8942997874412,
65.8926736303249,66.8910474732086,67.8894213160923,68.887795158976,69.8131700797732),
 .UNSPECIFIED.);
#205=B_SPLINE_CURVE_WITH_KNOTS('',3,(#2611,#2612,#2613,#2614,#2615,#2616,
#2617,#2618,#2619,#2620,#2621,#2622,#2623,#2624,#2625,#2626,#2627,#2628,
#2629,#2630,#2631,#2632,#2633,#2634,#2635,#2636,#2637,#2638,#2639,#2640,
#2641,#2642,#2643,#2644,#2645,#2646,#2647,#2648,#2649,#2650,#2651,#2652,
#2653,#2654,#2655,#2656,#2657,#2658,#2659,#2660,#2661,#2662,#2663,#2664,
#2665,#2666,#2667,#2668,#2669,#2670,#2671,#2672,#2673,#2674,#2675,#2676,
#2677,#2678,#2679,#2680,#2681,#2682,#2683,#2684,#2685,#2686,#2687,#2688,
#2689,#2690,#2691,#2692),.UNSPECIFIED.,.F.,.F.,(4,3,3,3,3,3,3,3,3,3,3,3,
3,3,3,3,3,3,3,3,3,3,3,3,3,3,3,4),(-0.227523845437318,-0.220399708645489,
-0.207386358903595,-0.20186320603022,-0.199016435852878,-0.185919317854446,
-0.17717865980132,-0.17431928428647,-0.171531409167615,-0.157721784553297,
-0.143916928464465,-0.137010924025934,-0.134100208561626,-0.131750992092984,
-0.117493178590737,-0.116292910710341,-0.102548301946807,-0.0956226803303736,
-0.0920751766132415,-0.0888753650066502,-0.0745610871134,-0.0599229054588283,
-0.0524325422764748,-0.0472006807691207,-0.0444379241683482,-0.0292997724907069,
-0.0142718175865184,0.),.UNSPECIFIED.);
#206=B_SPLINE_CURVE_WITH_KNOTS('',3,(#2693,#2694,#2695,#2696,#2697,#2698,
#2699,#2700,#2701),.UNSPECIFIED.,.F.,.F.,(4,1,1,1,1,1,4),(10.3760149606788,
11.301389881476,12.2997637243597,13.2981375672434,14.2965114101272,15.2948852530109,
15.7079632679489),.UNSPECIFIED.);
#207=B_SPLINE_CURVE_WITH_KNOTS('',3,(#2705,#2706,#2707,#2708,#2709,#2710,
#2711,#2712),.UNSPECIFIED.,.F.,.F.,(4,1,1,1,1,4),(11.6151336144496,12.6135074573333,
13.611881300217,14.6102551431007,15.6086289859845,15.7079632679489),
 .UNSPECIFIED.);
#208=B_SPLINE_CURVE_WITH_KNOTS('',3,(#3014,#3015,#3016,#3017,#3018,#3019,
#3020,#3021,#3022,#3023,#3024,#3025,#3026,#3027,#3028,#3029,#3030,#3031,
#3032,#3033,#3034,#3035,#3036,#3037,#3038,#3039,#3040,#3041,#3042,#3043,
#3044,#3045,#3046,#3047,#3048,#3049,#3050,#3051,#3052,#3053,#3054,#3055,
#3056,#3057,#3058,#3059,#3060,#3061,#3062,#3063,#3064,#3065,#3066,#3067,
#3068,#3069,#3070,#3071,#3072,#3073,#3074,#3075,#3076,#3077,#3078,#3079,
#3080,#3081,#3082,#3083,#3084,#3085,#3086,#3087,#3088,#3089),
 .UNSPECIFIED.,.F.,.F.,(4,3,3,3,3,3,3,3,3,3,3,3,3,3,3,3,3,3,3,3,3,3,3,3,
3,4),(0.,0.00709626409223453,0.0200577971678535,0.0313991386090202,0.0376057845103435,
0.0400121105296815,0.0531961947816283,0.0666930500787031,0.0733338952248525,
0.0770311881290917,0.0796439495857223,0.0936125713005762,0.107537213157622,
0.110788528697187,0.119243592969218,0.122213063166059,0.136183597426494,
0.150496161791145,0.159981619268452,0.162971149706448,0.165867825237825,
0.180995824330769,0.19365432632772,0.196645180661496,0.211785868122882,
0.226379821609602),.UNSPECIFIED.);
#209=B_SPLINE_CURVE_WITH_KNOTS('',3,(#3090,#3091,#3092,#3093,#3094,#3095,
#3096,#3097,#3098,#3099,#3100,#3101,#3102,#3103,#3104,#3105,#3106,#3107,
#3108,#3109,#3110,#3111,#3112,#3113,#3114,#3115,#3116,#3117,#3118,#3119,
#3120,#3121,#3122,#3123,#3124,#3125,#3126,#3127,#3128,#3129,#3130,#3131,
#3132,#3133,#3134,#3135,#3136,#3137,#3138,#3139,#3140,#3141,#3142,#3143,
#3144,#3145,#3146,#3147,#3148,#3149,#3150,#3151,#3152,#3153,#3154,#3155,
#3156,#3157,#3158,#3159,#3160,#3161,#3162,#3163,#3164,#3165,#3166,#3167,
#3168,#3169,#3170,#3171),.UNSPECIFIED.,.F.,.F.,(4,3,3,3,3,3,3,3,3,3,3,3,
3,3,3,3,3,3,3,3,3,3,3,3,3,3,3,4),(-0.226379821609595,-0.217527673611274,
-0.203185978919741,-0.19554660266876,-0.192096486562829,-0.177198754408142,
-0.167898174617001,-0.163767364439559,-0.160913813036834,-0.146383888797379,
-0.132323295425494,-0.124941000588873,-0.120065630522773,-0.117658170708463,
-0.104020100868784,-0.102794116079011,-0.0899448515691345,-0.0835902662460508,
-0.0796220846671923,-0.0760676208716975,-0.0625227923923805,-0.0490680212386618,
-0.0428559328832516,-0.0393366154433592,-0.0362051731684051,-0.0232922512358214,
-0.0108414142885619,0.),.UNSPECIFIED.);
#210=B_SPLINE_CURVE_WITH_KNOTS('',3,(#3172,#3173,#3174,#3175,#3176,#3177,
#3178,#3179,#3180,#3181,#3182,#3183,#3184,#3185,#3186,#3187),
 .UNSPECIFIED.,.F.,.F.,(4,3,3,3,3,4),(-71.8829166876272,-70.8845428447435,
-69.8861690018597,-68.887795158976,-67.8894213160923,-66.9246827252952),
 .UNSPECIFIED.);
#211=LINE('',#959,#246);
#212=LINE('',#983,#247);
#213=LINE('',#1031,#248);
#214=LINE('',#1079,#249);
#215=LINE('',#1127,#250);
#216=LINE('',#1178,#251);
#217=LINE('',#1226,#252);
#218=LINE('',#1274,#253);
#219=LINE('',#1328,#254);
#220=LINE('',#1376,#255);
#221=LINE('',#1424,#256);
#222=LINE('',#1478,#257);
#223=LINE('',#1496,#258);
#224=LINE('',#1521,#259);
#225=LINE('',#1546,#260);
#226=LINE('',#1570,#261);
#227=LINE('',#1595,#262);
#228=LINE('',#1620,#263);
#229=LINE('',#1644,#264);
#230=LINE('',#1669,#265);
#231=LINE('',#1693,#266);
#232=LINE('',#1718,#267);
#233=LINE('',#1764,#268);
#234=LINE('',#1770,#269);
#235=LINE('',#1812,#270);
#236=LINE('',#1869,#271);
#237=LINE('',#1898,#272);
#238=LINE('',#1927,#273);
#239=LINE('',#1976,#274);
#240=LINE('',#2005,#275);
#241=LINE('',#2047,#276);
#242=LINE('',#2099,#277);
#243=LINE('',#2128,#278);
#244=LINE('',#2157,#279);
#245=LINE('',#3194,#280);
#246=VECTOR('',#846,1.25);
#247=VECTOR('',#851,1.25);
#248=VECTOR('',#854,1.25);
#249=VECTOR('',#857,1.25);
#250=VECTOR('',#860,1.25);
#251=VECTOR('',#863,1.25);
#252=VECTOR('',#866,1.25);
#253=VECTOR('',#869,1.25);
#254=VECTOR('',#872,1.25);
#255=VECTOR('',#875,1.25);
#256=VECTOR('',#878,1.25);
#257=VECTOR('',#881,0.95825);
#258=VECTOR('',#886,0.95825);
#259=VECTOR('',#889,0.95825);
#260=VECTOR('',#892,0.95825);
#261=VECTOR('',#895,0.95825);
#262=VECTOR('',#898,0.95825);
#263=VECTOR('',#901,0.95825);
#264=VECTOR('',#904,0.95825);
#265=VECTOR('',#907,0.95825);
#266=VECTOR('',#910,0.95825);
#267=VECTOR('',#913,0.95825);
#268=VECTOR('',#914,10.);
#269=VECTOR('',#915,10.);
#270=VECTOR('',#916,10.);
#271=VECTOR('',#917,10.);
#272=VECTOR('',#918,10.);
#273=VECTOR('',#919,10.);
#274=VECTOR('',#920,10.);
#275=VECTOR('',#921,10.);
#276=VECTOR('',#922,10.);
#277=VECTOR('',#923,10.);
#278=VECTOR('',#924,10.);
#279=VECTOR('',#925,10.);
#280=VECTOR('',#950,2.5);
#281=VERTEX_POINT('',#957);
#282=VERTEX_POINT('',#958);
#283=VERTEX_POINT('',#960);
#284=VERTEX_POINT('',#971);
#285=VERTEX_POINT('',#981);
#286=VERTEX_POINT('',#982);
#287=VERTEX_POINT('',#1029);
#288=VERTEX_POINT('',#1030);
#289=VERTEX_POINT('',#1077);
#290=VERTEX_POINT('',#1078);
#291=VERTEX_POINT('',#1125);
#292=VERTEX_POINT('',#1126);
#293=VERTEX_POINT('',#1176);
#294=VERTEX_POINT('',#1177);
#295=VERTEX_POINT('',#1224);
#296=VERTEX_POINT('',#1225);
#297=VERTEX_POINT('',#1272);
#298=VERTEX_POINT('',#1273);
#299=VERTEX_POINT('',#1326);
#300=VERTEX_POINT('',#1327);
#301=VERTEX_POINT('',#1374);
#302=VERTEX_POINT('',#1375);
#303=VERTEX_POINT('',#1422);
#304=VERTEX_POINT('',#1423);
#305=VERTEX_POINT('',#1476);
#306=VERTEX_POINT('',#1477);
#307=VERTEX_POINT('',#1479);
#308=VERTEX_POINT('',#1486);
#309=VERTEX_POINT('',#1494);
#310=VERTEX_POINT('',#1495);
#311=VERTEX_POINT('',#1519);
#312=VERTEX_POINT('',#1520);
#313=VERTEX_POINT('',#1544);
#314=VERTEX_POINT('',#1545);
#315=VERTEX_POINT('',#1568);
#316=VERTEX_POINT('',#1569);
#317=VERTEX_POINT('',#1593);
#318=VERTEX_POINT('',#1594);
#319=VERTEX_POINT('',#1618);
#320=VERTEX_POINT('',#1619);
#321=VERTEX_POINT('',#1642);
#322=VERTEX_POINT('',#1643);
#323=VERTEX_POINT('',#1667);
#324=VERTEX_POINT('',#1668);
#325=VERTEX_POINT('',#1691);
#326=VERTEX_POINT('',#1692);
#327=VERTEX_POINT('',#1716);
#328=VERTEX_POINT('',#1717);
#329=VERTEX_POINT('',#1755);
#330=VERTEX_POINT('',#1756);
#331=VERTEX_POINT('',#1763);
#332=VERTEX_POINT('',#1765);
#333=VERTEX_POINT('',#1787);
#334=VERTEX_POINT('',#1807);
#335=VERTEX_POINT('',#1837);
#336=VERTEX_POINT('',#1857);
#337=VERTEX_POINT('',#1862);
#338=VERTEX_POINT('',#1886);
#339=VERTEX_POINT('',#1893);
#340=VERTEX_POINT('',#1915);
#341=VERTEX_POINT('',#1922);
#342=VERTEX_POINT('',#1952);
#343=VERTEX_POINT('',#1969);
#344=VERTEX_POINT('',#1993);
#345=VERTEX_POINT('',#2000);
#346=VERTEX_POINT('',#2022);
#347=VERTEX_POINT('',#2042);
#348=VERTEX_POINT('',#2072);
#349=VERTEX_POINT('',#2092);
#350=VERTEX_POINT('',#2116);
#351=VERTEX_POINT('',#2123);
#352=VERTEX_POINT('',#2145);
#353=VERTEX_POINT('',#2152);
#354=VERTEX_POINT('',#2205);
#355=VERTEX_POINT('',#2209);
#356=VERTEX_POINT('',#2511);
#357=VERTEX_POINT('',#2610);
#358=VERTEX_POINT('',#2703);
#359=VERTEX_POINT('',#3013);
#360=VERTEX_POINT('',#3191);
#361=EDGE_CURVE('',#281,#282,#211,.T.);
#362=EDGE_CURVE('',#281,#283,#134,.T.);
#363=EDGE_CURVE('',#283,#284,#126,.F.);
#364=EDGE_CURVE('',#284,#282,#135,.T.);
#365=EDGE_CURVE('',#285,#286,#212,.T.);
#366=EDGE_CURVE('',#285,#281,#136,.T.);
#367=EDGE_CURVE('',#282,#286,#137,.T.);
#368=EDGE_CURVE('',#287,#288,#213,.T.);
#369=EDGE_CURVE('',#287,#285,#138,.T.);
#370=EDGE_CURVE('',#286,#288,#139,.T.);
#371=EDGE_CURVE('',#289,#290,#214,.T.);
#372=EDGE_CURVE('',#289,#287,#140,.T.);
#373=EDGE_CURVE('',#288,#290,#141,.T.);
#374=EDGE_CURVE('',#291,#292,#215,.T.);
#375=EDGE_CURVE('',#291,#289,#142,.T.);
#376=EDGE_CURVE('',#290,#292,#143,.T.);
#377=EDGE_CURVE('',#293,#294,#216,.T.);
#378=EDGE_CURVE('',#293,#291,#144,.T.);
#379=EDGE_CURVE('',#292,#294,#145,.T.);
#380=EDGE_CURVE('',#295,#296,#217,.T.);
#381=EDGE_CURVE('',#295,#293,#146,.T.);
#382=EDGE_CURVE('',#294,#296,#147,.T.);
#383=EDGE_CURVE('',#297,#298,#218,.T.);
#384=EDGE_CURVE('',#297,#295,#148,.T.);
#385=EDGE_CURVE('',#296,#298,#149,.T.);
#386=EDGE_CURVE('',#299,#300,#219,.T.);
#387=EDGE_CURVE('',#299,#297,#150,.T.);
#388=EDGE_CURVE('',#298,#300,#151,.T.);
#389=EDGE_CURVE('',#301,#302,#220,.T.);
#390=EDGE_CURVE('',#301,#299,#152,.T.);
#391=EDGE_CURVE('',#300,#302,#153,.T.);
#392=EDGE_CURVE('',#303,#304,#221,.T.);
#393=EDGE_CURVE('',#303,#301,#154,.T.);
#394=EDGE_CURVE('',#302,#304,#155,.T.);
#395=EDGE_CURVE('',#305,#306,#222,.T.);
#396=EDGE_CURVE('',#305,#307,#156,.T.);
#397=EDGE_CURVE('',#308,#307,#127,.T.);
#398=EDGE_CURVE('',#306,#308,#157,.T.);
#399=EDGE_CURVE('',#309,#310,#223,.T.);
#400=EDGE_CURVE('',#309,#305,#158,.T.);
#401=EDGE_CURVE('',#310,#306,#159,.T.);
#402=EDGE_CURVE('',#311,#312,#224,.T.);
#403=EDGE_CURVE('',#311,#309,#160,.T.);
#404=EDGE_CURVE('',#312,#310,#161,.T.);
#405=EDGE_CURVE('',#313,#314,#225,.T.);
#406=EDGE_CURVE('',#313,#311,#162,.T.);
#407=EDGE_CURVE('',#314,#312,#163,.T.);
#408=EDGE_CURVE('',#315,#316,#226,.T.);
#409=EDGE_CURVE('',#315,#313,#164,.T.);
#410=EDGE_CURVE('',#316,#314,#165,.T.);
#411=EDGE_CURVE('',#317,#318,#227,.T.);
#412=EDGE_CURVE('',#317,#315,#166,.T.);
#413=EDGE_CURVE('',#318,#316,#167,.T.);
#414=EDGE_CURVE('',#319,#320,#228,.T.);
#415=EDGE_CURVE('',#319,#317,#168,.T.);
#416=EDGE_CURVE('',#320,#318,#169,.T.);
#417=EDGE_CURVE('',#321,#322,#229,.T.);
#418=EDGE_CURVE('',#321,#319,#170,.T.);
#419=EDGE_CURVE('',#322,#320,#171,.T.);
#420=EDGE_CURVE('',#323,#324,#230,.T.);
#421=EDGE_CURVE('',#323,#321,#172,.T.);
#422=EDGE_CURVE('',#324,#322,#173,.T.);
#423=EDGE_CURVE('',#325,#326,#231,.T.);
#424=EDGE_CURVE('',#325,#323,#174,.T.);
#425=EDGE_CURVE('',#326,#324,#175,.T.);
#426=EDGE_CURVE('',#327,#328,#232,.T.);
#427=EDGE_CURVE('',#327,#325,#176,.T.);
#428=EDGE_CURVE('',#328,#326,#177,.T.);
#429=EDGE_CURVE('',#329,#330,#178,.T.);
#430=EDGE_CURVE('',#329,#331,#233,.T.);
#431=EDGE_CURVE('',#332,#331,#179,.T.);
#432=EDGE_CURVE('',#330,#332,#234,.T.);
#433=EDGE_CURVE('',#330,#333,#180,.T.);
#434=EDGE_CURVE('',#334,#332,#181,.T.);
#435=EDGE_CURVE('',#333,#334,#235,.T.);
#436=EDGE_CURVE('',#333,#335,#182,.T.);
#437=EDGE_CURVE('',#336,#334,#183,.T.);
#438=EDGE_CURVE('',#337,#336,#184,.T.);
#439=EDGE_CURVE('',#335,#337,#236,.T.);
#440=EDGE_CURVE('',#335,#338,#185,.T.);
#441=EDGE_CURVE('',#339,#337,#186,.T.);
#442=EDGE_CURVE('',#338,#339,#237,.T.);
#443=EDGE_CURVE('',#338,#340,#187,.T.);
#444=EDGE_CURVE('',#341,#339,#188,.T.);
#445=EDGE_CURVE('',#340,#341,#238,.T.);
#446=EDGE_CURVE('',#340,#342,#189,.T.);
#447=EDGE_CURVE('',#343,#341,#190,.T.);
#448=EDGE_CURVE('',#342,#343,#239,.T.);
#449=EDGE_CURVE('',#342,#344,#191,.T.);
#450=EDGE_CURVE('',#345,#343,#192,.T.);
#451=EDGE_CURVE('',#344,#345,#240,.T.);
#452=EDGE_CURVE('',#344,#346,#193,.T.);
#453=EDGE_CURVE('',#347,#345,#194,.T.);
#454=EDGE_CURVE('',#346,#347,#241,.T.);
#455=EDGE_CURVE('',#346,#348,#195,.T.);
#456=EDGE_CURVE('',#349,#347,#196,.T.);
#457=EDGE_CURVE('',#348,#349,#242,.T.);
#458=EDGE_CURVE('',#348,#350,#197,.T.);
#459=EDGE_CURVE('',#351,#349,#198,.T.);
#460=EDGE_CURVE('',#350,#351,#243,.T.);
#461=EDGE_CURVE('',#350,#352,#199,.T.);
#462=EDGE_CURVE('',#353,#351,#200,.T.);
#463=EDGE_CURVE('',#352,#353,#244,.T.);
#464=EDGE_CURVE('',#352,#329,#201,.T.);
#465=EDGE_CURVE('',#331,#353,#202,.T.);
#466=EDGE_CURVE('',#354,#354,#128,.T.);
#467=EDGE_CURVE('',#354,#336,#129,.T.);
#468=EDGE_CURVE('',#355,#355,#130,.T.);
#469=EDGE_CURVE('',#356,#308,#203,.T.);
#470=EDGE_CURVE('',#304,#356,#204,.T.);
#471=EDGE_CURVE('',#357,#284,#205,.T.);
#472=EDGE_CURVE('',#357,#328,#206,.T.);
#473=EDGE_CURVE('',#358,#357,#131,.T.);
#474=EDGE_CURVE('',#358,#327,#207,.T.);
#475=EDGE_CURVE('',#307,#359,#208,.T.);
#476=EDGE_CURVE('',#283,#358,#209,.T.);
#477=EDGE_CURVE('',#359,#303,#210,.T.);
#478=EDGE_CURVE('',#359,#356,#132,.F.);
#479=EDGE_CURVE('',#360,#360,#133,.T.);
#480=EDGE_CURVE('',#355,#360,#245,.T.);
#481=ORIENTED_EDGE('',*,*,#361,.F.);
#482=ORIENTED_EDGE('',*,*,#362,.T.);
#483=ORIENTED_EDGE('',*,*,#363,.T.);
#484=ORIENTED_EDGE('',*,*,#364,.T.);
#485=ORIENTED_EDGE('',*,*,#365,.F.);
#486=ORIENTED_EDGE('',*,*,#366,.T.);
#487=ORIENTED_EDGE('',*,*,#361,.T.);
#488=ORIENTED_EDGE('',*,*,#367,.T.);
#489=ORIENTED_EDGE('',*,*,#368,.F.);
#490=ORIENTED_EDGE('',*,*,#369,.T.);
#491=ORIENTED_EDGE('',*,*,#365,.T.);
#492=ORIENTED_EDGE('',*,*,#370,.T.);
#493=ORIENTED_EDGE('',*,*,#371,.F.);
#494=ORIENTED_EDGE('',*,*,#372,.T.);
#495=ORIENTED_EDGE('',*,*,#368,.T.);
#496=ORIENTED_EDGE('',*,*,#373,.T.);
#497=ORIENTED_EDGE('',*,*,#374,.F.);
#498=ORIENTED_EDGE('',*,*,#375,.T.);
#499=ORIENTED_EDGE('',*,*,#371,.T.);
#500=ORIENTED_EDGE('',*,*,#376,.T.);
#501=ORIENTED_EDGE('',*,*,#377,.F.);
#502=ORIENTED_EDGE('',*,*,#378,.T.);
#503=ORIENTED_EDGE('',*,*,#374,.T.);
#504=ORIENTED_EDGE('',*,*,#379,.T.);
#505=ORIENTED_EDGE('',*,*,#380,.F.);
#506=ORIENTED_EDGE('',*,*,#381,.T.);
#507=ORIENTED_EDGE('',*,*,#377,.T.);
#508=ORIENTED_EDGE('',*,*,#382,.T.);
#509=ORIENTED_EDGE('',*,*,#383,.F.);
#510=ORIENTED_EDGE('',*,*,#384,.T.);
#511=ORIENTED_EDGE('',*,*,#380,.T.);
#512=ORIENTED_EDGE('',*,*,#385,.T.);
#513=ORIENTED_EDGE('',*,*,#386,.F.);
#514=ORIENTED_EDGE('',*,*,#387,.T.);
#515=ORIENTED_EDGE('',*,*,#383,.T.);
#516=ORIENTED_EDGE('',*,*,#388,.T.);
#517=ORIENTED_EDGE('',*,*,#389,.F.);
#518=ORIENTED_EDGE('',*,*,#390,.T.);
#519=ORIENTED_EDGE('',*,*,#386,.T.);
#520=ORIENTED_EDGE('',*,*,#391,.T.);
#521=ORIENTED_EDGE('',*,*,#392,.F.);
#522=ORIENTED_EDGE('',*,*,#393,.T.);
#523=ORIENTED_EDGE('',*,*,#389,.T.);
#524=ORIENTED_EDGE('',*,*,#394,.T.);
#525=ORIENTED_EDGE('',*,*,#395,.F.);
#526=ORIENTED_EDGE('',*,*,#396,.T.);
#527=ORIENTED_EDGE('',*,*,#397,.F.);
#528=ORIENTED_EDGE('',*,*,#398,.F.);
#529=ORIENTED_EDGE('',*,*,#399,.F.);
#530=ORIENTED_EDGE('',*,*,#400,.T.);
#531=ORIENTED_EDGE('',*,*,#395,.T.);
#532=ORIENTED_EDGE('',*,*,#401,.F.);
#533=ORIENTED_EDGE('',*,*,#402,.F.);
#534=ORIENTED_EDGE('',*,*,#403,.T.);
#535=ORIENTED_EDGE('',*,*,#399,.T.);
#536=ORIENTED_EDGE('',*,*,#404,.F.);
#537=ORIENTED_EDGE('',*,*,#405,.F.);
#538=ORIENTED_EDGE('',*,*,#406,.T.);
#539=ORIENTED_EDGE('',*,*,#402,.T.);
#540=ORIENTED_EDGE('',*,*,#407,.F.);
#541=ORIENTED_EDGE('',*,*,#408,.F.);
#542=ORIENTED_EDGE('',*,*,#409,.T.);
#543=ORIENTED_EDGE('',*,*,#405,.T.);
#544=ORIENTED_EDGE('',*,*,#410,.F.);
#545=ORIENTED_EDGE('',*,*,#411,.F.);
#546=ORIENTED_EDGE('',*,*,#412,.T.);
#547=ORIENTED_EDGE('',*,*,#408,.T.);
#548=ORIENTED_EDGE('',*,*,#413,.F.);
#549=ORIENTED_EDGE('',*,*,#414,.F.);
#550=ORIENTED_EDGE('',*,*,#415,.T.);
#551=ORIENTED_EDGE('',*,*,#411,.T.);
#552=ORIENTED_EDGE('',*,*,#416,.F.);
#553=ORIENTED_EDGE('',*,*,#417,.F.);
#554=ORIENTED_EDGE('',*,*,#418,.T.);
#555=ORIENTED_EDGE('',*,*,#414,.T.);
#556=ORIENTED_EDGE('',*,*,#419,.F.);
#557=ORIENTED_EDGE('',*,*,#420,.F.);
#558=ORIENTED_EDGE('',*,*,#421,.T.);
#559=ORIENTED_EDGE('',*,*,#417,.T.);
#560=ORIENTED_EDGE('',*,*,#422,.F.);
#561=ORIENTED_EDGE('',*,*,#423,.F.);
#562=ORIENTED_EDGE('',*,*,#424,.T.);
#563=ORIENTED_EDGE('',*,*,#420,.T.);
#564=ORIENTED_EDGE('',*,*,#425,.F.);
#565=ORIENTED_EDGE('',*,*,#426,.F.);
#566=ORIENTED_EDGE('',*,*,#427,.T.);
#567=ORIENTED_EDGE('',*,*,#423,.T.);
#568=ORIENTED_EDGE('',*,*,#428,.F.);
#569=ORIENTED_EDGE('',*,*,#429,.F.);
#570=ORIENTED_EDGE('',*,*,#430,.T.);
#571=ORIENTED_EDGE('',*,*,#431,.F.);
#572=ORIENTED_EDGE('',*,*,#432,.F.);
#573=ORIENTED_EDGE('',*,*,#433,.F.);
#574=ORIENTED_EDGE('',*,*,#432,.T.);
#575=ORIENTED_EDGE('',*,*,#434,.F.);
#576=ORIENTED_EDGE('',*,*,#435,.F.);
#577=ORIENTED_EDGE('',*,*,#436,.F.);
#578=ORIENTED_EDGE('',*,*,#435,.T.);
#579=ORIENTED_EDGE('',*,*,#437,.F.);
#580=ORIENTED_EDGE('',*,*,#438,.F.);
#581=ORIENTED_EDGE('',*,*,#439,.F.);
#582=ORIENTED_EDGE('',*,*,#440,.F.);
#583=ORIENTED_EDGE('',*,*,#439,.T.);
#584=ORIENTED_EDGE('',*,*,#441,.F.);
#585=ORIENTED_EDGE('',*,*,#442,.F.);
#586=ORIENTED_EDGE('',*,*,#443,.F.);
#587=ORIENTED_EDGE('',*,*,#442,.T.);
#588=ORIENTED_EDGE('',*,*,#444,.F.);
#589=ORIENTED_EDGE('',*,*,#445,.F.);
#590=ORIENTED_EDGE('',*,*,#446,.F.);
#591=ORIENTED_EDGE('',*,*,#445,.T.);
#592=ORIENTED_EDGE('',*,*,#447,.F.);
#593=ORIENTED_EDGE('',*,*,#448,.F.);
#594=ORIENTED_EDGE('',*,*,#449,.F.);
#595=ORIENTED_EDGE('',*,*,#448,.T.);
#596=ORIENTED_EDGE('',*,*,#450,.F.);
#597=ORIENTED_EDGE('',*,*,#451,.F.);
#598=ORIENTED_EDGE('',*,*,#452,.F.);
#599=ORIENTED_EDGE('',*,*,#451,.T.);
#600=ORIENTED_EDGE('',*,*,#453,.F.);
#601=ORIENTED_EDGE('',*,*,#454,.F.);
#602=ORIENTED_EDGE('',*,*,#455,.F.);
#603=ORIENTED_EDGE('',*,*,#454,.T.);
#604=ORIENTED_EDGE('',*,*,#456,.F.);
#605=ORIENTED_EDGE('',*,*,#457,.F.);
#606=ORIENTED_EDGE('',*,*,#458,.F.);
#607=ORIENTED_EDGE('',*,*,#457,.T.);
#608=ORIENTED_EDGE('',*,*,#459,.F.);
#609=ORIENTED_EDGE('',*,*,#460,.F.);
#610=ORIENTED_EDGE('',*,*,#461,.F.);
#611=ORIENTED_EDGE('',*,*,#460,.T.);
#612=ORIENTED_EDGE('',*,*,#462,.F.);
#613=ORIENTED_EDGE('',*,*,#463,.F.);
#614=ORIENTED_EDGE('',*,*,#464,.F.);
#615=ORIENTED_EDGE('',*,*,#463,.T.);
#616=ORIENTED_EDGE('',*,*,#465,.F.);
#617=ORIENTED_EDGE('',*,*,#430,.F.);
#618=ORIENTED_EDGE('',*,*,#466,.F.);
#619=ORIENTED_EDGE('',*,*,#467,.T.);
#620=ORIENTED_EDGE('',*,*,#437,.T.);
#621=ORIENTED_EDGE('',*,*,#434,.T.);
#622=ORIENTED_EDGE('',*,*,#431,.T.);
#623=ORIENTED_EDGE('',*,*,#465,.T.);
#624=ORIENTED_EDGE('',*,*,#462,.T.);
#625=ORIENTED_EDGE('',*,*,#459,.T.);
#626=ORIENTED_EDGE('',*,*,#456,.T.);
#627=ORIENTED_EDGE('',*,*,#453,.T.);
#628=ORIENTED_EDGE('',*,*,#450,.T.);
#629=ORIENTED_EDGE('',*,*,#447,.T.);
#630=ORIENTED_EDGE('',*,*,#444,.T.);
#631=ORIENTED_EDGE('',*,*,#441,.T.);
#632=ORIENTED_EDGE('',*,*,#438,.T.);
#633=ORIENTED_EDGE('',*,*,#467,.F.);
#634=ORIENTED_EDGE('',*,*,#468,.T.);
#635=ORIENTED_EDGE('',*,*,#466,.T.);
#636=ORIENTED_EDGE('',*,*,#469,.F.);
#637=ORIENTED_EDGE('',*,*,#470,.F.);
#638=ORIENTED_EDGE('',*,*,#394,.F.);
#639=ORIENTED_EDGE('',*,*,#391,.F.);
#640=ORIENTED_EDGE('',*,*,#388,.F.);
#641=ORIENTED_EDGE('',*,*,#385,.F.);
#642=ORIENTED_EDGE('',*,*,#382,.F.);
#643=ORIENTED_EDGE('',*,*,#379,.F.);
#644=ORIENTED_EDGE('',*,*,#376,.F.);
#645=ORIENTED_EDGE('',*,*,#373,.F.);
#646=ORIENTED_EDGE('',*,*,#370,.F.);
#647=ORIENTED_EDGE('',*,*,#367,.F.);
#648=ORIENTED_EDGE('',*,*,#364,.F.);
#649=ORIENTED_EDGE('',*,*,#471,.F.);
#650=ORIENTED_EDGE('',*,*,#472,.T.);
#651=ORIENTED_EDGE('',*,*,#428,.T.);
#652=ORIENTED_EDGE('',*,*,#425,.T.);
#653=ORIENTED_EDGE('',*,*,#422,.T.);
#654=ORIENTED_EDGE('',*,*,#419,.T.);
#655=ORIENTED_EDGE('',*,*,#416,.T.);
#656=ORIENTED_EDGE('',*,*,#413,.T.);
#657=ORIENTED_EDGE('',*,*,#410,.T.);
#658=ORIENTED_EDGE('',*,*,#407,.T.);
#659=ORIENTED_EDGE('',*,*,#404,.T.);
#660=ORIENTED_EDGE('',*,*,#401,.T.);
#661=ORIENTED_EDGE('',*,*,#398,.T.);
#662=ORIENTED_EDGE('',*,*,#426,.T.);
#663=ORIENTED_EDGE('',*,*,#472,.F.);
#664=ORIENTED_EDGE('',*,*,#473,.F.);
#665=ORIENTED_EDGE('',*,*,#474,.T.);
#666=ORIENTED_EDGE('',*,*,#475,.F.);
#667=ORIENTED_EDGE('',*,*,#396,.F.);
#668=ORIENTED_EDGE('',*,*,#400,.F.);
#669=ORIENTED_EDGE('',*,*,#403,.F.);
#670=ORIENTED_EDGE('',*,*,#406,.F.);
#671=ORIENTED_EDGE('',*,*,#409,.F.);
#672=ORIENTED_EDGE('',*,*,#412,.F.);
#673=ORIENTED_EDGE('',*,*,#415,.F.);
#674=ORIENTED_EDGE('',*,*,#418,.F.);
#675=ORIENTED_EDGE('',*,*,#421,.F.);
#676=ORIENTED_EDGE('',*,*,#424,.F.);
#677=ORIENTED_EDGE('',*,*,#427,.F.);
#678=ORIENTED_EDGE('',*,*,#474,.F.);
#679=ORIENTED_EDGE('',*,*,#476,.F.);
#680=ORIENTED_EDGE('',*,*,#362,.F.);
#681=ORIENTED_EDGE('',*,*,#366,.F.);
#682=ORIENTED_EDGE('',*,*,#369,.F.);
#683=ORIENTED_EDGE('',*,*,#372,.F.);
#684=ORIENTED_EDGE('',*,*,#375,.F.);
#685=ORIENTED_EDGE('',*,*,#378,.F.);
#686=ORIENTED_EDGE('',*,*,#381,.F.);
#687=ORIENTED_EDGE('',*,*,#384,.F.);
#688=ORIENTED_EDGE('',*,*,#387,.F.);
#689=ORIENTED_EDGE('',*,*,#390,.F.);
#690=ORIENTED_EDGE('',*,*,#393,.F.);
#691=ORIENTED_EDGE('',*,*,#477,.F.);
#692=ORIENTED_EDGE('',*,*,#392,.T.);
#693=ORIENTED_EDGE('',*,*,#470,.T.);
#694=ORIENTED_EDGE('',*,*,#478,.F.);
#695=ORIENTED_EDGE('',*,*,#477,.T.);
#696=ORIENTED_EDGE('',*,*,#479,.T.);
#697=ORIENTED_EDGE('',*,*,#476,.T.);
#698=ORIENTED_EDGE('',*,*,#473,.T.);
#699=ORIENTED_EDGE('',*,*,#471,.T.);
#700=ORIENTED_EDGE('',*,*,#363,.F.);
#701=ORIENTED_EDGE('',*,*,#468,.F.);
#702=ORIENTED_EDGE('',*,*,#480,.T.);
#703=ORIENTED_EDGE('',*,*,#479,.F.);
#704=ORIENTED_EDGE('',*,*,#480,.F.);
#705=ORIENTED_EDGE('',*,*,#429,.T.);
#706=ORIENTED_EDGE('',*,*,#433,.T.);
#707=ORIENTED_EDGE('',*,*,#436,.T.);
#708=ORIENTED_EDGE('',*,*,#440,.T.);
#709=ORIENTED_EDGE('',*,*,#443,.T.);
#710=ORIENTED_EDGE('',*,*,#446,.T.);
#711=ORIENTED_EDGE('',*,*,#449,.T.);
#712=ORIENTED_EDGE('',*,*,#452,.T.);
#713=ORIENTED_EDGE('',*,*,#455,.T.);
#714=ORIENTED_EDGE('',*,*,#458,.T.);
#715=ORIENTED_EDGE('',*,*,#461,.T.);
#716=ORIENTED_EDGE('',*,*,#464,.T.);
#717=ORIENTED_EDGE('',*,*,#475,.T.);
#718=ORIENTED_EDGE('',*,*,#478,.T.);
#719=ORIENTED_EDGE('',*,*,#469,.T.);
#720=ORIENTED_EDGE('',*,*,#397,.T.);
#721=CYLINDRICAL_SURFACE('',#804,1.215);
#722=CYLINDRICAL_SURFACE('',#806,1.215);
#723=CYLINDRICAL_SURFACE('',#807,1.215);
#724=CYLINDRICAL_SURFACE('',#808,1.215);
#725=CYLINDRICAL_SURFACE('',#809,1.215);
#726=CYLINDRICAL_SURFACE('',#810,1.215);
#727=CYLINDRICAL_SURFACE('',#811,1.215);
#728=CYLINDRICAL_SURFACE('',#812,1.215);
#729=CYLINDRICAL_SURFACE('',#813,1.215);
#730=CYLINDRICAL_SURFACE('',#814,1.215);
#731=CYLINDRICAL_SURFACE('',#815,1.215);
#732=CYLINDRICAL_SURFACE('',#816,0.95825);
#733=CYLINDRICAL_SURFACE('',#818,0.95825);
#734=CYLINDRICAL_SURFACE('',#819,0.95825);
#735=CYLINDRICAL_SURFACE('',#820,0.95825);
#736=CYLINDRICAL_SURFACE('',#821,0.95825);
#737=CYLINDRICAL_SURFACE('',#822,0.95825);
#738=CYLINDRICAL_SURFACE('',#823,0.95825);
#739=CYLINDRICAL_SURFACE('',#824,0.95825);
#740=CYLINDRICAL_SURFACE('',#825,0.95825);
#741=CYLINDRICAL_SURFACE('',#826,0.95825);
#742=CYLINDRICAL_SURFACE('',#827,0.95825);
#743=CYLINDRICAL_SURFACE('',#833,0.95825);
#744=CYLINDRICAL_SURFACE('',#835,1.215);
#745=CYLINDRICAL_SURFACE('',#839,2.5);
#746=ADVANCED_FACE('',(#36),#721,.T.);
#747=ADVANCED_FACE('',(#37),#722,.T.);
#748=ADVANCED_FACE('',(#38),#723,.T.);
#749=ADVANCED_FACE('',(#39),#724,.T.);
#750=ADVANCED_FACE('',(#40),#725,.T.);
#751=ADVANCED_FACE('',(#41),#726,.T.);
#752=ADVANCED_FACE('',(#42),#727,.T.);
#753=ADVANCED_FACE('',(#43),#728,.T.);
#754=ADVANCED_FACE('',(#44),#729,.T.);
#755=ADVANCED_FACE('',(#45),#730,.T.);
#756=ADVANCED_FACE('',(#46),#731,.T.);
#757=ADVANCED_FACE('',(#47),#732,.T.);
#758=ADVANCED_FACE('',(#48),#733,.T.);
#759=ADVANCED_FACE('',(#49),#734,.T.);
#760=ADVANCED_FACE('',(#50),#735,.T.);
#761=ADVANCED_FACE('',(#51),#736,.T.);
#762=ADVANCED_FACE('',(#52),#737,.T.);
#763=ADVANCED_FACE('',(#53),#738,.T.);
#764=ADVANCED_FACE('',(#54),#739,.T.);
#765=ADVANCED_FACE('',(#55),#740,.T.);
#766=ADVANCED_FACE('',(#56),#741,.T.);
#767=ADVANCED_FACE('',(#57),#742,.T.);
#768=ADVANCED_FACE('',(#58),#22,.T.);
#769=ADVANCED_FACE('',(#59),#23,.T.);
#770=ADVANCED_FACE('',(#60),#24,.T.);
#771=ADVANCED_FACE('',(#61),#25,.T.);
#772=ADVANCED_FACE('',(#62),#26,.T.);
#773=ADVANCED_FACE('',(#63),#27,.T.);
#774=ADVANCED_FACE('',(#64),#28,.T.);
#775=ADVANCED_FACE('',(#65),#29,.T.);
#776=ADVANCED_FACE('',(#66),#30,.T.);
#777=ADVANCED_FACE('',(#67),#31,.T.);
#778=ADVANCED_FACE('',(#68),#32,.T.);
#779=ADVANCED_FACE('',(#69),#33,.T.);
#780=ADVANCED_FACE('',(#70),#21,.T.);
#781=ADVANCED_FACE('',(#71,#15),#17,.F.);
#782=ADVANCED_FACE('',(#72),#34,.F.);
#783=ADVANCED_FACE('',(#73),#743,.T.);
#784=ADVANCED_FACE('',(#74),#35,.F.);
#785=ADVANCED_FACE('',(#75),#744,.T.);
#786=ADVANCED_FACE('',(#76,#16),#18,.T.);
#787=ADVANCED_FACE('',(#77),#745,.T.);
#788=ADVANCED_FACE('',(#78),#19,.F.);
#789=ADVANCED_FACE('',(#79),#20,.T.);
#790=CLOSED_SHELL('',(#746,#747,#748,#749,#750,#751,#752,#753,#754,#755,
#756,#757,#758,#759,#760,#761,#762,#763,#764,#765,#766,#767,#768,#769,#770,
#771,#772,#773,#774,#775,#776,#777,#778,#779,#780,#781,#782,#783,#784,#785,
#786,#787,#788,#789));
#791=DERIVED_UNIT_ELEMENT(#793,1.);
#792=DERIVED_UNIT_ELEMENT(#3202,-3.);
#793=(
MASS_UNIT()
NAMED_UNIT(*)
SI_UNIT(.KILO.,.GRAM.)
);
#794=DERIVED_UNIT((#791,#792));
#795=MEASURE_REPRESENTATION_ITEM('density measure',
POSITIVE_RATIO_MEASURE(7850.),#794);
#796=PROPERTY_DEFINITION_REPRESENTATION(#801,#798);
#797=PROPERTY_DEFINITION_REPRESENTATION(#802,#799);
#798=REPRESENTATION('material name',(#800),#3199);
#799=REPRESENTATION('density',(#795),#3199);
#800=DESCRIPTIVE_REPRESENTATION_ITEM('Steel','Steel');
#801=PROPERTY_DEFINITION('material property','material name',#3209);
#802=PROPERTY_DEFINITION('material property','density of part',#3209);
#803=AXIS2_PLACEMENT_3D('',#955,#842,#843);
#804=AXIS2_PLACEMENT_3D('',#956,#844,#845);
#805=AXIS2_PLACEMENT_3D('',#972,#847,#848);
#806=AXIS2_PLACEMENT_3D('',#980,#849,#850);
#807=AXIS2_PLACEMENT_3D('',#1028,#852,#853);
#808=AXIS2_PLACEMENT_3D('',#1076,#855,#856);
#809=AXIS2_PLACEMENT_3D('',#1124,#858,#859);
#810=AXIS2_PLACEMENT_3D('',#1175,#861,#862);
#811=AXIS2_PLACEMENT_3D('',#1223,#864,#865);
#812=AXIS2_PLACEMENT_3D('',#1271,#867,#868);
#813=AXIS2_PLACEMENT_3D('',#1325,#870,#871);
#814=AXIS2_PLACEMENT_3D('',#1373,#873,#874);
#815=AXIS2_PLACEMENT_3D('',#1421,#876,#877);
#816=AXIS2_PLACEMENT_3D('',#1475,#879,#880);
#817=AXIS2_PLACEMENT_3D('',#1487,#882,#883);
#818=AXIS2_PLACEMENT_3D('',#1493,#884,#885);
#819=AXIS2_PLACEMENT_3D('',#1518,#887,#888);
#820=AXIS2_PLACEMENT_3D('',#1543,#890,#891);
#821=AXIS2_PLACEMENT_3D('',#1567,#893,#894);
#822=AXIS2_PLACEMENT_3D('',#1592,#896,#897);
#823=AXIS2_PLACEMENT_3D('',#1617,#899,#900);
#824=AXIS2_PLACEMENT_3D('',#1641,#902,#903);
#825=AXIS2_PLACEMENT_3D('',#1666,#905,#906);
#826=AXIS2_PLACEMENT_3D('',#1690,#908,#909);
#827=AXIS2_PLACEMENT_3D('',#1715,#911,#912);
#828=AXIS2_PLACEMENT_3D('',#2204,#926,#927);
#829=AXIS2_PLACEMENT_3D('',#2206,#928,#929);
#830=AXIS2_PLACEMENT_3D('',#2207,#930,#931);
#831=AXIS2_PLACEMENT_3D('',#2208,#932,#933);
#832=AXIS2_PLACEMENT_3D('',#2210,#934,#935);
#833=AXIS2_PLACEMENT_3D('',#2702,#936,#937);
#834=AXIS2_PLACEMENT_3D('',#2704,#938,#939);
#835=AXIS2_PLACEMENT_3D('',#3188,#940,#941);
#836=AXIS2_PLACEMENT_3D('',#3189,#942,#943);
#837=AXIS2_PLACEMENT_3D('',#3190,#944,#945);
#838=AXIS2_PLACEMENT_3D('',#3192,#946,#947);
#839=AXIS2_PLACEMENT_3D('',#3193,#948,#949);
#840=AXIS2_PLACEMENT_3D('',#3195,#951,#952);
#841=AXIS2_PLACEMENT_3D('',#3196,#953,#954);
#842=DIRECTION('axis',(0.,0.,1.));
#843=DIRECTION('refdir',(1.,0.,0.));
#844=DIRECTION('center_axis',(0.,0.,1.));
#845=DIRECTION('ref_axis',(1.,0.,0.));
#846=DIRECTION('',(0.,0.,-1.));
#847=DIRECTION('center_axis',(0.,0.,-1.));
#848=DIRECTION('ref_axis',(1.,0.,0.));
#849=DIRECTION('center_axis',(0.,0.,1.));
#850=DIRECTION('ref_axis',(1.,0.,0.));
#851=DIRECTION('',(0.,0.,-1.));
#852=DIRECTION('center_axis',(0.,0.,1.));
#853=DIRECTION('ref_axis',(1.,0.,0.));
#854=DIRECTION('',(0.,0.,-1.));
#855=DIRECTION('center_axis',(0.,0.,1.));
#856=DIRECTION('ref_axis',(1.,0.,0.));
#857=DIRECTION('',(0.,0.,-1.));
#858=DIRECTION('center_axis',(0.,0.,1.));
#859=DIRECTION('ref_axis',(1.,0.,0.));
#860=DIRECTION('',(0.,0.,-1.));
#861=DIRECTION('center_axis',(0.,0.,1.));
#862=DIRECTION('ref_axis',(1.,0.,0.));
#863=DIRECTION('',(0.,0.,-1.));
#864=DIRECTION('center_axis',(0.,0.,1.));
#865=DIRECTION('ref_axis',(1.,0.,0.));
#866=DIRECTION('',(0.,0.,-1.));
#867=DIRECTION('center_axis',(0.,0.,1.));
#868=DIRECTION('ref_axis',(1.,0.,0.));
#869=DIRECTION('',(0.,0.,-1.));
#870=DIRECTION('center_axis',(0.,0.,1.));
#871=DIRECTION('ref_axis',(1.,0.,0.));
#872=DIRECTION('',(0.,0.,-1.));
#873=DIRECTION('center_axis',(0.,0.,1.));
#874=DIRECTION('ref_axis',(1.,0.,0.));
#875=DIRECTION('',(0.,0.,-1.));
#876=DIRECTION('center_axis',(0.,0.,1.));
#877=DIRECTION('ref_axis',(1.,0.,0.));
#878=DIRECTION('',(0.,0.,-1.));
#879=DIRECTION('center_axis',(0.,0.,1.));
#880=DIRECTION('ref_axis',(-0.126338717063779,-0.991987161494885,0.));
#881=DIRECTION('',(0.,0.,1.));
#882=DIRECTION('center_axis',(0.,0.,1.));
#883=DIRECTION('ref_axis',(1.,6.11228544625286E-14,0.));
#884=DIRECTION('center_axis',(0.,0.,1.));
#885=DIRECTION('ref_axis',(1.,6.11228544625286E-14,0.));
#886=DIRECTION('',(0.,0.,1.));
#887=DIRECTION('center_axis',(0.,0.,1.));
#888=DIRECTION('ref_axis',(1.,6.11228544625286E-14,0.));
#889=DIRECTION('',(0.,0.,1.));
#890=DIRECTION('center_axis',(0.,0.,1.));
#891=DIRECTION('ref_axis',(1.,6.11228544625286E-14,0.));
#892=DIRECTION('',(0.,0.,1.));
#893=DIRECTION('center_axis',(0.,0.,1.));
#894=DIRECTION('ref_axis',(1.,6.11228544625286E-14,0.));
#895=DIRECTION('',(0.,0.,1.));
#896=DIRECTION('center_axis',(0.,0.,1.));
#897=DIRECTION('ref_axis',(1.,6.11228544625286E-14,0.));
#898=DIRECTION('',(0.,0.,1.));
#899=DIRECTION('center_axis',(0.,0.,1.));
#900=DIRECTION('ref_axis',(1.,6.11228544625286E-14,0.));
#901=DIRECTION('',(0.,0.,1.));
#902=DIRECTION('center_axis',(0.,0.,1.));
#903=DIRECTION('ref_axis',(1.,6.11228544625286E-14,0.));
#904=DIRECTION('',(0.,0.,1.));
#905=DIRECTION('center_axis',(0.,0.,1.));
#906=DIRECTION('ref_axis',(1.,6.11228544625286E-14,0.));
#907=DIRECTION('',(0.,0.,1.));
#908=DIRECTION('center_axis',(0.,0.,1.));
#909=DIRECTION('ref_axis',(1.,6.11228544625286E-14,0.));
#910=DIRECTION('',(0.,0.,1.));
#911=DIRECTION('center_axis',(0.,0.,1.));
#912=DIRECTION('ref_axis',(1.,6.11228544625286E-14,0.));
#913=DIRECTION('',(0.,0.,1.));
#914=DIRECTION('',(-0.0560606324085734,-0.427472449975165,-0.902288484912769));
#915=DIRECTION('',(-0.0671584724451266,-0.0673336123509812,-0.995467691201781));
#916=DIRECTION('',(-0.416199885879308,-0.0460448516066849,-0.908106561277128));
#917=DIRECTION('',(-0.419828186734798,0.050455981714536,-0.906200026226105));
#918=DIRECTION('',(-0.0671231296765595,0.0676000727228571,-0.995452015734706));
#919=DIRECTION('',(-0.0507227289203937,0.421505925897579,-0.905405963755537));
#920=DIRECTION('',(0.056065778339476,0.427518960205233,-0.902266128791403));
#921=DIRECTION('',(0.0671727705592746,0.0673839383075246,-0.995463321149282));
#922=DIRECTION('',(0.416212734638514,0.0460875499551482,-0.908098506365836));
#923=DIRECTION('',(0.419845902018974,-0.0504213908221617,-0.906193744132806));
#924=DIRECTION('',(0.0671372094301277,-0.0675495885421481,-0.995454493283205));
#925=DIRECTION('',(0.0507341391400126,-0.421452548350756,-0.905430172136083));
#926=DIRECTION('center_axis',(6.12323399573677E-17,0.,1.));
#927=DIRECTION('ref_axis',(1.,0.,0.));
#928=DIRECTION('center_axis',(0.,0.,1.));
#929=DIRECTION('ref_axis',(0.,-1.,0.));
#930=DIRECTION('center_axis',(1.22464679914735E-16,-1.,0.));
#931=DIRECTION('ref_axis',(-1.,-1.22464679914735E-16,0.));
#932=DIRECTION('center_axis',(0.,0.,1.));
#933=DIRECTION('ref_axis',(1.,0.,0.));
#934=DIRECTION('center_axis',(0.,0.,-1.));
#935=DIRECTION('ref_axis',(1.,0.,0.));
#936=DIRECTION('center_axis',(0.,0.,1.));
#937=DIRECTION('ref_axis',(1.,6.11228544625286E-14,0.));
#938=DIRECTION('center_axis',(0.,0.,-1.));
#939=DIRECTION('ref_axis',(1.,6.11228544625286E-14,0.));
#940=DIRECTION('center_axis',(0.,0.,1.));
#941=DIRECTION('ref_axis',(0.977995069800971,-0.20862800254279,0.));
#942=DIRECTION('center_axis',(0.,0.,-1.));
#943=DIRECTION('ref_axis',(1.,0.,0.));
#944=DIRECTION('center_axis',(0.,0.,1.));
#945=DIRECTION('ref_axis',(1.,0.,0.));
#946=DIRECTION('center_axis',(0.,0.,1.));
#947=DIRECTION('ref_axis',(1.,0.,0.));
#948=DIRECTION('center_axis',(0.,0.,-1.));
#949=DIRECTION('ref_axis',(1.,0.,0.));
#950=DIRECTION('',(0.,0.,1.));
#951=DIRECTION('center_axis',(0.,0.,1.));
#952=DIRECTION('ref_axis',(1.,0.,0.));
#953=DIRECTION('center_axis',(0.,0.,1.));
#954=DIRECTION('ref_axis',(1.,0.,0.));
#955=CARTESIAN_POINT('',(0.,0.,0.));
#956=CARTESIAN_POINT('Origin',(0.,0.,0.));
#957=CARTESIAN_POINT('',(-1.21649436178719,0.000774188128765118,0.144892650149939));
#958=CARTESIAN_POINT('',(-1.21613010632559,0.00132084474517923,0.0801073498500565));
#959=CARTESIAN_POINT('',(-1.215,-1.48794586096403E-16,0.));
#960=CARTESIAN_POINT('',(0.53098350930013,1.09283187766981,0.));
#961=CARTESIAN_POINT('Ctrl Pts',(-1.21649436178719,0.000774188128765119,
0.144892650149939));
#962=CARTESIAN_POINT('Ctrl Pts',(-1.2167663975735,0.0408606994331981,0.14252121885097));
#963=CARTESIAN_POINT('Ctrl Pts',(-1.21495748655877,0.080920674689863,0.140149787552001));
#964=CARTESIAN_POINT('Ctrl Pts',(-1.2109871171016,0.120763179093152,0.137778356253031));
#965=CARTESIAN_POINT('Ctrl Pts',(-1.17108233363486,0.521206142434376,0.113943936430742));
#966=CARTESIAN_POINT('Ctrl Pts',(-0.912836716378549,0.899681175919135,0.0901095166084534));
#967=CARTESIAN_POINT('Ctrl Pts',(-0.554533283155067,1.08319454534407,0.0662750967861643));
#968=CARTESIAN_POINT('Ctrl Pts',(-0.222428216997842,1.25328981667681,0.0441833978574429));
#969=CARTESIAN_POINT('Ctrl Pts',(0.195637576443178,1.25589146171914,0.0220916989287214));
#970=CARTESIAN_POINT('Ctrl Pts',(0.532258849867743,1.09443814954078,9.75781955236954E-18));
#971=CARTESIAN_POINT('',(-0.530983509300142,1.0928318776698,-6.93889390390723E-17));
#972=CARTESIAN_POINT('Origin',(0.,0.,0.));
#973=CARTESIAN_POINT('Ctrl Pts',(-0.530983509300141,1.0928318776698,6.76542155630955E-16));
#974=CARTESIAN_POINT('Ctrl Pts',(-0.894668429745143,0.916125195440518,0.0238344198222895));
#975=CARTESIAN_POINT('Ctrl Pts',(-1.16005484009478,0.545137828729799,0.0476688396445782));
#976=CARTESIAN_POINT('Ctrl Pts',(-1.20809504847356,0.146203568813796,0.071503259466867));
#977=CARTESIAN_POINT('Ctrl Pts',(-1.21387579606465,0.098199233698715,0.0743712895945969));
#978=CARTESIAN_POINT('Ctrl Pts',(-1.21650944538599,0.0497902371795976,0.0772393197223267));
#979=CARTESIAN_POINT('Ctrl Pts',(-1.21613010632559,0.00132084474517923,
0.0801073498500565));
#980=CARTESIAN_POINT('Origin',(0.,0.,0.));
#981=CARTESIAN_POINT('',(-1.21336908022219,0.000670589815461239,0.59489265014994));
#982=CARTESIAN_POINT('',(-1.21323801084654,0.000561557854646289,0.530107349850057));
#983=CARTESIAN_POINT('',(-1.215,-1.48794586096403E-16,0.));
#984=CARTESIAN_POINT('Ctrl Pts',(-1.21336908022219,0.000670589815461239,
0.59489265014994));
#985=CARTESIAN_POINT('Ctrl Pts',(-1.21416496683574,0.160035173666322,0.585527737784705));
#986=CARTESIAN_POINT('Ctrl Pts',(-1.18501410057741,0.319119832049777,0.576162825419469));
#987=CARTESIAN_POINT('Ctrl Pts',(-1.12455653598162,0.465251609751393,0.566797913054234));
#988=CARTESIAN_POINT('Ctrl Pts',(-0.970687399804904,0.837168185505735,0.542963493231945));
#989=CARTESIAN_POINT('Ctrl Pts',(-0.614031780835181,1.12518357541178,0.519129073409657));
#990=CARTESIAN_POINT('Ctrl Pts',(-0.2180539862981,1.19730165650315,0.495294653587368));
#991=CARTESIAN_POINT('Ctrl Pts',(0.17792380823898,1.26941973759451,0.471460233765079));
#992=CARTESIAN_POINT('Ctrl Pts',(0.613223778343417,1.1256405098712,0.447625813942789));
#993=CARTESIAN_POINT('Ctrl Pts',(0.888331681470074,0.831843355529061,0.4237913941205));
#994=CARTESIAN_POINT('Ctrl Pts',(1.16343958459673,0.53804620118692,0.399956974298211));
#995=CARTESIAN_POINT('Ctrl Pts',(1.27835542074561,0.0942311202259513,0.376122554475923));
#996=CARTESIAN_POINT('Ctrl Pts',(1.1804158624133,-0.296152102420508,0.352288134653634));
#997=CARTESIAN_POINT('Ctrl Pts',(1.08247630408099,-0.686535325066971,0.328453714831344));
#998=CARTESIAN_POINT('Ctrl Pts',(0.771681351267498,-1.02348668939892,0.304619295009055));
#999=CARTESIAN_POINT('Ctrl Pts',(0.390466175131295,-1.15263962438366,0.280784875186766));
#1000=CARTESIAN_POINT('Ctrl Pts',(0.00925099899509528,-1.2817925593684,
0.256950455364477));
#1001=CARTESIAN_POINT('Ctrl Pts',(-0.44238440046381,-1.20314706500592,0.233116035542188));
#1002=CARTESIAN_POINT('Ctrl Pts',(-0.757420125354671,-0.952618871225841,
0.209281615719899));
#1003=CARTESIAN_POINT('Ctrl Pts',(-1.04111103111966,-0.727017250210444,
0.187818627196579));
#1004=CARTESIAN_POINT('Ctrl Pts',(-1.21403226180475,-0.362034691234899,
0.166355638673259));
#1005=CARTESIAN_POINT('Ctrl Pts',(-1.21649436178719,0.000774188128765119,
0.144892650149939));
#1006=CARTESIAN_POINT('Ctrl Pts',(-1.21613010632559,0.00132084474517923,
0.0801073498500565));
#1007=CARTESIAN_POINT('Ctrl Pts',(-1.21335699369692,-0.353008825718546,
0.101073739544616));
#1008=CARTESIAN_POINT('Ctrl Pts',(-1.04956479920937,-0.710566153775887,
0.122040129239175));
#1009=CARTESIAN_POINT('Ctrl Pts',(-0.777147411575857,-0.936853915025826,
0.143006518933734));
#1010=CARTESIAN_POINT('Ctrl Pts',(-0.46746555989143,-1.19409598582815,0.166840938756023));
#1011=CARTESIAN_POINT('Ctrl Pts',(-0.0174078501146398,-1.28169897431151,
0.190675358578312));
#1012=CARTESIAN_POINT('Ctrl Pts',(0.366448417428726,-1.16040227530898,0.214509778400601));
#1013=CARTESIAN_POINT('Ctrl Pts',(0.750304684972092,-1.03910557630645,0.23834419822289));
#1014=CARTESIAN_POINT('Ctrl Pts',(1.06795951028203,-0.708909189818026,0.26217861804518));
#1015=CARTESIAN_POINT('Ctrl Pts',(1.17397852603194,-0.320699250026806,0.286013037867469));
#1016=CARTESIAN_POINT('Ctrl Pts',(1.27999754178185,0.067510689764414,0.309847457689758));
#1017=CARTESIAN_POINT('Ctrl Pts',(1.17438074797172,0.513734182858431,0.333681877512047));
#1018=CARTESIAN_POINT('Ctrl Pts',(0.905453474457072,0.813217073840057,0.357516297334336));
#1019=CARTESIAN_POINT('Ctrl Pts',(0.636526200942426,1.11269996482168,0.381350717156625));
#1020=CARTESIAN_POINT('Ctrl Pts',(0.204288447723262,1.26544225369092,0.405185136978914));
#1021=CARTESIAN_POINT('Ctrl Pts',(-0.193109085227583,1.2015618818507,0.429019556801203));
#1022=CARTESIAN_POINT('Ctrl Pts',(-0.590506618178427,1.13768151001047,0.452853976623492));
#1023=CARTESIAN_POINT('Ctrl Pts',(-0.953063930860952,0.857178477460789,
0.476688396445781));
#1024=CARTESIAN_POINT('Ctrl Pts',(-1.11463283144944,0.488550313819109,0.50052281626807));
#1025=CARTESIAN_POINT('Ctrl Pts',(-1.18148209959336,0.336030101903775,0.510384327462066));
#1026=CARTESIAN_POINT('Ctrl Pts',(-1.21392421038845,0.16842377024513,0.520245838656062));
#1027=CARTESIAN_POINT('Ctrl Pts',(-1.21323801084654,0.000561557854646289,
0.530107349850057));
#1028=CARTESIAN_POINT('Origin',(0.,0.,0.));
#1029=CARTESIAN_POINT('',(-1.21406259681816,-0.00100626766842971,1.04489265014994));
#1030=CARTESIAN_POINT('',(-1.21428855956818,-0.00105944773786688,0.980107349850057));
#1031=CARTESIAN_POINT('',(-1.215,-1.48794586096403E-16,0.));
#1032=CARTESIAN_POINT('Ctrl Pts',(-1.21406259681816,-0.00100626766842971,
1.04489265014994));
#1033=CARTESIAN_POINT('Ctrl Pts',(-1.21189312665216,0.276967644423064,1.02853425671844));
#1034=CARTESIAN_POINT('Ctrl Pts',(-1.1171169386247,0.556278519604105,1.01217586328694));
#1035=CARTESIAN_POINT('Ctrl Pts',(-0.942298419795464,0.770168382765663,
0.995817469855438));
#1036=CARTESIAN_POINT('Ctrl Pts',(-0.687585266701639,1.08180905919711,0.971983050033149));
#1037=CARTESIAN_POINT('Ctrl Pts',(-0.262950901241983,1.25456800186096,0.948148630210859));
#1038=CARTESIAN_POINT('Ctrl Pts',(0.136982024526466,1.2092648097504,0.92431421038857));
#1039=CARTESIAN_POINT('Ctrl Pts',(0.536914950294915,1.16396161763984,0.900479790566281));
#1040=CARTESIAN_POINT('Ctrl Pts',(0.912146436372157,0.900596290754866,0.876645370743993));
#1041=CARTESIAN_POINT('Ctrl Pts',(1.0906965508266,0.539876666833134,0.852810950921704));
#1042=CARTESIAN_POINT('Ctrl Pts',(1.26924666528105,0.179157042911403,0.828976531099415));
#1043=CARTESIAN_POINT('Ctrl Pts',(1.2511154081127,-0.27891687804709,0.805142111277125));
#1044=CARTESIAN_POINT('Ctrl Pts',(1.04461300835801,-0.624395287278715,0.781307691454836));
#1045=CARTESIAN_POINT('Ctrl Pts',(0.838110608603308,-0.969873696510341,
0.757473271632547));
#1046=CARTESIAN_POINT('Ctrl Pts',(0.44323706626226,-1.2027565940151,0.733638851810258));
#1047=CARTESIAN_POINT('Ctrl Pts',(0.0409745446172464,-1.21630820904887,
0.709804431987969));
#1048=CARTESIAN_POINT('Ctrl Pts',(-0.361287977027766,-1.22985982408265,
0.68597001216568));
#1049=CARTESIAN_POINT('Ctrl Pts',(-0.770939477976744,-1.02408015664544,
0.662135592343391));
#1050=CARTESIAN_POINT('Ctrl Pts',(-1.00022390175938,-0.693281442125517,
0.638301172521102));
#1051=CARTESIAN_POINT('Ctrl Pts',(-1.13941892745943,-0.492458661364821,
0.623831665064048));
#1052=CARTESIAN_POINT('Ctrl Pts',(-1.2121393743968,-0.245559908077989,0.609362157606994));
#1053=CARTESIAN_POINT('Ctrl Pts',(-1.21336908022219,0.000670589815461239,
0.59489265014994));
#1054=CARTESIAN_POINT('Ctrl Pts',(-1.21323801084654,0.000561557854646289,
0.530107349850057));
#1055=CARTESIAN_POINT('Ctrl Pts',(-1.21226572543194,-0.237284681908633,
0.544080258478351));
#1056=CARTESIAN_POINT('Ctrl Pts',(-1.14478358822902,-0.47564463907485,0.558053167106644));
#1057=CARTESIAN_POINT('Ctrl Pts',(-1.0144294814583,-0.672331357482003,0.572026075734937));
#1058=CARTESIAN_POINT('Ctrl Pts',(-0.792076742384231,-1.00783157040775,
0.595860495557226));
#1059=CARTESIAN_POINT('Ctrl Pts',(-0.386790775741634,-1.22207870152556,
0.619694915379515));
#1060=CARTESIAN_POINT('Ctrl Pts',(0.0156673843242105,-1.21689499612772,
0.643529335201804));
#1061=CARTESIAN_POINT('Ctrl Pts',(0.418125544390056,-1.21171129072987,0.667363755024093));
#1062=CARTESIAN_POINT('Ctrl Pts',(0.817755897879148,-0.987096748816362,
0.691198174846383));
#1063=CARTESIAN_POINT('Ctrl Pts',(1.03139916361679,-0.64598941017584,0.715032594668672));
#1064=CARTESIAN_POINT('Ctrl Pts',(1.24504242935443,-0.304882071535319,0.738867014490961));
#1065=CARTESIAN_POINT('Ctrl Pts',(1.27269860734061,0.152718063832214,0.76270143431325));
#1066=CARTESIAN_POINT('Ctrl Pts',(1.10169029375786,0.517074074730297,0.786535854135539));
#1067=CARTESIAN_POINT('Ctrl Pts',(0.930681980175101,0.881430085628382,0.810370273957828));
#1068=CARTESIAN_POINT('Ctrl Pts',(0.561009175023406,1.15254197205702,0.834204693780116));
#1069=CARTESIAN_POINT('Ctrl Pts',(0.162104951422777,1.20615365982001,0.858039113602406));
#1070=CARTESIAN_POINT('Ctrl Pts',(-0.236799272177854,1.25976534758301,0.881873533424695));
#1071=CARTESIAN_POINT('Ctrl Pts',(-0.664934914227421,1.09587683668037,0.905707953246984));
#1072=CARTESIAN_POINT('Ctrl Pts',(-0.926075030872638,0.789601760846729,
0.929542373069274));
#1073=CARTESIAN_POINT('Ctrl Pts',(-1.11074554845673,0.573013143579056,0.946397365329535));
#1074=CARTESIAN_POINT('Ctrl Pts',(-1.21190331701309,0.285218465950119,0.963252357589796));
#1075=CARTESIAN_POINT('Ctrl Pts',(-1.21428855956818,-0.00105944773786688,
0.980107349850057));
#1076=CARTESIAN_POINT('Origin',(0.,0.,0.));
#1077=CARTESIAN_POINT('',(-1.21697509960774,-0.00015221953515554,1.49489265014994));
#1078=CARTESIAN_POINT('',(-1.21699862501867,4.44787295079514E-6,1.43010734985006));
#1079=CARTESIAN_POINT('',(-1.215,-1.48794586096403E-16,0.));
#1080=CARTESIAN_POINT('Ctrl Pts',(-1.21697509960774,-0.00015221953515554,
1.49489265014994));
#1081=CARTESIAN_POINT('Ctrl Pts',(-1.21627975614397,0.394210238564099,1.47154077565218));
#1082=CARTESIAN_POINT('Ctrl Pts',(-1.00684862651284,0.789206571061898,1.44818890115441));
#1083=CARTESIAN_POINT('Ctrl Pts',(-0.679753187432271,1.00946580668297,1.42483702665664));
#1084=CARTESIAN_POINT('Ctrl Pts',(-0.34589861752406,1.23427649980447,1.40100260683435));
#1085=CARTESIAN_POINT('Ctrl Pts',(0.110533357704845,1.27705391496224,1.37716818701206));
#1086=CARTESIAN_POINT('Ctrl Pts',(0.480346251231692,1.11819188208145,1.35333376718977));
#1087=CARTESIAN_POINT('Ctrl Pts',(0.850159144758542,0.959329849200651,1.32949934736748));
#1088=CARTESIAN_POINT('Ctrl Pts',(1.13335295658333,0.598828368281288,1.3056649275452));
#1089=CARTESIAN_POINT('Ctrl Pts',(1.20013145271294,0.201916090700797,1.28183050772291));
#1090=CARTESIAN_POINT('Ctrl Pts',(1.26690994884255,-0.194996186879691,1.25799608790062));
#1091=CARTESIAN_POINT('Ctrl Pts',(1.11727312927699,-0.628319261121305,1.23416166807833));
#1092=CARTESIAN_POINT('Ctrl Pts',(0.819804047029129,-0.899448131487456,
1.21032724825604));
#1093=CARTESIAN_POINT('Ctrl Pts',(0.522334964781269,-1.17057700185361,1.18649282843375));
#1094=CARTESIAN_POINT('Ctrl Pts',(0.0770336198511113,-1.2795116683443,1.16265840861146));
#1095=CARTESIAN_POINT('Ctrl Pts',(-0.312005007491671,-1.17632413146112,
1.13882398878917));
#1096=CARTESIAN_POINT('Ctrl Pts',(-0.701043634834457,-1.07313659457794,
1.11498956896688));
#1097=CARTESIAN_POINT('Ctrl Pts',(-1.03381954458987,-0.757826854320891,
1.09115514914459));
#1098=CARTESIAN_POINT('Ctrl Pts',(-1.15781152910357,-0.374910779092848,
1.0673207293223));
#1099=CARTESIAN_POINT('Ctrl Pts',(-1.19670349103855,-0.25480335859735,1.05984470293152));
#1100=CARTESIAN_POINT('Ctrl Pts',(-1.21505407659171,-0.128044433821402,
1.05236867654073));
#1101=CARTESIAN_POINT('Ctrl Pts',(-1.21406259681816,-0.00100626766842971,
1.04489265014994));
#1102=CARTESIAN_POINT('Ctrl Pts',(-1.21428855956818,-0.00105944773786688,
0.980107349850057));
#1103=CARTESIAN_POINT('Ctrl Pts',(-1.21527625670705,-0.119603314762037,
0.987086777412085));
#1104=CARTESIAN_POINT('Ctrl Pts',(-1.19932764931967,-0.237887105659389,
0.994066204974113));
#1105=CARTESIAN_POINT('Ctrl Pts',(-1.16535925484277,-0.350747316912161,
1.00104563253614));
#1106=CARTESIAN_POINT('Ctrl Pts',(-1.04935877092682,-0.73615967807279,1.02488005235843));
#1107=CARTESIAN_POINT('Ctrl Pts',(-0.723213211854059,-1.05832275962942,
1.04871447218072));
#1108=CARTESIAN_POINT('Ctrl Pts',(-0.336405020698092,-1.16957992865063,
1.07254889200301));
#1109=CARTESIAN_POINT('Ctrl Pts',(0.0504031704578756,-1.28083709767183,
1.0963833118253));
#1110=CARTESIAN_POINT('Ctrl Pts',(0.497873993697046,-1.18118835415761,1.12021773164759));
#1111=CARTESIAN_POINT('Ctrl Pts',(0.800918197135532,-0.91630550755628,1.14405215146987));
#1112=CARTESIAN_POINT('Ctrl Pts',(1.10396240057402,-0.651422660954949,1.16788657129216));
#1113=CARTESIAN_POINT('Ctrl Pts',(1.26257998421182,-0.221305711266509,1.19172099111445));
#1114=CARTESIAN_POINT('Ctrl Pts',(1.20407170655581,0.176909713323243,1.21555541093674));
#1115=CARTESIAN_POINT('Ctrl Pts',(1.14556342889979,0.575125137912997,1.23938983075903));
#1116=CARTESIAN_POINT('Ctrl Pts',(0.869929289949964,0.941439037404062,1.26322425058132));
#1117=CARTESIAN_POINT('Ctrl Pts',(0.503500716644863,1.10795880219653,1.28705867040361));
#1118=CARTESIAN_POINT('Ctrl Pts',(0.137072143339763,1.27447856698899,1.3108930902259));
#1119=CARTESIAN_POINT('Ctrl Pts',(-0.320150864320606,1.24120419708286,1.33472751004819));
#1120=CARTESIAN_POINT('Ctrl Pts',(-0.658609274943392,1.02338630620167,1.35856192987048));
#1121=CARTESIAN_POINT('Ctrl Pts',(-0.997267251015786,0.805439983217867,
1.382410403197));
#1122=CARTESIAN_POINT('Ctrl Pts',(-1.21702046433072,0.402732450029526,1.40625887652353));
#1123=CARTESIAN_POINT('Ctrl Pts',(-1.21699862501867,4.44787295079514E-6,
1.43010734985006));
#1124=CARTESIAN_POINT('Origin',(0.,0.,0.));
#1125=CARTESIAN_POINT('',(-1.21451348561491,0.00109400464412136,1.94489265014994));
#1126=CARTESIAN_POINT('',(-1.21427541162318,0.00105691627044867,1.88010734985006));
#1127=CARTESIAN_POINT('',(-1.215,-1.48794586096403E-16,0.));
#1128=CARTESIAN_POINT('Ctrl Pts',(-1.21451348561491,0.00109400464412136,
1.94489265014994));
#1129=CARTESIAN_POINT('Ctrl Pts',(-1.21547843719048,0.111628666569755,1.9383817144082));
#1130=CARTESIAN_POINT('Ctrl Pts',(-1.20163366178892,0.221925934796331,1.93187077866646));
#1131=CARTESIAN_POINT('Ctrl Pts',(-1.17201746252072,0.327811953674343,1.92535984292471));
#1132=CARTESIAN_POINT('Ctrl Pts',(-1.06360218169197,0.715426257877856,1.90152542310242));
#1133=CARTESIAN_POINT('Ctrl Pts',(-0.743841279291462,1.04392743169042,1.87769100328013));
#1134=CARTESIAN_POINT('Ctrl Pts',(-0.359290784142662,1.16275351725574,1.85385658345784));
#1135=CARTESIAN_POINT('Ctrl Pts',(0.0252597110061319,1.28157960282105,1.83002216363555));
#1136=CARTESIAN_POINT('Ctrl Pts',(0.474599798903215,1.19073060013912,1.80618774381327));
#1137=CARTESIAN_POINT('Ctrl Pts',(0.782783416818779,0.931845336802351,1.78235332399098));
#1138=CARTESIAN_POINT('Ctrl Pts',(1.09096703473435,0.672960073465577,1.75851890416869));
#1139=CARTESIAN_POINT('Ctrl Pts',(1.25799418266839,0.246038549473957,1.7346844843464));
#1140=CARTESIAN_POINT('Ctrl Pts',(1.20731130034629,-0.153248274016047,1.71085006452411));
#1141=CARTESIAN_POINT('Ctrl Pts',(1.15662841802418,-0.552535097506046,1.68701564470182));
#1142=CARTESIAN_POINT('Ctrl Pts',(0.888235505445937,-0.924187220494429,
1.66318122487953));
#1143=CARTESIAN_POINT('Ctrl Pts',(0.525145098393828,-1.0978653083451,1.63934680505724));
#1144=CARTESIAN_POINT('Ctrl Pts',(0.16205469134172,-1.27154339619578,1.61551238523495));
#1145=CARTESIAN_POINT('Ctrl Pts',(-0.29573321018425,-1.24724744890874,1.59167796541266));
#1146=CARTESIAN_POINT('Ctrl Pts',(-0.638400656748118,-1.03611302976311,
1.56784354559037));
#1147=CARTESIAN_POINT('Ctrl Pts',(-0.981068103311985,-0.824978610617469,
1.54400912576808));
#1148=CARTESIAN_POINT('Ctrl Pts',(-1.20861509491375,-0.427005719613228,
1.5201747059458));
#1149=CARTESIAN_POINT('Ctrl Pts',(-1.21675000842087,-0.0245972885684933,
1.49634028612351));
#1150=CARTESIAN_POINT('Ctrl Pts',(-1.21691470571611,-0.0164502345014334,
1.49585774079899));
#1151=CARTESIAN_POINT('Ctrl Pts',(-1.21698946825028,-0.00830136235199094,
1.49537519547446));
#1152=CARTESIAN_POINT('Ctrl Pts',(-1.21697509960774,-0.00015221953515554,
1.49489265014994));
#1153=CARTESIAN_POINT('Ctrl Pts',(-1.21699862501867,4.44787295079514E-6,
1.43010734985006));
#1154=CARTESIAN_POINT('Ctrl Pts',(-1.2169768114457,-0.402248912606777,1.45392771616811));
#1155=CARTESIAN_POINT('Ctrl Pts',(-0.997816013963073,-0.804522624192331,
1.47774808248616));
#1156=CARTESIAN_POINT('Ctrl Pts',(-0.659813696689061,-1.02261018179711,
1.50156844880421));
#1157=CARTESIAN_POINT('Ctrl Pts',(-0.321611965311389,-1.24082640637426,
1.5254028686265));
#1158=CARTESIAN_POINT('Ctrl Pts',(0.135571555109038,-1.27463908111458,1.54923728844879));
#1159=CARTESIAN_POINT('Ctrl Pts',(0.502195922551375,-1.10855083693809,1.57307170827108));
#1160=CARTESIAN_POINT('Ctrl Pts',(0.868820289993717,-0.942462592761609,
1.59690612809337));
#1161=CARTESIAN_POINT('Ctrl Pts',(1.14488550445797,-0.576473429668324,1.62074054791566));
#1162=CARTESIAN_POINT('Ctrl Pts',(1.20386258295754,-0.178327179567023,1.64457496773795));
#1163=CARTESIAN_POINT('Ctrl Pts',(1.26283966145711,0.219819070534276,1.66840938756023));
#1164=CARTESIAN_POINT('Ctrl Pts',(1.104728603992,0.650122407643591,1.69224380738252));
#1165=CARTESIAN_POINT('Ctrl Pts',(0.801996459077188,0.915361885065566,1.71607822720481));
#1166=CARTESIAN_POINT('Ctrl Pts',(0.499264314162379,1.18060136248754,1.7399126470271));
#1167=CARTESIAN_POINT('Ctrl Pts',(0.0519110817978802,1.28077698022218,1.76374706684939));
#1168=CARTESIAN_POINT('Ctrl Pts',(-0.335027811076122,1.16997524224244,1.78758148667168));
#1169=CARTESIAN_POINT('Ctrl Pts',(-0.721966703950128,1.0591735042627,1.81141590649397));
#1170=CARTESIAN_POINT('Ctrl Pts',(-1.04849125733363,0.737394410568578,1.83525032631626));
#1171=CARTESIAN_POINT('Ctrl Pts',(-1.16494545783586,0.352118988015367,1.85908474613855));
#1172=CARTESIAN_POINT('Ctrl Pts',(-1.199184043964,0.238844536074141,1.86609228070905));
#1173=CARTESIAN_POINT('Ctrl Pts',(-1.21526387408071,0.120081378432375,1.87309981527955));
#1174=CARTESIAN_POINT('Ctrl Pts',(-1.21427541162318,0.00105691627044867,
1.88010734985006));
#1175=CARTESIAN_POINT('Origin',(0.,0.,0.));
#1176=CARTESIAN_POINT('',(-1.21314424201107,-0.00043384062495086,2.39489265014994));
#1177=CARTESIAN_POINT('',(-1.21324789165498,-0.000558882760874313,2.33010734985006));
#1178=CARTESIAN_POINT('',(-1.215,-1.48794586096403E-16,0.));
#1179=CARTESIAN_POINT('Ctrl Pts',(-1.21314424201107,-0.00043384062495086,
2.39489265014994));
#1180=CARTESIAN_POINT('Ctrl Pts',(-1.21240799260521,0.229479566112754,2.38138823334193));
#1181=CARTESIAN_POINT('Ctrl Pts',(-1.14965531435439,0.459765531112938,2.36788381653392));
#1182=CARTESIAN_POINT('Ctrl Pts',(-1.02742524595542,0.652290559030839,2.35437939972591));
#1183=CARTESIAN_POINT('Ctrl Pts',(-0.811697102597119,0.992084746882915,
2.33054497990362));
#1184=CARTESIAN_POINT('Ctrl Pts',(-0.41069712313958,1.21425376442009,2.30671056008133));
#1185=CARTESIAN_POINT('Ctrl Pts',(-0.00821564624853392,1.21697087581619,
2.28287614025905));
#1186=CARTESIAN_POINT('Ctrl Pts',(0.394265830642509,1.21968798721229,2.25904172043676));
#1187=CARTESIAN_POINT('Ctrl Pts',(0.798228804967059,1.00295319246732,2.23520730061447));
#1188=CARTESIAN_POINT('Ctrl Pts',(1.01852490848913,0.666102559831095,2.21137288079218));
#1189=CARTESIAN_POINT('Ctrl Pts',(1.2388210120112,0.32925192719487,2.18753846096989));
#1190=CARTESIAN_POINT('Ctrl Pts',(1.27545024473079,-0.127714543332612,2.1637040411476));
#1191=CARTESIAN_POINT('Ctrl Pts',(1.11162432876326,-0.49535538871429,2.13986962132531));
#1192=CARTESIAN_POINT('Ctrl Pts',(0.947798412795738,-0.862996234095966,
2.11603520150302));
#1193=CARTESIAN_POINT('Ctrl Pts',(0.58351734814109,-1.14131145433184,2.09220078168073));
#1194=CARTESIAN_POINT('Ctrl Pts',(0.185742091588787,-1.20274082197484,2.06836636185845));
#1195=CARTESIAN_POINT('Ctrl Pts',(-0.212033164963517,-1.26417018961784,
2.04453194203616));
#1196=CARTESIAN_POINT('Ctrl Pts',(-0.643302613413479,-1.10871370466796,
2.02069752221387));
#1197=CARTESIAN_POINT('Ctrl Pts',(-0.910402508009967,-0.807621744895792,
1.99686310239158));
#1198=CARTESIAN_POINT('Ctrl Pts',(-1.10453774631062,-0.588780178338511,
1.97953961831103));
#1199=CARTESIAN_POINT('Ctrl Pts',(-1.21194606306292,-0.293002809111986,
1.96221613423049));
#1200=CARTESIAN_POINT('Ctrl Pts',(-1.21451348561491,0.00109400464412136,
1.94489265014994));
#1201=CARTESIAN_POINT('Ctrl Pts',(-1.21427541162318,0.00105691627044867,
1.88010734985006));
#1202=CARTESIAN_POINT('Ctrl Pts',(-1.21190186010072,-0.284751301556207,
1.89693423510184));
#1203=CARTESIAN_POINT('Ctrl Pts',(-1.11111200552047,-0.572066209330593,
1.91376112035363));
#1204=CARTESIAN_POINT('Ctrl Pts',(-0.927004096100687,-0.788510689337885,
1.93058800560541));
#1205=CARTESIAN_POINT('Ctrl Pts',(-0.666224686242327,-1.09509319272564,
1.9544224254277));
#1206=CARTESIAN_POINT('Ctrl Pts',(-0.238282018904655,-1.25948644808884,
1.97825684524999));
#1207=CARTESIAN_POINT('Ctrl Pts',(0.160684923928142,-1.20634408719201,2.00209126507228));
#1208=CARTESIAN_POINT('Ctrl Pts',(0.55965186676094,-1.15320172629519,2.02592568489457));
#1209=CARTESIAN_POINT('Ctrl Pts',(0.929643085088859,-0.882523749138333,
2.04976010471686));
#1210=CARTESIAN_POINT('Ctrl Pts',(1.10108048711625,-0.518370005245051,2.07359452453915));
#1211=CARTESIAN_POINT('Ctrl Pts',(1.27251788914364,-0.154216261351772,2.09742894436144));
#1212=CARTESIAN_POINT('Ctrl Pts',(1.24540147487051,0.303413249277935,2.12126336418373));
#1213=CARTESIAN_POINT('Ctrl Pts',(1.03215951168222,0.644773172428813,2.14509778400602));
#1214=CARTESIAN_POINT('Ctrl Pts',(0.818917548493932,0.986133095579693,2.1689322038283));
#1215=CARTESIAN_POINT('Ctrl Pts',(0.419550036390489,1.21122343125174,2.19276662365059));
#1216=CARTESIAN_POINT('Ctrl Pts',(0.0170991051965903,1.21687851573382,2.21660104347288));
#1217=CARTESIAN_POINT('Ctrl Pts',(-0.385351825997307,1.2225336002159,2.24043546329517));
#1218=CARTESIAN_POINT('Ctrl Pts',(-0.790886176281658,1.008753433508,2.26426988311746));
#1219=CARTESIAN_POINT('Ctrl Pts',(-1.01363536860306,0.673519889063573,2.28810430293975));
#1220=CARTESIAN_POINT('Ctrl Pts',(-1.14448457525558,0.476594176890513,2.30210531857652));
#1221=CARTESIAN_POINT('Ctrl Pts',(-1.21225971418222,0.237758286351411,2.31610633421329));
#1222=CARTESIAN_POINT('Ctrl Pts',(-1.21324789165498,-0.000558882760874313,
2.33010734985006));
#1223=CARTESIAN_POINT('Origin',(0.,0.,0.));
#1224=CARTESIAN_POINT('',(-1.216105926327,-0.000893819874616397,2.84489265014994));
#1225=CARTESIAN_POINT('',(-1.21632333633934,-0.000795650585889351,2.78010734985006));
#1226=CARTESIAN_POINT('',(-1.215,-1.48794586096403E-16,0.));
#1227=CARTESIAN_POINT('Ctrl Pts',(-1.216105926327,-0.000893819874616397,
2.84489265014994));
#1228=CARTESIAN_POINT('Ctrl Pts',(-1.21324553468616,0.345924299935367,2.82439475227567));
#1229=CARTESIAN_POINT('Ctrl Pts',(-1.05730471009271,0.694989269189651,2.80389685440139));
#1230=CARTESIAN_POINT('Ctrl Pts',(-0.795293082219616,0.921191903354621,
2.78339895652712));
#1231=CARTESIAN_POINT('Ctrl Pts',(-0.490632810451634,1.18421441330487,2.75956453670483));
#1232=CARTESIAN_POINT('Ctrl Pts',(-0.042560246485359,1.28112175720384,2.73573011688254));
#1233=CARTESIAN_POINT('Ctrl Pts',(0.343559491226968,1.16749838775671,2.71189569706025));
#1234=CARTESIAN_POINT('Ctrl Pts',(0.729679228939296,1.05387501830959,2.68806127723796));
#1235=CARTESIAN_POINT('Ctrl Pts',(1.05384614039768,0.729720935516387,2.66422685741567));
#1236=CARTESIAN_POINT('Ctrl Pts',(1.16748479046049,0.343605694757449,2.64039243759338));
#1237=CARTESIAN_POINT('Ctrl Pts',(1.28112344052331,-0.0425095460014901,
2.61655801777109));
#1238=CARTESIAN_POINT('Ctrl Pts',(1.18423382919056,-0.490585944726161,2.59272359794881));
#1239=CARTESIAN_POINT('Ctrl Pts',(0.921223376391216,-0.795256625384833,
2.56888917812652));
#1240=CARTESIAN_POINT('Ctrl Pts',(0.658212923591872,-1.09992730604351,2.54505475830423));
#1241=CARTESIAN_POINT('Ctrl Pts',(0.229081629325928,-1.26119226863618,2.52122033848194));
#1242=CARTESIAN_POINT('Ctrl Pts',(-0.16948674095568,-1.2051389355869,2.49738591865965));
#1243=CARTESIAN_POINT('Ctrl Pts',(-0.568055111237285,-1.14908560253763,
2.47355149883736));
#1244=CARTESIAN_POINT('Ctrl Pts',(-0.936060557534555,-0.875713973846405,
2.44971707901507));
#1245=CARTESIAN_POINT('Ctrl Pts',(-1.10483512705366,-0.510318480417307,
2.42588265919278));
#1246=CARTESIAN_POINT('Ctrl Pts',(-1.17798319715,-0.351953536916678,2.4155526561785));
#1247=CARTESIAN_POINT('Ctrl Pts',(-1.21370742505628,-0.17630268549173,2.40522265316422));
#1248=CARTESIAN_POINT('Ctrl Pts',(-1.21314424201107,-0.00043384062495086,
2.39489265014994));
#1249=CARTESIAN_POINT('Ctrl Pts',(-1.21324789165498,-0.000558882760874313,
2.33010734985006));
#1250=CARTESIAN_POINT('Ctrl Pts',(-1.21394192334159,-0.167937386508538,
2.33994075403558));
#1251=CARTESIAN_POINT('Ctrl Pts',(-1.18169164738344,-0.335060018183347,
2.3497741582211));
#1252=CARTESIAN_POINT('Ctrl Pts',(-1.11521075401032,-0.487227539848349,
2.35960756240662));
#1253=CARTESIAN_POINT('Ctrl Pts',(-0.954072912737717,-0.85605450213487,
2.38344198222891));
#1254=CARTESIAN_POINT('Ctrl Pts',(-0.591833195834057,-1.13702150452694,
2.40727640205119));
#1255=CARTESIAN_POINT('Ctrl Pts',(-0.194516949080025,-1.20135292814781,
2.43111082187348));
#1256=CARTESIAN_POINT('Ctrl Pts',(0.20279929767401,-1.26568435176867,2.45494524169577));
#1257=CARTESIAN_POINT('Ctrl Pts',(0.635192074278415,-1.11338019661832,2.47877966151806));
#1258=CARTESIAN_POINT('Ctrl Pts',(0.904482779935508,-0.814246032994975,
2.50261408134035));
#1259=CARTESIAN_POINT('Ctrl Pts',(1.1737734855926,-0.515111869371633,2.52644850116264));
#1260=CARTESIAN_POINT('Ctrl Pts',(1.27996212030238,-0.0691476972752959,
2.55028292098493));
#1261=CARTESIAN_POINT('Ctrl Pts',(1.17437924233081,0.319247704189447,2.57411734080722));
#1262=CARTESIAN_POINT('Ctrl Pts',(1.06879636435924,0.70764310565419,2.59795176062951));
#1263=CARTESIAN_POINT('Ctrl Pts',(0.751441973706323,1.03846973648734,2.6217861804518));
#1264=CARTESIAN_POINT('Ctrl Pts',(0.36776912254862,1.16009981206263,2.64562060027408));
#1265=CARTESIAN_POINT('Ctrl Pts',(-0.0159037286090839,1.28172988763791,
2.66945502009637));
#1266=CARTESIAN_POINT('Ctrl Pts',(-0.465895040271573,1.19416340795533,2.69328943991867));
#1267=CARTESIAN_POINT('Ctrl Pts',(-0.775960274274088,0.937534721595522,
2.71712385974095));
#1268=CARTESIAN_POINT('Ctrl Pts',(-1.04908055920353,0.711483903079403,2.73811835644399));
#1269=CARTESIAN_POINT('Ctrl Pts',(-1.21363319686768,0.354258922267179,2.75911285314702));
#1270=CARTESIAN_POINT('Ctrl Pts',(-1.21632333633934,-0.000795650585889351,
2.78010734985006));
#1271=CARTESIAN_POINT('Origin',(0.,0.,0.));
#1272=CARTESIAN_POINT('',(-1.21595653464393,0.000948255746655996,3.29489265014994));
#1273=CARTESIAN_POINT('',(-1.21571433185602,0.00101802902738949,3.23010734985006));
#1274=CARTESIAN_POINT('',(-1.215,-1.48794586096403E-16,0.));
#1275=CARTESIAN_POINT('Ctrl Pts',(-1.21595653464393,0.000948255746655996,
3.29489265014994));
#1276=CARTESIAN_POINT('Ctrl Pts',(-1.21648797084608,0.0628426643961036,
3.29123569103169));
#1277=CARTESIAN_POINT('Ctrl Pts',(-1.21217097780725,0.124662726528019,3.28757873191344));
#1278=CARTESIAN_POINT('Ctrl Pts',(-1.2027481716125,0.185694492821122,3.28392177279519));
#1279=CARTESIAN_POINT('Ctrl Pts',(-1.14133454584108,0.583472180043739,3.2600873529729));
#1280=CARTESIAN_POINT('Ctrl Pts',(-0.863033742595797,0.947764258946308,
3.23625293315061));
#1281=CARTESIAN_POINT('Ctrl Pts',(-0.495399380998793,1.11160472423464,3.21241851332832));
#1282=CARTESIAN_POINT('Ctrl Pts',(-0.127765019401789,1.27544518952297,3.18858409350603));
#1283=CARTESIAN_POINT('Ctrl Pts',(0.329202900546945,1.23883404119705,3.16474967368374));
#1284=CARTESIAN_POINT('Ctrl Pts',(0.666062251188968,1.01855126870169,3.14091525386145));
#1285=CARTESIAN_POINT('Ctrl Pts',(1.00292160183099,0.798268496206331,3.11708083403916));
#1286=CARTESIAN_POINT('Ctrl Pts',(1.21967238316631,0.394314099541532,3.09324641421687));
#1287=CARTESIAN_POINT('Ctrl Pts',(1.21697119997265,-0.00816748455124406,
3.06941199439459));
#1288=CARTESIAN_POINT('Ctrl Pts',(1.21427001677899,-0.41064906864402,3.0455775745723));
#1289=CARTESIAN_POINT('Ctrl Pts',(0.992116869056331,-0.811657840164767,
3.02174315475001));
#1290=CARTESIAN_POINT('Ctrl Pts',(0.652331218932689,-1.02739943073092,2.99790873492772));
#1291=CARTESIAN_POINT('Ctrl Pts',(0.312545568809045,-1.24314102129708,2.97407431510543));
#1292=CARTESIAN_POINT('Ctrl Pts',(-0.144872583715586,-1.27361543090864,
2.95023989528314));
#1293=CARTESIAN_POINT('Ctrl Pts',(-0.510274756125695,-1.10485532206084,
2.92640547546085));
#1294=CARTESIAN_POINT('Ctrl Pts',(-0.875676928535802,-0.936095213213035,
2.90257105563856));
#1295=CARTESIAN_POINT('Ctrl Pts',(-1.14906312083139,-0.56810058590587,2.87873663581627));
#1296=CARTESIAN_POINT('Ctrl Pts',(-1.20513222719434,-0.169534434251518,
2.85490221599399));
#1297=CARTESIAN_POINT('Ctrl Pts',(-1.2129812038164,-0.113740136649742,2.85156569404597));
#1298=CARTESIAN_POINT('Ctrl Pts',(-1.21657152331398,-0.0573467437701663,
2.84822917209796));
#1299=CARTESIAN_POINT('Ctrl Pts',(-1.216105926327,-0.000893819874616397,
2.84489265014994));
#1300=CARTESIAN_POINT('Ctrl Pts',(-1.21632333633934,-0.000795650585889351,
2.78010734985006));
#1301=CARTESIAN_POINT('Ctrl Pts',(-1.21668723119177,-0.048823841225801,
2.78294727296931));
#1302=CARTESIAN_POINT('Ctrl Pts',(-1.21408937554846,-0.0968123178682098,
2.78578719608856));
#1303=CARTESIAN_POINT('Ctrl Pts',(-1.20839785610547,-0.144431031314754,
2.78862711920782));
#1304=CARTESIAN_POINT('Ctrl Pts',(-1.16063104759179,-0.544077204828173,
2.81246153903011));
#1305=CARTESIAN_POINT('Ctrl Pts',(-0.8949582742219,-0.917678658817958,2.8362959588524));
#1306=CARTESIAN_POINT('Ctrl Pts',(-0.533145350190263,-1.09400262203423,
2.86013037867469));
#1307=CARTESIAN_POINT('Ctrl Pts',(-0.171332426158631,-1.2703265852505,2.88396479849698));
#1308=CARTESIAN_POINT('Ctrl Pts',(0.286620648534738,-1.24937305769327,2.90779921831926));
#1309=CARTESIAN_POINT('Ctrl Pts',(0.630820220511309,-1.04074567058775,2.93163363814155));
#1310=CARTESIAN_POINT('Ctrl Pts',(0.975019792487885,-0.832118283482219,
2.95546805796384));
#1311=CARTESIAN_POINT('Ctrl Pts',(1.20546586174766,-0.435817036828386,2.97930247778613));
#1312=CARTESIAN_POINT('Ctrl Pts',(1.21653807098713,-0.0334786988831573,
3.00313689760842));
#1313=CARTESIAN_POINT('Ctrl Pts',(1.2276102802266,0.368859639062069,3.02697131743071));
#1314=CARTESIAN_POINT('Ctrl Pts',(1.01930862944578,0.777235068298696,3.050805737253));
#1315=CARTESIAN_POINT('Ctrl Pts',(0.687104023618442,1.00447685994913,3.07464015707529));
#1316=CARTESIAN_POINT('Ctrl Pts',(0.354899417791109,1.23171865159956,3.09847457689758));
#1317=CARTESIAN_POINT('Ctrl Pts',(-0.101208143082732,1.2778268056638,3.12230899671987));
#1318=CARTESIAN_POINT('Ctrl Pts',(-0.472170860023136,1.12166856977716,3.14614341654216));
#1319=CARTESIAN_POINT('Ctrl Pts',(-0.843133576963542,0.965510333890518,
3.16997783636444));
#1320=CARTESIAN_POINT('Ctrl Pts',(-1.12895144997051,0.607085708052995,3.19381225618674));
#1321=CARTESIAN_POINT('Ctrl Pts',(-1.19862556049611,0.210671467249211,3.21764667600902));
#1322=CARTESIAN_POINT('Ctrl Pts',(-1.21076747364661,0.141589461793413,3.22180023395604));
#1323=CARTESIAN_POINT('Ctrl Pts',(-1.21634530347734,0.0713537473660436,
3.22595379190305));
#1324=CARTESIAN_POINT('Ctrl Pts',(-1.21571433185602,0.00101802902738949,
3.23010734985006));
#1325=CARTESIAN_POINT('Origin',(0.,0.,0.));
#1326=CARTESIAN_POINT('',(-1.21309170638227,0.000349541157904434,3.74489265014994));
#1327=CARTESIAN_POINT('',(-1.21303317487069,0.000214728721378195,3.68010734985006));
#1328=CARTESIAN_POINT('',(-1.215,-1.48794586096403E-16,0.));
#1329=CARTESIAN_POINT('Ctrl Pts',(-1.21309170638227,0.000349541157904434,
3.74489265014994));
#1330=CARTESIAN_POINT('Ctrl Pts',(-1.21355837182688,0.181693451964007,3.73424220996543));
#1331=CARTESIAN_POINT('Ctrl Pts',(-1.17548793407615,0.362851175158942,3.72359176978091));
#1332=CARTESIAN_POINT('Ctrl Pts',(-1.09788608206524,0.525101645174588,3.71294132959639));
#1333=CARTESIAN_POINT('Ctrl Pts',(-0.924222356644402,0.888198921129288,
3.6891069097741));
#1334=CARTESIAN_POINT('Ctrl Pts',(-0.552580871239375,1.15660655083825,3.66527248995181));
#1335=CARTESIAN_POINT('Ctrl Pts',(-0.153296057538974,1.20730523708987,3.64143807012953));
#1336=CARTESIAN_POINT('Ctrl Pts',(0.245988756161438,1.25800392334149,3.61760365030724));
#1337=CARTESIAN_POINT('Ctrl Pts',(0.672916898157229,1.09099366613575,3.59376923048494));
#1338=CARTESIAN_POINT('Ctrl Pts',(0.931814359619879,0.782820292711529,3.56993481066265));
#1339=CARTESIAN_POINT('Ctrl Pts',(1.19071182108252,0.474646919287315,3.54610039084036));
#1340=CARTESIAN_POINT('Ctrl Pts',(1.28157860201204,0.0253104296446223,3.52226597101808));
#1341=CARTESIAN_POINT('Ctrl Pts',(1.16276773411654,-0.359244767147251,3.49843155119579));
#1342=CARTESIAN_POINT('Ctrl Pts',(1.04395686622104,-0.743799963939127,3.4745971313735));
#1343=CARTESIAN_POINT('Ctrl Pts',(0.715468349500539,-1.06357386788018,3.45076271155121));
#1344=CARTESIAN_POINT('Ctrl Pts',(0.327858336680437,-1.17200448879497,3.42692829172892));
#1345=CARTESIAN_POINT('Ctrl Pts',(-0.059751676139663,-1.28043510970977,
3.40309387190663));
#1346=CARTESIAN_POINT('Ctrl Pts',(-0.50648318505936,-1.1775224475983,3.37925945208434));
#1347=CARTESIAN_POINT('Ctrl Pts',(-0.807585715370426,-0.910434468771234,
3.35542503226205));
#1348=CARTESIAN_POINT('Ctrl Pts',(-1.06248952752684,-0.684326292550208,
3.33524757155802));
#1349=CARTESIAN_POINT('Ctrl Pts',(-1.21302430796626,-0.34055733891285,3.31507011085398));
#1350=CARTESIAN_POINT('Ctrl Pts',(-1.21595653464393,0.000948255746655996,
3.29489265014994));
#1351=CARTESIAN_POINT('Ctrl Pts',(-1.21571433185602,0.00101802902738949,
3.23010734985006));
#1352=CARTESIAN_POINT('Ctrl Pts',(-1.21272459017313,-0.332254691657152,
3.24978821172534));
#1353=CARTESIAN_POINT('Ctrl Pts',(-1.0703371988595,-0.66777266213662,3.26946907360061));
#1354=CARTESIAN_POINT('Ctrl Pts',(-0.82634804667227,-0.893439761379746,
3.28914993547589));
#1355=CARTESIAN_POINT('Ctrl Pts',(-0.530866074278577,-1.16673289343486,
3.31298435529818));
#1356=CARTESIAN_POINT('Ctrl Pts',(-0.0863717814469458,-1.27891530177507,
3.33681877512047));
#1357=CARTESIAN_POINT('Ctrl Pts',(0.303409742278422,-1.17857041789842,3.36065319494276));
#1358=CARTESIAN_POINT('Ctrl Pts',(0.693191266003795,-1.07822553402177,3.38448761476505));
#1359=CARTESIAN_POINT('Ctrl Pts',(1.0282600206229,-0.765353357928258,3.40832203458733));
#1360=CARTESIAN_POINT('Ctrl Pts',(1.15504392923402,-0.383352608629135,3.43215645440962));
#1361=CARTESIAN_POINT('Ctrl Pts',(1.28182783784514,-0.00135185933001658,
3.45599087423191));
#1362=CARTESIAN_POINT('Ctrl Pts',(1.20032690044828,0.449777463174716,3.4798252940542));
#1363=CARTESIAN_POINT('Ctrl Pts',(0.947895444385419,0.763269236987125,3.50365971387649));
#1364=CARTESIAN_POINT('Ctrl Pts',(0.695463988322552,1.07676101079954,3.52749413369878));
#1365=CARTESIAN_POINT('Ctrl Pts',(0.272102013593674,1.25261523591962,3.55132855352107));
#1366=CARTESIAN_POINT('Ctrl Pts',(-0.128150964992875,1.21023263584931,3.57516297334336));
#1367=CARTESIAN_POINT('Ctrl Pts',(-0.528403943579424,1.167850035779,3.59899739316565));
#1368=CARTESIAN_POINT('Ctrl Pts',(-0.905547926023645,0.907230610518295,
3.62283181298794));
#1369=CARTESIAN_POINT('Ctrl Pts',(-1.08672649734485,0.547824075978962,3.64666623281023));
#1370=CARTESIAN_POINT('Ctrl Pts',(-1.1714612892108,0.379734452148878,3.65781327182351));
#1371=CARTESIAN_POINT('Ctrl Pts',(-1.21333241671375,0.190037048296575,3.66896031083678));
#1372=CARTESIAN_POINT('Ctrl Pts',(-1.21303317487069,0.000214728721378195,
3.68010734985006));
#1373=CARTESIAN_POINT('Origin',(0.,0.,0.));
#1374=CARTESIAN_POINT('',(-1.21467336309453,-0.00110796438996322,4.19489265014994));
#1375=CARTESIAN_POINT('',(-1.21492499024309,-0.00111562090117385,4.13010734985006));
#1376=CARTESIAN_POINT('',(-1.215,-1.48794586096403E-16,0.));
#1377=CARTESIAN_POINT('Ctrl Pts',(-1.21467336309453,-0.00110796438996322,
4.19489265014994));
#1378=CARTESIAN_POINT('Ctrl Pts',(-1.21199559138398,0.298329060616311,4.17724872889916));
#1379=CARTESIAN_POINT('Ctrl Pts',(-1.10018046839087,0.599552800628705,4.15960480764838));
#1380=CARTESIAN_POINT('Ctrl Pts',(-0.899480196705834,0.81976822848919,4.14196088639759));
#1381=CARTESIAN_POINT('Ctrl Pts',(-0.628362769587619,1.1172478467877,4.11812646657531));
#1382=CARTESIAN_POINT('Ctrl Pts',(-0.19504635030792,1.26690224590045,4.09429204675302));
#1383=CARTESIAN_POINT('Ctrl Pts',(0.201868396295588,1.20013955962783,4.07045762693073));
#1384=CARTESIAN_POINT('Ctrl Pts',(0.598783142899096,1.13337687335521,4.04662320710844));
#1385=CARTESIAN_POINT('Ctrl Pts',(0.959296216826411,0.850197101697225,4.02278878728615));
#1386=CARTESIAN_POINT('Ctrl Pts',(1.11817297627692,0.480390441724154,3.99895436746386));
#1387=CARTESIAN_POINT('Ctrl Pts',(1.27704973572742,0.110583781751084,3.97511994764157));
#1388=CARTESIAN_POINT('Ctrl Pts',(1.23429018070111,-0.345849766537072,3.95128552781928));
#1389=CARTESIAN_POINT('Ctrl Pts',(1.0094926519665,-0.679713204792786,3.92745110799699));
#1390=CARTESIAN_POINT('Ctrl Pts',(0.784695123231881,-1.01357664304851,3.9036166881747));
#1391=CARTESIAN_POINT('Ctrl Pts',(0.377859620788948,-1.22486997127178,3.87978226835241));
#1392=CARTESIAN_POINT('Ctrl Pts',(-0.0245491065500911,-1.21675099799774,
3.85594784853012));
#1393=CARTESIAN_POINT('Ctrl Pts',(-0.426957833889119,-1.2086320247237,3.83211342870784));
#1394=CARTESIAN_POINT('Ctrl Pts',(-0.824939786124252,-0.981100749952362,
3.80827900888555));
#1395=CARTESIAN_POINT('Ctrl Pts',(-1.0360877795235,-0.638441651466474,3.78444458906326));
#1396=CARTESIAN_POINT('Ctrl Pts',(-1.15288402907721,-0.448900197937541,
3.77126060942549));
#1397=CARTESIAN_POINT('Ctrl Pts',(-1.21251403000338,-0.2241326761102,3.75807662978771));
#1398=CARTESIAN_POINT('Ctrl Pts',(-1.21309170638227,0.000349541157904434,
3.74489265014994));
#1399=CARTESIAN_POINT('Ctrl Pts',(-1.21303317487069,0.000214728721378195,
3.68010734985006));
#1400=CARTESIAN_POINT('Ctrl Pts',(-1.21269258261005,-0.215837987307664,
3.69279473065907));
#1401=CARTESIAN_POINT('Ctrl Pts',(-1.15772185038614,-0.432052526994669,
3.70548211146808));
#1402=CARTESIAN_POINT('Ctrl Pts',(-1.04914322424959,-0.6167529477055,3.71816949227709));
#1403=CARTESIAN_POINT('Ctrl Pts',(-0.845168219634955,-0.963729793032687,
3.74200391209938));
#1404=CARTESIAN_POINT('Ctrl Pts',(-0.452005050207484,-1.1994898398691,3.76583833192167));
#1405=CARTESIAN_POINT('Ctrl Pts',(-0.0498522217535062,-1.21597716456717,
3.78967275174396));
#1406=CARTESIAN_POINT('Ctrl Pts',(0.352300606700465,-1.23246448926523,3.81350717156625));
#1407=CARTESIAN_POINT('Ctrl Pts',(0.763443094180938,-1.02967909182497,3.83734159138854));
#1408=CARTESIAN_POINT('Ctrl Pts',(0.995136309820497,-0.700563633015229,
3.86117601121083));
#1409=CARTESIAN_POINT('Ctrl Pts',(1.22682952546006,-0.371448174205484,3.88501043103312));
#1410=CARTESIAN_POINT('Ctrl Pts',(1.27907346925869,0.0839973459737427,3.9088448508554));
#1411=CARTESIAN_POINT('Ctrl Pts',(1.12792312660262,0.457028600495962,3.93267927067769));
#1412=CARTESIAN_POINT('Ctrl Pts',(0.976772783946547,0.830059855018184,3.95651369049998));
#1413=CARTESIAN_POINT('Ctrl Pts',(0.622228154835763,1.1206768438834,3.98034811032227));
#1414=CARTESIAN_POINT('Ctrl Pts',(0.22678778151862,1.19568099584909,4.00418253014456));
#1415=CARTESIAN_POINT('Ctrl Pts',(-0.168652591798519,1.27068514781478,4.02801694996685));
#1416=CARTESIAN_POINT('Ctrl Pts',(-0.604988709322019,1.13007646288094,4.05185136978914));
#1417=CARTESIAN_POINT('Ctrl Pts',(-0.882234782717077,0.838300265786338,
4.07568578961143));
#1418=CARTESIAN_POINT('Ctrl Pts',(-1.09324843435605,0.616227649729725,4.09382630969097));
#1419=CARTESIAN_POINT('Ctrl Pts',(-1.21210403096051,0.30658636159521,4.11196682977052));
#1420=CARTESIAN_POINT('Ctrl Pts',(-1.21492499024309,-0.00111562090117385,
4.13010734985006));
#1421=CARTESIAN_POINT('Origin',(0.,0.,0.));
#1422=CARTESIAN_POINT('',(-1.21696498941394,0.000269517755731299,4.64489265014994));
#1423=CARTESIAN_POINT('',(-1.21684190443416,0.000403648757765128,4.58010734985006));
#1424=CARTESIAN_POINT('',(-1.215,-1.48794586096403E-16,0.));
#1425=CARTESIAN_POINT('Ctrl Pts',(-1.21696498941394,0.000269517755731299,
4.64489265014994));
#1426=CARTESIAN_POINT('Ctrl Pts',(-1.21700444860209,0.0138320512945516,
4.64408966765518));
#1427=CARTESIAN_POINT('Ctrl Pts',(-1.21679847218145,0.0273933305152741,
4.64328668516042));
#1428=CARTESIAN_POINT('Ctrl Pts',(-1.21634344298209,0.04094616981316,4.64248370266566));
#1429=CARTESIAN_POINT('Ctrl Pts',(-1.2028371000172,0.443226498111638,4.61864928284337));
#1430=CARTESIAN_POINT('Ctrl Pts',(-0.969904595563055,0.838070893027705,
4.59481486302109));
#1431=CARTESIAN_POINT('Ctrl Pts',(-0.624418916871923,1.04457788310564,4.5709804431988));
#1432=CARTESIAN_POINT('Ctrl Pts',(-0.278933238180781,1.25108487318358,4.54714602337651));
#1433=CARTESIAN_POINT('Ctrl Pts',(0.179105614747357,1.26925445842338,4.52331160355422));
#1434=CARTESIAN_POINT('Ctrl Pts',(0.539824174115769,1.09072340079658,4.49947718373193));
#1435=CARTESIAN_POINT('Ctrl Pts',(0.900542733484171,0.912192343169782,4.47564276390964));
#1436=CARTESIAN_POINT('Ctrl Pts',(1.16394099929285,0.536960642676393,4.45180834408735));
#1437=CARTESIAN_POINT('Ctrl Pts',(1.20926430022796,0.13702699236096,4.42797392426506));
#1438=CARTESIAN_POINT('Ctrl Pts',(1.25458760116306,-0.262906657954485,4.40413950444277));
#1439=CARTESIAN_POINT('Ctrl Pts',(1.08183593722458,-0.687542258091976,4.38030508462049));
#1440=CARTESIAN_POINT('Ctrl Pts',(0.770203086580319,-0.942266418285095,
4.3564706647982));
#1441=CARTESIAN_POINT('Ctrl Pts',(0.458570235936071,-1.19699057847821,4.33263624497591));
#1442=CARTESIAN_POINT('Ctrl Pts',(0.00805619858605826,-1.28180329872696,
4.30880182515362));
#1443=CARTESIAN_POINT('Ctrl Pts',(-0.37486359591787,-1.15782716648503,4.28496740533133));
#1444=CARTESIAN_POINT('Ctrl Pts',(-0.75778339042181,-1.0338510342431,4.26113298550904));
#1445=CARTESIAN_POINT('Ctrl Pts',(-1.07310894207966,-0.701086049510485,
4.23729856568675));
#1446=CARTESIAN_POINT('Ctrl Pts',(-1.17631250043022,-0.312051138402036,
4.21346414586446));
#1447=CARTESIAN_POINT('Ctrl Pts',(-1.20311749443918,-0.211007350491966,
4.20727364729296));
#1448=CARTESIAN_POINT('Ctrl Pts',(-1.21561287884692,-0.106167630504447,
4.20108314872145));
#1449=CARTESIAN_POINT('Ctrl Pts',(-1.21467336309453,-0.00110796438996322,
4.19489265014994));
#1450=CARTESIAN_POINT('Ctrl Pts',(-1.21492499024309,-0.00111562090117385,
4.13010734985006));
#1451=CARTESIAN_POINT('Ctrl Pts',(-1.2158104256806,-0.0976963270383852,
4.1358012495928));
#1452=CARTESIAN_POINT('Ctrl Pts',(-1.20526424023498,-0.19408597464908,4.14149514933555));
#1453=CARTESIAN_POINT('Ctrl Pts',(-1.18254810068886,-0.287516717298216,
4.1471890490783));
#1454=CARTESIAN_POINT('Ctrl Pts',(-1.08745931599897,-0.678613794032811,
4.17102346890059));
#1455=CARTESIAN_POINT('Ctrl Pts',(-0.779125717352577,-1.01786423824664,
4.19485788872288));
#1456=CARTESIAN_POINT('Ctrl Pts',(-0.398866448683605,-1.14977887424171,
4.21869230854517));
#1457=CARTESIAN_POINT('Ctrl Pts',(-0.0186071800146318,-1.28169351023679,
4.24252672836745));
#1458=CARTESIAN_POINT('Ctrl Pts',(0.43357775867692,-1.2062723380131,4.26636114818974));
#1459=CARTESIAN_POINT('Ctrl Pts',(0.750439547854724,-0.958084104548545,
4.29019556801203));
#1460=CARTESIAN_POINT('Ctrl Pts',(1.06730133703253,-0.709895871083986,4.31402998783432));
#1461=CARTESIAN_POINT('Ctrl Pts',(1.24883997669659,-0.288940576378552,4.33786440765661));
#1462=CARTESIAN_POINT('Ctrl Pts',(1.21184871976124,0.111847139129703,4.3616988274789));
#1463=CARTESIAN_POINT('Ctrl Pts',(1.1748574628259,0.512634854637965,4.38553324730119));
#1464=CARTESIAN_POINT('Ctrl Pts',(0.91933630929115,0.893254990949042,4.40936766712348));
#1465=CARTESIAN_POINT('Ctrl Pts',(0.562402333947196,1.07925444985855,4.43320208694577));
#1466=CARTESIAN_POINT('Ctrl Pts',(0.20546835860325,1.26525390876806,4.45703650676805));
#1467=CARTESIAN_POINT('Ctrl Pts',(-0.252878438549896,1.256632690276,4.48087092659034));
#1468=CARTESIAN_POINT('Ctrl Pts',(-0.602571646196543,1.05734871718475,4.50470534641263));
#1469=CARTESIAN_POINT('Ctrl Pts',(-0.952264853843191,0.858064744093494,
4.52853976623492));
#1470=CARTESIAN_POINT('Ctrl Pts',(-1.19330447198334,0.468118016403045,4.55237418605721));
#1471=CARTESIAN_POINT('Ctrl Pts',(-1.21520018455995,0.0662203786671079,
4.5762086058795));
#1472=CARTESIAN_POINT('Ctrl Pts',(-1.21639405709144,0.0443067483852496,
4.57750818720302));
#1473=CARTESIAN_POINT('Ctrl Pts',(-1.21693641052515,0.0223575878151528,
4.57880776852654));
#1474=CARTESIAN_POINT('Ctrl Pts',(-1.21684190443416,0.000403648757765128,
4.58010734985006));
#1475=CARTESIAN_POINT('Origin',(0.,0.,-0.831872668235621));
#1476=CARTESIAN_POINT('',(-0.959799753996636,0.000212564106486877,4.79312733176438));
#1477=CARTESIAN_POINT('',(-0.957127766873508,0.000588585901697483,4.88187266823563));
#1478=CARTESIAN_POINT('',(-0.95825,-5.86883270682463E-14,-0.831872668235621));
#1479=CARTESIAN_POINT('',(0.929334011914881,-0.240012294274609,5.));
#1480=CARTESIAN_POINT('Ctrl Pts',(-0.959799753996636,0.000212564106486929,
4.79312733176438));
#1481=CARTESIAN_POINT('Ctrl Pts',(-0.958907135956473,-0.306589544001411,
4.81615876909191));
#1482=CARTESIAN_POINT('Ctrl Pts',(-0.633045593656868,-0.932546360145316,
4.86302462624173));
#1483=CARTESIAN_POINT('Ctrl Pts',(0.406510849072242,-1.04380837366431,4.93198218232027));
#1484=CARTESIAN_POINT('Ctrl Pts',(0.854159989210535,-0.52469899919002,4.97790830107128));
#1485=CARTESIAN_POINT('Ctrl Pts',(0.929336300522032,-0.240012372885609,
5.));
#1486=CARTESIAN_POINT('',(0.0752145305613624,-0.955293586753535,5.));
#1487=CARTESIAN_POINT('Origin',(0.,0.,5.));
#1488=CARTESIAN_POINT('Ctrl Pts',(-0.957127766873508,0.000588585901697509,
4.88187266823563));
#1489=CARTESIAN_POINT('Ctrl Pts',(-0.9555299632698,-0.208009221715045,4.89741402566813));
#1490=CARTESIAN_POINT('Ctrl Pts',(-0.785615584770122,-0.738535025579678,
4.93678980292292));
#1491=CARTESIAN_POINT('Ctrl Pts',(-0.242698845868386,-0.980324326725953,
4.97616558017771));
#1492=CARTESIAN_POINT('Ctrl Pts',(0.075214530561376,-0.955293586753534,
5.));
#1493=CARTESIAN_POINT('Origin',(0.,0.,-0.831872668235621));
#1494=CARTESIAN_POINT('',(-0.957992386983816,-0.000873832820354467,4.34312733176438));
#1495=CARTESIAN_POINT('',(-0.959702678949822,0.000318350964634614,4.43187266823563));
#1496=CARTESIAN_POINT('',(-0.95825,-5.86883270682463E-14,-0.831872668235621));
#1497=CARTESIAN_POINT('Ctrl Pts',(-0.957992386983816,-0.000873832820354418,
4.34312733176438));
#1498=CARTESIAN_POINT('Ctrl Pts',(-0.958733367205809,-0.0837326188731883,
4.34931783033589));
#1499=CARTESIAN_POINT('Ctrl Pts',(-0.910935515307446,-0.484769773514369,
4.37934274872968));
#1500=CARTESIAN_POINT('Ctrl Pts',(-0.348959032095106,-1.07782699603579,
4.43320208694576));
#1501=CARTESIAN_POINT('Ctrl Pts',(0.716979427881823,-0.877155911644743,
4.50470534641263));
#1502=CARTESIAN_POINT('Ctrl Pts',(1.12571839570663,0.127552887939812,4.5762086058795));
#1503=CARTESIAN_POINT('Ctrl Pts',(0.502505091481493,1.0153696212677,4.64771186534637));
#1504=CARTESIAN_POINT('Ctrl Pts',(-0.581237453749073,0.972379485326848,
4.71921512481323));
#1505=CARTESIAN_POINT('Ctrl Pts',(-0.954846520616517,0.339073943499911,
4.76768694695257));
#1506=CARTESIAN_POINT('Ctrl Pts',(-0.959830874792554,0.0109091054756931,
4.79232434926962));
#1507=CARTESIAN_POINT('Ctrl Pts',(-0.959799753996636,0.000212564106486929,
4.79312733176438));
#1508=CARTESIAN_POINT('Ctrl Pts',(-0.959702678949822,0.000318350964634601,
4.43187266823563));
#1509=CARTESIAN_POINT('Ctrl Pts',(-0.958410230176866,-0.29991988022642,
4.4544075067344));
#1510=CARTESIAN_POINT('Ctrl Pts',(-0.644991683034237,-0.920042733130399,
4.50077676505545));
#1511=CARTESIAN_POINT('Ctrl Pts',(0.411229877559294,-1.0555799463771,4.5709804431988));
#1512=CARTESIAN_POINT('Ctrl Pts',(1.11020918622925,-0.226157442501371,4.64248370266567));
#1513=CARTESIAN_POINT('Ctrl Pts',(0.791193537812232,0.810839236466458,4.71398696213253));
#1514=CARTESIAN_POINT('Ctrl Pts',(-0.252486800176031,1.10406791467519,4.7854902215994));
#1515=CARTESIAN_POINT('Ctrl Pts',(-0.889067742592598,0.542238190141621,
4.84145212363376));
#1516=CARTESIAN_POINT('Ctrl Pts',(-0.957980374828105,0.111898980791702,
4.87357960584584));
#1517=CARTESIAN_POINT('Ctrl Pts',(-0.957127766873508,0.000588585901697509,
4.88187266823563));
#1518=CARTESIAN_POINT('Origin',(0.,0.,-0.831872668235621));
#1519=CARTESIAN_POINT('',(-0.956744961021245,0.000275677213605443,3.89312733176438));
#1520=CARTESIAN_POINT('',(-0.958190841070321,-0.000879871381603003,3.98187266823563));
#1521=CARTESIAN_POINT('',(-0.95825,-5.86883270682463E-14,-0.831872668235621));
#1522=CARTESIAN_POINT('Ctrl Pts',(-0.956744961021245,0.00027567721360559,
3.89312733176438));
#1523=CARTESIAN_POINT('Ctrl Pts',(-0.95628935740801,-0.1767696599857,3.90631131140215));
#1524=CARTESIAN_POINT('Ctrl Pts',(-0.824239334767576,-0.674515021131731,
3.94332971086221));
#1525=CARTESIAN_POINT('Ctrl Pts',(-0.022852788966997,-1.1326777627499,4.00418253014456));
#1526=CARTESIAN_POINT('Ctrl Pts',(0.939740100455056,-0.632747313935197,
4.07568578961143));
#1527=CARTESIAN_POINT('Ctrl Pts',(1.04091131923025,0.447197001242894,4.14718904907829));
#1528=CARTESIAN_POINT('Ctrl Pts',(0.187919583203448,1.11721432517193,4.21869230854517));
#1529=CARTESIAN_POINT('Ctrl Pts',(-0.748566124013988,0.793780456627837,
4.28400506944052));
#1530=CARTESIAN_POINT('Ctrl Pts',(-0.95588047361622,0.235287096572463,4.3254834105136));
#1531=CARTESIAN_POINT('Ctrl Pts',(-0.957992386983816,-0.000873832820354418,
4.34312733176438));
#1532=CARTESIAN_POINT('Ctrl Pts',(-0.958190841070321,-0.000879871381603064,
3.98187266823563));
#1533=CARTESIAN_POINT('Ctrl Pts',(-0.958889169060437,-0.07705144476099,
3.98756656797837));
#1534=CARTESIAN_POINT('Ctrl Pts',(-0.915754460294093,-0.471292509382111,
4.0170948875434));
#1535=CARTESIAN_POINT('Ctrl Pts',(-0.371305800617434,-1.07033345223683,
4.07045762693073));
#1536=CARTESIAN_POINT('Ctrl Pts',(0.698586094447203,-0.891883234253252,
4.14196088639759));
#1537=CARTESIAN_POINT('Ctrl Pts',(1.12811548076345,0.104117780935604,4.21346414586446));
#1538=CARTESIAN_POINT('Ctrl Pts',(0.52353981317165,1.00468381950372,4.28496740533133));
#1539=CARTESIAN_POINT('Ctrl Pts',(-0.560931343302431,0.984285590812307,
4.35647066479819));
#1540=CARTESIAN_POINT('Ctrl Pts',(-0.951504593593163,0.352427798929554,
4.4054390857663));
#1541=CARTESIAN_POINT('Ctrl Pts',(-0.95977721430924,0.0176330522829632,
4.43057308691211));
#1542=CARTESIAN_POINT('Ctrl Pts',(-0.959702678949822,0.000318350964634601,
4.43187266823563));
#1543=CARTESIAN_POINT('Origin',(0.,0.,-0.831872668235621));
#1544=CARTESIAN_POINT('',(-0.959004402734604,0.000747873307977713,3.44312733176438));
#1545=CARTESIAN_POINT('',(-0.956698798205624,0.000169352919475244,3.53187266823563));
#1546=CARTESIAN_POINT('',(-0.95825,-5.86883270682463E-14,-0.831872668235621));
#1547=CARTESIAN_POINT('Ctrl Pts',(-0.959004402734604,0.0007478733079777,
3.44312733176438));
#1548=CARTESIAN_POINT('Ctrl Pts',(-0.956691805027705,-0.268591827171416,
3.46330479246842));
#1549=CARTESIAN_POINT('Ctrl Pts',(-0.697725763328256,-0.859979976293851,
3.50731667299474));
#1550=CARTESIAN_POINT('Ctrl Pts',(0.305204464824267,-1.09102304719975,3.57516297334336));
#1551=CARTESIAN_POINT('Ctrl Pts',(1.08242451704012,-0.334422199171304,3.64666623281023));
#1552=CARTESIAN_POINT('Ctrl Pts',(0.86742922611244,0.728730124779587,3.71816949227709));
#1553=CARTESIAN_POINT('Ctrl Pts',(-0.142703840720802,1.12388464074845,3.78967275174396));
#1554=CARTESIAN_POINT('Ctrl Pts',(-0.859893971747403,0.605914202357476,
3.84799203157306));
#1555=CARTESIAN_POINT('Ctrl Pts',(-0.957113012183635,0.143298559954308,
3.88247689157986));
#1556=CARTESIAN_POINT('Ctrl Pts',(-0.956744961021245,0.00027567721360559,
3.89312733176438));
#1557=CARTESIAN_POINT('Ctrl Pts',(-0.956698798205624,0.000169352919475278,
3.53187266823563));
#1558=CARTESIAN_POINT('Ctrl Pts',(-0.956430178836267,-0.170227778878718,
3.54456004904464));
#1559=CARTESIAN_POINT('Ctrl Pts',(-0.831630267166269,-0.661099090994198,
3.58108184967594));
#1560=CARTESIAN_POINT('Ctrl Pts',(-0.0464075985657952,-1.13195736949428,
3.64143807012952));
#1561=CARTESIAN_POINT('Ctrl Pts',(0.926375830145734,-0.6521571050569,3.71294132959639));
#1562=CARTESIAN_POINT('Ctrl Pts',(1.04998758112113,0.425449486823951,3.78444458906326));
#1563=CARTESIAN_POINT('Ctrl Pts',(0.211117480268269,1.11306363393528,3.85594784853012));
#1564=CARTESIAN_POINT('Ctrl Pts',(-0.73906450805797,0.806868857796485,3.92175720825425));
#1565=CARTESIAN_POINT('Ctrl Pts',(-0.955965998080603,0.241799490533777,
3.96373214815608));
#1566=CARTESIAN_POINT('Ctrl Pts',(-0.958190841070321,-0.000879871381603064,
3.98187266823563));
#1567=CARTESIAN_POINT('Origin',(0.,0.,-0.831872668235621));
#1568=CARTESIAN_POINT('',(-0.959122225434443,-0.000704940654238382,2.99312733176438));
#1569=CARTESIAN_POINT('',(-0.958813381482329,0.000802902317193349,3.08187266823563));
#1570=CARTESIAN_POINT('',(-0.95825,-5.86883270682463E-14,-0.831872668235621));
#1571=CARTESIAN_POINT('Ctrl Pts',(-0.959122225434443,-0.000704940654238295,
2.99312733176438));
#1572=CARTESIAN_POINT('Ctrl Pts',(-0.959489433922318,-0.0452284092327565,
2.99646385371239));
#1573=CARTESIAN_POINT('Ctrl Pts',(-0.936430121510375,-0.40742259982104,
3.0236347954827));
#1574=CARTESIAN_POINT('Ctrl Pts',(-0.475016541565572,-1.02851365405637,
3.07464015707529));
#1575=CARTESIAN_POINT('Ctrl Pts',(0.607257395858443,-0.956409696006287,
3.14614341654215));
#1576=CARTESIAN_POINT('Ctrl Pts',(1.13288271389605,-0.00760313968589113,
3.21764667600902));
#1577=CARTESIAN_POINT('Ctrl Pts',(0.620039661514362,0.948172911188297,3.28914993547589));
#1578=CARTESIAN_POINT('Ctrl Pts',(-0.461169003401355,1.03479669608533,3.36065319494276));
#1579=CARTESIAN_POINT('Ctrl Pts',(-0.933828232021623,0.416092003182204,
3.41197899370559));
#1580=CARTESIAN_POINT('Ctrl Pts',(-0.959423537500625,0.0495629491008513,
3.43947037264613));
#1581=CARTESIAN_POINT('Ctrl Pts',(-0.959004402734604,0.0007478733079777,
3.44312733176438));
#1582=CARTESIAN_POINT('Ctrl Pts',(-0.958813381482329,0.000802902317193288,
3.08187266823563));
#1583=CARTESIAN_POINT('Ctrl Pts',(-0.956455422661213,-0.262043669366702,
3.1015535301109));
#1584=CARTESIAN_POINT('Ctrl Pts',(-0.708158252883337,-0.847124705763802,
3.14506881180847));
#1585=CARTESIAN_POINT('Ctrl Pts',(0.282445182332842,-1.09713529277198,3.21241851332832));
#1586=CARTESIAN_POINT('Ctrl Pts',(1.0752344023668,-0.356864273656899,3.28392177279519));
#1587=CARTESIAN_POINT('Ctrl Pts',(0.882399159748158,0.710529981380539,3.35542503226206));
#1588=CARTESIAN_POINT('Ctrl Pts',(-0.11929617922455,1.1266097621739,3.42692829172892));
#1589=CARTESIAN_POINT('Ctrl Pts',(-0.853302394332965,0.619386296272156,
3.48574417038678));
#1590=CARTESIAN_POINT('Ctrl Pts',(-0.956934805198322,0.149879013605039,
3.52072562922235));
#1591=CARTESIAN_POINT('Ctrl Pts',(-0.956698798205624,0.000169352919475278,
3.53187266823563));
#1592=CARTESIAN_POINT('Origin',(0.,0.,-0.831872668235621));
#1593=CARTESIAN_POINT('',(-0.956786394985272,-0.000342162780986752,2.54312733176438));
#1594=CARTESIAN_POINT('',(-0.95929369304294,-0.000627516192614058,2.63187266823562));
#1595=CARTESIAN_POINT('',(-0.95825,-5.86883270682463E-14,-0.831872668235621));
#1596=CARTESIAN_POINT('Ctrl Pts',(-0.956786394985272,-0.000342162780986761,
2.54312733176438));
#1597=CARTESIAN_POINT('Ctrl Pts',(-0.957230567950763,-0.139046953392989,
2.55345733477866));
#1598=CARTESIAN_POINT('Ctrl Pts',(-0.864047063078759,-0.597216742603359,
2.58762175761523));
#1599=CARTESIAN_POINT('Ctrl Pts',(-0.157775795414611,-1.121868017963,2.64562060027409));
#1600=CARTESIAN_POINT('Ctrl Pts',(0.857570038487455,-0.740307152766874,
2.71712385974095));
#1601=CARTESIAN_POINT('Ctrl Pts',(1.08681564357289,0.319863733845269,2.78862711920782));
#1602=CARTESIAN_POINT('Ctrl Pts',(0.319820722819812,1.08682830134302,2.86013037867469));
#1603=CARTESIAN_POINT('Ctrl Pts',(-0.690871273591527,0.868239874492711,
2.92829711619354));
#1604=CARTESIAN_POINT('Ctrl Pts',(-0.956866282809072,0.272824658776154,
2.97262943389011));
#1605=CARTESIAN_POINT('Ctrl Pts',(-0.959122225434443,-0.000704940654238295,
2.99312733176438));
#1606=CARTESIAN_POINT('Ctrl Pts',(-0.95929369304294,-0.000627516192614141,
2.63187266823562));
#1607=CARTESIAN_POINT('Ctrl Pts',(-0.959580690773258,-0.038506539798102,
2.63471259135488));
#1608=CARTESIAN_POINT('Ctrl Pts',(-0.940336275857055,-0.393995944330969,
2.66138693429642));
#1609=CARTESIAN_POINT('Ctrl Pts',(-0.49630685694767,-1.01841083794076,2.71189569706025));
#1610=CARTESIAN_POINT('Ctrl Pts',(0.587232732743507,-0.968833756998228,
2.78339895652711));
#1611=CARTESIAN_POINT('Ctrl Pts',(1.13247951266491,-0.0311654369833442,
2.85490221599399));
#1612=CARTESIAN_POINT('Ctrl Pts',(0.639627520416203,0.935070995278377,2.92640547546085));
#1613=CARTESIAN_POINT('Ctrl Pts',(-0.439545492441488,1.04416516474024,2.99790873492772));
#1614=CARTESIAN_POINT('Ctrl Pts',(-0.929668229533176,0.429535796715111,
3.04973113251931));
#1615=CARTESIAN_POINT('Ctrl Pts',(-0.959311018154048,0.0562754966365724,
3.07771911028861));
#1616=CARTESIAN_POINT('Ctrl Pts',(-0.958813381482329,0.000802902317193288,
3.08187266823563));
#1617=CARTESIAN_POINT('Origin',(0.,0.,-0.831872668235621));
#1618=CARTESIAN_POINT('',(-0.957866294313158,0.000862823004271143,2.09312733176438));
#1619=CARTESIAN_POINT('',(-0.956868141710602,-0.00044078140387982,2.18187266823563));
#1620=CARTESIAN_POINT('',(-0.95825,-5.86883270682463E-14,-0.831872668235621));
#1621=CARTESIAN_POINT('Ctrl Pts',(-0.957866294313158,0.000862823004271155,
2.09312733176438));
#1622=CARTESIAN_POINT('Ctrl Pts',(-0.95584141146505,-0.231086371877854,
2.11045081584492));
#1623=CARTESIAN_POINT('Ctrl Pts',(-0.75458094815947,-0.785310589943862,
2.15160871974776));
#1624=CARTESIAN_POINT('Ctrl Pts',(0.172907957737369,-1.11963560568272,2.21660104347288));
#1625=CARTESIAN_POINT('Ctrl Pts',(1.03481494589863,-0.461128050643144,2.28810430293975));
#1626=CARTESIAN_POINT('Ctrl Pts',(0.948148372433064,0.620077184870336,2.35960756240662));
#1627=CARTESIAN_POINT('Ctrl Pts',(-0.00764797360768404,1.13288241218975,
2.43111082187348));
#1628=CARTESIAN_POINT('Ctrl Pts',(-0.819363616677323,0.683161523963524,
2.49228407832607));
#1629=CARTESIAN_POINT('Ctrl Pts',(-0.956205727501193,0.18098666191565,2.52962291495637));
#1630=CARTESIAN_POINT('Ctrl Pts',(-0.956786394985272,-0.000342162780986761,
2.54312733176438));
#1631=CARTESIAN_POINT('Ctrl Pts',(-0.956868141710602,-0.000440781403879846,
2.18187266823563));
#1632=CARTESIAN_POINT('Ctrl Pts',(-0.957415512791821,-0.132449383227887,
2.19170607242115));
#1633=CARTESIAN_POINT('Ctrl Pts',(-0.870329753455848,-0.583732383116244,
2.22537389642895));
#1634=CARTESIAN_POINT('Ctrl Pts',(-0.181076503032948,-1.11834361049807,
2.28287614025904));
#1635=CARTESIAN_POINT('Ctrl Pts',(0.841986159142776,-0.757984458219482,
2.35437939972592));
#1636=CARTESIAN_POINT('Ctrl Pts',(1.0932337127493,0.297188795882534,2.42588265919278));
#1637=CARTESIAN_POINT('Ctrl Pts',(0.342357552642723,1.07994094155133,2.49738591865965));
#1638=CARTESIAN_POINT('Ctrl Pts',(-0.68005693715336,0.880983238752263,2.56604925500727));
#1639=CARTESIAN_POINT('Ctrl Pts',(-0.957172025430848,0.279398034783913,
2.61087817153259));
#1640=CARTESIAN_POINT('Ctrl Pts',(-0.95929369304294,-0.000627516192614141,
2.63187266823562));
#1641=CARTESIAN_POINT('Origin',(0.,0.,-0.831872668235621));
#1642=CARTESIAN_POINT('',(-0.959807727735897,-0.000120052979089661,1.64312733176438));
#1643=CARTESIAN_POINT('',(-0.957678529372768,0.000833572029691997,1.73187266823562));
#1644=CARTESIAN_POINT('',(-0.95825,-5.86883270682463E-14,-0.831872668235621));
#1645=CARTESIAN_POINT('Ctrl Pts',(-0.959807727735897,-0.000120052979089712,
1.64312733176438));
#1646=CARTESIAN_POINT('Ctrl Pts',(-0.959819060041837,-0.00654714442289796,
1.6436098770889));
#1647=CARTESIAN_POINT('Ctrl Pts',(-0.956847682584478,-0.330417586700978,
1.66792684223571));
#1648=CARTESIAN_POINT('Ctrl Pts',(-0.594289387075147,-0.964521215167913,
1.71607822720481));
#1649=CARTESIAN_POINT('Ctrl Pts',(0.488859394745251,-1.02200662624889,1.78758148667168));
#1650=CARTESIAN_POINT('Ctrl Pts',(1.12389027987636,-0.142659350067103,1.85908474613855));
#1651=CARTESIAN_POINT('Ctrl Pts',(0.728695799610193,0.867458058241448,1.93058800560541));
#1652=CARTESIAN_POINT('Ctrl Pts',(-0.334465037988292,1.08241128495739,2.00209126507228));
#1653=CARTESIAN_POINT('Ctrl Pts',(-0.907736768747295,0.493469875754017,
2.0562710404586));
#1654=CARTESIAN_POINT('Ctrl Pts',(-0.958627335339738,0.0880396458769025,
2.08661639602263));
#1655=CARTESIAN_POINT('Ctrl Pts',(-0.957866294313158,0.000862823004271155,
2.09312733176438));
#1656=CARTESIAN_POINT('Ctrl Pts',(-0.957678529372768,0.000833572029692023,
1.73187266823562));
#1657=CARTESIAN_POINT('Ctrl Pts',(-0.955806549334567,-0.224578547091601,
1.74869955348741));
#1658=CARTESIAN_POINT('Ctrl Pts',(-0.763720002523456,-0.772146838677745,
1.78936085856148));
#1659=CARTESIAN_POINT('Ctrl Pts',(0.149582153383508,-1.12298989780487,1.85385658345784));
#1660=CARTESIAN_POINT('Ctrl Pts',(1.02499964711863,-0.482552437038055,1.92535984292471));
#1661=CARTESIAN_POINT('Ctrl Pts',(0.960840871866194,0.60022158410001,1.99686310239158));
#1662=CARTESIAN_POINT('Ctrl Pts',(0.0159176163769898,1.1327964338722,2.06836636185845));
#1663=CARTESIAN_POINT('Ctrl Pts',(-0.811640573428729,0.696543555039358,
2.13003621713979));
#1664=CARTESIAN_POINT('Ctrl Pts',(-0.956088782810806,0.187515948885732,
2.16787165259885));
#1665=CARTESIAN_POINT('Ctrl Pts',(-0.956868141710602,-0.000440781403879846,
2.18187266823563));
#1666=CARTESIAN_POINT('Origin',(0.,0.,-0.831872668235621));
#1667=CARTESIAN_POINT('',(-0.957510685926754,-0.000793626331937707,1.19312733176438));
#1668=CARTESIAN_POINT('',(-0.959826281830567,3.50796227992713E-6,1.28187266823562));
#1669=CARTESIAN_POINT('',(-0.95825,-5.86883270682463E-14,-0.831872668235621));
#1670=CARTESIAN_POINT('Ctrl Pts',(-0.957510685926754,-0.000793626331937825,
1.19312733176438));
#1671=CARTESIAN_POINT('Ctrl Pts',(-0.958292649295477,-0.100986484534475,
1.20060335815516));
#1672=CARTESIAN_POINT('Ctrl Pts',(-0.897678933557912,-0.519683174692335,
1.23191380436824));
#1673=CARTESIAN_POINT('Ctrl Pts',(-0.29044654119916,-1.09504419782356,1.28705867040361));
#1674=CARTESIAN_POINT('Ctrl Pts',(0.763158431095463,-0.837299397416874,
1.35856192987047));
#1675=CARTESIAN_POINT('Ctrl Pts',(1.11720653566015,0.187964394909118,1.43006518933734));
#1676=CARTESIAN_POINT('Ctrl Pts',(0.447155992003087,1.04092870130659,1.50156844880421));
#1677=CARTESIAN_POINT('Ctrl Pts',(-0.62549653789885,0.940398271621765,1.57258916294656));
#1678=CARTESIAN_POINT('Ctrl Pts',(-0.959259322078165,0.310906963871623,
1.61977545726661));
#1679=CARTESIAN_POINT('Ctrl Pts',(-0.959807727735897,-0.000120052979089712,
1.64312733176438));
#1680=CARTESIAN_POINT('Ctrl Pts',(-0.959826281830567,3.50796227998551E-6,
1.28187266823562));
#1681=CARTESIAN_POINT('Ctrl Pts',(-0.959809077833588,-0.317246930457206,
1.30569303455367));
#1682=CARTESIAN_POINT('Ctrl Pts',(-0.614010254578781,-0.951967088854348,
1.35334782069401));
#1683=CARTESIAN_POINT('Ctrl Pts',(0.467495926852775,-1.03195382308473,1.42483702665664));
#1684=CARTESIAN_POINT('Ctrl Pts',(1.12067985712529,-0.166005389667092,1.49634028612351));
#1685=CARTESIAN_POINT('Ctrl Pts',(0.746581287209357,0.852113555481056,1.56784354559037));
#1686=CARTESIAN_POINT('Ctrl Pts',(-0.3118785520827,1.08913401398528,1.63934680505724));
#1687=CARTESIAN_POINT('Ctrl Pts',(-0.902641863986087,0.506956407057375,
1.69402317927233));
#1688=CARTESIAN_POINT('Ctrl Pts',(-0.958458113035265,0.0947061571051577,
1.72486513366512));
#1689=CARTESIAN_POINT('Ctrl Pts',(-0.957678529372768,0.000833572029692023,
1.73187266823562));
#1690=CARTESIAN_POINT('Origin',(0.,0.,-0.831872668235621));
#1691=CARTESIAN_POINT('',(-0.956963721088816,0.000528882872950009,0.743127331764377));
#1692=CARTESIAN_POINT('',(-0.957688898935154,-0.000835568555470761,0.831872668235624));
#1693=CARTESIAN_POINT('',(-0.95825,-5.86883270682463E-14,-0.831872668235621));
#1694=CARTESIAN_POINT('Ctrl Pts',(-0.956963721088816,0.000528882872949995,
0.743127331764377));
#1695=CARTESIAN_POINT('Ctrl Pts',(-0.955993872852448,-0.193668956309267,
0.757596839221431));
#1696=CARTESIAN_POINT('Ctrl Pts',(-0.804167000496014,-0.70914798702159,
0.795900766500773));
#1697=CARTESIAN_POINT('Ctrl Pts',(0.0381434953066002,-1.13226464423778,
0.858039113602406));
#1698=CARTESIAN_POINT('Ctrl Pts',(0.97243379641353,-0.58125220835151,0.929542373069272));
#1699=CARTESIAN_POINT('Ctrl Pts',(1.01533324624455,0.502573309570652,1.00104563253614));
#1700=CARTESIAN_POINT('Ctrl Pts',(0.127517020235857,1.12570867867564,1.07254889200301));
#1701=CARTESIAN_POINT('Ctrl Pts',(-0.772141791417083,0.759690010141494,
1.13657612507909));
#1702=CARTESIAN_POINT('Ctrl Pts',(-0.955799661411063,0.218439708039815,
1.17676893833288));
#1703=CARTESIAN_POINT('Ctrl Pts',(-0.957510685926754,-0.000793626331937825,
1.19312733176438));
#1704=CARTESIAN_POINT('Ctrl Pts',(-0.957688898935154,-0.000835568555470709,
0.831872668235624));
#1705=CARTESIAN_POINT('Ctrl Pts',(-0.958467879003724,-0.094329116354555,
0.838852095797651));
#1706=CARTESIAN_POINT('Ctrl Pts',(-0.902934840062459,-0.506193187396778,
0.869665943181966));
#1707=CARTESIAN_POINT('Ctrl Pts',(-0.313160558253217,-1.08876589079551,
0.924314210388571));
#1708=CARTESIAN_POINT('Ctrl Pts',(0.745577506855262,-0.85299204271524,0.995817469855438));
#1709=CARTESIAN_POINT('Ctrl Pts',(1.12087454270938,0.164685900590812,1.06732072932231));
#1710=CARTESIAN_POINT('Ctrl Pts',(0.468710558391658,1.03140267636194,1.13882398878917));
#1711=CARTESIAN_POINT('Ctrl Pts',(-0.613101656646736,0.952673873985255,
1.21032724825604));
#1712=CARTESIAN_POINT('Ctrl Pts',(-0.959741429255913,0.317815449724415,
1.25801014140486));
#1713=CARTESIAN_POINT('Ctrl Pts',(-0.959826291980555,0.000190678903385331,
1.28185861473139));
#1714=CARTESIAN_POINT('Ctrl Pts',(-0.959826281830567,3.50796227998551E-6,
1.28187266823562));
#1715=CARTESIAN_POINT('Origin',(0.,0.,-0.831872668235621));
#1716=CARTESIAN_POINT('',(-0.959428577928046,0.000610589114696426,0.293127331764377));
#1717=CARTESIAN_POINT('',(-0.956860348883705,0.00044289120505997,0.381872668235624));
#1718=CARTESIAN_POINT('',(-0.95825,-5.86883270682463E-14,-0.831872668235621));
#1719=CARTESIAN_POINT('Ctrl Pts',(-0.959428577928046,0.000610589114696429,
0.293127331764377));
#1720=CARTESIAN_POINT('Ctrl Pts',(-0.957486761213493,-0.285530652572732,
0.314590320287696));
#1721=CARTESIAN_POINT('Ctrl Pts',(-0.669658105514365,-0.893046796700036,
0.359887728633305));
#1722=CARTESIAN_POINT('Ctrl Pts',(0.363493326188117,-1.07295453908445,0.429019556801202));
#1723=CARTESIAN_POINT('Ctrl Pts',(1.09884953244374,-0.275710971501498,0.50052281626807));
#1724=CARTESIAN_POINT('Ctrl Pts',(0.826952989259379,0.774377426846279,0.572026075734937));
#1725=CARTESIAN_POINT('Ctrl Pts',(-0.202988236302544,1.1145661798484,0.643529335201803));
#1726=CARTESIAN_POINT('Ctrl Pts',(-0.876087287969788,0.571008541891228,
0.700563087211618));
#1727=CARTESIAN_POINT('Ctrl Pts',(-0.957591423432391,0.126217041288664,
0.733762419399142));
#1728=CARTESIAN_POINT('Ctrl Pts',(-0.956963721088816,0.000528882872949995,
0.743127331764377));
#1729=CARTESIAN_POINT('Ctrl Pts',(-0.956860348883705,0.000442891205059978,
0.381872668235624));
#1730=CARTESIAN_POINT('Ctrl Pts',(-0.956093523782015,-0.187142425052672,
0.395845576863917));
#1731=CARTESIAN_POINT('Ctrl Pts',(-0.812087536280212,-0.695799418375005,
0.433652905314498));
#1732=CARTESIAN_POINT('Ctrl Pts',(0.0145868450048264,-1.13280594990166,
0.495294653587368));
#1733=CARTESIAN_POINT('Ctrl Pts',(0.960131996192287,-0.601356851658141,
0.566797913054235));
#1734=CARTESIAN_POINT('Ctrl Pts',(1.02556787904477,0.481347666158991,0.638301172521103));
#1735=CARTESIAN_POINT('Ctrl Pts',(0.15090376660868,1.12281177769044,0.709804431987969));
#1736=CARTESIAN_POINT('Ctrl Pts',(-0.76320842335155,0.772893502039845,0.774328263892811));
#1737=CARTESIAN_POINT('Ctrl Pts',(-0.955807698376805,0.224946991766781,
0.815017675975362));
#1738=CARTESIAN_POINT('Ctrl Pts',(-0.957688898935154,-0.000835568555470709,
0.831872668235624));
#1739=CARTESIAN_POINT('Ctrl Pts',(-0.111990636360795,-0.112282696335739,
-0.91));
#1740=CARTESIAN_POINT('Ctrl Pts',(-0.141818894260186,-0.14218874324087,
-1.35213435803212));
#1741=CARTESIAN_POINT('Ctrl Pts',(-0.171647152159576,-0.172094790146001,
-1.79426871606424));
#1742=CARTESIAN_POINT('Ctrl Pts',(-0.201475410058967,-0.202000837051132,
-2.23640307409636));
#1743=CARTESIAN_POINT('Ctrl Pts',(-0.111862590536157,-0.320390153325547,
-0.895932212972888));
#1744=CARTESIAN_POINT('Ctrl Pts',(-0.141655808784471,-0.405800555544078,
-1.33431741834249));
#1745=CARTESIAN_POINT('Ctrl Pts',(-0.171451832506844,-0.490983657300517,
-1.77270938533911));
#1746=CARTESIAN_POINT('Ctrl Pts',(-0.201245050755158,-0.576394059519048,
-2.21109459070871));
#1747=CARTESIAN_POINT('Ctrl Pts',(-0.112775887530612,-0.52456261865323,
-0.842616503149029));
#1748=CARTESIAN_POINT('Ctrl Pts',(-0.14280987437407,-0.664328774431806,
-1.26678514159809));
#1749=CARTESIAN_POINT('Ctrl Pts',(-0.172854119906762,-0.803941926692537,
-1.69100896447917));
#1750=CARTESIAN_POINT('Ctrl Pts',(-0.20288810675022,-0.943708082471112,
-2.11517760292823));
#1751=CARTESIAN_POINT('Ctrl Pts',(-0.0934843497236793,-0.712835055435531,
-0.754618279374501));
#1752=CARTESIAN_POINT('Ctrl Pts',(-0.11838353222436,-0.902695820265519,
-1.1553673378291));
#1753=CARTESIAN_POINT('Ctrl Pts',(-0.14328271472504,-1.09255658509551,-1.55611639628371));
#1754=CARTESIAN_POINT('Ctrl Pts',(-0.16818189722572,-1.2824173499255,-1.95686545473831));
#1755=CARTESIAN_POINT('',(-0.103138465528825,-0.786449432553023,-0.91));
#1756=CARTESIAN_POINT('',(-0.111990640423821,-0.112282696355207,-0.91));
#1757=CARTESIAN_POINT('Ctrl Pts',(-0.103138465528825,-0.786449432553023,
-0.91));
#1758=CARTESIAN_POINT('Ctrl Pts',(-0.10997384917194,-0.672743053965824,
-0.91));
#1759=CARTESIAN_POINT('Ctrl Pts',(-0.112643212617971,-0.562777664113309,
-0.910000000025324));
#1760=CARTESIAN_POINT('Ctrl Pts',(-0.113875056117656,-0.334179915095701,
-0.910000000025324));
#1761=CARTESIAN_POINT('Ctrl Pts',(-0.1124216570192,-0.222033996508334,-0.91));
#1762=CARTESIAN_POINT('Ctrl Pts',(-0.111990636360795,-0.112282696335739,
-0.91));
#1763=CARTESIAN_POINT('',(-0.16818189722572,-1.2824173499255,-1.95686545473831));
#1764=CARTESIAN_POINT('',(-0.16818189722572,-1.2824173499255,-1.95686545473831));
#1765=CARTESIAN_POINT('',(-0.20147541733538,-0.202000837052944,-2.23640307360534));
#1766=CARTESIAN_POINT('Ctrl Pts',(-0.201475410058967,-0.202000837051132,
-2.23640307409636));
#1767=CARTESIAN_POINT('Ctrl Pts',(-0.201245050755158,-0.576394059519048,
-2.21109459070871));
#1768=CARTESIAN_POINT('Ctrl Pts',(-0.20288810675022,-0.943708082471112,
-2.11517760292823));
#1769=CARTESIAN_POINT('Ctrl Pts',(-0.16818189722572,-1.2824173499255,-1.95686545473831));
#1770=CARTESIAN_POINT('',(-0.20147541733538,-0.202000837052944,-2.23640307360534));
#1771=CARTESIAN_POINT('Ctrl Pts',(-0.694037402384773,-0.0767824554655527,
-0.764320258752095));
#1772=CARTESIAN_POINT('Ctrl Pts',(-0.878891487469156,-0.0972331552503868,
-1.16765340044519));
#1773=CARTESIAN_POINT('Ctrl Pts',(-1.06374557255354,-0.117683855035221,
-1.57098654213829));
#1774=CARTESIAN_POINT('Ctrl Pts',(-1.24859965763792,-0.138134554820055,
-1.97431968383138));
#1775=CARTESIAN_POINT('Ctrl Pts',(-0.52391623762452,-0.13789743992699,-0.839190744075735));
#1776=CARTESIAN_POINT('Ctrl Pts',(-0.663580247291182,-0.174629499156486,
-1.26268745089599));
#1777=CARTESIAN_POINT('Ctrl Pts',(-0.802881208618647,-0.211350674770666,
-1.68551782489839));
#1778=CARTESIAN_POINT('Ctrl Pts',(-0.942545218285309,-0.248082734000163,
-2.10901453171864));
#1779=CARTESIAN_POINT('Ctrl Pts',(-0.309305334755981,-0.112331831982621,
-0.896684990322878));
#1780=CARTESIAN_POINT('Ctrl Pts',(-0.391858338394592,-0.142268040109525,
-1.33559928248292));
#1781=CARTESIAN_POINT('Ctrl Pts',(-0.473899045998614,-0.172153025786721,
-1.77353457311709));
#1782=CARTESIAN_POINT('Ctrl Pts',(-0.556452049637225,-0.202089233913625,
-2.21244886527713));
#1783=CARTESIAN_POINT('Ctrl Pts',(-0.111990640423821,-0.112282696355207,
-0.91));
#1784=CARTESIAN_POINT('Ctrl Pts',(-0.141818899394341,-0.142188743254453,
-1.35213435786845));
#1785=CARTESIAN_POINT('Ctrl Pts',(-0.17164715836486,-0.172094790153698,
-1.7942687157369));
#1786=CARTESIAN_POINT('Ctrl Pts',(-0.20147541733538,-0.202000837052944,
-2.23640307360534));
#1787=CARTESIAN_POINT('',(-0.760804777787319,-0.0841690358008232,-0.91));
#1788=CARTESIAN_POINT('Ctrl Pts',(-0.111990640423821,-0.112282696355207,
-0.91));
#1789=CARTESIAN_POINT('Ctrl Pts',(-0.158005491161274,-0.112503182956702,
-0.91));
#1790=CARTESIAN_POINT('Ctrl Pts',(-0.205295277759611,-0.11424466408083,
-0.909780125840358));
#1791=CARTESIAN_POINT('Ctrl Pts',(-0.253490215947131,-0.116119958854695,
-0.909561934887315));
#1792=CARTESIAN_POINT('Ctrl Pts',(-0.301940822357901,-0.118005201836836,
-0.909342586458085));
#1793=CARTESIAN_POINT('Ctrl Pts',(-0.351307664163566,-0.120027068216247,
-0.90912375355193));
#1794=CARTESIAN_POINT('Ctrl Pts',(-0.401185456079133,-0.120773693660154,
-0.909089971705285));
#1795=CARTESIAN_POINT('Ctrl Pts',(-0.408991640195299,-0.120890545177776,
-0.90908468463654));
#1796=CARTESIAN_POINT('Ctrl Pts',(-0.416810257572898,-0.120976135235007,
-0.909083871099294));
#1797=CARTESIAN_POINT('Ctrl Pts',(-0.424639658130839,-0.121025020222064,
-0.909088179249677));
#1798=CARTESIAN_POINT('Ctrl Pts',(-0.464601556623283,-0.121274533179808,
-0.90911016840032));
#1799=CARTESIAN_POINT('Ctrl Pts',(-0.504596922639328,-0.120562108600208,
-0.909227218118445));
#1800=CARTESIAN_POINT('Ctrl Pts',(-0.544428946569104,-0.118197542951591,
-0.909374561445673));
#1801=CARTESIAN_POINT('Ctrl Pts',(-0.583814014873979,-0.115859510122872,
-0.909520251431633));
#1802=CARTESIAN_POINT('Ctrl Pts',(-0.623039694076553,-0.111907313373836,
-0.90969464263264));
#1803=CARTESIAN_POINT('Ctrl Pts',(-0.661867262360473,-0.105676992897219,
-0.909822629170516));
#1804=CARTESIAN_POINT('Ctrl Pts',(-0.695201115778038,-0.100328200822646,
-0.909932506885798));
#1805=CARTESIAN_POINT('Ctrl Pts',(-0.728240769056845,-0.0933005063074312,
-0.910007785742261));
#1806=CARTESIAN_POINT('Ctrl Pts',(-0.760804777787319,-0.0841690358008235,
-0.91));
#1807=CARTESIAN_POINT('',(-1.24859965763792,-0.138134554820055,-1.97431968383138));
#1808=CARTESIAN_POINT('Ctrl Pts',(-1.24859965763792,-0.138134554820055,
-1.97431968383138));
#1809=CARTESIAN_POINT('Ctrl Pts',(-0.942545218285309,-0.248082734000163,
-2.10901453171864));
#1810=CARTESIAN_POINT('Ctrl Pts',(-0.556452049637225,-0.202089233913625,
-2.21244886527713));
#1811=CARTESIAN_POINT('Ctrl Pts',(-0.20147541733538,-0.202000837052944,
-2.23640307360534));
#1812=CARTESIAN_POINT('',(-1.24859965763792,-0.138134554820055,-1.97431968383138));
#1813=CARTESIAN_POINT('Ctrl Pts',(-0.767437236660475,0.0922324903459976,
-0.906514893384047));
#1814=CARTESIAN_POINT('Ctrl Pts',(-0.931453011175115,0.111944308611868,
-1.26054328848214));
#1815=CARTESIAN_POINT('Ctrl Pts',(-1.09546878568976,0.131656126877738,-1.61457168358023));
#1816=CARTESIAN_POINT('Ctrl Pts',(-1.25948456020439,0.151367945143608,-1.96860007867832));
#1817=CARTESIAN_POINT('Ctrl Pts',(-0.771311628827221,0.0619082034300636,
-0.90640836351301));
#1818=CARTESIAN_POINT('Ctrl Pts',(-0.936155583626047,0.075139161964583,
-1.26041430237324));
#1819=CARTESIAN_POINT('Ctrl Pts',(-1.10099908904578,0.0883700879685888,
-1.6144193076346));
#1820=CARTESIAN_POINT('Ctrl Pts',(-1.26584304384461,0.101601046503108,-1.96842524649483));
#1821=CARTESIAN_POINT('Ctrl Pts',(-0.7748597391253,0.0315562904449945,-0.905600348496828));
#1822=CARTESIAN_POINT('Ctrl Pts',(-0.940461870286152,0.0383004618791474,
-1.25943334057388));
#1823=CARTESIAN_POINT('Ctrl Pts',(-1.10606391673523,0.0450446377272922,
-1.61326617537355));
#1824=CARTESIAN_POINT('Ctrl Pts',(-1.27166604789609,0.0517888091614451,
-1.96709916745061));
#1825=CARTESIAN_POINT('Ctrl Pts',(-0.772338743814666,-0.0272182997332984,
-0.906829274035045));
#1826=CARTESIAN_POINT('Ctrl Pts',(-0.937402087001774,-0.0330353610656533,
-1.26092491788938));
#1827=CARTESIAN_POINT('Ctrl Pts',(-1.1024653570297,-0.038852426453095,-1.61502038265273));
#1828=CARTESIAN_POINT('Ctrl Pts',(-1.26752870021681,-0.0446694877854499,
-1.96911602650707));
#1829=CARTESIAN_POINT('Ctrl Pts',(-0.766719008683127,-0.055703425103177,
-0.908732739688816));
#1830=CARTESIAN_POINT('Ctrl Pts',(-0.930581427847623,-0.0676083058029792,
-1.26323540207649));
#1831=CARTESIAN_POINT('Ctrl Pts',(-1.09444341657233,-0.0795131539179157,
-1.61773724902787));
#1832=CARTESIAN_POINT('Ctrl Pts',(-1.25830583573682,-0.0914180346177179,
-1.97223991141554));
#1833=CARTESIAN_POINT('Ctrl Pts',(-0.760804777787319,-0.0841690358008232,
-0.91));
#1834=CARTESIAN_POINT('Ctrl Pts',(-0.923403071070854,-0.102157542140567,
-1.26477322794379));
#1835=CARTESIAN_POINT('Ctrl Pts',(-1.08600136435439,-0.120146048480311,
-1.61954645588759));
#1836=CARTESIAN_POINT('Ctrl Pts',(-1.24859965763792,-0.138134554820055,
-1.97431968383138));
#1837=CARTESIAN_POINT('',(-0.769051831616123,0.0924265363298849,-0.91));
#1838=CARTESIAN_POINT('Ctrl Pts',(-0.760804777787319,-0.0841690358008232,
-0.91));
#1839=CARTESIAN_POINT('Ctrl Pts',(-0.763398340342368,-0.0728279619323528,
-0.91));
#1840=CARTESIAN_POINT('Ctrl Pts',(-0.765904231868544,-0.0618347726568179,
-0.909995282727917));
#1841=CARTESIAN_POINT('Ctrl Pts',(-0.768096844195243,-0.0509733314595846,
-0.909995953682573));
#1842=CARTESIAN_POINT('Ctrl Pts',(-0.77011744351606,-0.0409639830494756,
-0.909996572000049));
#1843=CARTESIAN_POINT('Ctrl Pts',(-0.771876223841225,-0.0310667866205145,
-0.909999495254689));
#1844=CARTESIAN_POINT('Ctrl Pts',(-0.773195340494773,-0.021117745219732,
-0.910000165046796));
#1845=CARTESIAN_POINT('Ctrl Pts',(-0.774186004108119,-0.0136459622830884,
-0.910000668064225));
#1846=CARTESIAN_POINT('Ctrl Pts',(-0.774928976872236,-0.00614504028769487,
-0.909999517214124));
#1847=CARTESIAN_POINT('Ctrl Pts',(-0.775329177769628,0.0014533791019794,
-0.909999702419093));
#1848=CARTESIAN_POINT('Ctrl Pts',(-0.775366971582845,0.00217095181366678,
-0.909999719909313));
#1849=CARTESIAN_POINT('Ctrl Pts',(-0.775401690176224,0.00288941824619485,
-0.909999755355868));
#1850=CARTESIAN_POINT('Ctrl Pts',(-0.775433366129361,0.00360882954896309,
-0.909999756132096));
#1851=CARTESIAN_POINT('Ctrl Pts',(-0.776200204645327,0.0210249525427295,
-0.909999774923685));
#1852=CARTESIAN_POINT('Ctrl Pts',(-0.775172271298102,0.0385231232291736,
-0.910000001116766));
#1853=CARTESIAN_POINT('Ctrl Pts',(-0.773411762951509,0.0560331556461577,
-0.910000051199948));
#1854=CARTESIAN_POINT('Ctrl Pts',(-0.772192454423692,0.0681604096235062,
-0.910000085887003));
#1855=CARTESIAN_POINT('Ctrl Pts',(-0.77062194776396,0.080294424725564,-0.91000000121129));
#1856=CARTESIAN_POINT('Ctrl Pts',(-0.769051831616123,0.0924265363298849,
-0.91));
#1857=CARTESIAN_POINT('',(-1.26943862118812,9.63975170432835E-10,-1.96818424449779));
#1858=CARTESIAN_POINT('Ctrl Pts',(-1.26943856624084,-5.92240649683012E-9,
-1.96818384211469));
#1859=CARTESIAN_POINT('Ctrl Pts',(-1.2672175268293,-0.0462460473685431,
-1.96922108090748));
#1860=CARTESIAN_POINT('Ctrl Pts',(-1.25814216801321,-0.0922057789222794,
-1.97227498099838));
#1861=CARTESIAN_POINT('Ctrl Pts',(-1.24859965763792,-0.138134554820055,
-1.97431968383138));
#1862=CARTESIAN_POINT('',(-1.25948456020439,0.151367945143608,-1.96860007867832));
#1863=CARTESIAN_POINT('Ctrl Pts',(-1.25948456020439,0.151367945143608,-1.96860007867832));
#1864=CARTESIAN_POINT('Ctrl Pts',(-1.26584304384461,0.101601046503108,-1.96842524649483));
#1865=CARTESIAN_POINT('Ctrl Pts',(-1.27166604789609,0.0517888091614451,
-1.96709916745061));
#1866=CARTESIAN_POINT('Ctrl Pts',(-1.26951273791003,0.0015864500283101,
-1.96814885509675));
#1867=CARTESIAN_POINT('Ctrl Pts',(-1.26947666024863,0.000793179940826433,
-1.96816605198344));
#1868=CARTESIAN_POINT('Ctrl Pts',(-1.26943856624084,-5.92240649683012E-9,
-1.96818384211469));
#1869=CARTESIAN_POINT('',(-1.25948456020439,0.151367945143608,-1.96860007867832));
#1870=CARTESIAN_POINT('Ctrl Pts',(-0.111933466909352,0.112728809572122,
-0.91));
#1871=CARTESIAN_POINT('Ctrl Pts',(-0.141745440949461,0.142752612437605,
-1.35211868240137));
#1872=CARTESIAN_POINT('Ctrl Pts',(-0.17155741498957,0.172776415303088,-1.79423736480274));
#1873=CARTESIAN_POINT('Ctrl Pts',(-0.201369389029679,0.202800218168571,
-2.23635604720412));
#1874=CARTESIAN_POINT('Ctrl Pts',(-0.314413182178696,0.112942119605596,
-0.896332347774061));
#1875=CARTESIAN_POINT('Ctrl Pts',(-0.398282495146079,0.143024880239816,
-1.33488419109864));
#1876=CARTESIAN_POINT('Ctrl Pts',(-0.481763041201314,0.173101204346637,
-1.7732159654));
#1877=CARTESIAN_POINT('Ctrl Pts',(-0.565632354168697,0.203183964980857,
-2.21176780872459));
#1878=CARTESIAN_POINT('Ctrl Pts',(-0.518480030512213,0.12163579397768,-0.84321818606304));
#1879=CARTESIAN_POINT('Ctrl Pts',(-0.65666941609821,0.154024640835809,-1.26757869468778));
#1880=CARTESIAN_POINT('Ctrl Pts',(-0.794561201446968,0.186435122359775,
-1.69185440972763));
#1881=CARTESIAN_POINT('Ctrl Pts',(-0.932750587032965,0.218823969217903,
-2.11621491835237));
#1882=CARTESIAN_POINT('Ctrl Pts',(-0.700098828435642,0.0841395952011931,
-0.76116479725552));
#1883=CARTESIAN_POINT('Ctrl Pts',(-0.886560739025226,0.106549045181998,
-1.16364322439645));
#1884=CARTESIAN_POINT('Ctrl Pts',(-1.07302264961481,0.128958495162803,-1.56612165153738));
#1885=CARTESIAN_POINT('Ctrl Pts',(-1.25948456020439,0.151367945143608,-1.96860007867832));
#1886=CARTESIAN_POINT('',(-0.111933466909352,0.112728809572122,-0.91));
#1887=CARTESIAN_POINT('Ctrl Pts',(-0.769051831616123,0.092426536329885,
-0.91));
#1888=CARTESIAN_POINT('Ctrl Pts',(-0.659178567163024,0.108898847538485,
-0.91));
#1889=CARTESIAN_POINT('Ctrl Pts',(-0.551192120668463,0.114738304953078,
-0.910000000002814));
#1890=CARTESIAN_POINT('Ctrl Pts',(-0.328114884255723,0.116966929395023,
-0.910000000002814));
#1891=CARTESIAN_POINT('Ctrl Pts',(-0.218253262517108,0.113325464417217,
-0.91));
#1892=CARTESIAN_POINT('Ctrl Pts',(-0.111933466909352,0.112728809572122,
-0.91));
#1893=CARTESIAN_POINT('',(-0.201369389029679,0.202800218168571,-2.23635604720412));
#1894=CARTESIAN_POINT('Ctrl Pts',(-0.201369389029679,0.202800218168571,
-2.23635604720412));
#1895=CARTESIAN_POINT('Ctrl Pts',(-0.565632354168697,0.203183964980857,
-2.21176780872459));
#1896=CARTESIAN_POINT('Ctrl Pts',(-0.932750587032965,0.218823969217903,
-2.11621491835237));
#1897=CARTESIAN_POINT('Ctrl Pts',(-1.25948456020439,0.151367945143608,-1.96860007867832));
#1898=CARTESIAN_POINT('',(-0.201369389029679,0.202800218168571,-2.23635604720412));
#1899=CARTESIAN_POINT('Ctrl Pts',(-0.0845844186127936,0.702896599665389,
-0.759840631268302));
#1900=CARTESIAN_POINT('Ctrl Pts',(-0.107112341328923,0.890103659007838,
-1.16196638460107));
#1901=CARTESIAN_POINT('Ctrl Pts',(-0.129640264045052,1.07731071835029,-1.56409213793384));
#1902=CARTESIAN_POINT('Ctrl Pts',(-0.152168186761181,1.26451777769274,-1.96621789126661));
#1903=CARTESIAN_POINT('Ctrl Pts',(-0.117929808646871,0.519152327615772,
-0.843513517655057));
#1904=CARTESIAN_POINT('Ctrl Pts',(-0.149332206865075,0.657483134277758,
-1.26792001490132));
#1905=CARTESIAN_POINT('Ctrl Pts',(-0.180754467563847,0.795629249359371,
-1.69233972549511));
#1906=CARTESIAN_POINT('Ctrl Pts',(-0.212156865782052,0.933960056021357,
-2.11674622274138));
#1907=CARTESIAN_POINT('Ctrl Pts',(-0.112241994672067,0.316805736843384,
-0.896120552015335));
#1908=CARTESIAN_POINT('Ctrl Pts',(-0.142135026504839,0.40129397718962,-1.33456667310306));
#1909=CARTESIAN_POINT('Ctrl Pts',(-0.172031401624565,0.485448342793039,
-1.77294066501948));
#1910=CARTESIAN_POINT('Ctrl Pts',(-0.201924433457337,0.569936583139274,
-2.21138678610721));
#1911=CARTESIAN_POINT('Ctrl Pts',(-0.111933466909352,0.112728809572122,
-0.91));
#1912=CARTESIAN_POINT('Ctrl Pts',(-0.141745440949461,0.142752612437605,
-1.35211868240137));
#1913=CARTESIAN_POINT('Ctrl Pts',(-0.17155741498957,0.172776415303088,-1.79423736480274));
#1914=CARTESIAN_POINT('Ctrl Pts',(-0.201369389029679,0.202800218168571,
-2.23635604720412));
#1915=CARTESIAN_POINT('',(-0.0929966593754267,0.772802328457937,-0.91));
#1916=CARTESIAN_POINT('Ctrl Pts',(-0.111933466909352,0.112728809572122,
-0.91));
#1917=CARTESIAN_POINT('Ctrl Pts',(-0.112557267670125,0.215500939359495,
-0.91));
#1918=CARTESIAN_POINT('Ctrl Pts',(-0.11518943094178,0.320799110799736,-0.909999999999915));
#1919=CARTESIAN_POINT('Ctrl Pts',(-0.113188738577576,0.544892782789832,
-0.909999999999915));
#1920=CARTESIAN_POINT('Ctrl Pts',(-0.107868014032132,0.65723837444011,-0.91));
#1921=CARTESIAN_POINT('Ctrl Pts',(-0.0929966593754267,0.772802328457937,
-0.91));
#1922=CARTESIAN_POINT('',(-0.152168186761181,1.26451777769274,-1.96621789126661));
#1923=CARTESIAN_POINT('Ctrl Pts',(-0.152168186761181,1.26451777769274,-1.96621789126661));
#1924=CARTESIAN_POINT('Ctrl Pts',(-0.212156865782052,0.933960056021357,
-2.11674622274138));
#1925=CARTESIAN_POINT('Ctrl Pts',(-0.201924433457337,0.569936583139274,
-2.21138678610721));
#1926=CARTESIAN_POINT('Ctrl Pts',(-0.201369389029679,0.202800218168571,
-2.23635604720412));
#1927=CARTESIAN_POINT('',(-0.152168186761181,1.26451777769274,-1.96621789126661));
#1928=CARTESIAN_POINT('Ctrl Pts',(0.102792775582666,0.783826816201869,-0.904243327027754));
#1929=CARTESIAN_POINT('Ctrl Pts',(0.124594295394587,0.95007017100648,-1.25509501347657));
#1930=CARTESIAN_POINT('Ctrl Pts',(0.146395815206507,1.11631352581109,-1.60594669992539));
#1931=CARTESIAN_POINT('Ctrl Pts',(0.168197335018428,1.2825568806157,-1.95679838637421));
#1932=CARTESIAN_POINT('Ctrl Pts',(0.0697553398220032,0.785491919320144,
-0.90550726275593));
#1933=CARTESIAN_POINT('Ctrl Pts',(0.0845498915317967,0.952088512100297,
-1.25662716983675));
#1934=CARTESIAN_POINT('Ctrl Pts',(0.0993444254202712,1.11868485583595,-1.60774662678633));
#1935=CARTESIAN_POINT('Ctrl Pts',(0.114138977130065,1.2852814486161,-1.95886653386715));
#1936=CARTESIAN_POINT('Ctrl Pts',(0.0366654707819359,0.786772477884998,
-0.905959297339613));
#1937=CARTESIAN_POINT('Ctrl Pts',(0.0444419209512441,0.953640598525689,
-1.25717495501718));
#1938=CARTESIAN_POINT('Ctrl Pts',(0.0522183737641902,1.12050867501437,-1.60839052945686));
#1939=CARTESIAN_POINT('Ctrl Pts',(0.0599948239334984,1.28737679565506,-1.95960618713442));
#1940=CARTESIAN_POINT('Ctrl Pts',(-0.0285949937692045,0.783032561511617,
-0.907880334526464));
#1941=CARTESIAN_POINT('Ctrl Pts',(-0.0346597607608396,0.949107474668466,
-1.25950342902895));
#1942=CARTESIAN_POINT('Ctrl Pts',(-0.0407245304038893,1.11518234769988,
-1.61112643936489));
#1943=CARTESIAN_POINT('Ctrl Pts',(-0.0467892973955244,1.28125726085673,
-1.96274953386738));
#1944=CARTESIAN_POINT('Ctrl Pts',(-0.0608180392213253,0.778101551943145,
-0.909335693933286));
#1945=CARTESIAN_POINT('Ctrl Pts',(-0.0737170621927617,0.943130706761604,
-1.26126757344883));
#1946=CARTESIAN_POINT('Ctrl Pts',(-0.0866160651277914,1.10815961422388,
-1.61319902378499));
#1947=CARTESIAN_POINT('Ctrl Pts',(-0.0995150880992278,1.27318876904234,
-1.96513090330054));
#1948=CARTESIAN_POINT('Ctrl Pts',(-0.0929966593754267,0.772802328457937,
-0.91));
#1949=CARTESIAN_POINT('Ctrl Pts',(-0.112720501837345,0.936707478202871,
-1.2620726304222));
#1950=CARTESIAN_POINT('Ctrl Pts',(-0.132444344299263,1.1006126279478,-1.61414526084441));
#1951=CARTESIAN_POINT('Ctrl Pts',(-0.152168186761181,1.26451777769274,-1.96621789126661));
#1952=CARTESIAN_POINT('',(0.103150488612708,0.786554489074431,-0.91));
#1953=CARTESIAN_POINT('Ctrl Pts',(-0.0929966593754267,0.772802328457937,
-0.91));
#1954=CARTESIAN_POINT('Ctrl Pts',(-0.0744126072189572,0.776045136769218,
-0.91));
#1955=CARTESIAN_POINT('Ctrl Pts',(-0.0561139506051543,0.779232334350717,
-0.90999679268562));
#1956=CARTESIAN_POINT('Ctrl Pts',(-0.0378050246093422,0.781807642185929,
-0.90999781284117));
#1957=CARTESIAN_POINT('Ctrl Pts',(-0.0239804101005659,0.783752193060807,
-0.909998583135245));
#1958=CARTESIAN_POINT('Ctrl Pts',(-0.0101506685746245,0.78535030801143,
-0.909999797293516));
#1959=CARTESIAN_POINT('Ctrl Pts',(0.00380125223035803,0.786344380326898,
-0.909999886431404));
#1960=CARTESIAN_POINT('Ctrl Pts',(0.00404177949386576,0.786361517859222,
-0.909999887968117));
#1961=CARTESIAN_POINT('Ctrl Pts',(0.00428234541369009,0.786378475068074,
-0.909999889271163));
#1962=CARTESIAN_POINT('Ctrl Pts',(0.00452295041567273,0.786395252715853,
-0.909999889309123));
#1963=CARTESIAN_POINT('Ctrl Pts',(0.0254793680361049,0.787856566448473,
-0.909999892615396));
#1964=CARTESIAN_POINT('Ctrl Pts',(0.0465345642480571,0.787946464754248,
-0.909999770187536));
#1965=CARTESIAN_POINT('Ctrl Pts',(0.0676220057115069,0.78754348797091,-0.909999852223464));
#1966=CARTESIAN_POINT('Ctrl Pts',(0.0794552649356786,0.787317356756897,
-0.909999898258086));
#1967=CARTESIAN_POINT('Ctrl Pts',(0.0912996146197621,0.786936044956512,
-0.910000000863598));
#1968=CARTESIAN_POINT('Ctrl Pts',(0.103150488612708,0.786554489074432,-0.91));
#1969=CARTESIAN_POINT('',(0.168197335018428,1.2825568806157,-1.95679838637421));
#1970=CARTESIAN_POINT('Ctrl Pts',(0.168197335018428,1.2825568806157,-1.95679838637421));
#1971=CARTESIAN_POINT('Ctrl Pts',(0.114138977130065,1.2852814486161,-1.95886653386715));
#1972=CARTESIAN_POINT('Ctrl Pts',(0.0599948239334984,1.28737679565506,-1.95960618713442));
#1973=CARTESIAN_POINT('Ctrl Pts',(-0.0467892973955244,1.28125726085673,
-1.96274953386738));
#1974=CARTESIAN_POINT('Ctrl Pts',(-0.0995150880992278,1.27318876904234,
-1.96513090330054));
#1975=CARTESIAN_POINT('Ctrl Pts',(-0.152168186761181,1.26451777769274,-1.96621789126661));
#1976=CARTESIAN_POINT('',(0.168197335018428,1.2825568806157,-1.95679838637421));
#1977=CARTESIAN_POINT('Ctrl Pts',(0.112014971034558,0.112367111067392,-0.91));
#1978=CARTESIAN_POINT('Ctrl Pts',(0.14184941549061,0.142295345685182,-1.35212998797963));
#1979=CARTESIAN_POINT('Ctrl Pts',(0.171683859946663,0.172223580302972,-1.79425997595926));
#1980=CARTESIAN_POINT('Ctrl Pts',(0.201518304402715,0.202151814920763,-2.23638996393889));
#1981=CARTESIAN_POINT('Ctrl Pts',(0.111885501996265,0.320486814595798,-0.895920899174028));
#1982=CARTESIAN_POINT('Ctrl Pts',(0.14168428458568,0.405925137993632,-1.33429707435568));
#1983=CARTESIAN_POINT('Ctrl Pts',(0.171486603116555,0.491127102315198,-1.77268506260785));
#1984=CARTESIAN_POINT('Ctrl Pts',(0.20128538570597,0.576565425713032,-2.21106123778951));
#1985=CARTESIAN_POINT('Ctrl Pts',(0.112806361600516,0.524636627141151,-0.842599433689642));
#1986=CARTESIAN_POINT('Ctrl Pts',(0.142848798680708,0.664405418208171,-1.2667638124012));
#1987=CARTESIAN_POINT('Ctrl Pts',(0.172899602770556,0.804068292070979,-1.69096993776164));
#1988=CARTESIAN_POINT('Ctrl Pts',(0.202942039850748,0.943837083137999,-2.11513431647319));
#1989=CARTESIAN_POINT('Ctrl Pts',(0.0934933412923512,0.712915743600333,
-0.754587604310989));
#1990=CARTESIAN_POINT('Ctrl Pts',(0.118394672534377,0.902796122605455,-1.1553245316654));
#1991=CARTESIAN_POINT('Ctrl Pts',(0.143296003776402,1.09267650161058,-1.5560614590198));
#1992=CARTESIAN_POINT('Ctrl Pts',(0.168197335018428,1.2825568806157,-1.95679838637421));
#1993=CARTESIAN_POINT('',(0.112014975096882,0.112367111086875,-0.91));
#1994=CARTESIAN_POINT('Ctrl Pts',(0.103150488612708,0.786554489074431,-0.91));
#1995=CARTESIAN_POINT('Ctrl Pts',(0.109996108047051,0.672833104766602,-0.91));
#1996=CARTESIAN_POINT('Ctrl Pts',(0.112668998836024,0.56286207759682,-0.910000000024484));
#1997=CARTESIAN_POINT('Ctrl Pts',(0.113901299305515,0.334252321657887,-0.910000000024484));
#1998=CARTESIAN_POINT('Ctrl Pts',(0.112445732475169,0.222120237690284,-0.91));
#1999=CARTESIAN_POINT('Ctrl Pts',(0.112014971034558,0.112367111067392,-0.91));
#2000=CARTESIAN_POINT('',(0.201518311677824,0.202151814922574,-2.23638996344785));
#2001=CARTESIAN_POINT('Ctrl Pts',(0.201518304402715,0.202151814920763,-2.23638996393889));
#2002=CARTESIAN_POINT('Ctrl Pts',(0.20128538570597,0.576565425713032,-2.21106123778951));
#2003=CARTESIAN_POINT('Ctrl Pts',(0.202942039850748,0.943837083137999,-2.11513431647319));
#2004=CARTESIAN_POINT('Ctrl Pts',(0.168197335018428,1.2825568806157,-1.95679838637421));
#2005=CARTESIAN_POINT('',(0.201518311677824,0.202151814922574,-2.23638996344785));
#2006=CARTESIAN_POINT('Ctrl Pts',(0.694061875330836,0.076853994818432,-0.764313474480319));
#2007=CARTESIAN_POINT('Ctrl Pts',(0.878920651525739,0.0973235465007695,
-1.16764082268605));
#2008=CARTESIAN_POINT('Ctrl Pts',(1.06377942772064,0.117793098183107,-1.57096817089178));
#2009=CARTESIAN_POINT('Ctrl Pts',(1.24863820391554,0.138262649865445,-1.97429551909751));
#2010=CARTESIAN_POINT('Ctrl Pts',(0.523933242706401,0.137980734054584,-0.839186983576693));
#2011=CARTESIAN_POINT('Ctrl Pts',(0.663637364217278,0.174731096451391,-1.26266611994409));
#2012=CARTESIAN_POINT('Ctrl Pts',(0.802867551703028,0.211481131175347,-1.68551607917199));
#2013=CARTESIAN_POINT('Ctrl Pts',(0.942571673213904,0.248231493572154,-2.10899521553939));
#2014=CARTESIAN_POINT('Ctrl Pts',(0.309339182829767,0.112416247876331,-0.8966814532685));
#2015=CARTESIAN_POINT('Ctrl Pts',(0.391900510058583,0.142376415111632,-1.33559159689209));
#2016=CARTESIAN_POINT('Ctrl Pts',(0.473949173315746,0.172280046250445,-1.77351935338651));
#2017=CARTESIAN_POINT('Ctrl Pts',(0.556510500544563,0.202240213485747,-2.2124294970101));
#2018=CARTESIAN_POINT('Ctrl Pts',(0.112014975096882,0.112367111086875,-0.91));
#2019=CARTESIAN_POINT('Ctrl Pts',(0.141849420623862,0.142295345698775,-1.35212998781595));
#2020=CARTESIAN_POINT('Ctrl Pts',(0.171683866150843,0.172223580310674,-1.7942599756319));
#2021=CARTESIAN_POINT('Ctrl Pts',(0.201518311677824,0.202151814922574,-2.23638996344785));
#2022=CARTESIAN_POINT('',(0.760835013664908,0.0842478347769962,-0.91));
#2023=CARTESIAN_POINT('Ctrl Pts',(0.112014975096882,0.112367111086875,-0.91));
#2024=CARTESIAN_POINT('Ctrl Pts',(0.157458359531378,0.112585058883815,-0.91));
#2025=CARTESIAN_POINT('Ctrl Pts',(0.204133843622184,0.114286103833372,-0.909786789324834));
#2026=CARTESIAN_POINT('Ctrl Pts',(0.251692025640961,0.116134299455432,-0.909574719032767));
#2027=CARTESIAN_POINT('Ctrl Pts',(0.299743907031966,0.118001681114039,-0.90936044724843));
#2028=CARTESIAN_POINT('Ctrl Pts',(0.348698453041581,0.120020863195732,-0.909146184111139));
#2029=CARTESIAN_POINT('Ctrl Pts',(0.398167636852674,0.120813019137602,-0.909111105394251));
#2030=CARTESIAN_POINT('Ctrl Pts',(0.40698699840227,0.120954244626215,-0.909104851563824));
#2031=CARTESIAN_POINT('Ctrl Pts',(0.41582261455941,0.121056437309699,-0.909104212957423));
#2032=CARTESIAN_POINT('Ctrl Pts',(0.424672144281441,0.121111734061365,-0.909110111406896));
#2033=CARTESIAN_POINT('Ctrl Pts',(0.46470965395452,0.121361910545233,-0.909136797483472));
#2034=CARTESIAN_POINT('Ctrl Pts',(0.504798363234143,0.120646201633709,-0.90925427414239));
#2035=CARTESIAN_POINT('Ctrl Pts',(0.544728407837478,0.118267653484731,-0.909398785527983));
#2036=CARTESIAN_POINT('Ctrl Pts',(0.58468011325144,0.115887815047161,-0.909543375306521));
#2037=CARTESIAN_POINT('Ctrl Pts',(0.624473269954255,0.111844202654924,-0.909714146665007));
#2038=CARTESIAN_POINT('Ctrl Pts',(0.663847114746112,0.105444887636964,-0.909836884114067));
#2039=CARTESIAN_POINT('Ctrl Pts',(0.696524987202032,0.100133849279709,-0.90993874865707));
#2040=CARTESIAN_POINT('Ctrl Pts',(0.728913080647341,0.0932003015078675,
-0.910007206778066));
#2041=CARTESIAN_POINT('Ctrl Pts',(0.760835013664908,0.0842478347769963,
-0.91));
#2042=CARTESIAN_POINT('',(1.24863820391554,0.138262649865445,-1.97429551909751));
#2043=CARTESIAN_POINT('Ctrl Pts',(1.24863820391554,0.138262649865445,-1.97429551909751));
#2044=CARTESIAN_POINT('Ctrl Pts',(0.942571673213904,0.248231493572154,-2.10899521553939));
#2045=CARTESIAN_POINT('Ctrl Pts',(0.556510500544563,0.202240213485747,-2.2124294970101));
#2046=CARTESIAN_POINT('Ctrl Pts',(0.201518311677824,0.202151814922574,-2.23638996344785));
#2047=CARTESIAN_POINT('',(1.24863820391554,0.138262649865445,-1.97429551909751));
#2048=CARTESIAN_POINT('Ctrl Pts',(0.767476427354376,-0.0921700764598212,
-0.9065181031742));
#2049=CARTESIAN_POINT('Ctrl Pts',(0.931496853588558,-0.111868108462043,
-1.26053914624894));
#2050=CARTESIAN_POINT('Ctrl Pts',(1.09551727982274,-0.131566140464264,-1.61456018932368));
#2051=CARTESIAN_POINT('Ctrl Pts',(1.25953770605692,-0.151264172466485,-1.96858123239842));
#2052=CARTESIAN_POINT('Ctrl Pts',(0.771348571003468,-0.0618387009165544,
-0.906411775467478));
#2053=CARTESIAN_POINT('Ctrl Pts',(0.936196678120954,-0.0750545053803595,
-1.26041040588458));
#2054=CARTESIAN_POINT('Ctrl Pts',(1.10104433604337,-0.0882702773517251,
-1.61440810312892));
#2055=CARTESIAN_POINT('Ctrl Pts',(1.26589244316085,-0.10148608181553,-1.96840673354602));
#2056=CARTESIAN_POINT('Ctrl Pts',(0.774894267058935,-0.0314798210490316,
-0.90560366971369));
#2057=CARTESIAN_POINT('Ctrl Pts',(0.940500017425578,-0.0382074967822972,
-1.25942933794832));
#2058=CARTESIAN_POINT('Ctrl Pts',(1.10610568308095,-0.0449351769329199,
-1.61325484911622));
#2059=CARTESIAN_POINT('Ctrl Pts',(1.27171143344759,-0.0516628526661856,
-1.96708051735084));
#2060=CARTESIAN_POINT('Ctrl Pts',(0.772368646135595,0.0273000573592604,
-0.906831856726266));
#2061=CARTESIAN_POINT('Ctrl Pts',(0.937434632161349,0.0331344593654754,
-1.26092001300167));
#2062=CARTESIAN_POINT('Ctrl Pts',(1.10250054515413,0.0389688654244706,-1.61500799021699));
#2063=CARTESIAN_POINT('Ctrl Pts',(1.26756653117988,0.0448032674306856,-1.96909614649239));
#2064=CARTESIAN_POINT('Ctrl Pts',(0.766749069992643,0.0557836891563852,
-0.908733988861679));
#2065=CARTESIAN_POINT('Ctrl Pts',(0.930614193106243,0.0677054531018193,
-1.2632288692016));
#2066=CARTESIAN_POINT('Ctrl Pts',(1.094478886316,0.0796271844927997,-1.61772293485924));
#2067=CARTESIAN_POINT('Ctrl Pts',(1.2583440094296,0.0915489484382339,-1.97221781519916));
#2068=CARTESIAN_POINT('Ctrl Pts',(0.760835013664908,0.0842478347769962,
-0.91));
#2069=CARTESIAN_POINT('Ctrl Pts',(0.923436077081786,0.102252773139812,-1.2647651730325));
#2070=CARTESIAN_POINT('Ctrl Pts',(1.08603714049866,0.120257711502628,-1.619530346065));
#2071=CARTESIAN_POINT('Ctrl Pts',(1.24863820391554,0.138262649865445,-1.97429551909751));
#2072=CARTESIAN_POINT('',(0.769089614515543,-0.0923638121612568,-0.91));
#2073=CARTESIAN_POINT('Ctrl Pts',(0.760835013664908,0.0842478347769962,
-0.91));
#2074=CARTESIAN_POINT('Ctrl Pts',(0.763425173447126,0.0729209607992995,
-0.91));
#2075=CARTESIAN_POINT('Ctrl Pts',(0.765927493773856,0.0619426914465797,
-0.909995262325206));
#2076=CARTESIAN_POINT('Ctrl Pts',(0.768117690813166,0.0510968484221424,
-0.909995925464749));
#2077=CARTESIAN_POINT('Ctrl Pts',(0.77013729277615,0.041095791225352,-0.909996536952162));
#2078=CARTESIAN_POINT('Ctrl Pts',(0.771895733779308,0.0312075982931387,
-0.909999470922297));
#2079=CARTESIAN_POINT('Ctrl Pts',(0.773215965893875,0.0212679081390551,
-0.910000154576965));
#2080=CARTESIAN_POINT('Ctrl Pts',(0.77421131283739,0.0137741954008225,-0.910000669996623));
#2081=CARTESIAN_POINT('Ctrl Pts',(0.774957889530228,0.00625131396414506,
-0.909999513687287));
#2082=CARTESIAN_POINT('Ctrl Pts',(0.775359822589003,-0.00137005718867235,
-0.909999701659862));
#2083=CARTESIAN_POINT('Ctrl Pts',(0.775397877365255,-0.00209164394952182,
-0.909999719456991));
#2084=CARTESIAN_POINT('Ctrl Pts',(0.77543282404062,-0.0028141380933987,
-0.909999755476104));
#2085=CARTESIAN_POINT('Ctrl Pts',(0.775464695650356,-0.00353759192292941,
-0.909999756257687));
#2086=CARTESIAN_POINT('Ctrl Pts',(0.776232078943035,-0.020956429139363,
-0.909999775076121));
#2087=CARTESIAN_POINT('Ctrl Pts',(0.775205144963456,-0.038457407050565,
-0.910000001252682));
#2088=CARTESIAN_POINT('Ctrl Pts',(0.773445887504857,-0.0559703066810339,
-0.91000005124769));
#2089=CARTESIAN_POINT('Ctrl Pts',(0.772227643078057,-0.0680975779156341,
-0.910000085868059));
#2090=CARTESIAN_POINT('Ctrl Pts',(0.770658435000553,-0.0802316371620466,
-0.910000001209383));
#2091=CARTESIAN_POINT('Ctrl Pts',(0.769089614515544,-0.0923638121612568,
-0.91));
#2092=CARTESIAN_POINT('',(1.25953770605692,-0.151264172466485,-1.96858123239842));
#2093=CARTESIAN_POINT('Ctrl Pts',(1.25953770605692,-0.151264172466485,-1.96858123239842));
#2094=CARTESIAN_POINT('Ctrl Pts',(1.26589244316085,-0.10148608181553,-1.96840673354602));
#2095=CARTESIAN_POINT('Ctrl Pts',(1.27171143344759,-0.0516628526661856,
-1.96708051735084));
#2096=CARTESIAN_POINT('Ctrl Pts',(1.26756653117988,0.0448032674306856,-1.96909614649239));
#2097=CARTESIAN_POINT('Ctrl Pts',(1.2583440094296,0.0915489484382339,-1.97221781519916));
#2098=CARTESIAN_POINT('Ctrl Pts',(1.24863820391554,0.138262649865445,-1.97429551909751));
#2099=CARTESIAN_POINT('',(1.25953770605692,-0.151264172466485,-1.96858123239842));
#2100=CARTESIAN_POINT('Ctrl Pts',(0.111956667437841,-0.112644342595844,
-0.91));
#2101=CARTESIAN_POINT('Ctrl Pts',(0.141774987722022,-0.142645816939378,
-1.35212115994987));
#2102=CARTESIAN_POINT('Ctrl Pts',(0.171593308006202,-0.172647291282911,
-1.79424231989974));
#2103=CARTESIAN_POINT('Ctrl Pts',(0.201411628290383,-0.202648765626444,
-2.23636347984961));
#2104=CARTESIAN_POINT('Ctrl Pts',(0.314439414786987,-0.112856918557364,
-0.896329374044394));
#2105=CARTESIAN_POINT('Ctrl Pts',(0.398320126643555,-0.142916658706571,
-1.33488120435701));
#2106=CARTESIAN_POINT('Ctrl Pts',(0.481800242929663,-0.17297145263879,-1.77321800007886));
#2107=CARTESIAN_POINT('Ctrl Pts',(0.565680954786231,-0.203031192787997,
-2.21176983039148));
#2108=CARTESIAN_POINT('Ctrl Pts',(0.518495758957546,-0.121514872838993,
-0.843218599128501));
#2109=CARTESIAN_POINT('Ctrl Pts',(0.656672826987306,-0.153872872102986,
-1.26758689824159));
#2110=CARTESIAN_POINT('Ctrl Pts',(0.794604136191761,-0.186248975738983,
-1.69185449598));
#2111=CARTESIAN_POINT('Ctrl Pts',(0.93278120422152,-0.218606975002976,-2.11622279509308));
#2112=CARTESIAN_POINT('Ctrl Pts',(0.700126627640042,-0.0840817027092128,
-0.76115056028231));
#2113=CARTESIAN_POINT('Ctrl Pts',(0.886596987112335,-0.10647585929497,-1.16362745098768));
#2114=CARTESIAN_POINT('Ctrl Pts',(1.07306734658463,-0.128870015880728,-1.56610434169305));
#2115=CARTESIAN_POINT('Ctrl Pts',(1.25953770605692,-0.151264172466485,-1.96858123239842));
#2116=CARTESIAN_POINT('',(0.111956667437841,-0.112644342595844,-0.91));
#2117=CARTESIAN_POINT('Ctrl Pts',(0.769089614515543,-0.0923638121612569,
-0.91));
#2118=CARTESIAN_POINT('Ctrl Pts',(0.659198430269933,-0.108806865910703,
-0.91));
#2119=CARTESIAN_POINT('Ctrl Pts',(0.55120047058412,-0.114639192532009,-0.910000000002598));
#2120=CARTESIAN_POINT('Ctrl Pts',(0.32812085091716,-0.116870284329816,-0.910000000002598));
#2121=CARTESIAN_POINT('Ctrl Pts',(0.218268329599924,-0.113240300062762,
-0.91));
#2122=CARTESIAN_POINT('Ctrl Pts',(0.111956667437841,-0.112644342595844,
-0.91));
#2123=CARTESIAN_POINT('',(0.201411628290383,-0.202648765626444,-2.23636347984961));
#2124=CARTESIAN_POINT('Ctrl Pts',(0.201411628290383,-0.202648765626444,
-2.23636347984961));
#2125=CARTESIAN_POINT('Ctrl Pts',(0.565680954786231,-0.203031192787997,
-2.21176983039148));
#2126=CARTESIAN_POINT('Ctrl Pts',(0.93278120422152,-0.218606975002976,-2.11622279509308));
#2127=CARTESIAN_POINT('Ctrl Pts',(1.25953770605692,-0.151264172466485,-1.96858123239842));
#2128=CARTESIAN_POINT('',(0.201411628290383,-0.202648765626444,-2.23636347984961));
#2129=CARTESIAN_POINT('Ctrl Pts',(0.0846032355478663,-0.702805838923685,
-0.759877242895012));
#2130=CARTESIAN_POINT('Ctrl Pts',(0.107136296171923,-0.889989774299879,
-1.16201500073276));
#2131=CARTESIAN_POINT('Ctrl Pts',(0.129669356795981,-1.07717370967607,-1.5641527585705));
#2132=CARTESIAN_POINT('Ctrl Pts',(0.152202417420038,-1.26435764505227,-1.96629051640825));
#2133=CARTESIAN_POINT('Ctrl Pts',(0.118010216632245,-0.519086386687196,
-0.843521635616562));
#2134=CARTESIAN_POINT('Ctrl Pts',(0.149433289004711,-0.65741499774057,-1.26792889347158));
#2135=CARTESIAN_POINT('Ctrl Pts',(0.180878976543004,-0.795515140807913,
-1.69236070416639));
#2136=CARTESIAN_POINT('Ctrl Pts',(0.212302048915469,-0.933843751861287,
-2.1167679620214));
#2137=CARTESIAN_POINT('Ctrl Pts',(0.112266418353214,-0.316701574843764,
-0.896132185868244));
#2138=CARTESIAN_POINT('Ctrl Pts',(0.142166519905087,-0.401159044507456,
-1.33458598320231));
#2139=CARTESIAN_POINT('Ctrl Pts',(0.172068773016534,-0.485293143061776,
-1.77296128873939));
#2140=CARTESIAN_POINT('Ctrl Pts',(0.201968874568408,-0.569750612725468,
-2.21141508607346));
#2141=CARTESIAN_POINT('Ctrl Pts',(0.111956667437841,-0.112644342595844,
-0.91));
#2142=CARTESIAN_POINT('Ctrl Pts',(0.141774987722022,-0.142645816939377,
-1.35212115994987));
#2143=CARTESIAN_POINT('Ctrl Pts',(0.171593308006202,-0.172647291282911,
-1.79424231989974));
#2144=CARTESIAN_POINT('Ctrl Pts',(0.201411628290383,-0.202648765626444,
-2.23636347984961));
#2145=CARTESIAN_POINT('',(0.0930150922337091,-0.772683804662416,-0.91));
#2146=CARTESIAN_POINT('Ctrl Pts',(0.111956667437841,-0.112644342595844,
-0.91));
#2147=CARTESIAN_POINT('Ctrl Pts',(0.112580846784842,-0.21541598000453,-0.91));
#2148=CARTESIAN_POINT('Ctrl Pts',(0.115227832475902,-0.320721126255176,
-0.90999999999991));
#2149=CARTESIAN_POINT('Ctrl Pts',(0.113240614704785,-0.544807283622434,
-0.90999999999991));
#2150=CARTESIAN_POINT('Ctrl Pts',(0.107918620381479,-0.657143753272311,
-0.91));
#2151=CARTESIAN_POINT('Ctrl Pts',(0.0930150922337091,-0.772683804662415,
-0.91));
#2152=CARTESIAN_POINT('',(0.152202417420038,-1.26435764505227,-1.96629051640825));
#2153=CARTESIAN_POINT('Ctrl Pts',(0.152202417420038,-1.26435764505227,-1.96629051640825));
#2154=CARTESIAN_POINT('Ctrl Pts',(0.212302048915469,-0.933843751861287,
-2.1167679620214));
#2155=CARTESIAN_POINT('Ctrl Pts',(0.201968874568408,-0.569750612725468,
-2.21141508607346));
#2156=CARTESIAN_POINT('Ctrl Pts',(0.201411628290383,-0.202648765626444,
-2.23636347984961));
#2157=CARTESIAN_POINT('',(0.152202417420038,-1.26435764505227,-1.96629051640825));
#2158=CARTESIAN_POINT('Ctrl Pts',(-0.102780592763641,-0.783720588065541,
-0.904240085043338));
#2159=CARTESIAN_POINT('Ctrl Pts',(-0.124581027584334,-0.949952842018859,
-1.25511520827499));
#2160=CARTESIAN_POINT('Ctrl Pts',(-0.146381462405027,-1.11618509597218,
-1.60599033150665));
#2161=CARTESIAN_POINT('Ctrl Pts',(-0.16818189722572,-1.2824173499255,-1.95686545473831));
#2162=CARTESIAN_POINT('Ctrl Pts',(-0.0697415419622955,-0.785382871179055,
-0.905505323230575));
#2163=CARTESIAN_POINT('Ctrl Pts',(-0.0845341843200517,-0.951967789224258,
-1.25664896174742));
#2164=CARTESIAN_POINT('Ctrl Pts',(-0.0993268088662625,-1.11855245830007,
-1.60779215025098));
#2165=CARTESIAN_POINT('Ctrl Pts',(-0.114119451224019,-1.28513737634527,
-1.95893578876782));
#2166=CARTESIAN_POINT('Ctrl Pts',(-0.0366500600088335,-0.786660606264945,
-0.905958545394786));
#2167=CARTESIAN_POINT('Ctrl Pts',(-0.0444237761580567,-0.953516471988984,
-1.25719819302429));
#2168=CARTESIAN_POINT('Ctrl Pts',(-0.0521974949518537,-1.1203722935708,
-1.60843775744342));
#2169=CARTESIAN_POINT('Ctrl Pts',(-0.0599712111010769,-1.28722815929484,
-1.95967740507292));
#2170=CARTESIAN_POINT('Ctrl Pts',(0.0286124785637192,-0.782916492959627,
-0.907880653473503));
#2171=CARTESIAN_POINT('Ctrl Pts',(0.0346813712057361,-0.94897820645771,
-1.25952799308872));
#2172=CARTESIAN_POINT('Ctrl Pts',(0.0407502664986848,-1.11503987985483,
-1.61117524855755));
#2173=CARTESIAN_POINT('Ctrl Pts',(0.0468191591407016,-1.28110159335292,
-1.96282258817276));
#2174=CARTESIAN_POINT('Ctrl Pts',(0.0608360061842881,-0.777984244091717,
-0.909335889730282));
#2175=CARTESIAN_POINT('Ctrl Pts',(0.0737397269970495,-0.94299986445038,
-1.26129200942988));
#2176=CARTESIAN_POINT('Ctrl Pts',(0.0866434277743081,-1.10801523755783,
-1.61324770006559));
#2177=CARTESIAN_POINT('Ctrl Pts',(0.0995471485870695,-1.27303085791649,
-1.96520381976518));
#2178=CARTESIAN_POINT('Ctrl Pts',(0.0930150922337091,-0.772683804662416,
-0.91));
#2179=CARTESIAN_POINT('Ctrl Pts',(0.112744200629152,-0.936575084792366,
-1.26209683880275));
#2180=CARTESIAN_POINT('Ctrl Pts',(0.132473309024595,-1.10046636492232,-1.6141936776055));
#2181=CARTESIAN_POINT('Ctrl Pts',(0.152202417420038,-1.26435764505227,-1.96629051640825));
#2182=CARTESIAN_POINT('Ctrl Pts',(0.0930150922337091,-0.772683804662416,
-0.91));
#2183=CARTESIAN_POINT('Ctrl Pts',(0.0744340343563307,-0.775926665955058,
-0.91));
#2184=CARTESIAN_POINT('Ctrl Pts',(0.0561387620210817,-0.779113832840546,
-0.909996785690559));
#2185=CARTESIAN_POINT('Ctrl Pts',(0.037833338574107,-0.78168967416772,-0.909997806909511));
#2186=CARTESIAN_POINT('Ctrl Pts',(0.0240049572176484,-0.783635530066059,
-0.90999857836422));
#2187=CARTESIAN_POINT('Ctrl Pts',(0.0101715104049579,-0.785234955032306,
-0.909999796976117));
#2188=CARTESIAN_POINT('Ctrl Pts',(-0.0037843488789491,-0.786230254412437,
-0.909999886470229));
#2189=CARTESIAN_POINT('Ctrl Pts',(-0.00402530197526531,-0.786247438626073,
-0.909999888015378));
#2190=CARTESIAN_POINT('Ctrl Pts',(-0.00426629391422952,-0.786264441952573,
-0.909999889325099));
#2191=CARTESIAN_POINT('Ctrl Pts',(-0.00450732512489366,-0.786281265158089,
-0.909999889363005));
#2192=CARTESIAN_POINT('Ctrl Pts',(-0.0254664677284747,-0.787744146095721,
-0.909999892659162));
#2193=CARTESIAN_POINT('Ctrl Pts',(-0.0465244781866585,-0.787835807725981,
-0.909999769958272));
#2194=CARTESIAN_POINT('Ctrl Pts',(-0.0676147858652551,-0.787434750008223,
-0.909999852088089));
#2195=CARTESIAN_POINT('Ctrl Pts',(-0.0794464346371906,-0.787209756891665,
-0.909999898162862));
#2196=CARTESIAN_POINT('Ctrl Pts',(-0.0912891844299655,-0.786829716579551,
-0.910000000863631));
#2197=CARTESIAN_POINT('Ctrl Pts',(-0.103138465528825,-0.786449432553023,
-0.91));
#2198=CARTESIAN_POINT('Ctrl Pts',(-0.16818189722572,-1.2824173499255,-1.95686545473831));
#2199=CARTESIAN_POINT('Ctrl Pts',(-0.114119451224019,-1.28513737634527,
-1.95893578876782));
#2200=CARTESIAN_POINT('Ctrl Pts',(-0.0599712111010769,-1.28722815929484,
-1.95967740507292));
#2201=CARTESIAN_POINT('Ctrl Pts',(0.0468191591407016,-1.28110159335292,
-1.96282258817276));
#2202=CARTESIAN_POINT('Ctrl Pts',(0.0995471485870695,-1.27303085791649,
-1.96520381976518));
#2203=CARTESIAN_POINT('Ctrl Pts',(0.152202417420038,-1.26435764505227,-1.96629051640825));
#2204=CARTESIAN_POINT('Origin',(0.,0.,0.75));
#2205=CARTESIAN_POINT('',(-2.49887974900754,-3.06024508607623E-16,-0.91));
#2206=CARTESIAN_POINT('Origin',(0.,0.,-0.91));
#2207=CARTESIAN_POINT('Origin',(0.,0.,0.75));
#2208=CARTESIAN_POINT('Origin',(0.,0.,-0.91));
#2209=CARTESIAN_POINT('',(-2.5,-3.06161699786838E-16,-0.91));
#2210=CARTESIAN_POINT('Origin',(0.,0.,-0.91));
#2211=CARTESIAN_POINT('Ctrl Pts',(-0.418777734804001,0.861898063191019,
-0.148234681614436));
#2212=CARTESIAN_POINT('Ctrl Pts',(-0.705609895311349,0.722532484387551,
-0.124400261792147));
#2213=CARTESIAN_POINT('Ctrl Pts',(-1.12422146357067,0.137349531053306,-0.0767314221475694));
#2214=CARTESIAN_POINT('Ctrl Pts',(-0.723635121942021,-0.872672357782434,
-0.00522816268070203));
#2215=CARTESIAN_POINT('Ctrl Pts',(0.341223644461951,-1.07994535460756,0.066275096786165));
#2216=CARTESIAN_POINT('Ctrl Pts',(1.09281064780331,-0.298684398181542,0.137778356253032));
#2217=CARTESIAN_POINT('Ctrl Pts',(0.842916098004388,0.75710242220695,0.2092816157199));
#2218=CARTESIAN_POINT('Ctrl Pts',(-0.179779771186391,1.11849822050063,0.280784875186767));
#2219=CARTESIAN_POINT('Ctrl Pts',(-1.03760827705806,0.454814193486461,0.352288134653634));
#2220=CARTESIAN_POINT('Ctrl Pts',(-0.944339766193374,-0.625886657571681,
0.423791394120501));
#2221=CARTESIAN_POINT('Ctrl Pts',(0.0145868450048264,-1.13280594990166,
0.495294653587368));
#2222=CARTESIAN_POINT('Ctrl Pts',(0.960131996192287,-0.601356851658141,
0.566797913054235));
#2223=CARTESIAN_POINT('Ctrl Pts',(1.02556787904477,0.481347666158991,0.638301172521103));
#2224=CARTESIAN_POINT('Ctrl Pts',(0.15090376660868,1.12281177769044,0.709804431987969));
#2225=CARTESIAN_POINT('Ctrl Pts',(-0.862086304981426,0.73504346763497,0.781307691454838));
#2226=CARTESIAN_POINT('Ctrl Pts',(-1.08483705697292,-0.326512130544548,
0.852810950921704));
#2227=CARTESIAN_POINT('Ctrl Pts',(-0.313160558253217,-1.08876589079551,
0.924314210388571));
#2228=CARTESIAN_POINT('Ctrl Pts',(0.745577506855262,-0.85299204271524,0.995817469855438));
#2229=CARTESIAN_POINT('Ctrl Pts',(1.12087454270938,0.164685900590812,1.06732072932231));
#2230=CARTESIAN_POINT('Ctrl Pts',(0.468710558391658,1.03140267636194,1.13882398878917));
#2231=CARTESIAN_POINT('Ctrl Pts',(-0.613101656646736,0.952673873985255,
1.21032724825604));
#2232=CARTESIAN_POINT('Ctrl Pts',(-1.13290806866653,0.000666903834048824,
1.28183050772291));
#2233=CARTESIAN_POINT('Ctrl Pts',(-0.614222859425916,-0.951951364887443,
1.35333376718978));
#2234=CARTESIAN_POINT('Ctrl Pts',(0.467495926852775,-1.03195382308473,1.42483702665664));
#2235=CARTESIAN_POINT('Ctrl Pts',(1.12067985712529,-0.166005389667092,1.49634028612351));
#2236=CARTESIAN_POINT('Ctrl Pts',(0.746581287209357,0.852113555481056,1.56784354559037));
#2237=CARTESIAN_POINT('Ctrl Pts',(-0.3118785520827,1.08913401398528,1.63934680505724));
#2238=CARTESIAN_POINT('Ctrl Pts',(-1.08445177005737,0.327788787979375,1.71085006452411));
#2239=CARTESIAN_POINT('Ctrl Pts',(-0.862951330508663,-0.734027337430095,
1.78235332399098));
#2240=CARTESIAN_POINT('Ctrl Pts',(0.149582153383508,-1.12298989780487,1.85385658345784));
#2241=CARTESIAN_POINT('Ctrl Pts',(1.02499964711863,-0.482552437038055,1.92535984292471));
#2242=CARTESIAN_POINT('Ctrl Pts',(0.960840871866194,0.60022158410001,1.99686310239158));
#2243=CARTESIAN_POINT('Ctrl Pts',(0.0159176163769898,1.1327964338722,2.06836636185845));
#2244=CARTESIAN_POINT('Ctrl Pts',(-0.943596682783449,0.626982002396042,
2.13986962132531));
#2245=CARTESIAN_POINT('Ctrl Pts',(-1.0381535616081,-0.453561807924734,2.21137288079218));
#2246=CARTESIAN_POINT('Ctrl Pts',(-0.181076503032948,-1.11834361049807,
2.28287614025904));
#2247=CARTESIAN_POINT('Ctrl Pts',(0.841986159142776,-0.757984458219482,
2.35437939972592));
#2248=CARTESIAN_POINT('Ctrl Pts',(1.0932337127493,0.297188795882534,2.42588265919278));
#2249=CARTESIAN_POINT('Ctrl Pts',(0.342357552642723,1.07994094155133,2.49738591865965));
#2250=CARTESIAN_POINT('Ctrl Pts',(-0.722344112543891,0.872754326351736,
2.56888917812652));
#2251=CARTESIAN_POINT('Ctrl Pts',(-1.12490175838398,-0.134451348346424,
2.64039243759338));
#2252=CARTESIAN_POINT('Ctrl Pts',(-0.49630685694767,-1.01841083794076,2.71189569706025));
#2253=CARTESIAN_POINT('Ctrl Pts',(0.587232732743507,-0.968833756998228,
2.78339895652711));
#2254=CARTESIAN_POINT('Ctrl Pts',(1.13247951266491,-0.0311654369833442,
2.85490221599399));
#2255=CARTESIAN_POINT('Ctrl Pts',(0.639627520416203,0.935070995278377,2.92640547546085));
#2256=CARTESIAN_POINT('Ctrl Pts',(-0.439545492441488,1.04416516474024,2.99790873492772));
#2257=CARTESIAN_POINT('Ctrl Pts',(-1.11580469443882,0.196114800027123,3.06941199439459));
#2258=CARTESIAN_POINT('Ctrl Pts',(-0.769250264842264,-0.831706174767058,
3.14091525386145));
#2259=CARTESIAN_POINT('Ctrl Pts',(0.282445182332842,-1.09713529277198,3.21241851332832));
#2260=CARTESIAN_POINT('Ctrl Pts',(1.0752344023668,-0.356864273656899,3.28392177279519));
#2261=CARTESIAN_POINT('Ctrl Pts',(0.882399159748158,0.710529981380539,3.35542503226206));
#2262=CARTESIAN_POINT('Ctrl Pts',(-0.11929617922455,1.1266097621739,3.42692829172892));
#2263=CARTESIAN_POINT('Ctrl Pts',(-1.01163746608176,0.509971331911993,3.49843155119579));
#2264=CARTESIAN_POINT('Ctrl Pts',(-0.976651072896335,-0.574137456207904,
3.56993481066266));
#2265=CARTESIAN_POINT('Ctrl Pts',(-0.0464075985657952,-1.13195736949428,
3.64143807012952));
#2266=CARTESIAN_POINT('Ctrl Pts',(0.926375830145734,-0.6521571050569,3.71294132959639));
#2267=CARTESIAN_POINT('Ctrl Pts',(1.04998758112113,0.425449486823951,3.78444458906326));
#2268=CARTESIAN_POINT('Ctrl Pts',(0.211117480268269,1.11306363393528,3.85594784853012));
#2269=CARTESIAN_POINT('Ctrl Pts',(-0.821275321254921,0.78037654174304,3.927451107997));
#2270=CARTESIAN_POINT('Ctrl Pts',(-1.10083832136537,-0.267650148118565,
3.99895436746386));
#2271=CARTESIAN_POINT('Ctrl Pts',(-0.371305800617434,-1.07033345223683,
4.07045762693073));
#2272=CARTESIAN_POINT('Ctrl Pts',(0.698586094447203,-0.891883234253252,
4.14196088639759));
#2273=CARTESIAN_POINT('Ctrl Pts',(1.12811548076345,0.104117780935604,4.21346414586446));
#2274=CARTESIAN_POINT('Ctrl Pts',(0.52353981317165,1.00468381950372,4.28496740533133));
#2275=CARTESIAN_POINT('Ctrl Pts',(-0.560931343302431,0.984285590812307,
4.35647066479819));
#2276=CARTESIAN_POINT('Ctrl Pts',(-1.13124298301304,0.0616523764681718,
4.42797392426507));
#2277=CARTESIAN_POINT('Ctrl Pts',(-0.664544017754435,-0.917533724548002,
4.49947718373193));
#2278=CARTESIAN_POINT('Ctrl Pts',(0.411229877559294,-1.0555799463771,4.5709804431988));
#2279=CARTESIAN_POINT('Ctrl Pts',(1.11020918622925,-0.226157442501371,4.64248370266567));
#2280=CARTESIAN_POINT('Ctrl Pts',(0.791193537812232,0.810839236466458,4.71398696213253));
#2281=CARTESIAN_POINT('Ctrl Pts',(-0.252486800176031,1.10406791467519,4.7854902215994));
#2282=CARTESIAN_POINT('Ctrl Pts',(-1.06585465656738,0.386210674139427,4.85699348106627));
#2283=CARTESIAN_POINT('Ctrl Pts',(-0.899961070804283,-0.687610982947729,
4.92849674053313));
#2284=CARTESIAN_POINT('Ctrl Pts',(-0.242698845868386,-0.980324326725953,
4.97616558017771));
#2285=CARTESIAN_POINT('Ctrl Pts',(0.075214530561376,-0.955293586753534,
5.));
#2286=CARTESIAN_POINT('Ctrl Pts',(-0.456179659636043,0.938876001350616,
-0.098823121076291));
#2287=CARTESIAN_POINT('Ctrl Pts',(-0.768629406789278,0.787063388071876,
-0.074988701254002));
#2288=CARTESIAN_POINT('Ctrl Pts',(-1.22462805919525,0.149616508041897,-0.0273198616094239));
#2289=CARTESIAN_POINT('Ctrl Pts',(-0.78826450451742,-0.950612570969886,
0.0441833978574434));
#2290=CARTESIAN_POINT('Ctrl Pts',(0.371699049528683,-1.17639755733666,0.115686657324311));
#2291=CARTESIAN_POINT('Ctrl Pts',(1.1904118770662,-0.325360533230895,0.187189916791178));
#2292=CARTESIAN_POINT('Ctrl Pts',(0.918198716723455,0.824720840122115,0.258693176258045));
#2293=CARTESIAN_POINT('Ctrl Pts',(-0.195836282622893,1.21839366118714,0.330196435724912));
#2294=CARTESIAN_POINT('Ctrl Pts',(-1.13027926588653,0.495434610628009,0.40169969519178));
#2295=CARTESIAN_POINT('Ctrl Pts',(-1.02868074713786,-0.681785918144432,
0.473202954658647));
#2296=CARTESIAN_POINT('Ctrl Pts',(0.0158896269702047,-1.2339792441489,0.544706214125513));
#2297=CARTESIAN_POINT('Ctrl Pts',(1.04588341458427,-0.655065303406379,0.616209473592381));
#2298=CARTESIAN_POINT('Ctrl Pts',(1.11716351447211,0.524337843839244,0.687712733059248));
#2299=CARTESIAN_POINT('Ctrl Pts',(0.164381301029689,1.22309247128884,0.759215992526115));
#2300=CARTESIAN_POINT('Ctrl Pts',(-0.93908105541328,0.800691753682553,0.830719251992983));
#2301=CARTESIAN_POINT('Ctrl Pts',(-1.18172614798181,-0.35567361920175,0.902222511459849));
#2302=CARTESIAN_POINT('Ctrl Pts',(-0.341129589762577,-1.18600587425902,
0.973725770926717));
#2303=CARTESIAN_POINT('Ctrl Pts',(0.81216661021558,-0.929174565357956,1.04522903039358));
#2304=CARTESIAN_POINT('Ctrl Pts',(1.22098221775613,0.179394346534519,1.11673228986045));
#2305=CARTESIAN_POINT('Ctrl Pts',(0.51057208926115,1.123519429873,1.18823554932732));
#2306=CARTESIAN_POINT('Ctrl Pts',(-0.667859061758148,1.03775919171574,1.25973880879418));
#2307=CARTESIAN_POINT('Ctrl Pts',(-1.23409048335655,0.000726466425372875,
1.33124206826105));
#2308=CARTESIAN_POINT('Ctrl Pts',(-0.669080401527879,-1.03697215380295,
1.40274532772792));
#2309=CARTESIAN_POINT('Ctrl Pts',(0.509248976411671,-1.12411980067478,1.47424858719479));
#2310=CARTESIAN_POINT('Ctrl Pts',(1.22077014439094,-0.180831681969741,1.54575184666165));
#2311=CARTESIAN_POINT('Ctrl Pts',(0.813260040315198,0.928217618571672,1.61725510612852));
#2312=CARTESIAN_POINT('Ctrl Pts',(-0.339733084910674,1.18640687530912,1.68875836559539));
#2313=CARTESIAN_POINT('Ctrl Pts',(-1.18130645027729,0.357064297611073,1.76026162506226));
#2314=CARTESIAN_POINT('Ctrl Pts',(-0.940023338199111,-0.799584870740875,
1.83176488452912));
#2315=CARTESIAN_POINT('Ctrl Pts',(0.162941651733348,-1.22328649968726,1.90326814399599));
#2316=CARTESIAN_POINT('Ctrl Pts',(1.11654453255134,-0.525650215352531,1.97477140346286));
#2317=CARTESIAN_POINT('Ctrl Pts',(1.04665560144326,0.653828642702554,2.04627466292973));
#2318=CARTESIAN_POINT('Ctrl Pts',(0.0173392523470074,1.23396887822273,2.11777792239659));
#2319=CARTESIAN_POINT('Ctrl Pts',(-1.02787129737763,0.682979090530732,2.18928118186346));
#2320=CARTESIAN_POINT('Ctrl Pts',(-1.13087325095253,-0.494070371864088,
2.26078444133032));
#2321=CARTESIAN_POINT('Ctrl Pts',(-0.197248828332096,-1.21822524263838,
2.33228770079719));
#2322=CARTESIAN_POINT('Ctrl Pts',(0.917185723056123,-0.825681652635646,
2.40379096026406));
#2323=CARTESIAN_POINT('Ctrl Pts',(1.19087272683692,0.323731355528703,2.47529421973093));
#2324=CARTESIAN_POINT('Ctrl Pts',(0.372934229446283,1.17639275014105,2.54679747919779));
#2325=CARTESIAN_POINT('Ctrl Pts',(-0.786858192340615,0.950701860325409,
2.61830073866467));
#2326=CARTESIAN_POINT('Ctrl Pts',(-1.22536911257655,-0.146459482510413,
2.68980399813153));
#2327=CARTESIAN_POINT('Ctrl Pts',(-0.54063307158245,-1.10936726289642,2.7613072575984));
#2328=CARTESIAN_POINT('Ctrl Pts',(0.639679729571712,-1.05536234804416,2.83281051706526));
#2329=CARTESIAN_POINT('Ctrl Pts',(1.23362365211241,-0.0339488880470854,
2.90431377653213));
#2330=CARTESIAN_POINT('Ctrl Pts',(0.696754006499123,1.01858416269736,2.975817035999));
#2331=CARTESIAN_POINT('Ctrl Pts',(-0.478802229613184,1.13742176306951,3.04732029546587));
#2332=CARTESIAN_POINT('Ctrl Pts',(-1.21545957061837,0.213630227423238,3.11882355493273));
#2333=CARTESIAN_POINT('Ctrl Pts',(-0.837953632264914,-0.905987611542928,
3.1903268143996));
#2334=CARTESIAN_POINT('Ctrl Pts',(0.30767095868346,-1.19512276521974,3.26183007386647));
#2335=CARTESIAN_POINT('Ctrl Pts',(1.17126585999187,-0.388736576382849,3.33333333333333));
#2336=CARTESIAN_POINT('Ctrl Pts',(0.961208094182579,0.773988916146846,3.4048365928002));
#2337=CARTESIAN_POINT('Ctrl Pts',(-0.129950773194769,1.22722966179584,3.47633985226706));
#2338=CARTESIAN_POINT('Ctrl Pts',(-1.10198894687713,0.555517949693859,3.54784311173394));
#2339=CARTESIAN_POINT('Ctrl Pts',(-1.06387784495169,-0.625414886204031,
3.6193463712008));
#2340=CARTESIAN_POINT('Ctrl Pts',(-0.0505523593038712,-1.23305487523135,
3.69084963066767));
#2341=CARTESIAN_POINT('Ctrl Pts',(1.0091124139843,-0.710402634832837,3.76235289013454));
#2342=CARTESIAN_POINT('Ctrl Pts',(1.14376419176653,0.463447279933625,3.8338561496014));
#2343=CARTESIAN_POINT('Ctrl Pts',(0.229972828753841,1.21247370020639,3.90535940906827));
#2344=CARTESIAN_POINT('Ctrl Pts',(-0.894625156451787,0.850073620477726,
3.97686266853513));
#2345=CARTESIAN_POINT('Ctrl Pts',(-1.19915651912537,-0.29155454868537,4.04836592800201));
#2346=CARTESIAN_POINT('Ctrl Pts',(-0.404467906647018,-1.16592719564471,
4.11986918746887));
#2347=CARTESIAN_POINT('Ctrl Pts',(0.760978295420959,-0.971539211431974,
4.19137244693575));
#2348=CARTESIAN_POINT('Ctrl Pts',(1.22886985929585,0.113416760066031,4.2628757064026));
#2349=CARTESIAN_POINT('Ctrl Pts',(0.5702982606999,1.09441425542252,4.33437896586948));
#2350=CARTESIAN_POINT('Ctrl Pts',(-0.611029307435966,1.07219421780285,4.40588222533634));
#2351=CARTESIAN_POINT('Ctrl Pts',(-1.23227668538319,0.0671586805496473,
4.47738548480322));
#2352=CARTESIAN_POINT('Ctrl Pts',(-0.723895848890521,-0.999480601242563,
4.54888874427007));
#2353=CARTESIAN_POINT('Ctrl Pts',(0.447957687303909,-1.14985602298631,4.62039200373695));
#2354=CARTESIAN_POINT('Ctrl Pts',(1.20936431574116,-0.246356041809917,4.6918952632038));
#2355=CARTESIAN_POINT('Ctrl Pts',(0.861856705334036,0.88325700286797,4.76339852267068));
#2356=CARTESIAN_POINT('Ctrl Pts',(-0.275036930081303,1.20267455424136,4.83490178213754));
#2357=CARTESIAN_POINT('Ctrl Pts',(-1.16104838926541,0.420703965933606,4.90640504160442));
#2358=CARTESIAN_POINT('Ctrl Pts',(-0.980338496642709,-0.749022973511019,
4.97790830107127));
#2359=CARTESIAN_POINT('Ctrl Pts',(-0.26437479288177,-1.06787916484644,5.02557714071586));
#2360=CARTESIAN_POINT('Ctrl Pts',(0.0819320992966115,-1.04061287656968,
5.04941156053815));
#2361=CARTESIAN_POINT('Ctrl Pts',(-0.493581584468085,1.01585393951021,-0.0494115605381455));
#2362=CARTESIAN_POINT('Ctrl Pts',(-0.831648918267208,0.851594291756202,
-0.0255771407158564));
#2363=CARTESIAN_POINT('Ctrl Pts',(-1.32503465481983,0.161883485030489,0.0220916989287216));
#2364=CARTESIAN_POINT('Ctrl Pts',(-0.85289388709282,-1.02855278415734,0.0935949583955888));
#2365=CARTESIAN_POINT('Ctrl Pts',(0.402174454595417,-1.27284976006577,0.165098217862456));
#2366=CARTESIAN_POINT('Ctrl Pts',(1.28801310632908,-0.352036668280249,0.236601477329323));
#2367=CARTESIAN_POINT('Ctrl Pts',(0.993481335442524,0.892339258037281,0.30810473679619));
#2368=CARTESIAN_POINT('Ctrl Pts',(-0.211892794059399,1.31828910187365,0.379607996263058));
#2369=CARTESIAN_POINT('Ctrl Pts',(-1.222950254715,0.536055027769559,0.451111255729925));
#2370=CARTESIAN_POINT('Ctrl Pts',(-1.11302172808234,-0.737685178717184,
0.522614515196792));
#2371=CARTESIAN_POINT('Ctrl Pts',(0.0171924089355842,-1.33515253839614,
0.594117774663659));
#2372=CARTESIAN_POINT('Ctrl Pts',(1.13163483297626,-0.708773755154616,0.665621034130526));
#2373=CARTESIAN_POINT('Ctrl Pts',(1.20875914989945,0.567328021519497,0.737124293597394));
#2374=CARTESIAN_POINT('Ctrl Pts',(0.177858835450698,1.32337316488725,0.80862755306426));
#2375=CARTESIAN_POINT('Ctrl Pts',(-1.01607580584513,0.866340039730139,0.880130812531128));
#2376=CARTESIAN_POINT('Ctrl Pts',(-1.2786152389907,-0.384835107858955,0.951634071997995));
#2377=CARTESIAN_POINT('Ctrl Pts',(-0.369098621271935,-1.28324585772254,
1.02313733146486));
#2378=CARTESIAN_POINT('Ctrl Pts',(0.878755713575898,-1.00535708800067,1.09464059093173));
#2379=CARTESIAN_POINT('Ctrl Pts',(1.32108989280288,0.194102792478228,1.1661438503986));
#2380=CARTESIAN_POINT('Ctrl Pts',(0.552433620130643,1.21563618338406,1.23764710986546));
#2381=CARTESIAN_POINT('Ctrl Pts',(-0.722616466869561,1.12284450944624,1.30915036933233));
#2382=CARTESIAN_POINT('Ctrl Pts',(-1.33527289804656,0.000786029016695659,
1.3806536287992));
#2383=CARTESIAN_POINT('Ctrl Pts',(-0.723937943629842,-1.12199294271845,
1.45215688826607));
#2384=CARTESIAN_POINT('Ctrl Pts',(0.551002025970566,-1.21628577826484,1.52366014773293));
#2385=CARTESIAN_POINT('Ctrl Pts',(1.32086043165658,-0.19565797427239,1.5951634071998));
#2386=CARTESIAN_POINT('Ctrl Pts',(0.879938793421039,1.00432168166229,1.66666666666667));
#2387=CARTESIAN_POINT('Ctrl Pts',(-0.367587617738647,1.28367973663297,1.73816992613353));
#2388=CARTESIAN_POINT('Ctrl Pts',(-1.27816113049721,0.38633980724277,1.8096731856004));
#2389=CARTESIAN_POINT('Ctrl Pts',(-1.01709534588956,-0.865142404051655,
1.88117644506727));
#2390=CARTESIAN_POINT('Ctrl Pts',(0.176301150083186,-1.32358310156965,1.95267970453413));
#2391=CARTESIAN_POINT('Ctrl Pts',(1.20808941798406,-0.568747993667006,2.02418296400101));
#2392=CARTESIAN_POINT('Ctrl Pts',(1.13247033102032,0.707435701305097,2.09568622346787));
#2393=CARTESIAN_POINT('Ctrl Pts',(0.0187608883170266,1.33514132257327,2.16718948293474));
#2394=CARTESIAN_POINT('Ctrl Pts',(-1.11214591197182,0.738976178665421,2.2386927424016));
#2395=CARTESIAN_POINT('Ctrl Pts',(-1.22359294029695,-0.534578935803442,
2.31019600186847));
#2396=CARTESIAN_POINT('Ctrl Pts',(-0.213421153631247,-1.3181068747787,2.38169926133533));
#2397=CARTESIAN_POINT('Ctrl Pts',(0.992385286969473,-0.89337884705181,2.45320252080221));
#2398=CARTESIAN_POINT('Ctrl Pts',(1.28851174092454,0.350273915174872,2.52470578026907));
#2399=CARTESIAN_POINT('Ctrl Pts',(0.403510906249846,1.27284455873077,2.59620903973594));
#2400=CARTESIAN_POINT('Ctrl Pts',(-0.851372272137338,1.02864939429908,2.66771229920281));
#2401=CARTESIAN_POINT('Ctrl Pts',(-1.32583646676912,-0.158467616674402,
2.73921555866967));
#2402=CARTESIAN_POINT('Ctrl Pts',(-0.584959286217229,-1.20032368785208,
2.81071881813654));
#2403=CARTESIAN_POINT('Ctrl Pts',(0.692126726399916,-1.1418909390901,2.88222207760341));
#2404=CARTESIAN_POINT('Ctrl Pts',(1.33476779155992,-0.036732339110826,2.95372533707028));
#2405=CARTESIAN_POINT('Ctrl Pts',(0.753880492582043,1.10209733011634,3.02522859653714));
#2406=CARTESIAN_POINT('Ctrl Pts',(-0.51805896678488,1.23067836139878,3.09673185600401));
#2407=CARTESIAN_POINT('Ctrl Pts',(-1.31511444679792,0.231145654819352,3.16823511547087));
#2408=CARTESIAN_POINT('Ctrl Pts',(-0.906656999687564,-0.980269048318797,
3.23973837493775));
#2409=CARTESIAN_POINT('Ctrl Pts',(0.332896735034078,-1.2931102376675,3.31124163440461));
#2410=CARTESIAN_POINT('Ctrl Pts',(1.26729731761694,-0.420608879108799,3.38274489387148));
#2411=CARTESIAN_POINT('Ctrl Pts',(1.040017028617,0.837447850913151,3.45424815333835));
#2412=CARTESIAN_POINT('Ctrl Pts',(-0.140605367164988,1.32784956141777,3.52575141280521));
#2413=CARTESIAN_POINT('Ctrl Pts',(-1.1923404276725,0.601064567475724,3.59725467227208));
#2414=CARTESIAN_POINT('Ctrl Pts',(-1.15110461700705,-0.676692316200155,
3.66875793173895));
#2415=CARTESIAN_POINT('Ctrl Pts',(-0.0546971200419486,-1.33415238096843,
3.74026119120581));
#2416=CARTESIAN_POINT('Ctrl Pts',(1.09184899782286,-0.768648164608773,3.81176445067268));
#2417=CARTESIAN_POINT('Ctrl Pts',(1.23754080241193,0.501445073043298,3.88326771013954));
#2418=CARTESIAN_POINT('Ctrl Pts',(0.248828177239413,1.3118837664775,3.95477096960642));
#2419=CARTESIAN_POINT('Ctrl Pts',(-0.967974991648653,0.919770699212412,
4.02627422907328));
#2420=CARTESIAN_POINT('Ctrl Pts',(-1.29747471688537,-0.315458949252175,
4.09777748854015));
#2421=CARTESIAN_POINT('Ctrl Pts',(-0.4376300126766,-1.26152093905259,4.16928074800702));
#2422=CARTESIAN_POINT('Ctrl Pts',(0.823370496394715,-1.0511951886107,4.24078400747388));
#2423=CARTESIAN_POINT('Ctrl Pts',(1.32962423782825,0.122715739196459,4.31228726694076));
#2424=CARTESIAN_POINT('Ctrl Pts',(0.61705670822815,1.18414469134132,4.38379052640762));
#2425=CARTESIAN_POINT('Ctrl Pts',(-0.661127271569503,1.1601028447934,4.45529378587449));
#2426=CARTESIAN_POINT('Ctrl Pts',(-1.33331038775334,0.0726649846311224,
4.52679704534135));
#2427=CARTESIAN_POINT('Ctrl Pts',(-0.783247680026608,-1.08142747793712,
4.59830030480822));
#2428=CARTESIAN_POINT('Ctrl Pts',(0.484685497048523,-1.24413209959552,4.66980356427509));
#2429=CARTESIAN_POINT('Ctrl Pts',(1.30851944525307,-0.266554641118464,4.74130682374196));
#2430=CARTESIAN_POINT('Ctrl Pts',(0.932519872855838,0.955674769269484,4.81281008320882));
#2431=CARTESIAN_POINT('Ctrl Pts',(-0.297587059986573,1.30128119380753,4.88431334267569));
#2432=CARTESIAN_POINT('Ctrl Pts',(-1.25624212196345,0.455197257727784,4.95581660214256));
#2433=CARTESIAN_POINT('Ctrl Pts',(-1.06071592248113,-0.810434964074308,
5.02731986160942));
#2434=CARTESIAN_POINT('Ctrl Pts',(-0.286050739895153,-1.15543400296694,
5.074988701254));
#2435=CARTESIAN_POINT('Ctrl Pts',(0.088649668031847,-1.12593216638583,5.09882312107629));
#2436=CARTESIAN_POINT('Ctrl Pts',(-0.530983509300128,1.09283187766981,0.));
#2437=CARTESIAN_POINT('Ctrl Pts',(-0.894668429745137,0.916125195440527,
0.0238344198222891));
#2438=CARTESIAN_POINT('Ctrl Pts',(-1.42544125044441,0.174150462019081,0.0715032594668668));
#2439=CARTESIAN_POINT('Ctrl Pts',(-0.917523269668219,-1.10649299734479,
0.143006518933735));
#2440=CARTESIAN_POINT('Ctrl Pts',(0.43264985966215,-1.36930196279487,0.214509778400601));
#2441=CARTESIAN_POINT('Ctrl Pts',(1.38561433559197,-0.378712803329602,0.286013037867469));
#2442=CARTESIAN_POINT('Ctrl Pts',(1.06876395416159,0.959957675952447,0.357516297334335));
#2443=CARTESIAN_POINT('Ctrl Pts',(-0.227949305495901,1.41818454256015,0.429019556801204));
#2444=CARTESIAN_POINT('Ctrl Pts',(-1.31562124354348,0.576675444911107,0.50052281626807));
#2445=CARTESIAN_POINT('Ctrl Pts',(-1.19736270902683,-0.793584439289934,
0.572026075734938));
#2446=CARTESIAN_POINT('Ctrl Pts',(0.0184951909009622,-1.43632583264338,
0.643529335201804));
#2447=CARTESIAN_POINT('Ctrl Pts',(1.21738625136824,-0.762482206902852,0.715032594668672));
#2448=CARTESIAN_POINT('Ctrl Pts',(1.3003547853268,0.610318199199748,0.786535854135539));
#2449=CARTESIAN_POINT('Ctrl Pts',(0.191336369871707,1.42365385848565,0.858039113602406));
#2450=CARTESIAN_POINT('Ctrl Pts',(-1.09307055627698,0.93198832577772,0.929542373069274));
#2451=CARTESIAN_POINT('Ctrl Pts',(-1.37550432999959,-0.413996596516156,
1.00104563253614));
#2452=CARTESIAN_POINT('Ctrl Pts',(-0.397067652781295,-1.38048584118606,
1.07254889200301));
#2453=CARTESIAN_POINT('Ctrl Pts',(0.945344816936216,-1.08153961064339,1.14405215146988));
#2454=CARTESIAN_POINT('Ctrl Pts',(1.42119756784962,0.208811238421934,1.21555541093674));
#2455=CARTESIAN_POINT('Ctrl Pts',(0.594295151000136,1.30775293689513,1.28705867040361));
#2456=CARTESIAN_POINT('Ctrl Pts',(-0.777373871980975,1.20792982717672,1.35856192987048));
#2457=CARTESIAN_POINT('Ctrl Pts',(-1.43645531273658,0.000845591608021905,
1.43006518933734));
#2458=CARTESIAN_POINT('Ctrl Pts',(-0.778795485731806,-1.20701373163395,
1.50156844880421));
#2459=CARTESIAN_POINT('Ctrl Pts',(0.592755075529461,-1.30845175585489,1.57307170827108));
#2460=CARTESIAN_POINT('Ctrl Pts',(1.42095071892223,-0.210484266575043,1.64457496773795));
#2461=CARTESIAN_POINT('Ctrl Pts',(0.94661754652688,1.08042574475291,1.71607822720481));
#2462=CARTESIAN_POINT('Ctrl Pts',(-0.39544215056662,1.38095259795681,1.78758148667168));
#2463=CARTESIAN_POINT('Ctrl Pts',(-1.37501581071713,0.415615316874468,1.85908474613855));
#2464=CARTESIAN_POINT('Ctrl Pts',(-1.09416735358,-0.930699937362435,1.93058800560541));
#2465=CARTESIAN_POINT('Ctrl Pts',(0.189660648433024,-1.42387970345204,2.00209126507228));
#2466=CARTESIAN_POINT('Ctrl Pts',(1.29963430341678,-0.611845771981481,2.07359452453915));
#2467=CARTESIAN_POINT('Ctrl Pts',(1.21828506059738,0.761042759907641,2.14509778400602));
#2468=CARTESIAN_POINT('Ctrl Pts',(0.0201825242870435,1.4363137669238,2.21660104347288));
#2469=CARTESIAN_POINT('Ctrl Pts',(-1.19642052656601,0.79497326680011,2.28810430293975));
#2470=CARTESIAN_POINT('Ctrl Pts',(-1.31631262964138,-0.575087499742796,
2.35960756240662));
#2471=CARTESIAN_POINT('Ctrl Pts',(-0.229593478930393,-1.41798850691902,
2.43111082187348));
#2472=CARTESIAN_POINT('Ctrl Pts',(1.06758485088282,-0.961076041467972,2.50261408134035));
#2473=CARTESIAN_POINT('Ctrl Pts',(1.38615075501216,0.376816474821041,2.57411734080722));
#2474=CARTESIAN_POINT('Ctrl Pts',(0.434087583053405,1.36929636732049,2.64562060027408));
#2475=CARTESIAN_POINT('Ctrl Pts',(-0.915886351934062,1.10659692827276,2.71712385974096));
#2476=CARTESIAN_POINT('Ctrl Pts',(-1.42630382096169,-0.17047575083839,2.78862711920782));
#2477=CARTESIAN_POINT('Ctrl Pts',(-0.629285500852006,-1.29128011280774,
2.86013037867469));
#2478=CARTESIAN_POINT('Ctrl Pts',(0.74457372322812,-1.22841953013604,2.93163363814155));
#2479=CARTESIAN_POINT('Ctrl Pts',(1.43591193100742,-0.0395157901745692,
3.00313689760842));
#2480=CARTESIAN_POINT('Ctrl Pts',(0.811006978664962,1.18561049753532,3.07464015707529));
#2481=CARTESIAN_POINT('Ctrl Pts',(-0.557315703956577,1.32393495972804,3.14614341654215));
#2482=CARTESIAN_POINT('Ctrl Pts',(-1.41476932297747,0.248661082215468,3.21764667600903));
#2483=CARTESIAN_POINT('Ctrl Pts',(-0.975360367110214,-1.05455048509467,
3.28914993547589));
#2484=CARTESIAN_POINT('Ctrl Pts',(0.358122511384697,-1.39109771011527,3.36065319494276));
#2485=CARTESIAN_POINT('Ctrl Pts',(1.36332877524201,-0.45248118183475,3.43215645440962));
#2486=CARTESIAN_POINT('Ctrl Pts',(1.11882596305142,0.900906785679459,3.5036597138765));
#2487=CARTESIAN_POINT('Ctrl Pts',(-0.151259961135207,1.4284694610397,3.57516297334335));
#2488=CARTESIAN_POINT('Ctrl Pts',(-1.28269190846786,0.646611185257592,3.64666623281023));
#2489=CARTESIAN_POINT('Ctrl Pts',(-1.23833138906241,-0.727969746196283,
3.71816949227709));
#2490=CARTESIAN_POINT('Ctrl Pts',(-0.0588418807800235,-1.4352498867055,
3.78967275174396));
#2491=CARTESIAN_POINT('Ctrl Pts',(1.17458558166142,-0.82689369438471,3.86117601121083));
#2492=CARTESIAN_POINT('Ctrl Pts',(1.33131741305733,0.539442866152971,3.93267927067769));
#2493=CARTESIAN_POINT('Ctrl Pts',(0.267683525724982,1.41129383274861,4.00418253014456));
#2494=CARTESIAN_POINT('Ctrl Pts',(-1.04132482684552,0.989467777947099,4.07568578961143));
#2495=CARTESIAN_POINT('Ctrl Pts',(-1.39579291464537,-0.339363349818981,
4.1471890490783));
#2496=CARTESIAN_POINT('Ctrl Pts',(-0.470792118706182,-1.35711468246047,
4.21869230854517));
#2497=CARTESIAN_POINT('Ctrl Pts',(0.885762697368471,-1.13085116578942,4.29019556801203));
#2498=CARTESIAN_POINT('Ctrl Pts',(1.43037861636065,0.132014718326888,4.3616988274789));
#2499=CARTESIAN_POINT('Ctrl Pts',(0.6638151557564,1.27387512726012,4.43320208694576));
#2500=CARTESIAN_POINT('Ctrl Pts',(-0.71122523570304,1.24801147178394,4.50470534641263));
#2501=CARTESIAN_POINT('Ctrl Pts',(-1.43434409012349,0.0781712887125975,
4.5762086058795));
#2502=CARTESIAN_POINT('Ctrl Pts',(-0.842599511162696,-1.16337435463169,
4.64771186534637));
#2503=CARTESIAN_POINT('Ctrl Pts',(0.521413306793139,-1.33840817620473,4.71921512481324));
#2504=CARTESIAN_POINT('Ctrl Pts',(1.40767457476497,-0.286753240427012,4.7907183842801));
#2505=CARTESIAN_POINT('Ctrl Pts',(1.00318304037764,1.028092535671,4.86222164374697));
#2506=CARTESIAN_POINT('Ctrl Pts',(-0.320137189891846,1.39988783337371,4.93372490321384));
#2507=CARTESIAN_POINT('Ctrl Pts',(-1.35143585466148,0.489690549521963,5.0052281626807));
#2508=CARTESIAN_POINT('Ctrl Pts',(-1.14109334831956,-0.871846954637597,
5.07673142214757));
#2509=CARTESIAN_POINT('Ctrl Pts',(-0.307726686908536,-1.24298884108743,
5.12440026179215));
#2510=CARTESIAN_POINT('Ctrl Pts',(0.0953672367670825,-1.21125145620198,
5.14823468161444));
#2511=CARTESIAN_POINT('',(-1.11122234849519,0.496258144689985,5.));
#2512=CARTESIAN_POINT('Ctrl Pts',(-1.11122522318442,0.496258732034348,5.));
#2513=CARTESIAN_POINT('Ctrl Pts',(-1.12060127584562,0.468255571083382,5.));
#2514=CARTESIAN_POINT('Ctrl Pts',(-1.12886328027782,0.439949394607281,5.));
#2515=CARTESIAN_POINT('Ctrl Pts',(-1.13596568774111,0.411378139073913,5.));
#2516=CARTESIAN_POINT('Ctrl Pts',(-1.14805352489543,0.362751714024781,5.));
#2517=CARTESIAN_POINT('Ctrl Pts',(-1.15678547431282,0.313357192581133,5.));
#2518=CARTESIAN_POINT('Ctrl Pts',(-1.16226213763478,0.263513719187425,5.));
#2519=CARTESIAN_POINT('Ctrl Pts',(-1.16679567958288,0.222253655498095,5.));
#2520=CARTESIAN_POINT('Ctrl Pts',(-1.16909740716776,0.180685476094775,5.));
#2521=CARTESIAN_POINT('Ctrl Pts',(-1.16919781766117,0.138995169386609,5.));
#2522=CARTESIAN_POINT('Ctrl Pts',(-1.16924671219181,0.118694223644974,5.));
#2523=CARTESIAN_POINT('Ctrl Pts',(-1.16877329376179,0.0983644390665811,
5.));
#2524=CARTESIAN_POINT('Ctrl Pts',(-1.16777922203155,0.0780282335582991,
5.));
#2525=CARTESIAN_POINT('Ctrl Pts',(-1.16725545031324,0.0673131825422508,
5.));
#2526=CARTESIAN_POINT('Ctrl Pts',(-1.16658711595236,0.0565963614858149,
5.));
#2527=CARTESIAN_POINT('Ctrl Pts',(-1.16577433476192,0.0458811439141101,
5.));
#2528=CARTESIAN_POINT('Ctrl Pts',(-1.16509461812404,0.0369201692415436,
5.));
#2529=CARTESIAN_POINT('Ctrl Pts',(-1.16431415902967,0.0279648172942079,
5.));
#2530=CARTESIAN_POINT('Ctrl Pts',(-1.16343424947683,0.0190250683514159,
5.));
#2531=CARTESIAN_POINT('Ctrl Pts',(-1.15861233412315,-0.029964867655332,
5.));
#2532=CARTESIAN_POINT('Ctrl Pts',(-1.15080248050986,-0.0785615443782928,
5.));
#2533=CARTESIAN_POINT('Ctrl Pts',(-1.14008749345957,-0.126462004713267,
5.));
#2534=CARTESIAN_POINT('Ctrl Pts',(-1.12900158920133,-0.176020619642715,
5.));
#2535=CARTESIAN_POINT('Ctrl Pts',(-1.11480568455422,-0.224835458200744,
5.));
#2536=CARTESIAN_POINT('Ctrl Pts',(-1.09753957269413,-0.272542896547794,
5.));
#2537=CARTESIAN_POINT('Ctrl Pts',(-1.08994365526804,-0.293530931678742,
5.));
#2538=CARTESIAN_POINT('Ctrl Pts',(-1.08175289252306,-0.314304146517206,
5.));
#2539=CARTESIAN_POINT('Ctrl Pts',(-1.07296786084082,-0.334828793682086,
5.));
#2540=CARTESIAN_POINT('Ctrl Pts',(-1.06796963118584,-0.34650625869626,5.));
#2541=CARTESIAN_POINT('Ctrl Pts',(-1.06277900567813,-0.358103226573175,
5.));
#2542=CARTESIAN_POINT('Ctrl Pts',(-1.057395866872,-0.369613175954809,5.));
#2543=CARTESIAN_POINT('Ctrl Pts',(-1.05235773712048,-0.380385444793972,
5.));
#2544=CARTESIAN_POINT('Ctrl Pts',(-1.04714894242481,-0.391085157876742,
5.));
#2545=CARTESIAN_POINT('Ctrl Pts',(-1.04178222132194,-0.401682249290872,
5.));
#2546=CARTESIAN_POINT('Ctrl Pts',(-1.02066106167966,-0.443387949142141,
5.));
#2547=CARTESIAN_POINT('Ctrl Pts',(-0.997065305700237,-0.483579180434712,
5.));
#2548=CARTESIAN_POINT('Ctrl Pts',(-0.971039421266565,-0.521972615460113,
5.));
#2549=CARTESIAN_POINT('Ctrl Pts',(-0.945852018583944,-0.559129120585551,
5.));
#2550=CARTESIAN_POINT('Ctrl Pts',(-0.918387966861756,-0.594602464737036,
5.));
#2551=CARTESIAN_POINT('Ctrl Pts',(-0.888655815312857,-0.628098948140497,
5.));
#2552=CARTESIAN_POINT('Ctrl Pts',(-0.879947071940912,-0.637910289151039,
5.));
#2553=CARTESIAN_POINT('Ctrl Pts',(-0.871043555543961,-0.647551744657184,
5.));
#2554=CARTESIAN_POINT('Ctrl Pts',(-0.861945047798598,-0.657015186624318,
5.));
#2555=CARTESIAN_POINT('Ctrl Pts',(-0.846135128096441,-0.673459230174502,
5.));
#2556=CARTESIAN_POINT('Ctrl Pts',(-0.829736455232738,-0.689365926498383,
5.));
#2557=CARTESIAN_POINT('Ctrl Pts',(-0.812781760853461,-0.704718761424144,
5.));
#2558=CARTESIAN_POINT('Ctrl Pts',(-0.80629523971426,-0.710592443725037,
5.));
#2559=CARTESIAN_POINT('Ctrl Pts',(-0.799725323169006,-0.716386742983302,
5.));
#2560=CARTESIAN_POINT('Ctrl Pts',(-0.793080509098389,-0.722094914729653,
5.));
#2561=CARTESIAN_POINT('Ctrl Pts',(-0.758650189160174,-0.751671992041449,
5.));
#2562=CARTESIAN_POINT('Ctrl Pts',(-0.722303922215832,-0.778863633604812,
5.));
#2563=CARTESIAN_POINT('Ctrl Pts',(-0.684334918620413,-0.803602373543571,
5.));
#2564=CARTESIAN_POINT('Ctrl Pts',(-0.646216232118941,-0.828438639520293,
5.));
#2565=CARTESIAN_POINT('Ctrl Pts',(-0.606460701448993,-0.850802886346061,
5.));
#2566=CARTESIAN_POINT('Ctrl Pts',(-0.56534807747113,-0.87057735714296,5.));
#2567=CARTESIAN_POINT('Ctrl Pts',(-0.54069765275595,-0.882433790921644,
5.));
#2568=CARTESIAN_POINT('Ctrl Pts',(-0.5155591203305,-0.893358233332145,5.));
#2569=CARTESIAN_POINT('Ctrl Pts',(-0.489992772518543,-0.903316240875179,
5.));
#2570=CARTESIAN_POINT('Ctrl Pts',(-0.476638621461861,-0.908517638350146,
5.));
#2571=CARTESIAN_POINT('Ctrl Pts',(-0.463167762485489,-0.913455246803523,
5.));
#2572=CARTESIAN_POINT('Ctrl Pts',(-0.449588954322237,-0.918123391933442,
5.));
#2573=CARTESIAN_POINT('Ctrl Pts',(-0.439765246282211,-0.921500602532005,
5.));
#2574=CARTESIAN_POINT('Ctrl Pts',(-0.429892917069222,-0.924733996845232,
5.));
#2575=CARTESIAN_POINT('Ctrl Pts',(-0.419981358136336,-0.92782033145066,
5.));
#2576=CARTESIAN_POINT('Ctrl Pts',(-0.379983679518759,-0.940275104760298,
5.));
#2577=CARTESIAN_POINT('Ctrl Pts',(-0.339316174389805,-0.950348890140413,
5.));
#2578=CARTESIAN_POINT('Ctrl Pts',(-0.298203515834193,-0.957938495939722,
5.));
#2579=CARTESIAN_POINT('Ctrl Pts',(-0.264044782254256,-0.964244371832537,
5.));
#2580=CARTESIAN_POINT('Ctrl Pts',(-0.229578449904695,-0.968834668264308,
5.));
#2581=CARTESIAN_POINT('Ctrl Pts',(-0.194938338846036,-0.971628016029441,
5.));
#2582=CARTESIAN_POINT('Ctrl Pts',(-0.184407019583468,-0.972477252253776,
5.));
#2583=CARTESIAN_POINT('Ctrl Pts',(-0.173859168055394,-0.973160132297814,
5.));
#2584=CARTESIAN_POINT('Ctrl Pts',(-0.163314161001228,-0.973673683621903,
5.));
#2585=CARTESIAN_POINT('Ctrl Pts',(-0.121617877860004,-0.97570433009817,
5.));
#2586=CARTESIAN_POINT('Ctrl Pts',(-0.0799059972933074,-0.975096637846902,
5.));
#2587=CARTESIAN_POINT('Ctrl Pts',(-0.0384126553651186,-0.971724610395025,
5.));
#2588=CARTESIAN_POINT('Ctrl Pts',(-0.000286885642947717,-0.968626254462413,
5.));
#2589=CARTESIAN_POINT('Ctrl Pts',(0.0376548316328498,-0.963193591882254,
5.));
#2590=CARTESIAN_POINT('Ctrl Pts',(0.0752145305613759,-0.955293586753534,
5.));
#2591=CARTESIAN_POINT('Ctrl Pts',(-1.21684190443416,0.000403648757765128,
4.58010734985006));
#2592=CARTESIAN_POINT('Ctrl Pts',(-1.21520316166441,-0.380279315914459,
4.60264218834883));
#2593=CARTESIAN_POINT('Ctrl Pts',(-1.022074627752,-0.762399067661123,4.6251770268476));
#2594=CARTESIAN_POINT('Ctrl Pts',(-0.713888137996856,-0.985622384336479,
4.64771186534637));
#2595=CARTESIAN_POINT('Ctrl Pts',(-0.387928571844082,-1.2217189618227,4.67154628516866));
#2596=CARTESIAN_POINT('Ctrl Pts',(0.0667423674745243,-1.28006356901371,
4.69538070499095));
#2597=CARTESIAN_POINT('Ctrl Pts',(0.441788048462472,-1.1339600499796,4.71921512481323));
#2598=CARTESIAN_POINT('Ctrl Pts',(0.816833729450419,-0.987856530945488,
4.74304954463552));
#2599=CARTESIAN_POINT('Ctrl Pts',(1.1122541521077,-0.637304885686238,4.76688396445781));
#2600=CARTESIAN_POINT('Ctrl Pts',(1.19254910770511,-0.242888100373612,4.7907183842801));
#2601=CARTESIAN_POINT('Ctrl Pts',(1.27284406330253,0.151528684939007,4.81455280410239));
#2602=CARTESIAN_POINT('Ctrl Pts',(1.13801355184008,0.589810610304997,4.83838722392468));
#2603=CARTESIAN_POINT('Ctrl Pts',(0.850044924397284,0.870917455938448,4.86222164374697));
#2604=CARTESIAN_POINT('Ctrl Pts',(0.562076296954484,1.1520243015719,4.88605606356926));
#2605=CARTESIAN_POINT('Ctrl Pts',(0.120969553531318,1.2759560674728,4.90989048339155));
#2606=CARTESIAN_POINT('Ctrl Pts',(-0.271466928975198,1.18622240311463,4.93372490321384));
#2607=CARTESIAN_POINT('Ctrl Pts',(-0.635209310154257,1.10304986895805,4.95581660214256));
#2608=CARTESIAN_POINT('Ctrl Pts',(-0.957138555747186,0.836315105275069,
4.97790830107128));
#2609=CARTESIAN_POINT('Ctrl Pts',(-1.11122522318442,0.496258732034333,5.));
#2610=CARTESIAN_POINT('',(-0.556433207999842,-0.780144311992983,0.));
#2611=CARTESIAN_POINT('Ctrl Pts',(-0.55763598866967,-0.781225913348077,
1.04950770296597E-16));
#2612=CARTESIAN_POINT('Ctrl Pts',(-0.578486789202457,-0.770234059995306,
1.00205141878476E-16));
#2613=CARTESIAN_POINT('Ctrl Pts',(-0.598863640801205,-0.758442961889996,
1.2742543916776E-16));
#2614=CARTESIAN_POINT('Ctrl Pts',(-0.618715161758238,-0.74586328532406,
6.67868538251071E-17));
#2615=CARTESIAN_POINT('Ctrl Pts',(-0.654977068663043,-0.722884539185975,
-3.22217101479625E-17));
#2616=CARTESIAN_POINT('Ctrl Pts',(-0.689487641931722,-0.697278251294502,
7.62095804836582E-17));
#2617=CARTESIAN_POINT('Ctrl Pts',(-0.722167522814785,-0.66936037975871,
3.81639164714898E-17));
#2618=CARTESIAN_POINT('Ctrl Pts',(-0.736037585602677,-0.657511418849356,
2.20164968849845E-17));
#2619=CARTESIAN_POINT('Ctrl Pts',(-0.749577650405352,-0.645245339414703,
-3.34787116716055E-17));
#2620=CARTESIAN_POINT('Ctrl Pts',(-0.762780431070397,-0.632583343194365,
-2.77555756156289E-17));
#2621=CARTESIAN_POINT('Ctrl Pts',(-0.769585472161403,-0.626057035838393,
-2.48057291387084E-17));
#2622=CARTESIAN_POINT('Ctrl Pts',(-0.776298516951277,-0.619427691080715,
-1.66849508673444E-16));
#2623=CARTESIAN_POINT('Ctrl Pts',(-0.782912908638624,-0.612704454214633,
-1.66533453693773E-16));
#2624=CARTESIAN_POINT('Ctrl Pts',(-0.813343699682652,-0.581772899828068,
-1.65079381497964E-16));
#2625=CARTESIAN_POINT('Ctrl Pts',(-0.841725232521592,-0.548822590936191,
-3.74744100159021E-17));
#2626=CARTESIAN_POINT('Ctrl Pts',(-0.867977854624816,-0.514159167428811,
-6.93889390390723E-18));
#2627=CARTESIAN_POINT('Ctrl Pts',(-0.885498136020286,-0.491025747399691,
1.34396737200997E-17));
#2628=CARTESIAN_POINT('Ctrl Pts',(-0.902069876734767,-0.467128188947569,
-3.83044903431253E-17));
#2629=CARTESIAN_POINT('Ctrl Pts',(-0.917663066614187,-0.442546283339572,
-8.32667268468867E-17));
#2630=CARTESIAN_POINT('Ctrl Pts',(-0.922764145396655,-0.434504680684872,
-9.79754498480961E-17));
#2631=CARTESIAN_POINT('Ctrl Pts',(-0.927760454593735,-0.426389779942844,
-4.08926363658285E-17));
#2632=CARTESIAN_POINT('Ctrl Pts',(-0.932650796192721,-0.418204207104071,
-4.16333634234434E-17));
#2633=CARTESIAN_POINT('Ctrl Pts',(-0.93741885187331,-0.410223319412938,
-4.23555681576809E-17));
#2634=CARTESIAN_POINT('Ctrl Pts',(-0.942081277871831,-0.402183426595681,
-4.01889539549683E-17));
#2635=CARTESIAN_POINT('Ctrl Pts',(-0.946637037422804,-0.394088199038868,
-4.16333634234434E-17));
#2636=CARTESIAN_POINT('Ctrl Pts',(-0.96920380478141,-0.353988822646072,
-4.87881862539586E-17));
#2637=CARTESIAN_POINT('Ctrl Pts',(-0.989159180157503,-0.312529731352863,
1.23804647382446E-18));
#2638=CARTESIAN_POINT('Ctrl Pts',(-1.00641305608297,-0.270038518666511,
-6.93889390390723E-18));
#2639=CARTESIAN_POINT('Ctrl Pts',(-1.02366097416748,-0.227561978387001,
-1.51130107473513E-17));
#2640=CARTESIAN_POINT('Ctrl Pts',(-1.03821001480973,-0.184052953822206,
1.53502410726685E-16));
#2641=CARTESIAN_POINT('Ctrl Pts',(-1.04993416228247,-0.139799528120525,
2.08166817117217E-16));
#2642=CARTESIAN_POINT('Ctrl Pts',(-1.0557992733683,-0.117661350630701,2.35513182101644E-16));
#2643=CARTESIAN_POINT('Ctrl Pts',(-1.06095679573483,-0.0953363675514824,
1.12530625675163E-16));
#2644=CARTESIAN_POINT('Ctrl Pts',(-1.0653866513011,-0.0728582724527705,
1.52655665885959E-16));
#2645=CARTESIAN_POINT('Ctrl Pts',(-1.06725372932228,-0.063384293744189,
1.69567409295205E-16));
#2646=CARTESIAN_POINT('Ctrl Pts',(-1.06899150468945,-0.0538831015978205,
-9.22971996647898E-17));
#2647=CARTESIAN_POINT('Ctrl Pts',(-1.07059829906666,-0.0443571662025972,
-9.71445146547012E-17));
#2648=CARTESIAN_POINT('Ctrl Pts',(-1.07189513067351,-0.0366688556878526,
-1.01056745974672E-16));
#2649=CARTESIAN_POINT('Ctrl Pts',(-1.07310637372464,-0.0289655514719264,
-8.18757112664525E-17));
#2650=CARTESIAN_POINT('Ctrl Pts',(-1.07422994414859,-0.0212585214661055,
-8.32667268468867E-17));
#2651=CARTESIAN_POINT('Ctrl Pts',(-1.081049093331,0.0255168174377538,-9.17090483567571E-17));
#2652=CARTESIAN_POINT('Ctrl Pts',(-1.08465919427294,0.0725246145033779,
4.53268790840117E-17));
#2653=CARTESIAN_POINT('Ctrl Pts',(-1.0849491280195,0.119451300477507,4.16333634234434E-17));
#2654=CARTESIAN_POINT('Ctrl Pts',(-1.08497353556021,0.123401737471181,4.13224315815855E-17));
#2655=CARTESIAN_POINT('Ctrl Pts',(-1.08497438820271,0.127351616447897,-3.10869882069634E-17));
#2656=CARTESIAN_POINT('Ctrl Pts',(-1.08495160511121,0.131300758874838,-2.77555756156289E-17));
#2657=CARTESIAN_POINT('Ctrl Pts',(-1.08469070945265,0.176523511642213,2.63057757917007E-17));
#2658=CARTESIAN_POINT('Ctrl Pts',(-1.08133471472323,0.221648815541064,-2.83159312985368E-18));
#2659=CARTESIAN_POINT('Ctrl Pts',(-1.07507393252085,0.266469400657033,-2.77555756156289E-17));
#2660=CARTESIAN_POINT('Ctrl Pts',(-1.07191925498128,0.289053558451608,-4.03142504270251E-17));
#2661=CARTESIAN_POINT('Ctrl Pts',(-1.0680262486286,0.311560517266867,-3.03938016084655E-17));
#2662=CARTESIAN_POINT('Ctrl Pts',(-1.06341445207274,0.333964213355638,-5.55111512312578E-17));
#2663=CARTESIAN_POINT('Ctrl Pts',(-1.06105215647955,0.345440034524359,-6.83769842331556E-17));
#2664=CARTESIAN_POINT('Ctrl Pts',(-1.05850121538775,0.356888762059311,2.4560789183746E-18));
#2665=CARTESIAN_POINT('Ctrl Pts',(-1.05576394391026,0.368306874234663,1.38777878078145E-17));
#2666=CARTESIAN_POINT('Ctrl Pts',(-1.05329495339116,0.378605893144103,2.41800509161055E-17));
#2667=CARTESIAN_POINT('Ctrl Pts',(-1.05067377029601,0.388881597715989,1.14930057434626E-16));
#2668=CARTESIAN_POINT('Ctrl Pts',(-1.04790804383798,0.399110658683797,1.11022302462516E-16));
#2669=CARTESIAN_POINT('Ctrl Pts',(-1.03553563509511,0.444870109327264,9.35410574747494E-17));
#2670=CARTESIAN_POINT('Ctrl Pts',(-1.02025390509931,0.48978865344977,-8.70858616347143E-17));
#2671=CARTESIAN_POINT('Ctrl Pts',(-1.00228784812471,0.533640113500372,-2.77555756156289E-17));
#2672=CARTESIAN_POINT('Ctrl Pts',(-0.983915254860018,0.578483845250304,
3.29172372808283E-17));
#2673=CARTESIAN_POINT('Ctrl Pts',(-0.962735278886091,0.622212665604553,
2.21679241710426E-16));
#2674=CARTESIAN_POINT('Ctrl Pts',(-0.938933766751924,0.664586199235972,
3.19189119579733E-16));
#2675=CARTESIAN_POINT('Ctrl Pts',(-0.926754523839029,0.686268752691638,
3.69084961586853E-16));
#2676=CARTESIAN_POINT('Ctrl Pts',(-0.913888010800707,0.707596370590547,
-2.27481597201915E-17));
#2677=CARTESIAN_POINT('Ctrl Pts',(-0.9003540586901,0.728535632058498,-1.38777878078145E-17));
#2678=CARTESIAN_POINT('Ctrl Pts',(-0.890900877133206,0.743161266810721,
-7.68201916022553E-18));
#2679=CARTESIAN_POINT('Ctrl Pts',(-0.881121999733303,0.757597413185798,
1.37678863105982E-16));
#2680=CARTESIAN_POINT('Ctrl Pts',(-0.87102326921108,0.771832244767622,1.2490009027033E-16));
#2681=CARTESIAN_POINT('Ctrl Pts',(-0.865690495327353,0.779349143840407,
1.18152083093182E-16));
#2682=CARTESIAN_POINT('Ctrl Pts',(-0.8602686286231,0.786809557209233,1.68271576754554E-16));
#2683=CARTESIAN_POINT('Ctrl Pts',(-0.854767144582661,0.794200588645386,
1.66533453693773E-16));
#2684=CARTESIAN_POINT('Ctrl Pts',(-0.824622505770463,0.834698747224905,
1.57009643119528E-16));
#2685=CARTESIAN_POINT('Ctrl Pts',(-0.792030412852555,0.87320217723572,-1.21057376948121E-16));
#2686=CARTESIAN_POINT('Ctrl Pts',(-0.757202193373783,0.909461593533255,
-5.55111512312578E-17));
#2687=CARTESIAN_POINT('Ctrl Pts',(-0.722627502693863,0.945457062767213,
9.5579368046107E-18));
#2688=CARTESIAN_POINT('Ctrl Pts',(-0.685848576378408,0.979242149593082,
1.62316894236741E-17));
#2689=CARTESIAN_POINT('Ctrl Pts',(-0.647024978113716,1.01055559058456,-5.55111512312578E-17));
#2690=CARTESIAN_POINT('Ctrl Pts',(-0.610154804093462,1.04029348377666,-1.2364422332881E-16));
#2691=CARTESIAN_POINT('Ctrl Pts',(-0.571439833744973,1.06780289439484,1.22404814240748E-16));
#2692=CARTESIAN_POINT('Ctrl Pts',(-0.53098350930013,1.09283187766981,1.38777878078145E-16));
#2693=CARTESIAN_POINT('Ctrl Pts',(-0.557635988669668,-0.781225913348078,
2.28766658394441E-16));
#2694=CARTESIAN_POINT('Ctrl Pts',(-0.317054566251358,-0.950986104258646,
0.0220916989287219));
#2695=CARTESIAN_POINT('Ctrl Pts',(0.35954177966058,-1.06090398779094,0.0680178176797325));
#2696=CARTESIAN_POINT('Ctrl Pts',(1.09281064780331,-0.298684398181542,0.137778356253032));
#2697=CARTESIAN_POINT('Ctrl Pts',(0.842916098004388,0.75710242220695,0.2092816157199));
#2698=CARTESIAN_POINT('Ctrl Pts',(-0.179779771186391,1.11849822050063,0.280784875186767));
#2699=CARTESIAN_POINT('Ctrl Pts',(-0.869974529720382,0.584508928197446,
0.338315226025341));
#2700=CARTESIAN_POINT('Ctrl Pts',(-0.957401542884561,0.132832985874359,
0.372011157041628));
#2701=CARTESIAN_POINT('Ctrl Pts',(-0.956860348883705,0.000442891205059978,
0.381872668235624));
#2702=CARTESIAN_POINT('Origin',(0.,0.,-0.831872668235621));
#2703=CARTESIAN_POINT('',(0.556433207999852,-0.780144311992976,0.));
#2704=CARTESIAN_POINT('Origin',(0.,0.,0.));
#2705=CARTESIAN_POINT('Ctrl Pts',(0.556433207999852,-0.780144311992976,
-9.71445146547012E-16));
#2706=CARTESIAN_POINT('Ctrl Pts',(0.816058432922617,-0.594968191933335,
0.0238344198222881));
#2707=CARTESIAN_POINT('Ctrl Pts',(1.13139829619759,0.0517427353491978,0.0715032594668666));
#2708=CARTESIAN_POINT('Ctrl Pts',(0.56824039537196,0.980973006304226,0.143006518933733));
#2709=CARTESIAN_POINT('Ctrl Pts',(-0.516264955336544,1.00806023675825,0.214509778400601));
#2710=CARTESIAN_POINT('Ctrl Pts',(-0.943877637900437,0.3813672222888,0.264550049344148));
#2711=CARTESIAN_POINT('Ctrl Pts',(-0.959643127962807,0.0322261442237328,
0.290755900465407));
#2712=CARTESIAN_POINT('Ctrl Pts',(-0.959428577928046,0.000610589114696429,
0.293127331764377));
#2713=CARTESIAN_POINT('Ctrl Pts',(0.705521886480363,-0.989173325407226,
-0.148234681614437));
#2714=CARTESIAN_POINT('Ctrl Pts',(1.03471014453532,-0.754381793059238,-0.124400261792148));
#2715=CARTESIAN_POINT('Ctrl Pts',(1.43454101735463,0.0656064945987557,-0.0767314221475699));
#2716=CARTESIAN_POINT('Ctrl Pts',(0.720492648449723,1.24381132549922,-0.00522816268070315));
#2717=CARTESIAN_POINT('Ctrl Pts',(-0.654591099122241,1.27815620940389,0.0662750967861644));
#2718=CARTESIAN_POINT('Ctrl Pts',(-1.42932795089117,0.142731108949619,0.137778356253031));
#2719=CARTESIAN_POINT('Ctrl Pts',(-0.894019799922715,-1.12450157064345,
0.209281615719899));
#2720=CARTESIAN_POINT('Ctrl Pts',(0.460886398454002,-1.36043805373087,0.280784875186765));
#2721=CARTESIAN_POINT('Ctrl Pts',(1.39327125689449,-0.349583960735023,0.352288134653633));
#2722=CARTESIAN_POINT('Ctrl Pts',(1.04852374844785,0.981861282147889,0.4237913941205));
#2723=CARTESIAN_POINT('Ctrl Pts',(-0.257376161865457,1.41319896531783,0.495294653587368));
#2724=CARTESIAN_POINT('Ctrl Pts',(-1.32734301877463,0.549152795599688,0.566797913054234));
#2725=CARTESIAN_POINT('Ctrl Pts',(-1.18059097892572,-0.818300489208232,
0.638301172521102));
#2726=CARTESIAN_POINT('Ctrl Pts',(0.0483635239212137,-1.43563949151986,
0.709804431987969));
#2727=CARTESIAN_POINT('Ctrl Pts',(1.23298415094436,-0.736990799005583,0.781307691454836));
#2728=CARTESIAN_POINT('Ctrl Pts',(1.2873779224494,0.637230963869895,0.852810950921704));
#2729=CARTESIAN_POINT('Ctrl Pts',(0.161683464217671,1.42732694452481,0.924314210388569));
#2730=CARTESIAN_POINT('Ctrl Pts',(-1.11221963216129,0.909050116533256,0.995817469855439));
#2731=CARTESIAN_POINT('Ctrl Pts',(-1.36659545434527,-0.442517114063848,
1.0673207293223));
#2732=CARTESIAN_POINT('Ctrl Pts',(-0.368267725079047,-1.38844633483499,
1.13882398878917));
#2733=CARTESIAN_POINT('Ctrl Pts',(0.967636309711427,-1.06164233536292,1.21032724825604));
#2734=CARTESIAN_POINT('Ctrl Pts',(1.41654676840812,0.238326887361921,1.28183050772291));
#2735=CARTESIAN_POINT('Ctrl Pts',(0.566965332933752,1.31983133012002,1.35333376718977));
#2736=CARTESIAN_POINT('Ctrl Pts',(-0.802330592752965,1.1914990846467,1.42483702665664));
#2737=CARTESIAN_POINT('Ctrl Pts',(-1.43616208651552,-0.0290328286089866,
1.49634028612351));
#2738=CARTESIAN_POINT('Ctrl Pts',(-0.75352111171022,-1.22295150162171,1.56784354559037));
#2739=CARTESIAN_POINT('Ctrl Pts',(0.61984259286769,-1.29583934348281,1.63934680505725));
#2740=CARTESIAN_POINT('Ctrl Pts',(1.42502133060243,-0.18088297451766,1.71085006452411));
#2741=CARTESIAN_POINT('Ctrl Pts',(0.923939886800311,1.09988159745718,1.78235332399098));
#2742=CARTESIAN_POINT('Ctrl Pts',(-0.424080376890955,1.37242860550298,1.85385658345784));
#2743=CARTESIAN_POINT('Ctrl Pts',(-1.38336308409248,0.386925084065294,1.92535984292471));
#2744=CARTESIAN_POINT('Ctrl Pts',(-1.07457206186344,-0.953257219718082,
1.99686310239158));
#2745=CARTESIAN_POINT('Ctrl Pts',(0.219236283486446,-1.41962667456771,2.06836636185845));
#2746=CARTESIAN_POINT('Ctrl Pts',(1.31207947745038,-0.584681013860094,2.13986962132531));
#2747=CARTESIAN_POINT('Ctrl Pts',(1.20219177929161,0.786218397722352,2.21137288079218));
#2748=CARTESIAN_POINT('Ctrl Pts',(-0.00969714368204336,1.43642278195726,
2.28287614025905));
#2749=CARTESIAN_POINT('Ctrl Pts',(-1.21269708205466,0.769915729345743,2.35437939972591));
#2750=CARTESIAN_POINT('Ctrl Pts',(-1.30406600383183,-0.602342345155183,
2.42588265919278));
#2751=CARTESIAN_POINT('Ctrl Pts',(-0.200049664940015,-1.42245723122885,
2.49738591865965));
#2752=CARTESIAN_POINT('Ctrl Pts',(1.08734421785781,-0.938662343450839,2.56888917812652));
#2753=CARTESIAN_POINT('Ctrl Pts',(1.37801305185606,0.405566852723179,2.64039243759338));
#2754=CARTESIAN_POINT('Ctrl Pts',(0.405512317480916,1.3780291011028,2.71189569706025));
#2755=CARTESIAN_POINT('Ctrl Pts',(-0.93870537441791,1.08730706940591,2.78339895652711));
#2756=CARTESIAN_POINT('Ctrl Pts',(-1.42244931312697,-0.200105958598704,
2.85490221599399));
#2757=CARTESIAN_POINT('Ctrl Pts',(-0.602290736240214,-1.3040898405202,2.92640547546085));
#2758=CARTESIAN_POINT('Ctrl Pts',(0.769963721333674,-1.21266661168552,2.99790873492772));
#2759=CARTESIAN_POINT('Ctrl Pts',(1.43642316450164,-0.0096402971232734,
3.06941199439458));
#2760=CARTESIAN_POINT('Ctrl Pts',(0.78617082049566,1.20222289287114,3.14091525386146));
#2761=CARTESIAN_POINT('Ctrl Pts',(-0.584732939350514,1.31205633784888,3.21241851332832));
#2762=CARTESIAN_POINT('Ctrl Pts',(-1.41963534908636,0.219180101141167,3.28392177279519));
#2763=CARTESIAN_POINT('Ctrl Pts',(-0.953214693979059,-1.07460978548683,
3.35542503226205));
#2764=CARTESIAN_POINT('Ctrl Pts',(0.386979832780032,-1.38334777182123,3.42692829172892));
#2765=CARTESIAN_POINT('Ctrl Pts',(1.37244538294155,-0.424026059998069,3.49843155119579));
#2766=CARTESIAN_POINT('Ctrl Pts',(1.09984504015301,0.923983408930012,3.56993481066265));
#2767=CARTESIAN_POINT('Ctrl Pts',(-0.180939385834339,1.42501418054722,3.64143807012953));
#2768=CARTESIAN_POINT('Ctrl Pts',(-1.29586384204944,0.619791291420318,3.71294132959639));
#2769=CARTESIAN_POINT('Ctrl Pts',(-1.2229217383594,-0.753569475181016,3.78444458906326));
#2770=CARTESIAN_POINT('Ctrl Pts',(-0.0289758816539738,-1.43616329949505,
3.85594784853012));
#2771=CARTESIAN_POINT('Ctrl Pts',(1.19153062567481,-0.802283314825233,3.92745110799699));
#2772=CARTESIAN_POINT('Ctrl Pts',(1.31980929075373,0.567017330039239,3.99895436746386));
#2773=CARTESIAN_POINT('Ctrl Pts',(0.23827006897178,1.4165566450132,4.07045762693073));
#2774=CARTESIAN_POINT('Ctrl Pts',(-1.06167918886732,0.967593447674951,4.14196088639759));
#2775=CARTESIAN_POINT('Ctrl Pts',(-1.38843449373751,-0.368321064777871,
4.21346414586446));
#2776=CARTESIAN_POINT('Ctrl Pts',(-0.442457838763967,-1.36661601897571,
4.28496740533133));
#2777=CARTESIAN_POINT('Ctrl Pts',(0.909084273286096,-1.11217785822945,4.3564706647982));
#2778=CARTESIAN_POINT('Ctrl Pts',(1.42733926510154,0.161728942182993,4.42797392426506));
#2779=CARTESIAN_POINT('Ctrl Pts',(0.637144467675482,1.28742404366318,4.49947718373193));
#2780=CARTESIAN_POINT('Ctrl Pts',(-0.736972091108906,1.23291528794378,4.5709804431988));
#2781=CARTESIAN_POINT('Ctrl Pts',(-1.43576960447135,0.0483821031955595,
4.64248370266566));
#2782=CARTESIAN_POINT('Ctrl Pts',(-0.818010148898214,-1.18076668184713,
4.71398696213253));
#2783=CARTESIAN_POINT('Ctrl Pts',(0.548741172888513,-1.32704782425681,4.7854902215994));
#2784=CARTESIAN_POINT('Ctrl Pts',(1.414103710408,-0.257850666317816,4.85699348106627));
#2785=CARTESIAN_POINT('Ctrl Pts',(0.980009335569253,1.04966368175883,4.92849674053313));
#2786=CARTESIAN_POINT('Ctrl Pts',(0.0964818544894068,1.27687439658639,4.97616558017771));
#2787=CARTESIAN_POINT('Ctrl Pts',(-0.295701823749458,1.17846740787823,5.));
#2788=CARTESIAN_POINT('Ctrl Pts',(0.655825660320193,-0.919496987602476,
-0.0988231210762919));
#2789=CARTESIAN_POINT('Ctrl Pts',(0.961826240664419,-0.70124392601727,-0.0749887012540029));
#2790=CARTESIAN_POINT('Ctrl Pts',(1.33349344363562,0.0609852415155704,-0.0273198616094244));
#2791=CARTESIAN_POINT('Ctrl Pts',(0.669741897423801,1.15619855243422,0.0441833978574422));
#2792=CARTESIAN_POINT('Ctrl Pts',(-0.608482384527008,1.18812421852201,0.11568665732431));
#2793=CARTESIAN_POINT('Ctrl Pts',(-1.3286475801391,0.132677278435811,0.187189916791176));
#2794=CARTESIAN_POINT('Ctrl Pts',(-0.831045977253256,-1.04529285232721,
0.258693176258045));
#2795=CARTESIAN_POINT('Ctrl Pts',(0.428422041032039,-1.2646102155154,0.330196435724911));
#2796=CARTESIAN_POINT('Ctrl Pts',(1.29513068207757,-0.324959630990515,0.401699695191778));
#2797=CARTESIAN_POINT('Ctrl Pts',(0.974666828718362,0.912699997047353,0.473202954658646));
#2798=CARTESIAN_POINT('Ctrl Pts',(-0.239246853344485,1.31365470349468,0.544706214125512));
#2799=CARTESIAN_POINT('Ctrl Pts',(-1.23384636031911,0.510471045182615,0.616209473592381));
#2800=CARTESIAN_POINT('Ctrl Pts',(-1.09743138116463,-0.760660255846314,
0.687712733059246));
#2801=CARTESIAN_POINT('Ctrl Pts',(0.0449568477163412,-1.33451454242583,
0.759215992526116));
#2802=CARTESIAN_POINT('Ctrl Pts',(1.14613403276741,-0.685077935454226,0.83071925199298));
#2803=CARTESIAN_POINT('Ctrl Pts',(1.19669636371445,0.592345079103481,0.902222511459849));
#2804=CARTESIAN_POINT('Ctrl Pts',(0.150294649557066,1.32678752257508,0.973725770926716));
#2805=CARTESIAN_POINT('Ctrl Pts',(-1.03387604078752,0.845017574031219,1.04522903039358));
#2806=CARTESIAN_POINT('Ctrl Pts',(-1.27033389524976,-0.41134666988391,1.11673228986045));
#2807=CARTESIAN_POINT('Ctrl Pts',(-0.342327330452417,-1.29064562249784,
1.18823554932732));
#2808=CARTESIAN_POINT('Ctrl Pts',(0.899477016839437,-0.986861356047568,
1.25973880879418));
#2809=CARTESIAN_POINT('Ctrl Pts',(1.31676669082546,0.221539389877652,1.33124206826105));
#2810=CARTESIAN_POINT('Ctrl Pts',(0.527028885956863,1.22686378718221,1.40274532772792));
#2811=CARTESIAN_POINT('Ctrl Pts',(-0.745815262248352,1.10757113129058,1.47424858719479));
#2812=CARTESIAN_POINT('Ctrl Pts',(-1.33500032637481,-0.0269877864291939,
1.54575184666165));
#2813=CARTESIAN_POINT('Ctrl Pts',(-0.700443870165195,-1.13680807280378,
1.61725510612852));
#2814=CARTESIAN_POINT('Ctrl Pts',(0.576181526826877,-1.2045617710715,1.68875836559539));
#2815=CARTESIAN_POINT('Ctrl Pts',(1.32464431369374,-0.168141766367475,1.76026162506226));
#2816=CARTESIAN_POINT('Ctrl Pts',(0.858858524403605,1.02240708438527,1.83176488452912));
#2817=CARTESIAN_POINT('Ctrl Pts',(-0.394208597256734,1.27575616532112,1.90326814399599));
#2818=CARTESIAN_POINT('Ctrl Pts',(-1.28592043063823,0.359670484522419,1.97477140346285));
#2819=CARTESIAN_POINT('Ctrl Pts',(-0.998880326092948,-0.88611077495468,
2.04627466292972));
#2820=CARTESIAN_POINT('Ctrl Pts',(0.203793508236753,-1.31962965160605,2.11777792239659));
#2821=CARTESIAN_POINT('Ctrl Pts',(1.21965796693313,-0.543496692787777,2.18928118186346));
#2822=CARTESIAN_POINT('Ctrl Pts',(1.11751064367209,0.730837993438346,2.26078444133033));
#2823=CARTESIAN_POINT('Ctrl Pts',(-0.00901408699059068,1.33524265870143,
2.33228770079719));
#2824=CARTESIAN_POINT('Ctrl Pts',(-1.12727596386055,0.715683668026254,2.40379096026406));
#2825=CARTESIAN_POINT('Ctrl Pts',(-1.21220895404202,-0.55991397831881,2.47529421973093));
#2826=CARTESIAN_POINT('Ctrl Pts',(-0.185958375098214,-1.3222608268069,2.5467974791978));
#2827=CARTESIAN_POINT('Ctrl Pts',(1.01075282473436,-0.872543946556184,2.61830073866466));
#2828=CARTESIAN_POINT('Ctrl Pts',(1.280947249095,0.376999146430542,2.68980399813153));
#2829=CARTESIAN_POINT('Ctrl Pts',(0.376948452593882,1.28096216784954,2.7613072575984));
#2830=CARTESIAN_POINT('Ctrl Pts',(-0.872583946466804,1.01071829298067,2.83281051706526));
#2831=CARTESIAN_POINT('Ctrl Pts',(-1.32225346644786,-0.186010703490282,
2.90431377653213));
#2832=CARTESIAN_POINT('Ctrl Pts',(-0.559866004682001,-1.21223111169893,
2.97581703599899));
#2833=CARTESIAN_POINT('Ctrl Pts',(0.715728279508597,-1.12724763979244,3.04732029546587));
#2834=CARTESIAN_POINT('Ctrl Pts',(1.33524301429978,-0.0089612446441455,
3.11882355493273));
#2835=CARTESIAN_POINT('Ctrl Pts',(0.730793767501895,1.11753956564353,3.1903268143996));
#2836=CARTESIAN_POINT('Ctrl Pts',(-0.543544960700796,1.21963645726103,3.26183007386646));
#2837=CARTESIAN_POINT('Ctrl Pts',(-1.31963771510065,0.203741283317295,3.33333333333334));
#2838=CARTESIAN_POINT('Ctrl Pts',(-0.886071244684372,-0.99891539250364,
3.4048365928002));
#2839=CARTESIAN_POINT('Ctrl Pts',(0.359721376794778,-1.28590619694741,3.47633985226707));
#2840=CARTESIAN_POINT('Ctrl Pts',(1.2757717609744,-0.394158106389147,3.54784311173393));
#2841=CARTESIAN_POINT('Ctrl Pts',(1.02237310213949,0.85889898087987,3.6193463712008));
#2842=CARTESIAN_POINT('Ctrl Pts',(-0.168194204129827,1.32463766728097,3.69084963066767));
#2843=CARTESIAN_POINT('Ctrl Pts',(-1.20458454398464,0.576133838999966,3.76235289013453));
#2844=CARTESIAN_POINT('Ctrl Pts',(-1.13678040603463,-0.700488826963536,
3.83385614960141));
#2845=CARTESIAN_POINT('Ctrl Pts',(-0.0269348507583143,-1.33500145391333,
3.90535940906827));
#2846=CARTESIAN_POINT('Ctrl Pts',(1.10760045060156,-0.745771314528554,3.97686266853513));
#2847=CARTESIAN_POINT('Ctrl Pts',(1.2268433002459,0.527077220440457,4.04836592800201));
#2848=CARTESIAN_POINT('Ctrl Pts',(0.221486573715669,1.31677587173278,4.11986918746887));
#2849=CARTESIAN_POINT('Ctrl Pts',(-0.986895613629548,0.899437173960122,
4.19137244693574));
#2850=CARTESIAN_POINT('Ctrl Pts',(-1.29063461547493,-0.342376912958475,
4.2628757064026));
#2851=CARTESIAN_POINT('Ctrl Pts',(-0.411291569874346,-1.27035301132907,
4.33437896586948));
#2852=CARTESIAN_POINT('Ctrl Pts',(0.845049324818004,-1.03383720936788,4.40588222533634));
#2853=CARTESIAN_POINT('Ctrl Pts',(1.32679897530324,0.150336924101933,4.4773854848032));
#2854=CARTESIAN_POINT('Ctrl Pts',(0.592264675610819,1.19673923619802,4.54888874427008));
#2855=CARTESIAN_POINT('Ctrl Pts',(-0.685060545322296,1.1460700204048,4.62039200373694));
#2856=CARTESIAN_POINT('Ctrl Pts',(-1.33463549035666,0.0449741182859633,
4.69189526320381));
#2857=CARTESIAN_POINT('Ctrl Pts',(-0.760390366805037,-1.09759470775543,
4.76339852267068));
#2858=CARTESIAN_POINT('Ctrl Pts',(0.510088416746095,-1.23357195899537,4.83490178213754));
#2859=CARTESIAN_POINT('Ctrl Pts',(1.31449571928393,-0.239687934197895,4.90640504160441));
#2860=CARTESIAN_POINT('Ctrl Pts',(0.910978499655009,0.975726466315331,4.97790830107128));
#2861=CARTESIAN_POINT('Ctrl Pts',(0.0896857732438185,1.18693269526306,5.02557714071586));
#2862=CARTESIAN_POINT('Ctrl Pts',(-0.2748728955608,1.09545739224785,5.04941156053815));
#2863=CARTESIAN_POINT('Ctrl Pts',(0.606129434160022,-0.849820649797726,
-0.0494115605381465));
#2864=CARTESIAN_POINT('Ctrl Pts',(0.888942336793518,-0.648106058975302,
-0.0255771407158574));
#2865=CARTESIAN_POINT('Ctrl Pts',(1.2324458699166,0.056363988432384,0.022091698928721));
#2866=CARTESIAN_POINT('Ctrl Pts',(0.618991146397881,1.06858577936922,0.0935949583955877));
#2867=CARTESIAN_POINT('Ctrl Pts',(-0.562373669931777,1.09809222764013,0.165098217862455));
#2868=CARTESIAN_POINT('Ctrl Pts',(-1.22796720938702,0.122623447922003,0.236601477329322));
#2869=CARTESIAN_POINT('Ctrl Pts',(-0.7680721545838,-0.96608413401097,0.30810473679619));
#2870=CARTESIAN_POINT('Ctrl Pts',(0.395957683610079,-1.16878237729992,0.379607996263057));
#2871=CARTESIAN_POINT('Ctrl Pts',(1.19699010726066,-0.300335301246006,0.451111255729924));
#2872=CARTESIAN_POINT('Ctrl Pts',(0.900809908988871,0.843538711946816,0.522614515196791));
#2873=CARTESIAN_POINT('Ctrl Pts',(-0.221117544823515,1.21411044167154,0.594117774663658));
#2874=CARTESIAN_POINT('Ctrl Pts',(-1.14034970186359,0.47178929476554,0.665621034130525));
#2875=CARTESIAN_POINT('Ctrl Pts',(-1.01427178340353,-0.703020022484393,
0.737124293597393));
#2876=CARTESIAN_POINT('Ctrl Pts',(0.0415501715114703,-1.2333895933318,0.808627553064259));
#2877=CARTESIAN_POINT('Ctrl Pts',(1.05928391459047,-0.633165071902869,0.880130812531127));
#2878=CARTESIAN_POINT('Ctrl Pts',(1.1060148049795,0.547459194337068,0.951634071997994));
#2879=CARTESIAN_POINT('Ctrl Pts',(0.138905834896462,1.22624810062536,1.02313733146486));
#2880=CARTESIAN_POINT('Ctrl Pts',(-0.955532449413749,0.780985031529181,
1.09464059093173));
#2881=CARTESIAN_POINT('Ctrl Pts',(-1.17407233615424,-0.380176225703971,
1.1661438503986));
#2882=CARTESIAN_POINT('Ctrl Pts',(-0.31638693582579,-1.1928449101607,1.23764710986546));
#2883=CARTESIAN_POINT('Ctrl Pts',(0.831317723967452,-0.91208037673222,1.30915036933233));
#2884=CARTESIAN_POINT('Ctrl Pts',(1.2169866132428,0.204751892393385,1.3806536287992));
#2885=CARTESIAN_POINT('Ctrl Pts',(0.487092438979976,1.1338962442444,1.45215688826607));
#2886=CARTESIAN_POINT('Ctrl Pts',(-0.689299931743742,1.02364317793446,1.52366014773293));
#2887=CARTESIAN_POINT('Ctrl Pts',(-1.23383856623411,-0.024942744249403,
1.5951634071998));
#2888=CARTESIAN_POINT('Ctrl Pts',(-0.647366628620172,-1.05066464398585,
1.66666666666666));
#2889=CARTESIAN_POINT('Ctrl Pts',(0.532520460786065,-1.11328419866019,1.73816992613354));
#2890=CARTESIAN_POINT('Ctrl Pts',(1.22426729678505,-0.155400558217289,1.8096731856004));
#2891=CARTESIAN_POINT('Ctrl Pts',(0.7937771620069,0.944932571313361,1.88117644506727));
#2892=CARTESIAN_POINT('Ctrl Pts',(-0.364336817622513,1.17908372513925,1.95267970453413));
#2893=CARTESIAN_POINT('Ctrl Pts',(-1.18847777718398,0.332415884979543,2.024182964001));
#2894=CARTESIAN_POINT('Ctrl Pts',(-0.923188590322454,-0.818964330191277,
2.09568622346787));
#2895=CARTESIAN_POINT('Ctrl Pts',(0.188350732987062,-1.21963262864439,2.16718948293474));
#2896=CARTESIAN_POINT('Ctrl Pts',(1.12723645641588,-0.50231237171546,2.2386927424016));
#2897=CARTESIAN_POINT('Ctrl Pts',(1.03282950805258,0.675457589154341,2.31019600186847));
#2898=CARTESIAN_POINT('Ctrl Pts',(-0.00833103029913698,1.23406253544559,
2.38169926133534));
#2899=CARTESIAN_POINT('Ctrl Pts',(-1.04185484566644,0.661451606706766,2.45320252080221));
#2900=CARTESIAN_POINT('Ctrl Pts',(-1.12035190425222,-0.517485611482439,
2.52470578026907));
#2901=CARTESIAN_POINT('Ctrl Pts',(-0.171867085256412,-1.22206442238495,
2.59620903973594));
#2902=CARTESIAN_POINT('Ctrl Pts',(0.934161431610906,-0.806425549661529,
2.6677122992028));
#2903=CARTESIAN_POINT('Ctrl Pts',(1.18388144633395,0.348431440137906,2.73921555866968));
#2904=CARTESIAN_POINT('Ctrl Pts',(0.348384587706846,1.18389523459628,2.81071881813654));
#2905=CARTESIAN_POINT('Ctrl Pts',(-0.806462518515696,0.934129516555439,
2.88222207760341));
#2906=CARTESIAN_POINT('Ctrl Pts',(-1.22205761976875,-0.171915448381859,
2.95372533707027));
#2907=CARTESIAN_POINT('Ctrl Pts',(-0.517441273123786,-1.12037238287765,
3.02522859653715));
#2908=CARTESIAN_POINT('Ctrl Pts',(0.661492837683519,-1.04182866789936,3.096731856004));
#2909=CARTESIAN_POINT('Ctrl Pts',(1.23406286409791,-0.00828219216501878,
3.16823511547088));
#2910=CARTESIAN_POINT('Ctrl Pts',(0.675416714508128,1.03285623841591,3.23973837493774));
#2911=CARTESIAN_POINT('Ctrl Pts',(-0.502356982051075,1.12721657667318,3.31124163440462));
#2912=CARTESIAN_POINT('Ctrl Pts',(-1.21964008111494,0.188302465493423,3.38274489387148));
#2913=CARTESIAN_POINT('Ctrl Pts',(-0.818927795389684,-0.923220999520448,
3.45424815333835));
#2914=CARTESIAN_POINT('Ctrl Pts',(0.332462920809522,-1.18846462207358,3.52575141280521));
#2915=CARTESIAN_POINT('Ctrl Pts',(1.17909813900726,-0.364290152780224,3.59725467227208));
#2916=CARTESIAN_POINT('Ctrl Pts',(0.944901164125963,0.793814552829727,3.66875793173894));
#2917=CARTESIAN_POINT('Ctrl Pts',(-0.155449022425314,1.22426115401471,3.74026119120582));
#2918=CARTESIAN_POINT('Ctrl Pts',(-1.11330524591984,0.532476386579613,3.81176445067268));
#2919=CARTESIAN_POINT('Ctrl Pts',(-1.05063907370986,-0.647408178746057,
3.88326771013955));
#2920=CARTESIAN_POINT('Ctrl Pts',(-0.0248938198626561,-1.23383960833162,
3.95477096960642));
#2921=CARTESIAN_POINT('Ctrl Pts',(1.02367027552831,-0.689259314231875,4.02627422907329));
#2922=CARTESIAN_POINT('Ctrl Pts',(1.13387730973808,0.487137110841675,4.09777748854015));
#2923=CARTESIAN_POINT('Ctrl Pts',(0.204703078459558,1.21699509845235,4.16928074800702));
#2924=CARTESIAN_POINT('Ctrl Pts',(-0.912112038391777,0.831280900245291,
4.24078400747388));
#2925=CARTESIAN_POINT('Ctrl Pts',(-1.19283473721235,-0.316432761139079,
4.31228726694075));
#2926=CARTESIAN_POINT('Ctrl Pts',(-0.380125300984727,-1.17409000368243,
4.38379052640762));
#2927=CARTESIAN_POINT('Ctrl Pts',(0.781014376349916,-0.955496560506314,
4.45529378587449));
#2928=CARTESIAN_POINT('Ctrl Pts',(1.22625868550493,0.138944906020873,4.52679704534135));
#2929=CARTESIAN_POINT('Ctrl Pts',(0.547384883546157,1.10605442873286,4.59830030480822));
#2930=CARTESIAN_POINT('Ctrl Pts',(-0.633148999535685,1.05922475286583,4.66980356427509));
#2931=CARTESIAN_POINT('Ctrl Pts',(-1.23350137624198,0.0415661333763668,
4.74130682374195));
#2932=CARTESIAN_POINT('Ctrl Pts',(-0.702770584711861,-1.01442273366373,
4.81281008320882));
#2933=CARTESIAN_POINT('Ctrl Pts',(0.47143566060368,-1.14009609373393,4.88431334267569));
#2934=CARTESIAN_POINT('Ctrl Pts',(1.21488772815985,-0.221525202077972,4.95581660214256));
#2935=CARTESIAN_POINT('Ctrl Pts',(0.841947663740767,0.901789250871828,5.02731986160943));
#2936=CARTESIAN_POINT('Ctrl Pts',(0.0828896919982288,1.09699099393972,5.074988701254));
#2937=CARTESIAN_POINT('Ctrl Pts',(-0.254043967372142,1.01244737661747,5.09882312107629));
#2938=CARTESIAN_POINT('Ctrl Pts',(0.556433207999852,-0.780144311992976,
-9.71445146547012E-16));
#2939=CARTESIAN_POINT('Ctrl Pts',(0.816058432922617,-0.594968191933335,
0.0238344198222881));
#2940=CARTESIAN_POINT('Ctrl Pts',(1.13139829619759,0.0517427353491978,0.0715032594668666));
#2941=CARTESIAN_POINT('Ctrl Pts',(0.56824039537196,0.980973006304226,0.143006518933733));
#2942=CARTESIAN_POINT('Ctrl Pts',(-0.516264955336544,1.00806023675825,0.214509778400601));
#2943=CARTESIAN_POINT('Ctrl Pts',(-1.12728683863495,0.112569617408195,0.286013037867468));
#2944=CARTESIAN_POINT('Ctrl Pts',(-0.705098331914342,-0.886875415694731,
0.357516297334335));
#2945=CARTESIAN_POINT('Ctrl Pts',(0.363493326188117,-1.07295453908445,0.429019556801202));
#2946=CARTESIAN_POINT('Ctrl Pts',(1.09884953244374,-0.275710971501498,0.50052281626807));
#2947=CARTESIAN_POINT('Ctrl Pts',(0.826952989259379,0.774377426846279,0.572026075734937));
#2948=CARTESIAN_POINT('Ctrl Pts',(-0.202988236302544,1.1145661798484,0.643529335201803));
#2949=CARTESIAN_POINT('Ctrl Pts',(-1.04685304340806,0.433107544348466,0.715032594668672));
#2950=CARTESIAN_POINT('Ctrl Pts',(-0.931112185642439,-0.645379789122472,
0.786535854135538));
#2951=CARTESIAN_POINT('Ctrl Pts',(0.0381434953066002,-1.13226464423778,
0.858039113602406));
#2952=CARTESIAN_POINT('Ctrl Pts',(0.97243379641353,-0.58125220835151,0.929542373069272));
#2953=CARTESIAN_POINT('Ctrl Pts',(1.01533324624455,0.502573309570652,1.00104563253614));
#2954=CARTESIAN_POINT('Ctrl Pts',(0.127517020235857,1.12570867867564,1.07254889200301));
#2955=CARTESIAN_POINT('Ctrl Pts',(-0.877188858039977,0.716952489027143,
1.14405215146988));
#2956=CARTESIAN_POINT('Ctrl Pts',(-1.07781077705873,-0.349005781524032,
1.21555541093674));
#2957=CARTESIAN_POINT('Ctrl Pts',(-0.29044654119916,-1.09504419782356,1.28705867040361));
#2958=CARTESIAN_POINT('Ctrl Pts',(0.763158431095463,-0.837299397416874,
1.35856192987047));
#2959=CARTESIAN_POINT('Ctrl Pts',(1.11720653566015,0.187964394909118,1.43006518933734));
#2960=CARTESIAN_POINT('Ctrl Pts',(0.447155992003087,1.04092870130659,1.50156844880421));
#2961=CARTESIAN_POINT('Ctrl Pts',(-0.63278460123913,0.939715224578343,1.57307170827108));
#2962=CARTESIAN_POINT('Ctrl Pts',(-1.13267680609341,-0.0228977020696117,
1.64457496773794));
#2963=CARTESIAN_POINT('Ctrl Pts',(-0.594289387075147,-0.964521215167913,
1.71607822720481));
#2964=CARTESIAN_POINT('Ctrl Pts',(0.488859394745251,-1.02200662624889,1.78758148667168));
#2965=CARTESIAN_POINT('Ctrl Pts',(1.12389027987636,-0.142659350067103,1.85908474613855));
#2966=CARTESIAN_POINT('Ctrl Pts',(0.728695799610193,0.867458058241448,1.93058800560541));
#2967=CARTESIAN_POINT('Ctrl Pts',(-0.334465037988292,1.08241128495739,2.00209126507228));
#2968=CARTESIAN_POINT('Ctrl Pts',(-1.09103512372973,0.305161285436668,2.07359452453915));
#2969=CARTESIAN_POINT('Ctrl Pts',(-0.84749685455196,-0.751817885427874,
2.14509778400602));
#2970=CARTESIAN_POINT('Ctrl Pts',(0.172907957737369,-1.11963560568272,2.21660104347288));
#2971=CARTESIAN_POINT('Ctrl Pts',(1.03481494589863,-0.461128050643144,2.28810430293975));
#2972=CARTESIAN_POINT('Ctrl Pts',(0.948148372433064,0.620077184870336,2.35960756240662));
#2973=CARTESIAN_POINT('Ctrl Pts',(-0.00764797360768404,1.13288241218975,
2.43111082187348));
#2974=CARTESIAN_POINT('Ctrl Pts',(-0.956433727472331,0.607219545387278,
2.50261408134035));
#2975=CARTESIAN_POINT('Ctrl Pts',(-1.02849485446242,-0.475057244646066,
2.57411734080722));
#2976=CARTESIAN_POINT('Ctrl Pts',(-0.157775795414611,-1.121868017963,2.64562060027409));
#2977=CARTESIAN_POINT('Ctrl Pts',(0.857570038487455,-0.740307152766874,
2.71712385974095));
#2978=CARTESIAN_POINT('Ctrl Pts',(1.08681564357289,0.319863733845269,2.78862711920782));
#2979=CARTESIAN_POINT('Ctrl Pts',(0.319820722819812,1.08682830134302,2.86013037867469));
#2980=CARTESIAN_POINT('Ctrl Pts',(-0.74034109056459,0.857540740130205,2.93163363814156));
#2981=CARTESIAN_POINT('Ctrl Pts',(-1.12186177308964,-0.157820193273437,
3.00313689760842));
#2982=CARTESIAN_POINT('Ctrl Pts',(-0.475016541565572,-1.02851365405637,
3.07464015707529));
#2983=CARTESIAN_POINT('Ctrl Pts',(0.607257395858443,-0.956409696006287,
3.14614341654215));
#2984=CARTESIAN_POINT('Ctrl Pts',(1.13288271389605,-0.00760313968589113,
3.21764667600902));
#2985=CARTESIAN_POINT('Ctrl Pts',(0.620039661514362,0.948172911188297,3.28914993547589));
#2986=CARTESIAN_POINT('Ctrl Pts',(-0.461169003401355,1.03479669608533,3.36065319494276));
#2987=CARTESIAN_POINT('Ctrl Pts',(-1.11964244712923,0.172863647669551,3.43215645440963));
#2988=CARTESIAN_POINT('Ctrl Pts',(-0.751784346094996,-0.847526606537258,
3.50365971387649));
#2989=CARTESIAN_POINT('Ctrl Pts',(0.305204464824267,-1.09102304719975,3.57516297334336));
#2990=CARTESIAN_POINT('Ctrl Pts',(1.08242451704012,-0.334422199171304,3.64666623281023));
#2991=CARTESIAN_POINT('Ctrl Pts',(0.86742922611244,0.728730124779587,3.71816949227709));
#2992=CARTESIAN_POINT('Ctrl Pts',(-0.142703840720802,1.12388464074845,3.78967275174396));
#2993=CARTESIAN_POINT('Ctrl Pts',(-1.02202594785505,0.488818934159263,3.86117601121083));
#2994=CARTESIAN_POINT('Ctrl Pts',(-0.96449774138509,-0.594327530528579,
3.93267927067769));
#2995=CARTESIAN_POINT('Ctrl Pts',(-0.022852788966997,-1.1326777627499,4.00418253014456));
#2996=CARTESIAN_POINT('Ctrl Pts',(0.939740100455056,-0.632747313935197,
4.07568578961143));
#2997=CARTESIAN_POINT('Ctrl Pts',(1.04091131923025,0.447197001242894,4.14718904907829));
#2998=CARTESIAN_POINT('Ctrl Pts',(0.187919583203448,1.11721432517193,4.21869230854517));
#2999=CARTESIAN_POINT('Ctrl Pts',(-0.837328463154008,0.763124626530461,
4.29019556801203));
#3000=CARTESIAN_POINT('Ctrl Pts',(-1.09503485894976,-0.290488609319681,
4.3616988274789));
#3001=CARTESIAN_POINT('Ctrl Pts',(-0.348959032095106,-1.07782699603579,
4.43320208694576));
#3002=CARTESIAN_POINT('Ctrl Pts',(0.716979427881823,-0.877155911644743,
4.50470534641263));
#3003=CARTESIAN_POINT('Ctrl Pts',(1.12571839570663,0.127552887939812,4.5762086058795));
#3004=CARTESIAN_POINT('Ctrl Pts',(0.502505091481493,1.0153696212677,4.64771186534637));
#3005=CARTESIAN_POINT('Ctrl Pts',(-0.581237453749073,0.972379485326848,
4.71921512481323));
#3006=CARTESIAN_POINT('Ctrl Pts',(-1.1323672621273,0.038158148466771,4.7907183842801));
#3007=CARTESIAN_POINT('Ctrl Pts',(-0.645150802618682,-0.931250759572033,
4.86222164374697));
#3008=CARTESIAN_POINT('Ctrl Pts',(0.432782904461262,-1.04662022847249,4.93372490321384));
#3009=CARTESIAN_POINT('Ctrl Pts',(1.11527973703578,-0.203362469958049,5.0052281626807));
#3010=CARTESIAN_POINT('Ctrl Pts',(0.772916827826522,0.827852035428325,5.07673142214757));
#3011=CARTESIAN_POINT('Ctrl Pts',(0.0760936107526406,1.00704929261639,5.12440026179215));
#3012=CARTESIAN_POINT('Ctrl Pts',(-0.233215039183484,0.92943736098709,5.14823468161444));
#3013=CARTESIAN_POINT('',(-0.295701823749425,1.17846740787824,5.));
#3014=CARTESIAN_POINT('Ctrl Pts',(0.929336300522032,-0.240012372885609,
5.));
#3015=CARTESIAN_POINT('Ctrl Pts',(0.938247759626725,-0.218179083184556,
5.));
#3016=CARTESIAN_POINT('Ctrl Pts',(0.946277374852657,-0.196048109241509,
5.));
#3017=CARTESIAN_POINT('Ctrl Pts',(0.953395000661472,-0.173662085513907,
5.));
#3018=CARTESIAN_POINT('Ctrl Pts',(0.966395551534684,-0.132773361080099,
5.));
#3019=CARTESIAN_POINT('Ctrl Pts',(0.976357110959632,-0.0910358215824524,
5.));
#3020=CARTESIAN_POINT('Ctrl Pts',(0.983437356822163,-0.0487485060890158,
5.));
#3021=CARTESIAN_POINT('Ctrl Pts',(0.989632571951879,-0.0117471050322588,
5.));
#3022=CARTESIAN_POINT('Ctrl Pts',(0.993621014412956,0.0256763474582048,
5.));
#3023=CARTESIAN_POINT('Ctrl Pts',(0.995476086948399,0.0633395890625946,
5.));
#3024=CARTESIAN_POINT('Ctrl Pts',(0.996491291226349,0.0839511194840251,
5.));
#3025=CARTESIAN_POINT('Ctrl Pts',(0.996867042457864,0.104634704056937,5.));
#3026=CARTESIAN_POINT('Ctrl Pts',(0.996611561244672,0.125361610232693,5.));
#3027=CARTESIAN_POINT('Ctrl Pts',(0.99651251079125,0.133397463159387,5.));
#3028=CARTESIAN_POINT('Ctrl Pts',(0.996318531640841,0.141436065991744,5.));
#3029=CARTESIAN_POINT('Ctrl Pts',(0.996030749763257,0.149467475819007,5.));
#3030=CARTESIAN_POINT('Ctrl Pts',(0.994454013905461,0.19347098281416,5.));
#3031=CARTESIAN_POINT('Ctrl Pts',(0.990064640117006,0.237329205112699,5.));
#3032=CARTESIAN_POINT('Ctrl Pts',(0.98300604960442,0.280755307852186,5.));
#3033=CARTESIAN_POINT('Ctrl Pts',(0.975780005464448,0.325211624543595,5.));
#3034=CARTESIAN_POINT('Ctrl Pts',(0.965756722240646,0.369216210292579,5.));
#3035=CARTESIAN_POINT('Ctrl Pts',(0.953038315594288,0.412477348227417,5.));
#3036=CARTESIAN_POINT('Ctrl Pts',(0.94678048981301,0.433763085649062,5.));
#3037=CARTESIAN_POINT('Ctrl Pts',(0.939869401026894,0.454868973961116,5.));
#3038=CARTESIAN_POINT('Ctrl Pts',(0.932312650234957,0.475760296260142,5.));
#3039=CARTESIAN_POINT('Ctrl Pts',(0.928105426535677,0.487391547403102,5.));
#3040=CARTESIAN_POINT('Ctrl Pts',(0.923698013136966,0.498956283480582,5.));
#3041=CARTESIAN_POINT('Ctrl Pts',(0.919091323402462,0.510448427192901,5.));
#3042=CARTESIAN_POINT('Ctrl Pts',(0.915835919599542,0.518569566340728,5.));
#3043=CARTESIAN_POINT('Ctrl Pts',(0.912480971036625,0.526654204575597,5.));
#3044=CARTESIAN_POINT('Ctrl Pts',(0.909032638535766,0.53468728197078,5.));
#3045=CARTESIAN_POINT('Ctrl Pts',(0.89059679850556,0.577634570195161,5.));
#3046=CARTESIAN_POINT('Ctrl Pts',(0.869458885680255,0.619202184067941,5.));
#3047=CARTESIAN_POINT('Ctrl Pts',(0.845745026532922,0.659083524899993,5.));
#3048=CARTESIAN_POINT('Ctrl Pts',(0.822105829880906,0.698839300323031,5.));
#3049=CARTESIAN_POINT('Ctrl Pts',(0.795906708725072,0.736920726420823,5.));
#3050=CARTESIAN_POINT('Ctrl Pts',(0.76722212316119,0.773018728139305,5.));
#3051=CARTESIAN_POINT('Ctrl Pts',(0.760524454399058,0.781447382544885,5.));
#3052=CARTESIAN_POINT('Ctrl Pts',(0.753691068809978,0.789767830123421,5.));
#3053=CARTESIAN_POINT('Ctrl Pts',(0.746722531938841,0.797975973191549,5.));
#3054=CARTESIAN_POINT('Ctrl Pts',(0.728600812773011,0.819321295215982,5.));
#3055=CARTESIAN_POINT('Ctrl Pts',(0.709565548951693,0.839907473838652,5.));
#3056=CARTESIAN_POINT('Ctrl Pts',(0.689675803967294,0.859721136893471,5.));
#3057=CARTESIAN_POINT('Ctrl Pts',(0.682690404086977,0.866679816335582,5.));
#3058=CARTESIAN_POINT('Ctrl Pts',(0.675605202362328,0.873537439792354,5.));
#3059=CARTESIAN_POINT('Ctrl Pts',(0.668428793712345,0.880288691724161,5.));
#3060=CARTESIAN_POINT('Ctrl Pts',(0.634665780021165,0.91205146089238,5.));
#3061=CARTESIAN_POINT('Ctrl Pts',(0.598851655271897,0.941497962133294,5.));
#3062=CARTESIAN_POINT('Ctrl Pts',(0.561304431542337,0.968605793977822,5.));
#3063=CARTESIAN_POINT('Ctrl Pts',(0.522837967316613,0.99637728652265,5.));
#3064=CARTESIAN_POINT('Ctrl Pts',(0.482551800228877,1.02169482346901,5.));
#3065=CARTESIAN_POINT('Ctrl Pts',(0.44074041301255,1.04450424578301,5.));
#3066=CARTESIAN_POINT('Ctrl Pts',(0.413030484490782,1.05962088036569,5.));
#3067=CARTESIAN_POINT('Ctrl Pts',(0.384649680326467,1.07363526787692,5.));
#3068=CARTESIAN_POINT('Ctrl Pts',(0.35567513760351,1.08652255149882,5.));
#3069=CARTESIAN_POINT('Ctrl Pts',(0.346543234624183,1.0905842350542,5.));
#3070=CARTESIAN_POINT('Ctrl Pts',(0.337352312917427,1.09453390160324,5.));
#3071=CARTESIAN_POINT('Ctrl Pts',(0.328104682708259,1.09837060314683,5.));
#3072=CARTESIAN_POINT('Ctrl Pts',(0.319144284175547,1.10208813662341,5.));
#3073=CARTESIAN_POINT('Ctrl Pts',(0.310139082880834,1.10569609331368,5.));
#3074=CARTESIAN_POINT('Ctrl Pts',(0.301093485019867,1.10919340077767,5.));
#3075=CARTESIAN_POINT('Ctrl Pts',(0.253852503158566,1.12745822318181,5.));
#3076=CARTESIAN_POINT('Ctrl Pts',(0.205496145040276,1.14271543841755,5.));
#3077=CARTESIAN_POINT('Ctrl Pts',(0.156359373782764,1.1548991144003,5.));
#3078=CARTESIAN_POINT('Ctrl Pts',(0.115243697263649,1.16509392508282,5.));
#3079=CARTESIAN_POINT('Ctrl Pts',(0.0735804264017681,1.17313625674146,5.));
#3080=CARTESIAN_POINT('Ctrl Pts',(0.0315494805932153,1.1789622052261,5.));
#3081=CARTESIAN_POINT('Ctrl Pts',(0.021618729193527,1.18033871591258,5.));
#3082=CARTESIAN_POINT('Ctrl Pts',(0.0116698219362387,1.18159097710422,5.));
#3083=CARTESIAN_POINT('Ctrl Pts',(0.00171382919815992,1.18271734775452,
5.));
#3084=CARTESIAN_POINT('Ctrl Pts',(-0.048686677678018,1.18841940612269,5.));
#3085=CARTESIAN_POINT('Ctrl Pts',(-0.0993299941838048,1.19090788612134,
5.));
#3086=CARTESIAN_POINT('Ctrl Pts',(-0.149905465665922,1.19010116865475,5.));
#3087=CARTESIAN_POINT('Ctrl Pts',(-0.198654644344981,1.18932358195571,5.));
#3088=CARTESIAN_POINT('Ctrl Pts',(-0.247341871978299,1.1854846951688,5.));
#3089=CARTESIAN_POINT('Ctrl Pts',(-0.295701823749442,1.17846740787824,5.));
#3090=CARTESIAN_POINT('Ctrl Pts',(0.532258849867747,1.09443814954078,-2.45463371850718E-16));
#3091=CARTESIAN_POINT('Ctrl Pts',(0.557425190872329,1.07902322660398,-2.59877564354235E-16));
#3092=CARTESIAN_POINT('Ctrl Pts',(0.5819502258471,1.06265120693613,-6.12187799995911E-16));
#3093=CARTESIAN_POINT('Ctrl Pts',(0.605771345433592,1.04531869794099,-5.44703171456717E-16));
#3094=CARTESIAN_POINT('Ctrl Pts',(0.644364828550318,1.01723765452716,-4.36572785287773E-16));
#3095=CARTESIAN_POINT('Ctrl Pts',(0.681112542991117,0.986636413574548,-2.73491389809226E-16));
#3096=CARTESIAN_POINT('Ctrl Pts',(0.715889685738913,0.953772719073801,-2.86229373536173E-16));
#3097=CARTESIAN_POINT('Ctrl Pts',(0.734414391786473,0.936267247601401,-2.93014502662264E-16));
#3098=CARTESIAN_POINT('Ctrl Pts',(0.752379385823393,0.918119412359144,-3.35274115686609E-16));
#3099=CARTESIAN_POINT('Ctrl Pts',(0.769761472819819,0.89936609354887,-3.81639164714898E-16));
#3100=CARTESIAN_POINT('Ctrl Pts',(0.777611618738914,0.890896668147983,-4.02578675631677E-16));
#3101=CARTESIAN_POINT('Ctrl Pts',(0.785343154571765,0.882303154941312,-1.11000214015154E-16));
#3102=CARTESIAN_POINT('Ctrl Pts',(0.792943649199543,0.873601055907038,-1.07552855510562E-16));
#3103=CARTESIAN_POINT('Ctrl Pts',(0.825762873170904,0.836025062341692,-9.26670307830136E-17));
#3104=CARTESIAN_POINT('Ctrl Pts',(0.856191347134178,0.796374765469429,-1.60764082610988E-16));
#3105=CARTESIAN_POINT('Ctrl Pts',(0.88408270353569,0.754945615078566,-1.49186218934005E-16));
#3106=CARTESIAN_POINT('Ctrl Pts',(0.901495138059412,0.72908160336936,-1.41958216455463E-16));
#3107=CARTESIAN_POINT('Ctrl Pts',(0.917917835497312,0.702523760300292,-2.56202240838152E-16));
#3108=CARTESIAN_POINT('Ctrl Pts',(0.933305238916188,0.675341221881925,-3.19189119579733E-16));
#3109=CARTESIAN_POINT('Ctrl Pts',(0.940139484100303,0.663268221179943,-3.47164455052778E-16));
#3110=CARTESIAN_POINT('Ctrl Pts',(0.946769395960043,0.65107197666298,-2.27421347386602E-16));
#3111=CARTESIAN_POINT('Ctrl Pts',(0.953190461582717,0.63875852334335,-2.42861286636753E-16));
#3112=CARTESIAN_POINT('Ctrl Pts',(0.957626114645313,0.630252426359155,-2.53527150816583E-16));
#3113=CARTESIAN_POINT('Ctrl Pts',(0.961961062068298,0.621692193480039,-8.59815161251188E-17));
#3114=CARTESIAN_POINT('Ctrl Pts',(0.966189148798903,0.613090070618187,-9.0205620750794E-17));
#3115=CARTESIAN_POINT('Ctrl Pts',(0.98771803375779,0.569289144739695,-1.11714229333065E-16));
#3116=CARTESIAN_POINT('Ctrl Pts',(1.00651893995085,0.524330157811171,-1.9723462480884E-16));
#3117=CARTESIAN_POINT('Ctrl Pts',(1.02245021076893,0.478488241130135,-1.59594559789866E-16));
#3118=CARTESIAN_POINT('Ctrl Pts',(1.03786688584436,0.434127063520582,-1.23170305953365E-16));
#3119=CARTESIAN_POINT('Ctrl Pts',(1.05059636370047,0.388937998125344,-1.80402774371854E-16));
#3120=CARTESIAN_POINT('Ctrl Pts',(1.06046173123082,0.343168003124005,-1.17961196366423E-16));
#3121=CARTESIAN_POINT('Ctrl Pts',(1.06564138829468,0.319137182458485,-8.51772215576714E-17));
#3122=CARTESIAN_POINT('Ctrl Pts',(1.07003069835618,0.29494627913311,-8.53434260153862E-17));
#3123=CARTESIAN_POINT('Ctrl Pts',(1.07359835780569,0.270632210890957,-7.63278329429795E-17));
#3124=CARTESIAN_POINT('Ctrl Pts',(1.07595448966863,0.254574862448997,-7.03738100319317E-17));
#3125=CARTESIAN_POINT('Ctrl Pts',(1.07795217975429,0.238463816986827,-1.15683486180747E-16));
#3126=CARTESIAN_POINT('Ctrl Pts',(1.07958142435023,0.22231006526759,-1.38777878078145E-16));
#3127=CARTESIAN_POINT('Ctrl Pts',(1.08038594602535,0.214333335791233,-1.50181898629427E-16));
#3128=CARTESIAN_POINT('Ctrl Pts',(1.08110029764011,0.206348685005436,2.43762656861853E-16));
#3129=CARTESIAN_POINT('Ctrl Pts',(1.08172290267302,0.198366020994749,2.35922392732846E-16));
#3130=CARTESIAN_POINT('Ctrl Pts',(1.08524991104548,0.153144859404707,1.91507915233636E-16));
#3131=CARTESIAN_POINT('Ctrl Pts',(1.08584513086158,0.107906748444124,-2.20791512049519E-16));
#3132=CARTESIAN_POINT('Ctrl Pts',(1.08335590594971,0.0628816302687414,-1.52655665885959E-16));
#3133=CARTESIAN_POINT('Ctrl Pts',(1.08313213880992,0.0588341286288715,-1.4653064144945E-16));
#3134=CARTESIAN_POINT('Ctrl Pts',(1.08288341186431,0.0547883544982033,2.25447396278648E-16));
#3135=CARTESIAN_POINT('Ctrl Pts',(1.08260959362222,0.0507444793956568,2.22044604925031E-16));
#3136=CARTESIAN_POINT('Ctrl Pts',(1.07973976762638,0.008361554851272,2.00734037772216E-16));
#3137=CARTESIAN_POINT('Ctrl Pts',(1.07411650976949,-0.0338141903208568,
1.82964346672441E-16));
#3138=CARTESIAN_POINT('Ctrl Pts',(1.06585918770106,-0.0755739578741736,
2.08166817117217E-16));
#3139=CARTESIAN_POINT('Ctrl Pts',(1.06177554092239,-0.0962261909872616,
2.20630662707035E-16));
#3140=CARTESIAN_POINT('Ctrl Pts',(1.0570471444674,-0.116776419130228,3.45754156553405E-17));
#3141=CARTESIAN_POINT('Ctrl Pts',(1.05168573970959,-0.137197417222056,2.77555756156289E-17));
#3142=CARTESIAN_POINT('Ctrl Pts',(1.04833775923329,-0.149949504782441,2.34968612793782E-17));
#3143=CARTESIAN_POINT('Ctrl Pts',(1.04474290429898,-0.162651170314427,-1.51187143701045E-16));
#3144=CARTESIAN_POINT('Ctrl Pts',(1.04090373759098,-0.175295455402146,-1.52655665885959E-16));
#3145=CARTESIAN_POINT('Ctrl Pts',(1.03746483773288,-0.186621462710798,-1.53971081734611E-16));
#3146=CARTESIAN_POINT('Ctrl Pts',(1.03382822542419,-0.197905837910394,-2.98273706377092E-16));
#3147=CARTESIAN_POINT('Ctrl Pts',(1.03000556727212,-0.209115762723941,-2.91433543964104E-16));
#3148=CARTESIAN_POINT('Ctrl Pts',(1.01543874313668,-0.2518328974597,-2.65368057864054E-16));
#3149=CARTESIAN_POINT('Ctrl Pts',(0.998154410705842,-0.293543188359782,
2.20669463286184E-16));
#3150=CARTESIAN_POINT('Ctrl Pts',(0.978314226400614,-0.334002665405691,
1.66533453693773E-16));
#3151=CARTESIAN_POINT('Ctrl Pts',(0.958605956201249,-0.374193134076675,
1.12757385480458E-16));
#3152=CARTESIAN_POINT('Ctrl Pts',(0.9363748416185,-0.413150274560069,1.00437533148281E-16));
#3153=CARTESIAN_POINT('Ctrl Pts',(0.911742204536292,-0.450600267060326,
1.38777878078145E-16));
#3154=CARTESIAN_POINT('Ctrl Pts',(0.900369278439431,-0.467890985695608,
1.56479673787646E-16));
#3155=CARTESIAN_POINT('Ctrl Pts',(0.888483982406023,-0.484859857894751,
-1.9709304838583E-17));
#3156=CARTESIAN_POINT('Ctrl Pts',(0.876096325394097,-0.501476611688895,
-2.77555756156289E-17));
#3157=CARTESIAN_POINT('Ctrl Pts',(0.869078379919527,-0.510890455806421,
-3.23140074104845E-17));
#3158=CARTESIAN_POINT('Ctrl Pts',(0.861899180914526,-0.520191244907168,
-9.08206995355046E-17));
#3159=CARTESIAN_POINT('Ctrl Pts',(0.854560417792989,-0.529373126658484,
-8.32667268468867E-17));
#3160=CARTESIAN_POINT('Ctrl Pts',(0.848030483089129,-0.537543044027626,
-7.65453015066053E-17));
#3161=CARTESIAN_POINT('Ctrl Pts',(0.841372558771042,-0.545620515191974,
5.78288841072169E-17));
#3162=CARTESIAN_POINT('Ctrl Pts',(0.834603192084193,-0.55358386667332,5.55111512312578E-17));
#3163=CARTESIAN_POINT('Ctrl Pts',(0.806688801242805,-0.586421813846353,
4.59536690680968E-17));
#3164=CARTESIAN_POINT('Ctrl Pts',(0.776829399330453,-0.617390277463726,
-6.78970007009054E-17));
#3165=CARTESIAN_POINT('Ctrl Pts',(0.745145030089564,-0.646250893385435,
-2.77555756156289E-17));
#3166=CARTESIAN_POINT('Ctrl Pts',(0.714594476368673,-0.674078740941142,
1.0949400777534E-17));
#3167=CARTESIAN_POINT('Ctrl Pts',(0.682346428704015,-0.699947324186959,
-1.31514665528531E-16));
#3168=CARTESIAN_POINT('Ctrl Pts',(0.648488614278125,-0.723600151048506,
-1.66533453693773E-16));
#3169=CARTESIAN_POINT('Ctrl Pts',(0.619007335657966,-0.744195561315935,
-1.9702563602585E-16));
#3170=CARTESIAN_POINT('Ctrl Pts',(0.588305010950003,-0.76311061999417,-9.2494624131594E-17));
#3171=CARTESIAN_POINT('Ctrl Pts',(0.556433207999862,-0.780144311992969,
-8.32667268468867E-17));
#3172=CARTESIAN_POINT('Ctrl Pts',(-0.295701823749458,1.17846740787823,5.));
#3173=CARTESIAN_POINT('Ctrl Pts',(0.0964818544894056,1.27687439658639,4.97616558017771));
#3174=CARTESIAN_POINT('Ctrl Pts',(0.538245595029328,1.16326903917261,4.95233116035542));
#3175=CARTESIAN_POINT('Ctrl Pts',(0.831476527772413,0.888547302452951,4.92849674053313));
#3176=CARTESIAN_POINT('Ctrl Pts',(1.1247074605155,0.613825565733285,4.90466232071084));
#3177=CARTESIAN_POINT('Ctrl Pts',(1.26940558546175,0.177987449707726,4.88082790088856));
#3178=CARTESIAN_POINT('Ctrl Pts',(1.19752755834829,-0.218131134628217,4.85699348106627));
#3179=CARTESIAN_POINT('Ctrl Pts',(1.12564953123484,-0.614249718964148,4.83315906124398));
#3180=CARTESIAN_POINT('Ctrl Pts',(0.837195352061678,-0.970648771610472,
4.80932464142169));
#3181=CARTESIAN_POINT('Ctrl Pts',(0.465176375510651,-1.12446810753202,4.7854902215994));
#3182=CARTESIAN_POINT('Ctrl Pts',(0.093157398959607,-1.27828744345358,4.76165580177711));
#3183=CARTESIAN_POINT('Ctrl Pts',(-0.362426374969297,-1.22952706265036,
4.73782138195482));
#3184=CARTESIAN_POINT('Ctrl Pts',(-0.693178171195947,-1.00028874140829,
4.71398696213253));
#3185=CARTESIAN_POINT('Ctrl Pts',(-1.01278692704399,-0.778773467777958,
4.690955524805));
#3186=CARTESIAN_POINT('Ctrl Pts',(-1.21583320656105,-0.388736025005663,
4.66792408747747));
#3187=CARTESIAN_POINT('Ctrl Pts',(-1.21696498941394,0.000269517755731299,
4.64489265014994));
#3188=CARTESIAN_POINT('Origin',(0.,0.,0.));
#3189=CARTESIAN_POINT('Origin',(0.,0.,5.));
#3190=CARTESIAN_POINT('Origin',(0.,0.,0.));
#3191=CARTESIAN_POINT('',(-2.5,-3.06161699786838E-16,0.));
#3192=CARTESIAN_POINT('Origin',(0.,0.,0.));
#3193=CARTESIAN_POINT('Origin',(0.,0.,0.));
#3194=CARTESIAN_POINT('',(-2.5,3.06161699786838E-16,0.));
#3195=CARTESIAN_POINT('Origin',(0.,0.,-0.91));
#3196=CARTESIAN_POINT('Origin',(0.,0.,5.));
#3197=UNCERTAINTY_MEASURE_WITH_UNIT(LENGTH_MEASURE(0.01),#3201,
'DISTANCE_ACCURACY_VALUE',
'Maximum model space distance between geometric entities at asserted c
onnectivities');
#3198=UNCERTAINTY_MEASURE_WITH_UNIT(LENGTH_MEASURE(0.01),#3201,
'DISTANCE_ACCURACY_VALUE',
'Maximum model space distance between geometric entities at asserted c
onnectivities');
#3199=(
GEOMETRIC_REPRESENTATION_CONTEXT(3)
GLOBAL_UNCERTAINTY_ASSIGNED_CONTEXT((#3197))
GLOBAL_UNIT_ASSIGNED_CONTEXT((#3201,#3203,#3204))
REPRESENTATION_CONTEXT('','3D')
);
#3200=(
GEOMETRIC_REPRESENTATION_CONTEXT(3)
GLOBAL_UNCERTAINTY_ASSIGNED_CONTEXT((#3198))
GLOBAL_UNIT_ASSIGNED_CONTEXT((#3201,#3203,#3204))
REPRESENTATION_CONTEXT('','3D')
);
#3201=(
LENGTH_UNIT()
NAMED_UNIT(*)
SI_UNIT(.MILLI.,.METRE.)
);
#3202=(
LENGTH_UNIT()
NAMED_UNIT(*)
SI_UNIT($,.METRE.)
);
#3203=(
NAMED_UNIT(*)
PLANE_ANGLE_UNIT()
SI_UNIT($,.RADIAN.)
);
#3204=(
NAMED_UNIT(*)
SI_UNIT($,.STERADIAN.)
SOLID_ANGLE_UNIT()
);
#3205=SHAPE_DEFINITION_REPRESENTATION(#3206,#3207);
#3206=PRODUCT_DEFINITION_SHAPE('',$,#3209);
#3207=SHAPE_REPRESENTATION('',(#803),#3199);
#3208=PRODUCT_DEFINITION_CONTEXT('part definition',#3213,'design');
#3209=PRODUCT_DEFINITION('M2.5 X 5mm Phillips Pan head Screw',
'M2.5 X 5mm Phillips Pan head Screw v7',#3210,#3208);
#3210=PRODUCT_DEFINITION_FORMATION('',$,#3215);
#3211=PRODUCT_RELATED_PRODUCT_CATEGORY(
'M2.5 X 5mm Phillips Pan head Screw v7',
'M2.5 X 5mm Phillips Pan head Screw v7',(#3215));
#3212=APPLICATION_PROTOCOL_DEFINITION('international standard',
'automotive_design',2009,#3213);
#3213=APPLICATION_CONTEXT(
'Core Data for Automotive Mechanical Design Process');
#3214=PRODUCT_CONTEXT('part definition',#3213,'mechanical');
#3215=PRODUCT('M2.5 X 5mm Phillips Pan head Screw',
'M2.5 X 5mm Phillips Pan head Screw v7',$,(#3214));
#3216=PRESENTATION_STYLE_ASSIGNMENT((#3217));
#3217=SURFACE_STYLE_USAGE(.BOTH.,#3218);
#3218=SURFACE_SIDE_STYLE('',(#3219));
#3219=SURFACE_STYLE_FILL_AREA(#3220);
#3220=FILL_AREA_STYLE('Steel - Satin',(#3221));
#3221=FILL_AREA_STYLE_COLOUR('Steel - Satin',#3222);
#3222=COLOUR_RGB('Steel - Satin',0.627450980392157,0.627450980392157,0.627450980392157);
ENDSEC;
END-ISO-10303-21;
