ISO-10303-21;
HEADER;
/* Generated by software containing ST-Developer
 * from STEP Tools, Inc. (www.steptools.com) 
 */

FILE_DESCRIPTION(
/* description */ (''),
/* implementation_level */ '2;1');

FILE_NAME(
/* name */ 'M3 Dome Nut.step',
/* time_stamp */ '2026-03-06T10:01:12+05:30',
/* author */ (''),
/* organization */ (''),
/* preprocessor_version */ 'ST-DEVELOPER v20.1',
/* originating_system */ 'Autodesk Translation Framework v14.24.0.0',
/* authorisation */ '');

FILE_SCHEMA (('AUTOMOTIVE_DESIGN { 1 0 10303 214 3 1 1 }'));
ENDSEC;

DATA;
#10=MECHANICAL_DESIGN_GEOMETRIC_PRESENTATION_REPRESENTATION('',(#13),#3162);
#11=SHAPE_REPRESENTATION_RELATIONSHIP('SRR','None',#3169,#12);
#12=ADVANCED_BREP_SHAPE_REPRESENTATION('',(#14),#3161);
#13=STYLED_ITEM('',(#3178),#14);
#14=MANIFOLD_SOLID_BREP('Body1',#1141);
#15=SPHERICAL_SURFACE('',#1252,2.25);
#16=FACE_BOUND('',#158,.T.);
#17=FACE_BOUND('',#175,.T.);
#18=PLANE('',#1179);
#19=PLANE('',#1180);
#20=PLANE('',#1188);
#21=PLANE('',#1191);
#22=PLANE('',#1194);
#23=PLANE('',#1197);
#24=PLANE('',#1200);
#25=PLANE('',#1203);
#26=PLANE('',#1206);
#27=PLANE('',#1208);
#28=PLANE('',#1212);
#29=PLANE('',#1214);
#30=PLANE('',#1222);
#31=PLANE('',#1227);
#32=PLANE('',#1232);
#33=PLANE('',#1236);
#34=PLANE('',#1237);
#35=PLANE('',#1248);
#36=PLANE('',#1249);
#37=PLANE('',#1250);
#38=PLANE('',#1251);
#39=ELLIPSE('',#1177,0.223606797749979,0.1);
#40=ELLIPSE('',#1178,0.223606797749979,0.1);
#41=ELLIPSE('',#1181,0.223606797749979,0.1);
#42=ELLIPSE('',#1182,0.223606797749979,0.1);
#43=ELLIPSE('',#1184,0.223606797749979,0.1);
#44=ELLIPSE('',#1186,0.223606797749979,0.1);
#45=ELLIPSE('',#1187,0.223606797749979,0.1);
#46=ELLIPSE('',#1189,0.223606797749979,0.1);
#47=ELLIPSE('',#1190,0.223606797749979,0.1);
#48=ELLIPSE('',#1193,0.223606797749979,0.1);
#49=ELLIPSE('',#1195,0.223606797749979,0.1);
#50=ELLIPSE('',#1196,0.223606797749979,0.1);
#51=ELLIPSE('',#1199,0.223606797749979,0.1);
#52=ELLIPSE('',#1201,0.223606797749979,0.1);
#53=ELLIPSE('',#1202,0.223606797749979,0.1);
#54=ELLIPSE('',#1205,0.223606797749979,0.1);
#55=ELLIPSE('',#1207,0.223606797749979,0.1);
#56=ELLIPSE('',#1210,0.223606797749979,0.1);
#57=ELLIPSE('',#1211,0.223606797749979,0.1);
#58=ELLIPSE('',#1215,0.22360679774998,0.1);
#59=ELLIPSE('',#1216,0.223606797749979,0.1);
#60=ELLIPSE('',#1218,0.223606797749979,0.1);
#61=ELLIPSE('',#1220,0.223606797749979,0.1);
#62=ELLIPSE('',#1221,0.223606797749979,0.1);
#63=ELLIPSE('',#1223,0.22360679774998,0.1);
#64=ELLIPSE('',#1224,0.223606797749979,0.1);
#65=ELLIPSE('',#1226,0.223606797749979,0.1);
#66=ELLIPSE('',#1228,0.22360679774998,0.1);
#67=ELLIPSE('',#1229,0.223606797749979,0.1);
#68=ELLIPSE('',#1231,0.223606797749979,0.1);
#69=ELLIPSE('',#1234,0.223606797749979,0.1);
#70=ELLIPSE('',#1235,0.223606797749979,0.1);
#71=ELLIPSE('',#1238,0.22360679774998,0.1);
#72=ELLIPSE('',#1241,0.22360679774998,0.1);
#73=ELLIPSE('',#1244,0.22360679774998,0.1);
#74=ELLIPSE('',#1247,0.223606797749979,0.1);
#75=B_SPLINE_SURFACE_WITH_KNOTS('',3,3,((#2120,#2121,#2122,#2123,#2124,
#2125,#2126,#2127,#2128,#2129,#2130,#2131,#2132,#2133,#2134,#2135,#2136,
#2137,#2138,#2139,#2140,#2141,#2142,#2143,#2144,#2145,#2146,#2147,#2148,
#2149,#2150,#2151,#2152,#2153,#2154,#2155,#2156,#2157,#2158,#2159,#2160,
#2161,#2162,#2163,#2164,#2165,#2166,#2167,#2168,#2169,#2170,#2171,#2172,
#2173,#2174,#2175),(#2176,#2177,#2178,#2179,#2180,#2181,#2182,#2183,#2184,
#2185,#2186,#2187,#2188,#2189,#2190,#2191,#2192,#2193,#2194,#2195,#2196,
#2197,#2198,#2199,#2200,#2201,#2202,#2203,#2204,#2205,#2206,#2207,#2208,
#2209,#2210,#2211,#2212,#2213,#2214,#2215,#2216,#2217,#2218,#2219,#2220,
#2221,#2222,#2223,#2224,#2225,#2226,#2227,#2228,#2229,#2230,#2231),(#2232,
#2233,#2234,#2235,#2236,#2237,#2238,#2239,#2240,#2241,#2242,#2243,#2244,
#2245,#2246,#2247,#2248,#2249,#2250,#2251,#2252,#2253,#2254,#2255,#2256,
#2257,#2258,#2259,#2260,#2261,#2262,#2263,#2264,#2265,#2266,#2267,#2268,
#2269,#2270,#2271,#2272,#2273,#2274,#2275,#2276,#2277,#2278,#2279,#2280,
#2281,#2282,#2283,#2284,#2285,#2286,#2287),(#2288,#2289,#2290,#2291,#2292,
#2293,#2294,#2295,#2296,#2297,#2298,#2299,#2300,#2301,#2302,#2303,#2304,
#2305,#2306,#2307,#2308,#2309,#2310,#2311,#2312,#2313,#2314,#2315,#2316,
#2317,#2318,#2319,#2320,#2321,#2322,#2323,#2324,#2325,#2326,#2327,#2328,
#2329,#2330,#2331,#2332,#2333,#2334,#2335,#2336,#2337,#2338,#2339,#2340,
#2341,#2342,#2343)),.UNSPECIFIED.,.F.,.F.,.F.,(4,4),(4,1,1,1,1,1,1,1,1,
1,1,1,1,1,1,1,1,1,1,1,1,1,1,1,1,1,1,1,1,1,1,1,1,1,1,1,1,1,1,1,1,1,1,1,1,
1,1,1,1,1,1,1,1,4),(0.,0.0321584099938621),(11.8553612635793,12.8418906022434,
13.8284199409074,14.8149492795714,15.8014786182354,16.7880079568995,17.7745372955635,
18.7610666342275,19.7475959728916,20.7341253115556,21.7206546502196,22.7071839888837,
23.6937133275477,24.6802426662117,25.6667720048758,26.6533013435398,27.6398306822038,
28.6263600208678,29.6128893595319,30.5994186981959,31.5859480368599,32.572477375524,
33.559006714188,34.545536052852,35.5320653915161,36.5185947301801,37.5051240688441,
38.4916534075081,39.4781827461722,40.4647120848362,41.4512414235002,42.4377707621643,
43.4243001008283,44.4108294394923,45.3973587781564,46.3838881168204,47.3704174554844,
48.3569467941485,49.3434761328125,50.3300054714765,51.3165348101405,52.3030641488046,
53.2895934874686,54.2761228261326,55.2626521647967,56.2491815034607,57.2357108421247,
58.2222401807888,59.2087695194528,60.1952988581168,61.1818281967808,62.1683575354449,
63.1548868741089,64.1414162127729),.UNSPECIFIED.);
#76=B_SPLINE_SURFACE_WITH_KNOTS('',3,3,((#2524,#2525,#2526,#2527,#2528,
#2529,#2530,#2531,#2532,#2533,#2534,#2535,#2536,#2537,#2538,#2539,#2540,
#2541,#2542,#2543,#2544,#2545,#2546,#2547,#2548,#2549,#2550,#2551,#2552,
#2553,#2554,#2555,#2556,#2557,#2558,#2559,#2560,#2561,#2562,#2563,#2564,
#2565,#2566,#2567,#2568,#2569,#2570,#2571,#2572,#2573,#2574,#2575,#2576,
#2577,#2578,#2579),(#2580,#2581,#2582,#2583,#2584,#2585,#2586,#2587,#2588,
#2589,#2590,#2591,#2592,#2593,#2594,#2595,#2596,#2597,#2598,#2599,#2600,
#2601,#2602,#2603,#2604,#2605,#2606,#2607,#2608,#2609,#2610,#2611,#2612,
#2613,#2614,#2615,#2616,#2617,#2618,#2619,#2620,#2621,#2622,#2623,#2624,
#2625,#2626,#2627,#2628,#2629,#2630,#2631,#2632,#2633,#2634,#2635),(#2636,
#2637,#2638,#2639,#2640,#2641,#2642,#2643,#2644,#2645,#2646,#2647,#2648,
#2649,#2650,#2651,#2652,#2653,#2654,#2655,#2656,#2657,#2658,#2659,#2660,
#2661,#2662,#2663,#2664,#2665,#2666,#2667,#2668,#2669,#2670,#2671,#2672,
#2673,#2674,#2675,#2676,#2677,#2678,#2679,#2680,#2681,#2682,#2683,#2684,
#2685,#2686,#2687,#2688,#2689,#2690,#2691),(#2692,#2693,#2694,#2695,#2696,
#2697,#2698,#2699,#2700,#2701,#2702,#2703,#2704,#2705,#2706,#2707,#2708,
#2709,#2710,#2711,#2712,#2713,#2714,#2715,#2716,#2717,#2718,#2719,#2720,
#2721,#2722,#2723,#2724,#2725,#2726,#2727,#2728,#2729,#2730,#2731,#2732,
#2733,#2734,#2735,#2736,#2737,#2738,#2739,#2740,#2741,#2742,#2743,#2744,
#2745,#2746,#2747)),.UNSPECIFIED.,.F.,.F.,.F.,(4,4),(4,1,1,1,1,1,1,1,1,
1,1,1,1,1,1,1,1,1,1,1,1,1,1,1,1,1,1,1,1,1,1,1,1,1,1,1,1,1,1,1,1,1,1,1,1,
1,1,1,1,1,1,1,1,4),(0.,0.0321584099938621),(14.3984001269718,15.3849294656359,
16.3714588042999,17.3579881429639,18.3445174816279,19.331046820292,20.317576158956,
21.30410549762,22.2906348362841,23.2771641749481,24.2636935136121,25.2502228522762,
26.2367521909402,27.2232815296042,28.2098108682683,29.1963402069323,30.1828695455963,
31.1693988842604,32.1559282229244,33.1424575615884,34.1289869002524,35.1155162389165,
36.1020455775805,37.0885749162445,38.0751042549086,39.0616335935726,40.0481629322366,
41.0346922709007,42.0212216095647,43.0077509482287,43.9942802868928,44.9808096255568,
45.9673389642208,46.9538683028848,47.9403976415489,48.9269269802129,49.9134563188769,
50.899985657541,51.886514996205,52.873044334869,53.8595736735331,54.8461030121971,
55.8326323508611,56.8191616895252,57.8056910281892,58.7922203668532,59.7787497055172,
60.7652790441813,61.7518083828453,62.7383377215093,63.7248670601734,64.7113963988374,
65.6979257375014,66.6844550761655),.UNSPECIFIED.);
#77=FACE_OUTER_BOUND('',#137,.T.);
#78=FACE_OUTER_BOUND('',#138,.T.);
#79=FACE_OUTER_BOUND('',#139,.T.);
#80=FACE_OUTER_BOUND('',#140,.T.);
#81=FACE_OUTER_BOUND('',#141,.T.);
#82=FACE_OUTER_BOUND('',#142,.T.);
#83=FACE_OUTER_BOUND('',#143,.T.);
#84=FACE_OUTER_BOUND('',#144,.T.);
#85=FACE_OUTER_BOUND('',#145,.T.);
#86=FACE_OUTER_BOUND('',#146,.T.);
#87=FACE_OUTER_BOUND('',#147,.T.);
#88=FACE_OUTER_BOUND('',#148,.T.);
#89=FACE_OUTER_BOUND('',#149,.T.);
#90=FACE_OUTER_BOUND('',#150,.T.);
#91=FACE_OUTER_BOUND('',#151,.T.);
#92=FACE_OUTER_BOUND('',#152,.T.);
#93=FACE_OUTER_BOUND('',#153,.T.);
#94=FACE_OUTER_BOUND('',#154,.T.);
#95=FACE_OUTER_BOUND('',#155,.T.);
#96=FACE_OUTER_BOUND('',#156,.T.);
#97=FACE_OUTER_BOUND('',#157,.T.);
#98=FACE_OUTER_BOUND('',#159,.T.);
#99=FACE_OUTER_BOUND('',#160,.T.);
#100=FACE_OUTER_BOUND('',#161,.T.);
#101=FACE_OUTER_BOUND('',#162,.T.);
#102=FACE_OUTER_BOUND('',#163,.T.);
#103=FACE_OUTER_BOUND('',#164,.T.);
#104=FACE_OUTER_BOUND('',#165,.T.);
#105=FACE_OUTER_BOUND('',#166,.T.);
#106=FACE_OUTER_BOUND('',#167,.T.);
#107=FACE_OUTER_BOUND('',#168,.T.);
#108=FACE_OUTER_BOUND('',#169,.T.);
#109=FACE_OUTER_BOUND('',#170,.T.);
#110=FACE_OUTER_BOUND('',#171,.T.);
#111=FACE_OUTER_BOUND('',#172,.T.);
#112=FACE_OUTER_BOUND('',#173,.T.);
#113=FACE_OUTER_BOUND('',#174,.T.);
#114=FACE_OUTER_BOUND('',#176,.T.);
#115=FACE_OUTER_BOUND('',#177,.T.);
#116=FACE_OUTER_BOUND('',#178,.T.);
#117=FACE_OUTER_BOUND('',#179,.T.);
#118=FACE_OUTER_BOUND('',#180,.T.);
#119=FACE_OUTER_BOUND('',#181,.T.);
#120=FACE_OUTER_BOUND('',#182,.T.);
#121=FACE_OUTER_BOUND('',#183,.T.);
#122=FACE_OUTER_BOUND('',#184,.T.);
#123=FACE_OUTER_BOUND('',#185,.T.);
#124=FACE_OUTER_BOUND('',#186,.T.);
#125=FACE_OUTER_BOUND('',#187,.T.);
#126=FACE_OUTER_BOUND('',#188,.T.);
#127=FACE_OUTER_BOUND('',#189,.T.);
#128=FACE_OUTER_BOUND('',#190,.T.);
#129=FACE_OUTER_BOUND('',#191,.T.);
#130=FACE_OUTER_BOUND('',#192,.T.);
#131=FACE_OUTER_BOUND('',#193,.T.);
#132=FACE_OUTER_BOUND('',#194,.T.);
#133=FACE_OUTER_BOUND('',#195,.T.);
#134=FACE_OUTER_BOUND('',#196,.T.);
#135=FACE_OUTER_BOUND('',#197,.T.);
#136=FACE_OUTER_BOUND('',#198,.T.);
#137=EDGE_LOOP('',(#705,#706,#707,#708));
#138=EDGE_LOOP('',(#709,#710,#711,#712));
#139=EDGE_LOOP('',(#713,#714,#715,#716));
#140=EDGE_LOOP('',(#717,#718,#719,#720));
#141=EDGE_LOOP('',(#721,#722,#723,#724));
#142=EDGE_LOOP('',(#725,#726,#727,#728));
#143=EDGE_LOOP('',(#729,#730,#731,#732));
#144=EDGE_LOOP('',(#733,#734,#735,#736));
#145=EDGE_LOOP('',(#737,#738,#739,#740));
#146=EDGE_LOOP('',(#741,#742,#743,#744));
#147=EDGE_LOOP('',(#745,#746,#747,#748));
#148=EDGE_LOOP('',(#749,#750,#751,#752));
#149=EDGE_LOOP('',(#753,#754,#755,#756));
#150=EDGE_LOOP('',(#757,#758,#759,#760));
#151=EDGE_LOOP('',(#761,#762,#763,#764));
#152=EDGE_LOOP('',(#765,#766,#767,#768));
#153=EDGE_LOOP('',(#769,#770,#771,#772));
#154=EDGE_LOOP('',(#773,#774,#775,#776,#777,#778,#779,#780,#781,#782,#783,
#784,#785,#786,#787,#788,#789,#790,#791,#792));
#155=EDGE_LOOP('',(#793,#794,#795,#796,#797,#798,#799,#800,#801,#802,#803,
#804,#805,#806,#807,#808,#809,#810,#811,#812));
#156=EDGE_LOOP('',(#813,#814,#815,#816));
#157=EDGE_LOOP('',(#817,#818,#819,#820,#821,#822,#823,#824,#825,#826,#827,
#828));
#158=EDGE_LOOP('',(#829,#830,#831,#832));
#159=EDGE_LOOP('',(#833,#834,#835,#836,#837,#838));
#160=EDGE_LOOP('',(#839,#840,#841,#842));
#161=EDGE_LOOP('',(#843,#844,#845,#846));
#162=EDGE_LOOP('',(#847,#848,#849,#850,#851,#852));
#163=EDGE_LOOP('',(#853,#854,#855,#856,#857,#858,#859,#860));
#164=EDGE_LOOP('',(#861,#862,#863,#864));
#165=EDGE_LOOP('',(#865,#866,#867,#868,#869,#870));
#166=EDGE_LOOP('',(#871,#872,#873,#874,#875,#876,#877,#878));
#167=EDGE_LOOP('',(#879,#880,#881,#882));
#168=EDGE_LOOP('',(#883,#884,#885,#886,#887,#888));
#169=EDGE_LOOP('',(#889,#890,#891,#892,#893,#894,#895,#896));
#170=EDGE_LOOP('',(#897,#898,#899,#900));
#171=EDGE_LOOP('',(#901,#902,#903,#904,#905,#906));
#172=EDGE_LOOP('',(#907,#908,#909,#910,#911,#912,#913,#914));
#173=EDGE_LOOP('',(#915,#916,#917,#918));
#174=EDGE_LOOP('',(#919,#920,#921,#922,#923,#924,#925,#926,#927,#928,#929,
#930));
#175=EDGE_LOOP('',(#931));
#176=EDGE_LOOP('',(#932,#933,#934,#935,#936,#937));
#177=EDGE_LOOP('',(#938,#939,#940,#941));
#178=EDGE_LOOP('',(#942,#943,#944,#945));
#179=EDGE_LOOP('',(#946,#947,#948,#949,#950,#951));
#180=EDGE_LOOP('',(#952,#953,#954,#955));
#181=EDGE_LOOP('',(#956,#957,#958,#959,#960,#961));
#182=EDGE_LOOP('',(#962,#963,#964,#965));
#183=EDGE_LOOP('',(#966,#967,#968,#969,#970,#971,#972,#973));
#184=EDGE_LOOP('',(#974,#975,#976,#977));
#185=EDGE_LOOP('',(#978,#979,#980,#981,#982,#983,#984,#985));
#186=EDGE_LOOP('',(#986,#987,#988,#989,#990,#991));
#187=EDGE_LOOP('',(#992,#993,#994,#995));
#188=EDGE_LOOP('',(#996,#997,#998,#999));
#189=EDGE_LOOP('',(#1000,#1001,#1002,#1003));
#190=EDGE_LOOP('',(#1004,#1005,#1006,#1007));
#191=EDGE_LOOP('',(#1008,#1009,#1010,#1011));
#192=EDGE_LOOP('',(#1012,#1013,#1014,#1015));
#193=EDGE_LOOP('',(#1016,#1017,#1018,#1019,#1020,#1021));
#194=EDGE_LOOP('',(#1022,#1023,#1024,#1025,#1026,#1027));
#195=EDGE_LOOP('',(#1028,#1029,#1030,#1031,#1032,#1033));
#196=EDGE_LOOP('',(#1034,#1035,#1036,#1037));
#197=EDGE_LOOP('',(#1038,#1039,#1040));
#198=EDGE_LOOP('',(#1041,#1042,#1043,#1044));
#199=CIRCLE('',#1156,1.2645);
#200=CIRCLE('',#1164,1.2645);
#201=CIRCLE('',#1166,1.543);
#202=CIRCLE('',#1174,1.543);
#203=CIRCLE('',#1213,2.25);
#204=CIRCLE('',#1253,2.25);
#205=B_SPLINE_CURVE_WITH_KNOTS('',3,(#1551,#1552,#1553,#1554,#1555,#1556,
#1557,#1558,#1559,#1560,#1561,#1562,#1563),.UNSPECIFIED.,.F.,.F.,(4,3,3,
3,4),(-3.85260200436961,-2.95958801599209,-1.97305867732806,-0.986529338664031,
0.),.UNSPECIFIED.);
#206=B_SPLINE_CURVE_WITH_KNOTS('',3,(#1566,#1567,#1568,#1569,#1570,#1571,
#1572,#1573,#1574,#1575,#1576,#1577,#1578,#1579,#1580,#1581,#1582,#1583,
#1584),.UNSPECIFIED.,.F.,.F.,(4,3,3,3,3,3,4),(2.02057249175692,2.95958801599209,
3.94611735465613,4.93264669332016,5.91917603198419,6.90570537064822,7.59274844815668),
 .UNSPECIFIED.);
#207=B_SPLINE_CURVE_WITH_KNOTS('',3,(#1589,#1590,#1591,#1592,#1593,#1594,
#1595,#1596,#1597,#1598,#1599,#1600,#1601,#1602,#1603,#1604,#1605,#1606,
#1607,#1608,#1609,#1610,#1611,#1612,#1613),.UNSPECIFIED.,.F.,.F.,(4,3,3,
3,3,3,3,3,4),(-10.1357873115492,-9.8652933866403,-8.87876404797627,-7.89223470931224,
-6.90570537064822,-5.91917603198418,-4.93264669332015,-3.94611735465612,
-3.85260200436961),.UNSPECIFIED.);
#208=B_SPLINE_CURVE_WITH_KNOTS('',3,(#1614,#1615,#1616,#1617,#1618,#1619,
#1620,#1621,#1622,#1623,#1624,#1625,#1626,#1627,#1628,#1629,#1630,#1631,
#1632,#1633,#1634,#1635,#1636,#1637,#1638),.UNSPECIFIED.,.F.,.F.,(4,3,3,
3,3,3,3,3,4),(7.59274844815668,7.89223470931225,8.87876404797628,9.86529338664031,
10.8518227253043,11.8383520639684,12.8248814026324,13.8114107412964,13.8759337553363),
 .UNSPECIFIED.);
#209=B_SPLINE_CURVE_WITH_KNOTS('',3,(#1643,#1644,#1645,#1646,#1647,#1648,
#1649,#1650,#1651,#1652,#1653,#1654,#1655,#1656,#1657,#1658,#1659,#1660,
#1661,#1662,#1663,#1664),.UNSPECIFIED.,.F.,.F.,(4,3,3,3,3,3,3,4),(-16.4189726187288,
-15.7844694186245,-14.7979400799605,-13.8114107412964,-12.8248814026324,
-11.8383520639684,-10.8518227253043,-10.1357873115492),.UNSPECIFIED.);
#210=B_SPLINE_CURVE_WITH_KNOTS('',3,(#1665,#1666,#1667,#1668,#1669,#1670,
#1671,#1672,#1673,#1674,#1675,#1676,#1677,#1678,#1679,#1680,#1681,#1682,
#1683,#1684,#1685,#1686),.UNSPECIFIED.,.F.,.F.,(4,3,3,3,3,3,3,4),(13.8759337553363,
14.7979400799605,15.7844694186245,16.7709987572885,17.7575280959526,18.7440574346166,
19.7305867732806,20.1591190625159),.UNSPECIFIED.);
#211=B_SPLINE_CURVE_WITH_KNOTS('',3,(#1691,#1692,#1693,#1694,#1695,#1696,
#1697,#1698,#1699,#1700,#1701,#1702,#1703,#1704,#1705,#1706,#1707,#1708,
#1709,#1710,#1711,#1712,#1713,#1714,#1715),.UNSPECIFIED.,.F.,.F.,(4,3,3,
3,3,3,3,3,4),(-22.7021579259084,-22.6901747892727,-21.7036454506087,-20.7171161119446,
-19.7305867732806,-18.7440574346166,-17.7575280959525,-16.7709987572885,
-16.4189726187288),.UNSPECIFIED.);
#212=B_SPLINE_CURVE_WITH_KNOTS('',3,(#1716,#1717,#1718,#1719,#1720,#1721,
#1722,#1723,#1724,#1725,#1726,#1727,#1728,#1729,#1730,#1731,#1732,#1733,
#1734,#1735,#1736,#1737),.UNSPECIFIED.,.F.,.F.,(4,3,3,3,3,3,3,4),(20.1591190625159,
20.7171161119447,21.7036454506087,22.6901747892727,23.6767041279367,24.6632334666008,
25.6497628052648,26.4423043696954),.UNSPECIFIED.);
#213=B_SPLINE_CURVE_WITH_KNOTS('',3,(#1742,#1743,#1744,#1745,#1746,#1747,
#1748,#1749,#1750,#1751,#1752,#1753,#1754,#1755,#1756,#1757,#1758,#1759,
#1760,#1761,#1762,#1763),.UNSPECIFIED.,.F.,.F.,(4,3,3,3,3,3,3,4),(-28.9853432330879,
-28.6093508212569,-27.6228214825929,-26.6362921439288,-25.6497628052648,
-24.6632334666008,-23.6767041279367,-22.7021579259084),.UNSPECIFIED.);
#214=B_SPLINE_CURVE_WITH_KNOTS('',3,(#1764,#1765,#1766,#1767,#1768,#1769,
#1770,#1771,#1772,#1773,#1774,#1775,#1776,#1777,#1778,#1779,#1780,#1781,
#1782,#1783,#1784,#1785,#1786,#1787,#1788),.UNSPECIFIED.,.F.,.F.,(4,3,3,
3,3,3,3,3,4),(26.4423043696954,26.6362921439288,27.6228214825929,28.6093508212569,
29.5958801599209,30.582409498585,31.568938837249,32.555468175913,32.725489676875),
 .UNSPECIFIED.);
#215=B_SPLINE_CURVE_WITH_KNOTS('',3,(#1793,#1794,#1795,#1796,#1797,#1798,
#1799,#1800,#1801,#1802,#1803,#1804,#1805,#1806,#1807,#1808,#1809,#1810,
#1811,#1812,#1813,#1814),.UNSPECIFIED.,.F.,.F.,(4,3,3,3,3,3,3,4),(-35.2685285402675,
-34.5285268532411,-33.541997514577,-32.555468175913,-31.568938837249,-30.582409498585,
-29.5958801599209,-28.9853432330879),.UNSPECIFIED.);
#216=B_SPLINE_CURVE_WITH_KNOTS('',3,(#1815,#1816,#1817,#1818,#1819,#1820,
#1821,#1822,#1823,#1824,#1825,#1826,#1827,#1828,#1829,#1830,#1831,#1832,
#1833,#1834,#1835,#1836),.UNSPECIFIED.,.F.,.F.,(4,3,3,3,3,3,3,4),(32.725489676875,
33.541997514577,34.5285268532411,35.5150561919051,36.5015855305691,37.4881148692332,
38.4746442078972,39.0086749840546),.UNSPECIFIED.);
#217=B_SPLINE_CURVE_WITH_KNOTS('',3,(#1841,#1842,#1843,#1844,#1845,#1846,
#1847,#1848,#1849,#1850,#1851,#1852,#1853,#1854,#1855,#1856,#1857,#1858,
#1859,#1860,#1861,#1862,#1863,#1864,#1865),.UNSPECIFIED.,.F.,.F.,(4,3,3,
3,3,3,3,3,4),(-41.5517138474471,-41.4342322238893,-40.4477028852252,-39.4611735465612,
-38.4746442078972,-37.4881148692332,-36.5015855305691,-35.5150561919051,
-35.2685285402675),.UNSPECIFIED.);
#218=B_SPLINE_CURVE_WITH_KNOTS('',3,(#1866,#1867,#1868,#1869,#1870,#1871,
#1872,#1873,#1874,#1875,#1876,#1877,#1878,#1879,#1880,#1881,#1882,#1883,
#1884,#1885,#1886,#1887),.UNSPECIFIED.,.F.,.F.,(4,3,3,3,3,3,3,4),(39.0086749840546,
39.4611735465612,40.4477028852253,41.4342322238893,42.4207615625533,43.4072909012174,
44.3938202398814,45.2918602912342),.UNSPECIFIED.);
#219=B_SPLINE_CURVE_WITH_KNOTS('',3,(#1893,#1894,#1895,#1896),
 .UNSPECIFIED.,.F.,.F.,(4,4),(51.5750455984138,52.2860549491936),
 .UNSPECIFIED.);
#220=B_SPLINE_CURVE_WITH_KNOTS('',3,(#1899,#1900,#1901,#1902,#1903,#1904,
#1905,#1906,#1907,#1908),.UNSPECIFIED.,.F.,.F.,(4,3,3,4),(-50.2654824574367,
-49.3264669332015,-48.3399375945375,-47.8348991546267),.UNSPECIFIED.);
#221=B_SPLINE_CURVE_WITH_KNOTS('',3,(#1914,#1915,#1916,#1917,#1918,#1919,
#1920,#1921),.UNSPECIFIED.,.F.,.F.,(4,1,1,1,1,4),(59.6902604182061,60.1952988581168,
61.1818281967808,62.1683575354449,63.1548868741089,64.1414162127729),
 .UNSPECIFIED.);
#222=B_SPLINE_CURVE_WITH_KNOTS('',3,(#1924,#1925,#1926,#1927,#1928,#1929,
#1930,#1931,#1932),.UNSPECIFIED.,.F.,.F.,(4,1,1,1,1,1,4),(59.6902604182061,
59.7787497055172,60.7652790441813,61.7518083828453,62.7383377215093,63.7248670601734,
64.6638825844085),.UNSPECIFIED.);
#223=B_SPLINE_CURVE_WITH_KNOTS('',3,(#1937,#1938,#1939,#1940,#1941,#1942,
#1943,#1944,#1945,#1946),.UNSPECIFIED.,.F.,.F.,(4,1,1,1,1,1,1,4),(53.4070751110265,
54.2761228261326,55.2626521647967,56.2491815034607,57.2357108421247,58.2222401807888,
59.2087695194528,59.6902604182061),.UNSPECIFIED.);
#224=B_SPLINE_CURVE_WITH_KNOTS('',3,(#1947,#1948,#1949,#1950,#1951,#1952,
#1953,#1954,#1955,#1956),.UNSPECIFIED.,.F.,.F.,(4,1,1,1,1,1,1,4),(53.4070751110265,
53.8595736735331,54.8461030121971,55.8326323508611,56.8191616895252,57.8056910281892,
58.7922203668532,59.6902604182061),.UNSPECIFIED.);
#225=B_SPLINE_CURVE_WITH_KNOTS('',3,(#1961,#1962,#1963,#1964,#1965,#1966,
#1967,#1968,#1969,#1970,#1971),.UNSPECIFIED.,.F.,.F.,(4,1,1,1,1,1,1,1,4),
(47.1238898038469,47.3704174554844,48.3569467941485,49.3434761328125,50.3300054714765,
51.3165348101405,52.3030641488046,53.2895934874686,53.4070751110265),
 .UNSPECIFIED.);
#226=B_SPLINE_CURVE_WITH_KNOTS('',3,(#1972,#1973,#1974,#1975,#1976,#1977,
#1978,#1979,#1980,#1981),.UNSPECIFIED.,.F.,.F.,(4,1,1,1,1,1,1,4),(47.1238898038469,
47.9403976415489,48.9269269802129,49.9134563188769,50.899985657541,51.886514996205,
52.873044334869,53.4070751110265),.UNSPECIFIED.);
#227=B_SPLINE_CURVE_WITH_KNOTS('',3,(#1986,#1987,#1988,#1989,#1990,#1991,
#1992,#1993,#1994,#1995),.UNSPECIFIED.,.F.,.F.,(4,1,1,1,1,1,1,4),(40.8407044966673,
41.4512414235002,42.4377707621643,43.4243001008283,44.4108294394923,45.3973587781564,
46.3838881168204,47.1238898038469),.UNSPECIFIED.);
#228=B_SPLINE_CURVE_WITH_KNOTS('',3,(#1996,#1997,#1998,#1999,#2000,#2001,
#2002,#2003,#2004,#2005,#2006),.UNSPECIFIED.,.F.,.F.,(4,1,1,1,1,1,1,1,4),
(40.8407044966673,41.0346922709007,42.0212216095647,43.0077509482287,43.9942802868928,
44.9808096255568,45.9673389642208,46.9538683028848,47.1238898038469),
 .UNSPECIFIED.);
#229=B_SPLINE_CURVE_WITH_KNOTS('',3,(#2011,#2012,#2013,#2014,#2015,#2016,
#2017,#2018,#2019,#2020),.UNSPECIFIED.,.F.,.F.,(4,1,1,1,1,1,1,4),(34.5575191894877,
35.5320653915161,36.5185947301801,37.5051240688441,38.4916534075081,39.4781827461722,
40.4647120848362,40.8407044966673),.UNSPECIFIED.);
#230=B_SPLINE_CURVE_WITH_KNOTS('',3,(#2021,#2022,#2023,#2024,#2025,#2026,
#2027,#2028,#2029,#2030),.UNSPECIFIED.,.F.,.F.,(4,1,1,1,1,1,1,4),(34.5575191894877,
35.1155162389165,36.1020455775805,37.0885749162445,38.0751042549086,39.0616335935726,
40.0481629322366,40.8407044966673),.UNSPECIFIED.);
#231=B_SPLINE_CURVE_WITH_KNOTS('',3,(#2035,#2036,#2037,#2038,#2039,#2040,
#2041,#2042,#2043,#2044,#2045),.UNSPECIFIED.,.F.,.F.,(4,1,1,1,1,1,1,1,4),
(28.2743338823081,28.6263600208678,29.6128893595319,30.5994186981959,31.5859480368599,
32.572477375524,33.559006714188,34.545536052852,34.5575191894877),
 .UNSPECIFIED.);
#232=B_SPLINE_CURVE_WITH_KNOTS('',3,(#2046,#2047,#2048,#2049,#2050,#2051,
#2052,#2053,#2054,#2055),.UNSPECIFIED.,.F.,.F.,(4,1,1,1,1,1,1,4),(28.2743338823081,
29.1963402069323,30.1828695455963,31.1693988842604,32.1559282229244,33.1424575615884,
34.1289869002524,34.5575191894877),.UNSPECIFIED.);
#233=B_SPLINE_CURVE_WITH_KNOTS('',3,(#2060,#2061,#2062,#2063,#2064,#2065,
#2066,#2067,#2068,#2069),.UNSPECIFIED.,.F.,.F.,(4,1,1,1,1,1,1,4),(21.9911485751285,
22.7071839888837,23.6937133275477,24.6802426662117,25.6667720048758,26.6533013435398,
27.6398306822038,28.2743338823081),.UNSPECIFIED.);
#234=B_SPLINE_CURVE_WITH_KNOTS('',3,(#2070,#2071,#2072,#2073,#2074,#2075,
#2076,#2077,#2078,#2079,#2080),.UNSPECIFIED.,.F.,.F.,(4,1,1,1,1,1,1,1,4),
(21.9911485751285,22.2906348362841,23.2771641749481,24.2636935136121,25.2502228522762,
26.2367521909402,27.2232815296042,28.2098108682683,28.2743338823081),
 .UNSPECIFIED.);
#235=B_SPLINE_CURVE_WITH_KNOTS('',3,(#2086,#2087,#2088,#2089,#2090),
 .UNSPECIFIED.,.F.,.F.,(4,1,4),(14.3984001269718,15.3849294656359,15.7079632679489),
 .UNSPECIFIED.);
#236=B_SPLINE_CURVE_WITH_KNOTS('',3,(#2093,#2094,#2095,#2096,#2097),
 .UNSPECIFIED.,.F.,.F.,(4,1,4),(13.8759337553362,14.8149492795714,15.7079632679489),
 .UNSPECIFIED.);
#237=B_SPLINE_CURVE_WITH_KNOTS('',3,(#2099,#2100,#2101,#2102,#2103,#2104,
#2105,#2106,#2107,#2108,#2109),.UNSPECIFIED.,.F.,.F.,(4,1,1,1,1,1,1,1,4),
(15.7079632679489,15.8014786182354,16.7880079568995,17.7745372955635,18.7610666342275,
19.7475959728916,20.7341253115556,21.7206546502196,21.9911485751285),
 .UNSPECIFIED.);
#238=B_SPLINE_CURVE_WITH_KNOTS('',3,(#2110,#2111,#2112,#2113,#2114,#2115,
#2116,#2117,#2118,#2119),.UNSPECIFIED.,.F.,.F.,(4,1,1,1,1,1,1,4),(15.7079632679489,
16.3714588042999,17.3579881429639,18.3445174816279,19.331046820292,20.317576158956,
21.30410549762,21.9911485751285),.UNSPECIFIED.);
#239=B_SPLINE_CURVE_WITH_KNOTS('',3,(#2344,#2345,#2346,#2347,#2348,#2349,
#2350,#2351,#2352,#2353,#2354,#2355,#2356,#2357,#2358,#2359,#2360,#2361,
#2362,#2363,#2364,#2365,#2366,#2367,#2368,#2369,#2370,#2371,#2372,#2373,
#2374,#2375,#2376,#2377,#2378,#2379,#2380,#2381,#2382,#2383,#2384,#2385,
#2386,#2387,#2388,#2389,#2390,#2391,#2392,#2393,#2394,#2395,#2396,#2397,
#2398,#2399,#2400,#2401,#2402,#2403,#2404,#2405,#2406,#2407,#2408,#2409,
#2410,#2411,#2412,#2413,#2414,#2415,#2416,#2417,#2418,#2419),
 .UNSPECIFIED.,.F.,.F.,(4,3,3,3,3,3,3,3,3,3,3,3,3,3,3,3,3,3,3,3,3,3,3,3,
3,4),(-0.285142803995152,-0.266893522635858,-0.249970092084402,-0.245886677975714,
-0.227911087887355,-0.216815771041536,-0.21301788649592,-0.209467277280377,
-0.191887596240483,-0.174758046492286,-0.165470776917047,-0.157744056557227,
-0.154438484152741,-0.139148553120801,-0.122061895571127,-0.107562298352701,
-0.103577083336382,-0.100472713616819,-0.0838658219816532,-0.0673525227079125,
-0.0520306714868626,-0.048094973148183,-0.0321872603980563,-0.0168208486687054,
-0.00606511782371295,0.),.UNSPECIFIED.);
#240=B_SPLINE_CURVE_WITH_KNOTS('',3,(#2420,#2421,#2422,#2423,#2424,#2425,
#2426,#2427,#2428,#2429,#2430,#2431,#2432,#2433,#2434,#2435,#2436,#2437,
#2438,#2439,#2440,#2441,#2442,#2443,#2444,#2445,#2446,#2447,#2448,#2449,
#2450,#2451,#2452,#2453,#2454,#2455,#2456,#2457,#2458,#2459,#2460,#2461,
#2462,#2463,#2464,#2465,#2466,#2467,#2468,#2469,#2470,#2471,#2472,#2473,
#2474,#2475,#2476,#2477,#2478,#2479,#2480,#2481,#2482,#2483,#2484,#2485,
#2486,#2487,#2488,#2489,#2490,#2491,#2492,#2493,#2494,#2495,#2496,#2497,
#2498,#2499,#2500,#2501),.UNSPECIFIED.,.F.,.F.,(4,3,3,3,3,3,3,3,3,3,3,3,
3,3,3,3,3,3,3,3,3,3,3,3,3,3,3,4),(0.,0.0151428295568584,0.0309627028671833,
0.0436462964244392,0.0490232544191273,0.0520474604489514,0.068351776959541,
0.0849522206605178,0.0968220283266961,0.101880058694652,0.105224034504378,
0.122298281481525,0.132431451325231,0.149054899294117,0.154031215359578,
0.158630968235043,0.175666283370702,0.193105951393909,0.203695225158687,
0.209524821471293,0.213035622210015,0.231026185973677,0.242724674858292,
0.247551286691835,0.251090320599584,0.269286525072923,0.277820141512138,
0.285142803995149),.UNSPECIFIED.);
#241=B_SPLINE_CURVE_WITH_KNOTS('',3,(#2502,#2503,#2504,#2505,#2506,#2507,
#2508,#2509,#2510,#2511,#2512,#2513,#2514,#2515,#2516,#2517,#2518,#2519,
#2520,#2521,#2522,#2523),.UNSPECIFIED.,.F.,.F.,(4,3,3,3,3,3,3,4),(-47.8348991546267,
-47.3534082558735,-46.3668789172094,-45.3803495785454,-44.3938202398814,
-43.4072909012174,-42.4207615625533,-41.5517138474471),.UNSPECIFIED.);
#242=B_SPLINE_CURVE_WITH_KNOTS('',3,(#2748,#2749,#2750,#2751,#2752,#2753,
#2754,#2755,#2756,#2757,#2758,#2759,#2760,#2761,#2762,#2763,#2764,#2765,
#2766,#2767,#2768,#2769,#2770,#2771,#2772,#2773,#2774,#2775,#2776,#2777,
#2778,#2779,#2780,#2781,#2782,#2783,#2784,#2785,#2786,#2787,#2788,#2789,
#2790,#2791,#2792,#2793,#2794,#2795,#2796,#2797,#2798,#2799,#2800,#2801,
#2802,#2803,#2804,#2805,#2806,#2807,#2808,#2809,#2810,#2811,#2812,#2813,
#2814,#2815,#2816,#2817,#2818,#2819,#2820,#2821,#2822,#2823,#2824,#2825,
#2826,#2827,#2828,#2829),.UNSPECIFIED.,.F.,.F.,(4,3,3,3,3,3,3,3,3,3,3,3,
3,3,3,3,3,3,3,3,3,3,3,3,3,3,3,4),(-0.286347380332267,-0.271020813670833,
-0.260684227761177,-0.25586941684342,-0.251921376603428,-0.23572913393558,
-0.229522566408174,-0.225015513067815,-0.221644028322956,-0.204610445669391,
-0.187824221580487,-0.179059608899531,-0.17435800097207,-0.171016628749948,
-0.168069740206588,-0.153509697708697,-0.136941965515408,-0.120743423595776,
-0.116789492146916,-0.113795032636725,-0.0964743008475094,-0.078780120864928,
-0.0609234981882832,-0.0568659634184618,-0.038647451893751,-0.0205887329603577,
-0.00735363015834897,0.),.UNSPECIFIED.);
#243=B_SPLINE_CURVE_WITH_KNOTS('',3,(#2830,#2831,#2832,#2833,#2834,#2835,
#2836,#2837,#2838,#2839,#2840,#2841,#2842,#2843,#2844,#2845,#2846,#2847,
#2848,#2849,#2850,#2851,#2852,#2853,#2854),.UNSPECIFIED.,.F.,.F.,(4,3,3,
3,3,3,3,3,4),(45.2918602912342,45.3803495785454,46.3668789172095,47.3534082558735,
48.3399375945375,49.3264669332015,50.3129962718656,51.2995256105296,51.5750455984138),
 .UNSPECIFIED.);
#244=B_SPLINE_CURVE_WITH_KNOTS('',3,(#2855,#2856,#2857,#2858,#2859,#2860,
#2861,#2862,#2863,#2864,#2865,#2866,#2867,#2868,#2869,#2870,#2871,#2872,
#2873,#2874,#2875,#2876,#2877,#2878,#2879,#2880,#2881,#2882,#2883,#2884,
#2885,#2886,#2887,#2888,#2889,#2890,#2891,#2892,#2893,#2894,#2895,#2896,
#2897,#2898,#2899,#2900,#2901,#2902,#2903,#2904,#2905,#2906,#2907,#2908,
#2909,#2910,#2911,#2912,#2913,#2914,#2915,#2916,#2917,#2918,#2919,#2920,
#2921,#2922,#2923,#2924,#2925,#2926,#2927,#2928,#2929,#2930,#2931,#2932,
#2933),.UNSPECIFIED.,.F.,.F.,(4,3,3,3,3,3,3,3,3,3,3,3,3,3,3,3,3,3,3,3,3,
3,3,3,3,3,4),(0.,0.0183455177171491,0.0365844261501718,0.0503568905985494,
0.0575070085745599,0.0612721221612037,0.0790236342273443,0.0964112491311255,
0.108999472282642,0.115579189550577,0.118639037893495,0.13548806652253,
0.146764141737193,0.163451454243386,0.168603357015403,0.173128614094122,
0.189899355952658,0.206649542570947,0.217357430678252,0.222872799336295,
0.22619970335104,0.24228924852246,0.252392706545612,0.256084957195317,0.271591425545042,
0.28026264178674,0.286347380332254),.UNSPECIFIED.);
#245=LINE('',#1549,#333);
#246=LINE('',#1588,#334);
#247=LINE('',#1642,#335);
#248=LINE('',#1690,#336);
#249=LINE('',#1741,#337);
#250=LINE('',#1792,#338);
#251=LINE('',#1840,#339);
#252=LINE('',#1891,#340);
#253=LINE('',#1912,#341);
#254=LINE('',#1936,#342);
#255=LINE('',#1960,#343);
#256=LINE('',#1985,#344);
#257=LINE('',#2010,#345);
#258=LINE('',#2034,#346);
#259=LINE('',#2059,#347);
#260=LINE('',#2084,#348);
#261=LINE('',#2939,#349);
#262=LINE('',#2942,#350);
#263=LINE('',#2945,#351);
#264=LINE('',#2947,#352);
#265=LINE('',#2949,#353);
#266=LINE('',#2951,#354);
#267=LINE('',#2953,#355);
#268=LINE('',#2955,#356);
#269=LINE('',#2957,#357);
#270=LINE('',#2959,#358);
#271=LINE('',#2961,#359);
#272=LINE('',#2963,#360);
#273=LINE('',#2964,#361);
#274=LINE('',#2967,#362);
#275=LINE('',#2971,#363);
#276=LINE('',#2975,#364);
#277=LINE('',#2981,#365);
#278=LINE('',#2985,#366);
#279=LINE('',#2989,#367);
#280=LINE('',#2993,#368);
#281=LINE('',#2995,#369);
#282=LINE('',#2997,#370);
#283=LINE('',#2999,#371);
#284=LINE('',#3001,#372);
#285=LINE('',#3002,#373);
#286=LINE('',#3005,#374);
#287=LINE('',#3009,#375);
#288=LINE('',#3013,#376);
#289=LINE('',#3017,#377);
#290=LINE('',#3019,#378);
#291=LINE('',#3021,#379);
#292=LINE('',#3023,#380);
#293=LINE('',#3024,#381);
#294=LINE('',#3027,#382);
#295=LINE('',#3031,#383);
#296=LINE('',#3035,#384);
#297=LINE('',#3039,#385);
#298=LINE('',#3041,#386);
#299=LINE('',#3043,#387);
#300=LINE('',#3045,#388);
#301=LINE('',#3046,#389);
#302=LINE('',#3049,#390);
#303=LINE('',#3053,#391);
#304=LINE('',#3056,#392);
#305=LINE('',#3059,#393);
#306=LINE('',#3061,#394);
#307=LINE('',#3063,#395);
#308=LINE('',#3065,#396);
#309=LINE('',#3066,#397);
#310=LINE('',#3071,#398);
#311=LINE('',#3075,#399);
#312=LINE('',#3077,#400);
#313=LINE('',#3079,#401);
#314=LINE('',#3081,#402);
#315=LINE('',#3083,#403);
#316=LINE('',#3085,#404);
#317=LINE('',#3087,#405);
#318=LINE('',#3089,#406);
#319=LINE('',#3091,#407);
#320=LINE('',#3093,#408);
#321=LINE('',#3094,#409);
#322=LINE('',#3114,#410);
#323=LINE('',#3119,#411);
#324=LINE('',#3122,#412);
#325=LINE('',#3123,#413);
#326=LINE('',#3125,#414);
#327=LINE('',#3126,#415);
#328=LINE('',#3132,#416);
#329=LINE('',#3135,#417);
#330=LINE('',#3136,#418);
#331=LINE('',#3138,#419);
#332=LINE('',#3139,#420);
#333=VECTOR('',#1259,1.5);
#334=VECTOR('',#1264,1.5);
#335=VECTOR('',#1267,1.5);
#336=VECTOR('',#1270,1.5);
#337=VECTOR('',#1273,1.5);
#338=VECTOR('',#1276,1.5);
#339=VECTOR('',#1279,1.5);
#340=VECTOR('',#1282,1.5);
#341=VECTOR('',#1287,1.543);
#342=VECTOR('',#1292,1.543);
#343=VECTOR('',#1295,1.543);
#344=VECTOR('',#1298,1.543);
#345=VECTOR('',#1301,1.543);
#346=VECTOR('',#1304,1.543);
#347=VECTOR('',#1307,1.543);
#348=VECTOR('',#1310,1.543);
#349=VECTOR('',#1319,10.);
#350=VECTOR('',#1322,10.);
#351=VECTOR('',#1325,10.);
#352=VECTOR('',#1326,10.);
#353=VECTOR('',#1327,10.);
#354=VECTOR('',#1328,10.);
#355=VECTOR('',#1329,10.);
#356=VECTOR('',#1330,10.);
#357=VECTOR('',#1331,10.);
#358=VECTOR('',#1332,10.);
#359=VECTOR('',#1333,10.);
#360=VECTOR('',#1334,10.);
#361=VECTOR('',#1335,10.);
#362=VECTOR('',#1338,10.);
#363=VECTOR('',#1341,10.);
#364=VECTOR('',#1346,10.);
#365=VECTOR('',#1353,10.);
#366=VECTOR('',#1358,10.);
#367=VECTOR('',#1361,10.);
#368=VECTOR('',#1366,10.);
#369=VECTOR('',#1367,10.);
#370=VECTOR('',#1368,10.);
#371=VECTOR('',#1369,10.);
#372=VECTOR('',#1370,10.);
#373=VECTOR('',#1371,10.);
#374=VECTOR('',#1374,10.);
#375=VECTOR('',#1379,10.);
#376=VECTOR('',#1382,10.);
#377=VECTOR('',#1387,10.);
#378=VECTOR('',#1388,10.);
#379=VECTOR('',#1389,10.);
#380=VECTOR('',#1390,10.);
#381=VECTOR('',#1391,10.);
#382=VECTOR('',#1394,10.);
#383=VECTOR('',#1399,10.);
#384=VECTOR('',#1402,10.);
#385=VECTOR('',#1407,10.);
#386=VECTOR('',#1408,10.);
#387=VECTOR('',#1409,10.);
#388=VECTOR('',#1410,10.);
#389=VECTOR('',#1411,10.);
#390=VECTOR('',#1414,10.);
#391=VECTOR('',#1419,10.);
#392=VECTOR('',#1422,10.);
#393=VECTOR('',#1425,10.);
#394=VECTOR('',#1426,10.);
#395=VECTOR('',#1427,10.);
#396=VECTOR('',#1428,10.);
#397=VECTOR('',#1429,10.);
#398=VECTOR('',#1434,10.);
#399=VECTOR('',#1439,10.);
#400=VECTOR('',#1440,10.);
#401=VECTOR('',#1441,10.);
#402=VECTOR('',#1442,10.);
#403=VECTOR('',#1443,10.);
#404=VECTOR('',#1444,10.);
#405=VECTOR('',#1445,10.);
#406=VECTOR('',#1446,10.);
#407=VECTOR('',#1447,10.);
#408=VECTOR('',#1448,10.);
#409=VECTOR('',#1449,10.);
#410=VECTOR('',#1482,10.);
#411=VECTOR('',#1489,10.);
#412=VECTOR('',#1492,10.);
#413=VECTOR('',#1493,10.);
#414=VECTOR('',#1494,10.);
#415=VECTOR('',#1495,10.);
#416=VECTOR('',#1502,10.);
#417=VECTOR('',#1505,10.);
#418=VECTOR('',#1506,10.);
#419=VECTOR('',#1507,10.);
#420=VECTOR('',#1508,10.);
#421=VERTEX_POINT('',#1547);
#422=VERTEX_POINT('',#1548);
#423=VERTEX_POINT('',#1550);
#424=VERTEX_POINT('',#1564);
#425=VERTEX_POINT('',#1586);
#426=VERTEX_POINT('',#1587);
#427=VERTEX_POINT('',#1640);
#428=VERTEX_POINT('',#1641);
#429=VERTEX_POINT('',#1688);
#430=VERTEX_POINT('',#1689);
#431=VERTEX_POINT('',#1739);
#432=VERTEX_POINT('',#1740);
#433=VERTEX_POINT('',#1790);
#434=VERTEX_POINT('',#1791);
#435=VERTEX_POINT('',#1838);
#436=VERTEX_POINT('',#1839);
#437=VERTEX_POINT('',#1889);
#438=VERTEX_POINT('',#1890);
#439=VERTEX_POINT('',#1892);
#440=VERTEX_POINT('',#1897);
#441=VERTEX_POINT('',#1910);
#442=VERTEX_POINT('',#1911);
#443=VERTEX_POINT('',#1913);
#444=VERTEX_POINT('',#1922);
#445=VERTEX_POINT('',#1934);
#446=VERTEX_POINT('',#1935);
#447=VERTEX_POINT('',#1958);
#448=VERTEX_POINT('',#1959);
#449=VERTEX_POINT('',#1983);
#450=VERTEX_POINT('',#1984);
#451=VERTEX_POINT('',#2008);
#452=VERTEX_POINT('',#2009);
#453=VERTEX_POINT('',#2032);
#454=VERTEX_POINT('',#2033);
#455=VERTEX_POINT('',#2057);
#456=VERTEX_POINT('',#2058);
#457=VERTEX_POINT('',#2082);
#458=VERTEX_POINT('',#2083);
#459=VERTEX_POINT('',#2085);
#460=VERTEX_POINT('',#2091);
#461=VERTEX_POINT('',#2935);
#462=VERTEX_POINT('',#2936);
#463=VERTEX_POINT('',#2938);
#464=VERTEX_POINT('',#2940);
#465=VERTEX_POINT('',#2944);
#466=VERTEX_POINT('',#2946);
#467=VERTEX_POINT('',#2948);
#468=VERTEX_POINT('',#2950);
#469=VERTEX_POINT('',#2952);
#470=VERTEX_POINT('',#2954);
#471=VERTEX_POINT('',#2956);
#472=VERTEX_POINT('',#2958);
#473=VERTEX_POINT('',#2960);
#474=VERTEX_POINT('',#2962);
#475=VERTEX_POINT('',#2966);
#476=VERTEX_POINT('',#2968);
#477=VERTEX_POINT('',#2970);
#478=VERTEX_POINT('',#2974);
#479=VERTEX_POINT('',#2978);
#480=VERTEX_POINT('',#2980);
#481=VERTEX_POINT('',#2984);
#482=VERTEX_POINT('',#2986);
#483=VERTEX_POINT('',#2988);
#484=VERTEX_POINT('',#2992);
#485=VERTEX_POINT('',#2994);
#486=VERTEX_POINT('',#2996);
#487=VERTEX_POINT('',#2998);
#488=VERTEX_POINT('',#3000);
#489=VERTEX_POINT('',#3004);
#490=VERTEX_POINT('',#3008);
#491=VERTEX_POINT('',#3010);
#492=VERTEX_POINT('',#3012);
#493=VERTEX_POINT('',#3016);
#494=VERTEX_POINT('',#3018);
#495=VERTEX_POINT('',#3020);
#496=VERTEX_POINT('',#3022);
#497=VERTEX_POINT('',#3026);
#498=VERTEX_POINT('',#3030);
#499=VERTEX_POINT('',#3032);
#500=VERTEX_POINT('',#3034);
#501=VERTEX_POINT('',#3038);
#502=VERTEX_POINT('',#3040);
#503=VERTEX_POINT('',#3042);
#504=VERTEX_POINT('',#3044);
#505=VERTEX_POINT('',#3048);
#506=VERTEX_POINT('',#3052);
#507=VERTEX_POINT('',#3054);
#508=VERTEX_POINT('',#3058);
#509=VERTEX_POINT('',#3060);
#510=VERTEX_POINT('',#3062);
#511=VERTEX_POINT('',#3064);
#512=VERTEX_POINT('',#3068);
#513=VERTEX_POINT('',#3070);
#514=VERTEX_POINT('',#3074);
#515=VERTEX_POINT('',#3076);
#516=VERTEX_POINT('',#3078);
#517=VERTEX_POINT('',#3080);
#518=VERTEX_POINT('',#3082);
#519=VERTEX_POINT('',#3084);
#520=VERTEX_POINT('',#3086);
#521=VERTEX_POINT('',#3088);
#522=VERTEX_POINT('',#3090);
#523=VERTEX_POINT('',#3092);
#524=VERTEX_POINT('',#3095);
#525=VERTEX_POINT('',#3111);
#526=VERTEX_POINT('',#3113);
#527=VERTEX_POINT('',#3117);
#528=VERTEX_POINT('',#3121);
#529=VERTEX_POINT('',#3124);
#530=VERTEX_POINT('',#3128);
#531=VERTEX_POINT('',#3130);
#532=VERTEX_POINT('',#3134);
#533=VERTEX_POINT('',#3137);
#534=VERTEX_POINT('',#3156);
#535=EDGE_CURVE('',#421,#422,#245,.T.);
#536=EDGE_CURVE('',#422,#423,#205,.T.);
#537=EDGE_CURVE('',#423,#424,#199,.F.);
#538=EDGE_CURVE('',#424,#421,#206,.T.);
#539=EDGE_CURVE('',#425,#426,#246,.T.);
#540=EDGE_CURVE('',#426,#422,#207,.T.);
#541=EDGE_CURVE('',#421,#425,#208,.T.);
#542=EDGE_CURVE('',#427,#428,#247,.T.);
#543=EDGE_CURVE('',#428,#426,#209,.T.);
#544=EDGE_CURVE('',#425,#427,#210,.T.);
#545=EDGE_CURVE('',#429,#430,#248,.T.);
#546=EDGE_CURVE('',#430,#428,#211,.T.);
#547=EDGE_CURVE('',#427,#429,#212,.T.);
#548=EDGE_CURVE('',#431,#432,#249,.T.);
#549=EDGE_CURVE('',#432,#430,#213,.T.);
#550=EDGE_CURVE('',#429,#431,#214,.T.);
#551=EDGE_CURVE('',#433,#434,#250,.T.);
#552=EDGE_CURVE('',#434,#432,#215,.T.);
#553=EDGE_CURVE('',#431,#433,#216,.T.);
#554=EDGE_CURVE('',#435,#436,#251,.T.);
#555=EDGE_CURVE('',#436,#434,#217,.T.);
#556=EDGE_CURVE('',#433,#435,#218,.T.);
#557=EDGE_CURVE('',#437,#438,#252,.T.);
#558=EDGE_CURVE('',#437,#439,#219,.T.);
#559=EDGE_CURVE('',#439,#440,#200,.T.);
#560=EDGE_CURVE('',#440,#438,#220,.T.);
#561=EDGE_CURVE('',#441,#442,#253,.T.);
#562=EDGE_CURVE('',#442,#443,#221,.T.);
#563=EDGE_CURVE('',#444,#443,#201,.T.);
#564=EDGE_CURVE('',#441,#444,#222,.T.);
#565=EDGE_CURVE('',#445,#446,#254,.T.);
#566=EDGE_CURVE('',#446,#442,#223,.T.);
#567=EDGE_CURVE('',#445,#441,#224,.T.);
#568=EDGE_CURVE('',#447,#448,#255,.T.);
#569=EDGE_CURVE('',#448,#446,#225,.T.);
#570=EDGE_CURVE('',#447,#445,#226,.T.);
#571=EDGE_CURVE('',#449,#450,#256,.T.);
#572=EDGE_CURVE('',#450,#448,#227,.T.);
#573=EDGE_CURVE('',#449,#447,#228,.T.);
#574=EDGE_CURVE('',#451,#452,#257,.T.);
#575=EDGE_CURVE('',#452,#450,#229,.T.);
#576=EDGE_CURVE('',#451,#449,#230,.T.);
#577=EDGE_CURVE('',#453,#454,#258,.T.);
#578=EDGE_CURVE('',#454,#452,#231,.T.);
#579=EDGE_CURVE('',#453,#451,#232,.T.);
#580=EDGE_CURVE('',#455,#456,#259,.T.);
#581=EDGE_CURVE('',#456,#454,#233,.T.);
#582=EDGE_CURVE('',#455,#453,#234,.T.);
#583=EDGE_CURVE('',#457,#458,#260,.T.);
#584=EDGE_CURVE('',#459,#457,#235,.T.);
#585=EDGE_CURVE('',#460,#459,#202,.T.);
#586=EDGE_CURVE('',#460,#458,#236,.T.);
#587=EDGE_CURVE('',#458,#456,#237,.T.);
#588=EDGE_CURVE('',#457,#455,#238,.T.);
#589=EDGE_CURVE('',#443,#440,#239,.T.);
#590=EDGE_CURVE('',#423,#460,#240,.T.);
#591=EDGE_CURVE('',#438,#436,#241,.T.);
#592=EDGE_CURVE('',#439,#444,#242,.T.);
#593=EDGE_CURVE('',#435,#437,#243,.T.);
#594=EDGE_CURVE('',#459,#424,#244,.T.);
#595=EDGE_CURVE('',#461,#462,#39,.T.);
#596=EDGE_CURVE('',#462,#463,#261,.T.);
#597=EDGE_CURVE('',#463,#464,#40,.T.);
#598=EDGE_CURVE('',#464,#461,#262,.T.);
#599=EDGE_CURVE('',#465,#464,#263,.T.);
#600=EDGE_CURVE('',#466,#465,#264,.T.);
#601=EDGE_CURVE('',#466,#467,#265,.F.);
#602=EDGE_CURVE('',#468,#467,#266,.T.);
#603=EDGE_CURVE('',#469,#468,#267,.T.);
#604=EDGE_CURVE('',#470,#469,#268,.T.);
#605=EDGE_CURVE('',#471,#470,#269,.T.);
#606=EDGE_CURVE('',#472,#471,#270,.T.);
#607=EDGE_CURVE('',#473,#472,#271,.T.);
#608=EDGE_CURVE('',#474,#473,#272,.T.);
#609=EDGE_CURVE('',#461,#474,#273,.T.);
#610=EDGE_CURVE('',#463,#475,#274,.T.);
#611=EDGE_CURVE('',#476,#475,#41,.T.);
#612=EDGE_CURVE('',#476,#477,#275,.T.);
#613=EDGE_CURVE('',#465,#477,#42,.T.);
#614=EDGE_CURVE('',#477,#478,#276,.T.);
#615=EDGE_CURVE('',#478,#466,#43,.T.);
#616=EDGE_CURVE('',#467,#479,#44,.T.);
#617=EDGE_CURVE('',#479,#480,#277,.T.);
#618=EDGE_CURVE('',#480,#468,#45,.T.);
#619=EDGE_CURVE('',#480,#481,#278,.T.);
#620=EDGE_CURVE('',#482,#481,#46,.T.);
#621=EDGE_CURVE('',#482,#483,#279,.T.);
#622=EDGE_CURVE('',#469,#483,#47,.T.);
#623=EDGE_CURVE('',#479,#484,#280,.T.);
#624=EDGE_CURVE('',#485,#484,#281,.T.);
#625=EDGE_CURVE('',#485,#486,#282,.T.);
#626=EDGE_CURVE('',#487,#486,#283,.T.);
#627=EDGE_CURVE('',#488,#487,#284,.T.);
#628=EDGE_CURVE('',#481,#488,#285,.T.);
#629=EDGE_CURVE('',#483,#489,#286,.T.);
#630=EDGE_CURVE('',#489,#470,#48,.T.);
#631=EDGE_CURVE('',#489,#490,#287,.T.);
#632=EDGE_CURVE('',#491,#490,#49,.T.);
#633=EDGE_CURVE('',#491,#492,#288,.T.);
#634=EDGE_CURVE('',#471,#492,#50,.T.);
#635=EDGE_CURVE('',#493,#482,#289,.T.);
#636=EDGE_CURVE('',#494,#493,#290,.T.);
#637=EDGE_CURVE('',#495,#494,#291,.T.);
#638=EDGE_CURVE('',#496,#495,#292,.T.);
#639=EDGE_CURVE('',#490,#496,#293,.T.);
#640=EDGE_CURVE('',#492,#497,#294,.T.);
#641=EDGE_CURVE('',#497,#472,#51,.T.);
#642=EDGE_CURVE('',#497,#498,#295,.T.);
#643=EDGE_CURVE('',#499,#498,#52,.T.);
#644=EDGE_CURVE('',#499,#500,#296,.T.);
#645=EDGE_CURVE('',#473,#500,#53,.T.);
#646=EDGE_CURVE('',#501,#491,#297,.T.);
#647=EDGE_CURVE('',#502,#501,#298,.T.);
#648=EDGE_CURVE('',#503,#502,#299,.T.);
#649=EDGE_CURVE('',#504,#503,#300,.T.);
#650=EDGE_CURVE('',#498,#504,#301,.T.);
#651=EDGE_CURVE('',#500,#505,#302,.T.);
#652=EDGE_CURVE('',#505,#474,#54,.T.);
#653=EDGE_CURVE('',#505,#506,#303,.T.);
#654=EDGE_CURVE('',#507,#506,#55,.T.);
#655=EDGE_CURVE('',#507,#462,#304,.T.);
#656=EDGE_CURVE('',#508,#499,#305,.T.);
#657=EDGE_CURVE('',#509,#508,#306,.T.);
#658=EDGE_CURVE('',#510,#509,#307,.T.);
#659=EDGE_CURVE('',#511,#510,#308,.T.);
#660=EDGE_CURVE('',#506,#511,#309,.T.);
#661=EDGE_CURVE('',#509,#512,#56,.T.);
#662=EDGE_CURVE('',#512,#513,#310,.T.);
#663=EDGE_CURVE('',#513,#510,#57,.T.);
#664=EDGE_CURVE('',#514,#512,#311,.T.);
#665=EDGE_CURVE('',#515,#514,#312,.T.);
#666=EDGE_CURVE('',#516,#515,#313,.T.);
#667=EDGE_CURVE('',#517,#516,#314,.T.);
#668=EDGE_CURVE('',#518,#517,#315,.T.);
#669=EDGE_CURVE('',#519,#518,#316,.T.);
#670=EDGE_CURVE('',#519,#520,#317,.T.);
#671=EDGE_CURVE('',#521,#520,#318,.T.);
#672=EDGE_CURVE('',#522,#521,#319,.T.);
#673=EDGE_CURVE('',#523,#522,#320,.T.);
#674=EDGE_CURVE('',#513,#523,#321,.T.);
#675=EDGE_CURVE('',#524,#524,#203,.T.);
#676=EDGE_CURVE('',#504,#508,#58,.T.);
#677=EDGE_CURVE('',#514,#503,#59,.T.);
#678=EDGE_CURVE('',#502,#515,#60,.T.);
#679=EDGE_CURVE('',#494,#517,#61,.T.);
#680=EDGE_CURVE('',#516,#495,#62,.T.);
#681=EDGE_CURVE('',#488,#493,#63,.T.);
#682=EDGE_CURVE('',#518,#487,#64,.T.);
#683=EDGE_CURVE('',#486,#519,#65,.T.);
#684=EDGE_CURVE('',#525,#485,#66,.T.);
#685=EDGE_CURVE('',#526,#525,#322,.T.);
#686=EDGE_CURVE('',#520,#526,#67,.T.);
#687=EDGE_CURVE('',#527,#521,#68,.T.);
#688=EDGE_CURVE('',#526,#527,#323,.T.);
#689=EDGE_CURVE('',#528,#476,#324,.T.);
#690=EDGE_CURVE('',#527,#528,#325,.T.);
#691=EDGE_CURVE('',#529,#525,#326,.T.);
#692=EDGE_CURVE('',#529,#478,#327,.T.);
#693=EDGE_CURVE('',#530,#523,#69,.T.);
#694=EDGE_CURVE('',#522,#531,#70,.T.);
#695=EDGE_CURVE('',#531,#530,#328,.T.);
#696=EDGE_CURVE('',#532,#507,#329,.T.);
#697=EDGE_CURVE('',#530,#532,#330,.T.);
#698=EDGE_CURVE('',#533,#531,#331,.T.);
#699=EDGE_CURVE('',#475,#533,#332,.T.);
#700=EDGE_CURVE('',#533,#528,#71,.T.);
#701=EDGE_CURVE('',#511,#532,#72,.T.);
#702=EDGE_CURVE('',#496,#501,#73,.T.);
#703=EDGE_CURVE('',#484,#529,#74,.T.);
#704=EDGE_CURVE('',#534,#524,#204,.T.);
#705=ORIENTED_EDGE('',*,*,#535,.T.);
#706=ORIENTED_EDGE('',*,*,#536,.T.);
#707=ORIENTED_EDGE('',*,*,#537,.T.);
#708=ORIENTED_EDGE('',*,*,#538,.T.);
#709=ORIENTED_EDGE('',*,*,#539,.T.);
#710=ORIENTED_EDGE('',*,*,#540,.T.);
#711=ORIENTED_EDGE('',*,*,#535,.F.);
#712=ORIENTED_EDGE('',*,*,#541,.T.);
#713=ORIENTED_EDGE('',*,*,#542,.T.);
#714=ORIENTED_EDGE('',*,*,#543,.T.);
#715=ORIENTED_EDGE('',*,*,#539,.F.);
#716=ORIENTED_EDGE('',*,*,#544,.T.);
#717=ORIENTED_EDGE('',*,*,#545,.T.);
#718=ORIENTED_EDGE('',*,*,#546,.T.);
#719=ORIENTED_EDGE('',*,*,#542,.F.);
#720=ORIENTED_EDGE('',*,*,#547,.T.);
#721=ORIENTED_EDGE('',*,*,#548,.T.);
#722=ORIENTED_EDGE('',*,*,#549,.T.);
#723=ORIENTED_EDGE('',*,*,#545,.F.);
#724=ORIENTED_EDGE('',*,*,#550,.T.);
#725=ORIENTED_EDGE('',*,*,#551,.T.);
#726=ORIENTED_EDGE('',*,*,#552,.T.);
#727=ORIENTED_EDGE('',*,*,#548,.F.);
#728=ORIENTED_EDGE('',*,*,#553,.T.);
#729=ORIENTED_EDGE('',*,*,#554,.T.);
#730=ORIENTED_EDGE('',*,*,#555,.T.);
#731=ORIENTED_EDGE('',*,*,#551,.F.);
#732=ORIENTED_EDGE('',*,*,#556,.T.);
#733=ORIENTED_EDGE('',*,*,#557,.F.);
#734=ORIENTED_EDGE('',*,*,#558,.T.);
#735=ORIENTED_EDGE('',*,*,#559,.T.);
#736=ORIENTED_EDGE('',*,*,#560,.T.);
#737=ORIENTED_EDGE('',*,*,#561,.T.);
#738=ORIENTED_EDGE('',*,*,#562,.T.);
#739=ORIENTED_EDGE('',*,*,#563,.F.);
#740=ORIENTED_EDGE('',*,*,#564,.F.);
#741=ORIENTED_EDGE('',*,*,#565,.T.);
#742=ORIENTED_EDGE('',*,*,#566,.T.);
#743=ORIENTED_EDGE('',*,*,#561,.F.);
#744=ORIENTED_EDGE('',*,*,#567,.F.);
#745=ORIENTED_EDGE('',*,*,#568,.T.);
#746=ORIENTED_EDGE('',*,*,#569,.T.);
#747=ORIENTED_EDGE('',*,*,#565,.F.);
#748=ORIENTED_EDGE('',*,*,#570,.F.);
#749=ORIENTED_EDGE('',*,*,#571,.T.);
#750=ORIENTED_EDGE('',*,*,#572,.T.);
#751=ORIENTED_EDGE('',*,*,#568,.F.);
#752=ORIENTED_EDGE('',*,*,#573,.F.);
#753=ORIENTED_EDGE('',*,*,#574,.T.);
#754=ORIENTED_EDGE('',*,*,#575,.T.);
#755=ORIENTED_EDGE('',*,*,#571,.F.);
#756=ORIENTED_EDGE('',*,*,#576,.F.);
#757=ORIENTED_EDGE('',*,*,#577,.T.);
#758=ORIENTED_EDGE('',*,*,#578,.T.);
#759=ORIENTED_EDGE('',*,*,#574,.F.);
#760=ORIENTED_EDGE('',*,*,#579,.F.);
#761=ORIENTED_EDGE('',*,*,#580,.T.);
#762=ORIENTED_EDGE('',*,*,#581,.T.);
#763=ORIENTED_EDGE('',*,*,#577,.F.);
#764=ORIENTED_EDGE('',*,*,#582,.F.);
#765=ORIENTED_EDGE('',*,*,#583,.F.);
#766=ORIENTED_EDGE('',*,*,#584,.F.);
#767=ORIENTED_EDGE('',*,*,#585,.F.);
#768=ORIENTED_EDGE('',*,*,#586,.T.);
#769=ORIENTED_EDGE('',*,*,#583,.T.);
#770=ORIENTED_EDGE('',*,*,#587,.T.);
#771=ORIENTED_EDGE('',*,*,#580,.F.);
#772=ORIENTED_EDGE('',*,*,#588,.F.);
#773=ORIENTED_EDGE('',*,*,#589,.F.);
#774=ORIENTED_EDGE('',*,*,#562,.F.);
#775=ORIENTED_EDGE('',*,*,#566,.F.);
#776=ORIENTED_EDGE('',*,*,#569,.F.);
#777=ORIENTED_EDGE('',*,*,#572,.F.);
#778=ORIENTED_EDGE('',*,*,#575,.F.);
#779=ORIENTED_EDGE('',*,*,#578,.F.);
#780=ORIENTED_EDGE('',*,*,#581,.F.);
#781=ORIENTED_EDGE('',*,*,#587,.F.);
#782=ORIENTED_EDGE('',*,*,#586,.F.);
#783=ORIENTED_EDGE('',*,*,#590,.F.);
#784=ORIENTED_EDGE('',*,*,#536,.F.);
#785=ORIENTED_EDGE('',*,*,#540,.F.);
#786=ORIENTED_EDGE('',*,*,#543,.F.);
#787=ORIENTED_EDGE('',*,*,#546,.F.);
#788=ORIENTED_EDGE('',*,*,#549,.F.);
#789=ORIENTED_EDGE('',*,*,#552,.F.);
#790=ORIENTED_EDGE('',*,*,#555,.F.);
#791=ORIENTED_EDGE('',*,*,#591,.F.);
#792=ORIENTED_EDGE('',*,*,#560,.F.);
#793=ORIENTED_EDGE('',*,*,#592,.F.);
#794=ORIENTED_EDGE('',*,*,#558,.F.);
#795=ORIENTED_EDGE('',*,*,#593,.F.);
#796=ORIENTED_EDGE('',*,*,#556,.F.);
#797=ORIENTED_EDGE('',*,*,#553,.F.);
#798=ORIENTED_EDGE('',*,*,#550,.F.);
#799=ORIENTED_EDGE('',*,*,#547,.F.);
#800=ORIENTED_EDGE('',*,*,#544,.F.);
#801=ORIENTED_EDGE('',*,*,#541,.F.);
#802=ORIENTED_EDGE('',*,*,#538,.F.);
#803=ORIENTED_EDGE('',*,*,#594,.F.);
#804=ORIENTED_EDGE('',*,*,#584,.T.);
#805=ORIENTED_EDGE('',*,*,#588,.T.);
#806=ORIENTED_EDGE('',*,*,#582,.T.);
#807=ORIENTED_EDGE('',*,*,#579,.T.);
#808=ORIENTED_EDGE('',*,*,#576,.T.);
#809=ORIENTED_EDGE('',*,*,#573,.T.);
#810=ORIENTED_EDGE('',*,*,#570,.T.);
#811=ORIENTED_EDGE('',*,*,#567,.T.);
#812=ORIENTED_EDGE('',*,*,#564,.T.);
#813=ORIENTED_EDGE('',*,*,#595,.T.);
#814=ORIENTED_EDGE('',*,*,#596,.T.);
#815=ORIENTED_EDGE('',*,*,#597,.T.);
#816=ORIENTED_EDGE('',*,*,#598,.T.);
#817=ORIENTED_EDGE('',*,*,#598,.F.);
#818=ORIENTED_EDGE('',*,*,#599,.F.);
#819=ORIENTED_EDGE('',*,*,#600,.F.);
#820=ORIENTED_EDGE('',*,*,#601,.T.);
#821=ORIENTED_EDGE('',*,*,#602,.F.);
#822=ORIENTED_EDGE('',*,*,#603,.F.);
#823=ORIENTED_EDGE('',*,*,#604,.F.);
#824=ORIENTED_EDGE('',*,*,#605,.F.);
#825=ORIENTED_EDGE('',*,*,#606,.F.);
#826=ORIENTED_EDGE('',*,*,#607,.F.);
#827=ORIENTED_EDGE('',*,*,#608,.F.);
#828=ORIENTED_EDGE('',*,*,#609,.F.);
#829=ORIENTED_EDGE('',*,*,#594,.T.);
#830=ORIENTED_EDGE('',*,*,#537,.F.);
#831=ORIENTED_EDGE('',*,*,#590,.T.);
#832=ORIENTED_EDGE('',*,*,#585,.T.);
#833=ORIENTED_EDGE('',*,*,#597,.F.);
#834=ORIENTED_EDGE('',*,*,#610,.T.);
#835=ORIENTED_EDGE('',*,*,#611,.F.);
#836=ORIENTED_EDGE('',*,*,#612,.T.);
#837=ORIENTED_EDGE('',*,*,#613,.F.);
#838=ORIENTED_EDGE('',*,*,#599,.T.);
#839=ORIENTED_EDGE('',*,*,#613,.T.);
#840=ORIENTED_EDGE('',*,*,#614,.T.);
#841=ORIENTED_EDGE('',*,*,#615,.T.);
#842=ORIENTED_EDGE('',*,*,#600,.T.);
#843=ORIENTED_EDGE('',*,*,#616,.T.);
#844=ORIENTED_EDGE('',*,*,#617,.T.);
#845=ORIENTED_EDGE('',*,*,#618,.T.);
#846=ORIENTED_EDGE('',*,*,#602,.T.);
#847=ORIENTED_EDGE('',*,*,#618,.F.);
#848=ORIENTED_EDGE('',*,*,#619,.T.);
#849=ORIENTED_EDGE('',*,*,#620,.F.);
#850=ORIENTED_EDGE('',*,*,#621,.T.);
#851=ORIENTED_EDGE('',*,*,#622,.F.);
#852=ORIENTED_EDGE('',*,*,#603,.T.);
#853=ORIENTED_EDGE('',*,*,#617,.F.);
#854=ORIENTED_EDGE('',*,*,#623,.T.);
#855=ORIENTED_EDGE('',*,*,#624,.F.);
#856=ORIENTED_EDGE('',*,*,#625,.T.);
#857=ORIENTED_EDGE('',*,*,#626,.F.);
#858=ORIENTED_EDGE('',*,*,#627,.F.);
#859=ORIENTED_EDGE('',*,*,#628,.F.);
#860=ORIENTED_EDGE('',*,*,#619,.F.);
#861=ORIENTED_EDGE('',*,*,#622,.T.);
#862=ORIENTED_EDGE('',*,*,#629,.T.);
#863=ORIENTED_EDGE('',*,*,#630,.T.);
#864=ORIENTED_EDGE('',*,*,#604,.T.);
#865=ORIENTED_EDGE('',*,*,#630,.F.);
#866=ORIENTED_EDGE('',*,*,#631,.T.);
#867=ORIENTED_EDGE('',*,*,#632,.F.);
#868=ORIENTED_EDGE('',*,*,#633,.T.);
#869=ORIENTED_EDGE('',*,*,#634,.F.);
#870=ORIENTED_EDGE('',*,*,#605,.T.);
#871=ORIENTED_EDGE('',*,*,#629,.F.);
#872=ORIENTED_EDGE('',*,*,#621,.F.);
#873=ORIENTED_EDGE('',*,*,#635,.F.);
#874=ORIENTED_EDGE('',*,*,#636,.F.);
#875=ORIENTED_EDGE('',*,*,#637,.F.);
#876=ORIENTED_EDGE('',*,*,#638,.F.);
#877=ORIENTED_EDGE('',*,*,#639,.F.);
#878=ORIENTED_EDGE('',*,*,#631,.F.);
#879=ORIENTED_EDGE('',*,*,#634,.T.);
#880=ORIENTED_EDGE('',*,*,#640,.T.);
#881=ORIENTED_EDGE('',*,*,#641,.T.);
#882=ORIENTED_EDGE('',*,*,#606,.T.);
#883=ORIENTED_EDGE('',*,*,#641,.F.);
#884=ORIENTED_EDGE('',*,*,#642,.T.);
#885=ORIENTED_EDGE('',*,*,#643,.F.);
#886=ORIENTED_EDGE('',*,*,#644,.T.);
#887=ORIENTED_EDGE('',*,*,#645,.F.);
#888=ORIENTED_EDGE('',*,*,#607,.T.);
#889=ORIENTED_EDGE('',*,*,#640,.F.);
#890=ORIENTED_EDGE('',*,*,#633,.F.);
#891=ORIENTED_EDGE('',*,*,#646,.F.);
#892=ORIENTED_EDGE('',*,*,#647,.F.);
#893=ORIENTED_EDGE('',*,*,#648,.F.);
#894=ORIENTED_EDGE('',*,*,#649,.F.);
#895=ORIENTED_EDGE('',*,*,#650,.F.);
#896=ORIENTED_EDGE('',*,*,#642,.F.);
#897=ORIENTED_EDGE('',*,*,#645,.T.);
#898=ORIENTED_EDGE('',*,*,#651,.T.);
#899=ORIENTED_EDGE('',*,*,#652,.T.);
#900=ORIENTED_EDGE('',*,*,#608,.T.);
#901=ORIENTED_EDGE('',*,*,#595,.F.);
#902=ORIENTED_EDGE('',*,*,#609,.T.);
#903=ORIENTED_EDGE('',*,*,#652,.F.);
#904=ORIENTED_EDGE('',*,*,#653,.T.);
#905=ORIENTED_EDGE('',*,*,#654,.F.);
#906=ORIENTED_EDGE('',*,*,#655,.T.);
#907=ORIENTED_EDGE('',*,*,#651,.F.);
#908=ORIENTED_EDGE('',*,*,#644,.F.);
#909=ORIENTED_EDGE('',*,*,#656,.F.);
#910=ORIENTED_EDGE('',*,*,#657,.F.);
#911=ORIENTED_EDGE('',*,*,#658,.F.);
#912=ORIENTED_EDGE('',*,*,#659,.F.);
#913=ORIENTED_EDGE('',*,*,#660,.F.);
#914=ORIENTED_EDGE('',*,*,#653,.F.);
#915=ORIENTED_EDGE('',*,*,#661,.T.);
#916=ORIENTED_EDGE('',*,*,#662,.T.);
#917=ORIENTED_EDGE('',*,*,#663,.T.);
#918=ORIENTED_EDGE('',*,*,#658,.T.);
#919=ORIENTED_EDGE('',*,*,#662,.F.);
#920=ORIENTED_EDGE('',*,*,#664,.F.);
#921=ORIENTED_EDGE('',*,*,#665,.F.);
#922=ORIENTED_EDGE('',*,*,#666,.F.);
#923=ORIENTED_EDGE('',*,*,#667,.F.);
#924=ORIENTED_EDGE('',*,*,#668,.F.);
#925=ORIENTED_EDGE('',*,*,#669,.F.);
#926=ORIENTED_EDGE('',*,*,#670,.T.);
#927=ORIENTED_EDGE('',*,*,#671,.F.);
#928=ORIENTED_EDGE('',*,*,#672,.F.);
#929=ORIENTED_EDGE('',*,*,#673,.F.);
#930=ORIENTED_EDGE('',*,*,#674,.F.);
#931=ORIENTED_EDGE('',*,*,#675,.T.);
#932=ORIENTED_EDGE('',*,*,#661,.F.);
#933=ORIENTED_EDGE('',*,*,#657,.T.);
#934=ORIENTED_EDGE('',*,*,#676,.F.);
#935=ORIENTED_EDGE('',*,*,#649,.T.);
#936=ORIENTED_EDGE('',*,*,#677,.F.);
#937=ORIENTED_EDGE('',*,*,#664,.T.);
#938=ORIENTED_EDGE('',*,*,#678,.T.);
#939=ORIENTED_EDGE('',*,*,#665,.T.);
#940=ORIENTED_EDGE('',*,*,#677,.T.);
#941=ORIENTED_EDGE('',*,*,#648,.T.);
#942=ORIENTED_EDGE('',*,*,#679,.T.);
#943=ORIENTED_EDGE('',*,*,#667,.T.);
#944=ORIENTED_EDGE('',*,*,#680,.T.);
#945=ORIENTED_EDGE('',*,*,#637,.T.);
#946=ORIENTED_EDGE('',*,*,#679,.F.);
#947=ORIENTED_EDGE('',*,*,#636,.T.);
#948=ORIENTED_EDGE('',*,*,#681,.F.);
#949=ORIENTED_EDGE('',*,*,#627,.T.);
#950=ORIENTED_EDGE('',*,*,#682,.F.);
#951=ORIENTED_EDGE('',*,*,#668,.T.);
#952=ORIENTED_EDGE('',*,*,#683,.T.);
#953=ORIENTED_EDGE('',*,*,#669,.T.);
#954=ORIENTED_EDGE('',*,*,#682,.T.);
#955=ORIENTED_EDGE('',*,*,#626,.T.);
#956=ORIENTED_EDGE('',*,*,#683,.F.);
#957=ORIENTED_EDGE('',*,*,#625,.F.);
#958=ORIENTED_EDGE('',*,*,#684,.F.);
#959=ORIENTED_EDGE('',*,*,#685,.F.);
#960=ORIENTED_EDGE('',*,*,#686,.F.);
#961=ORIENTED_EDGE('',*,*,#670,.F.);
#962=ORIENTED_EDGE('',*,*,#687,.T.);
#963=ORIENTED_EDGE('',*,*,#671,.T.);
#964=ORIENTED_EDGE('',*,*,#686,.T.);
#965=ORIENTED_EDGE('',*,*,#688,.T.);
#966=ORIENTED_EDGE('',*,*,#614,.F.);
#967=ORIENTED_EDGE('',*,*,#612,.F.);
#968=ORIENTED_EDGE('',*,*,#689,.F.);
#969=ORIENTED_EDGE('',*,*,#690,.F.);
#970=ORIENTED_EDGE('',*,*,#688,.F.);
#971=ORIENTED_EDGE('',*,*,#685,.T.);
#972=ORIENTED_EDGE('',*,*,#691,.F.);
#973=ORIENTED_EDGE('',*,*,#692,.T.);
#974=ORIENTED_EDGE('',*,*,#693,.T.);
#975=ORIENTED_EDGE('',*,*,#673,.T.);
#976=ORIENTED_EDGE('',*,*,#694,.T.);
#977=ORIENTED_EDGE('',*,*,#695,.T.);
#978=ORIENTED_EDGE('',*,*,#596,.F.);
#979=ORIENTED_EDGE('',*,*,#655,.F.);
#980=ORIENTED_EDGE('',*,*,#696,.F.);
#981=ORIENTED_EDGE('',*,*,#697,.F.);
#982=ORIENTED_EDGE('',*,*,#695,.F.);
#983=ORIENTED_EDGE('',*,*,#698,.F.);
#984=ORIENTED_EDGE('',*,*,#699,.F.);
#985=ORIENTED_EDGE('',*,*,#610,.F.);
#986=ORIENTED_EDGE('',*,*,#687,.F.);
#987=ORIENTED_EDGE('',*,*,#690,.T.);
#988=ORIENTED_EDGE('',*,*,#700,.F.);
#989=ORIENTED_EDGE('',*,*,#698,.T.);
#990=ORIENTED_EDGE('',*,*,#694,.F.);
#991=ORIENTED_EDGE('',*,*,#672,.T.);
#992=ORIENTED_EDGE('',*,*,#700,.T.);
#993=ORIENTED_EDGE('',*,*,#689,.T.);
#994=ORIENTED_EDGE('',*,*,#611,.T.);
#995=ORIENTED_EDGE('',*,*,#699,.T.);
#996=ORIENTED_EDGE('',*,*,#701,.T.);
#997=ORIENTED_EDGE('',*,*,#696,.T.);
#998=ORIENTED_EDGE('',*,*,#654,.T.);
#999=ORIENTED_EDGE('',*,*,#660,.T.);
#1000=ORIENTED_EDGE('',*,*,#676,.T.);
#1001=ORIENTED_EDGE('',*,*,#656,.T.);
#1002=ORIENTED_EDGE('',*,*,#643,.T.);
#1003=ORIENTED_EDGE('',*,*,#650,.T.);
#1004=ORIENTED_EDGE('',*,*,#702,.T.);
#1005=ORIENTED_EDGE('',*,*,#646,.T.);
#1006=ORIENTED_EDGE('',*,*,#632,.T.);
#1007=ORIENTED_EDGE('',*,*,#639,.T.);
#1008=ORIENTED_EDGE('',*,*,#681,.T.);
#1009=ORIENTED_EDGE('',*,*,#635,.T.);
#1010=ORIENTED_EDGE('',*,*,#620,.T.);
#1011=ORIENTED_EDGE('',*,*,#628,.T.);
#1012=ORIENTED_EDGE('',*,*,#684,.T.);
#1013=ORIENTED_EDGE('',*,*,#624,.T.);
#1014=ORIENTED_EDGE('',*,*,#703,.T.);
#1015=ORIENTED_EDGE('',*,*,#691,.T.);
#1016=ORIENTED_EDGE('',*,*,#678,.F.);
#1017=ORIENTED_EDGE('',*,*,#647,.T.);
#1018=ORIENTED_EDGE('',*,*,#702,.F.);
#1019=ORIENTED_EDGE('',*,*,#638,.T.);
#1020=ORIENTED_EDGE('',*,*,#680,.F.);
#1021=ORIENTED_EDGE('',*,*,#666,.T.);
#1022=ORIENTED_EDGE('',*,*,#663,.F.);
#1023=ORIENTED_EDGE('',*,*,#674,.T.);
#1024=ORIENTED_EDGE('',*,*,#693,.F.);
#1025=ORIENTED_EDGE('',*,*,#697,.T.);
#1026=ORIENTED_EDGE('',*,*,#701,.F.);
#1027=ORIENTED_EDGE('',*,*,#659,.T.);
#1028=ORIENTED_EDGE('',*,*,#615,.F.);
#1029=ORIENTED_EDGE('',*,*,#692,.F.);
#1030=ORIENTED_EDGE('',*,*,#703,.F.);
#1031=ORIENTED_EDGE('',*,*,#623,.F.);
#1032=ORIENTED_EDGE('',*,*,#616,.F.);
#1033=ORIENTED_EDGE('',*,*,#601,.F.);
#1034=ORIENTED_EDGE('',*,*,#592,.T.);
#1035=ORIENTED_EDGE('',*,*,#563,.T.);
#1036=ORIENTED_EDGE('',*,*,#589,.T.);
#1037=ORIENTED_EDGE('',*,*,#559,.F.);
#1038=ORIENTED_EDGE('',*,*,#675,.F.);
#1039=ORIENTED_EDGE('',*,*,#704,.F.);
#1040=ORIENTED_EDGE('',*,*,#704,.T.);
#1041=ORIENTED_EDGE('',*,*,#557,.T.);
#1042=ORIENTED_EDGE('',*,*,#591,.T.);
#1043=ORIENTED_EDGE('',*,*,#554,.F.);
#1044=ORIENTED_EDGE('',*,*,#593,.T.);
#1045=CYLINDRICAL_SURFACE('',#1155,1.2645);
#1046=CYLINDRICAL_SURFACE('',#1157,1.2645);
#1047=CYLINDRICAL_SURFACE('',#1158,1.2645);
#1048=CYLINDRICAL_SURFACE('',#1159,1.2645);
#1049=CYLINDRICAL_SURFACE('',#1160,1.2645);
#1050=CYLINDRICAL_SURFACE('',#1161,1.2645);
#1051=CYLINDRICAL_SURFACE('',#1162,1.2645);
#1052=CYLINDRICAL_SURFACE('',#1163,1.2645);
#1053=CYLINDRICAL_SURFACE('',#1165,1.543);
#1054=CYLINDRICAL_SURFACE('',#1167,1.543);
#1055=CYLINDRICAL_SURFACE('',#1168,1.543);
#1056=CYLINDRICAL_SURFACE('',#1169,1.543);
#1057=CYLINDRICAL_SURFACE('',#1170,1.543);
#1058=CYLINDRICAL_SURFACE('',#1171,1.543);
#1059=CYLINDRICAL_SURFACE('',#1172,1.543);
#1060=CYLINDRICAL_SURFACE('',#1173,1.543);
#1061=CYLINDRICAL_SURFACE('',#1175,1.543);
#1062=CYLINDRICAL_SURFACE('',#1176,0.1);
#1063=CYLINDRICAL_SURFACE('',#1183,0.1);
#1064=CYLINDRICAL_SURFACE('',#1185,0.1);
#1065=CYLINDRICAL_SURFACE('',#1192,0.1);
#1066=CYLINDRICAL_SURFACE('',#1198,0.1);
#1067=CYLINDRICAL_SURFACE('',#1204,0.1);
#1068=CYLINDRICAL_SURFACE('',#1209,0.1);
#1069=CYLINDRICAL_SURFACE('',#1217,0.1);
#1070=CYLINDRICAL_SURFACE('',#1219,0.1);
#1071=CYLINDRICAL_SURFACE('',#1225,0.1);
#1072=CYLINDRICAL_SURFACE('',#1230,0.1);
#1073=CYLINDRICAL_SURFACE('',#1233,0.1);
#1074=CYLINDRICAL_SURFACE('',#1239,0.1);
#1075=CYLINDRICAL_SURFACE('',#1240,0.1);
#1076=CYLINDRICAL_SURFACE('',#1242,0.1);
#1077=CYLINDRICAL_SURFACE('',#1243,0.1);
#1078=CYLINDRICAL_SURFACE('',#1245,0.1);
#1079=CYLINDRICAL_SURFACE('',#1246,0.1);
#1080=CYLINDRICAL_SURFACE('',#1254,1.2645);
#1081=ADVANCED_FACE('',(#77),#1045,.F.);
#1082=ADVANCED_FACE('',(#78),#1046,.F.);
#1083=ADVANCED_FACE('',(#79),#1047,.F.);
#1084=ADVANCED_FACE('',(#80),#1048,.F.);
#1085=ADVANCED_FACE('',(#81),#1049,.F.);
#1086=ADVANCED_FACE('',(#82),#1050,.F.);
#1087=ADVANCED_FACE('',(#83),#1051,.F.);
#1088=ADVANCED_FACE('',(#84),#1052,.F.);
#1089=ADVANCED_FACE('',(#85),#1053,.F.);
#1090=ADVANCED_FACE('',(#86),#1054,.F.);
#1091=ADVANCED_FACE('',(#87),#1055,.F.);
#1092=ADVANCED_FACE('',(#88),#1056,.F.);
#1093=ADVANCED_FACE('',(#89),#1057,.F.);
#1094=ADVANCED_FACE('',(#90),#1058,.F.);
#1095=ADVANCED_FACE('',(#91),#1059,.F.);
#1096=ADVANCED_FACE('',(#92),#1060,.F.);
#1097=ADVANCED_FACE('',(#93),#1061,.F.);
#1098=ADVANCED_FACE('',(#94),#75,.F.);
#1099=ADVANCED_FACE('',(#95),#76,.F.);
#1100=ADVANCED_FACE('',(#96),#1062,.T.);
#1101=ADVANCED_FACE('',(#97,#16),#18,.F.);
#1102=ADVANCED_FACE('',(#98),#19,.F.);
#1103=ADVANCED_FACE('',(#99),#1063,.T.);
#1104=ADVANCED_FACE('',(#100),#1064,.T.);
#1105=ADVANCED_FACE('',(#101),#20,.F.);
#1106=ADVANCED_FACE('',(#102),#21,.T.);
#1107=ADVANCED_FACE('',(#103),#1065,.T.);
#1108=ADVANCED_FACE('',(#104),#22,.F.);
#1109=ADVANCED_FACE('',(#105),#23,.T.);
#1110=ADVANCED_FACE('',(#106),#1066,.T.);
#1111=ADVANCED_FACE('',(#107),#24,.F.);
#1112=ADVANCED_FACE('',(#108),#25,.T.);
#1113=ADVANCED_FACE('',(#109),#1067,.T.);
#1114=ADVANCED_FACE('',(#110),#26,.F.);
#1115=ADVANCED_FACE('',(#111),#27,.T.);
#1116=ADVANCED_FACE('',(#112),#1068,.T.);
#1117=ADVANCED_FACE('',(#113,#17),#28,.T.);
#1118=ADVANCED_FACE('',(#114),#29,.F.);
#1119=ADVANCED_FACE('',(#115),#1069,.T.);
#1120=ADVANCED_FACE('',(#116),#1070,.T.);
#1121=ADVANCED_FACE('',(#117),#30,.F.);
#1122=ADVANCED_FACE('',(#118),#1071,.T.);
#1123=ADVANCED_FACE('',(#119),#31,.F.);
#1124=ADVANCED_FACE('',(#120),#1072,.T.);
#1125=ADVANCED_FACE('',(#121),#32,.T.);
#1126=ADVANCED_FACE('',(#122),#1073,.T.);
#1127=ADVANCED_FACE('',(#123),#33,.T.);
#1128=ADVANCED_FACE('',(#124),#34,.F.);
#1129=ADVANCED_FACE('',(#125),#1074,.T.);
#1130=ADVANCED_FACE('',(#126),#1075,.T.);
#1131=ADVANCED_FACE('',(#127),#1076,.T.);
#1132=ADVANCED_FACE('',(#128),#1077,.T.);
#1133=ADVANCED_FACE('',(#129),#1078,.T.);
#1134=ADVANCED_FACE('',(#130),#1079,.T.);
#1135=ADVANCED_FACE('',(#131),#35,.F.);
#1136=ADVANCED_FACE('',(#132),#36,.F.);
#1137=ADVANCED_FACE('',(#133),#37,.F.);
#1138=ADVANCED_FACE('',(#134),#38,.F.);
#1139=ADVANCED_FACE('',(#135),#15,.T.);
#1140=ADVANCED_FACE('',(#136),#1080,.F.);
#1141=CLOSED_SHELL('',(#1081,#1082,#1083,#1084,#1085,#1086,#1087,#1088,
#1089,#1090,#1091,#1092,#1093,#1094,#1095,#1096,#1097,#1098,#1099,#1100,
#1101,#1102,#1103,#1104,#1105,#1106,#1107,#1108,#1109,#1110,#1111,#1112,
#1113,#1114,#1115,#1116,#1117,#1118,#1119,#1120,#1121,#1122,#1123,#1124,
#1125,#1126,#1127,#1128,#1129,#1130,#1131,#1132,#1133,#1134,#1135,#1136,
#1137,#1138,#1139,#1140));
#1142=DERIVED_UNIT_ELEMENT(#1144,1.);
#1143=DERIVED_UNIT_ELEMENT(#3164,-3.);
#1144=(
MASS_UNIT()
NAMED_UNIT(*)
SI_UNIT(.KILO.,.GRAM.)
);
#1145=DERIVED_UNIT((#1142,#1143));
#1146=MEASURE_REPRESENTATION_ITEM('density measure',
POSITIVE_RATIO_MEASURE(7850.),#1145);
#1147=PROPERTY_DEFINITION_REPRESENTATION(#1152,#1149);
#1148=PROPERTY_DEFINITION_REPRESENTATION(#1153,#1150);
#1149=REPRESENTATION('material name',(#1151),#3161);
#1150=REPRESENTATION('density',(#1146),#3161);
#1151=DESCRIPTIVE_REPRESENTATION_ITEM('Steel','Steel');
#1152=PROPERTY_DEFINITION('material property','material name',#3171);
#1153=PROPERTY_DEFINITION('material property','density of part',#3171);
#1154=AXIS2_PLACEMENT_3D('',#1545,#1255,#1256);
#1155=AXIS2_PLACEMENT_3D('',#1546,#1257,#1258);
#1156=AXIS2_PLACEMENT_3D('',#1565,#1260,#1261);
#1157=AXIS2_PLACEMENT_3D('',#1585,#1262,#1263);
#1158=AXIS2_PLACEMENT_3D('',#1639,#1265,#1266);
#1159=AXIS2_PLACEMENT_3D('',#1687,#1268,#1269);
#1160=AXIS2_PLACEMENT_3D('',#1738,#1271,#1272);
#1161=AXIS2_PLACEMENT_3D('',#1789,#1274,#1275);
#1162=AXIS2_PLACEMENT_3D('',#1837,#1277,#1278);
#1163=AXIS2_PLACEMENT_3D('',#1888,#1280,#1281);
#1164=AXIS2_PLACEMENT_3D('',#1898,#1283,#1284);
#1165=AXIS2_PLACEMENT_3D('',#1909,#1285,#1286);
#1166=AXIS2_PLACEMENT_3D('',#1923,#1288,#1289);
#1167=AXIS2_PLACEMENT_3D('',#1933,#1290,#1291);
#1168=AXIS2_PLACEMENT_3D('',#1957,#1293,#1294);
#1169=AXIS2_PLACEMENT_3D('',#1982,#1296,#1297);
#1170=AXIS2_PLACEMENT_3D('',#2007,#1299,#1300);
#1171=AXIS2_PLACEMENT_3D('',#2031,#1302,#1303);
#1172=AXIS2_PLACEMENT_3D('',#2056,#1305,#1306);
#1173=AXIS2_PLACEMENT_3D('',#2081,#1308,#1309);
#1174=AXIS2_PLACEMENT_3D('',#2092,#1311,#1312);
#1175=AXIS2_PLACEMENT_3D('',#2098,#1313,#1314);
#1176=AXIS2_PLACEMENT_3D('',#2934,#1315,#1316);
#1177=AXIS2_PLACEMENT_3D('',#2937,#1317,#1318);
#1178=AXIS2_PLACEMENT_3D('',#2941,#1320,#1321);
#1179=AXIS2_PLACEMENT_3D('',#2943,#1323,#1324);
#1180=AXIS2_PLACEMENT_3D('',#2965,#1336,#1337);
#1181=AXIS2_PLACEMENT_3D('',#2969,#1339,#1340);
#1182=AXIS2_PLACEMENT_3D('',#2972,#1342,#1343);
#1183=AXIS2_PLACEMENT_3D('',#2973,#1344,#1345);
#1184=AXIS2_PLACEMENT_3D('',#2976,#1347,#1348);
#1185=AXIS2_PLACEMENT_3D('',#2977,#1349,#1350);
#1186=AXIS2_PLACEMENT_3D('',#2979,#1351,#1352);
#1187=AXIS2_PLACEMENT_3D('',#2982,#1354,#1355);
#1188=AXIS2_PLACEMENT_3D('',#2983,#1356,#1357);
#1189=AXIS2_PLACEMENT_3D('',#2987,#1359,#1360);
#1190=AXIS2_PLACEMENT_3D('',#2990,#1362,#1363);
#1191=AXIS2_PLACEMENT_3D('',#2991,#1364,#1365);
#1192=AXIS2_PLACEMENT_3D('',#3003,#1372,#1373);
#1193=AXIS2_PLACEMENT_3D('',#3006,#1375,#1376);
#1194=AXIS2_PLACEMENT_3D('',#3007,#1377,#1378);
#1195=AXIS2_PLACEMENT_3D('',#3011,#1380,#1381);
#1196=AXIS2_PLACEMENT_3D('',#3014,#1383,#1384);
#1197=AXIS2_PLACEMENT_3D('',#3015,#1385,#1386);
#1198=AXIS2_PLACEMENT_3D('',#3025,#1392,#1393);
#1199=AXIS2_PLACEMENT_3D('',#3028,#1395,#1396);
#1200=AXIS2_PLACEMENT_3D('',#3029,#1397,#1398);
#1201=AXIS2_PLACEMENT_3D('',#3033,#1400,#1401);
#1202=AXIS2_PLACEMENT_3D('',#3036,#1403,#1404);
#1203=AXIS2_PLACEMENT_3D('',#3037,#1405,#1406);
#1204=AXIS2_PLACEMENT_3D('',#3047,#1412,#1413);
#1205=AXIS2_PLACEMENT_3D('',#3050,#1415,#1416);
#1206=AXIS2_PLACEMENT_3D('',#3051,#1417,#1418);
#1207=AXIS2_PLACEMENT_3D('',#3055,#1420,#1421);
#1208=AXIS2_PLACEMENT_3D('',#3057,#1423,#1424);
#1209=AXIS2_PLACEMENT_3D('',#3067,#1430,#1431);
#1210=AXIS2_PLACEMENT_3D('',#3069,#1432,#1433);
#1211=AXIS2_PLACEMENT_3D('',#3072,#1435,#1436);
#1212=AXIS2_PLACEMENT_3D('',#3073,#1437,#1438);
#1213=AXIS2_PLACEMENT_3D('',#3096,#1450,#1451);
#1214=AXIS2_PLACEMENT_3D('',#3097,#1452,#1453);
#1215=AXIS2_PLACEMENT_3D('',#3098,#1454,#1455);
#1216=AXIS2_PLACEMENT_3D('',#3099,#1456,#1457);
#1217=AXIS2_PLACEMENT_3D('',#3100,#1458,#1459);
#1218=AXIS2_PLACEMENT_3D('',#3101,#1460,#1461);
#1219=AXIS2_PLACEMENT_3D('',#3102,#1462,#1463);
#1220=AXIS2_PLACEMENT_3D('',#3103,#1464,#1465);
#1221=AXIS2_PLACEMENT_3D('',#3104,#1466,#1467);
#1222=AXIS2_PLACEMENT_3D('',#3105,#1468,#1469);
#1223=AXIS2_PLACEMENT_3D('',#3106,#1470,#1471);
#1224=AXIS2_PLACEMENT_3D('',#3107,#1472,#1473);
#1225=AXIS2_PLACEMENT_3D('',#3108,#1474,#1475);
#1226=AXIS2_PLACEMENT_3D('',#3109,#1476,#1477);
#1227=AXIS2_PLACEMENT_3D('',#3110,#1478,#1479);
#1228=AXIS2_PLACEMENT_3D('',#3112,#1480,#1481);
#1229=AXIS2_PLACEMENT_3D('',#3115,#1483,#1484);
#1230=AXIS2_PLACEMENT_3D('',#3116,#1485,#1486);
#1231=AXIS2_PLACEMENT_3D('',#3118,#1487,#1488);
#1232=AXIS2_PLACEMENT_3D('',#3120,#1490,#1491);
#1233=AXIS2_PLACEMENT_3D('',#3127,#1496,#1497);
#1234=AXIS2_PLACEMENT_3D('',#3129,#1498,#1499);
#1235=AXIS2_PLACEMENT_3D('',#3131,#1500,#1501);
#1236=AXIS2_PLACEMENT_3D('',#3133,#1503,#1504);
#1237=AXIS2_PLACEMENT_3D('',#3140,#1509,#1510);
#1238=AXIS2_PLACEMENT_3D('',#3141,#1511,#1512);
#1239=AXIS2_PLACEMENT_3D('',#3142,#1513,#1514);
#1240=AXIS2_PLACEMENT_3D('',#3143,#1515,#1516);
#1241=AXIS2_PLACEMENT_3D('',#3144,#1517,#1518);
#1242=AXIS2_PLACEMENT_3D('',#3145,#1519,#1520);
#1243=AXIS2_PLACEMENT_3D('',#3146,#1521,#1522);
#1244=AXIS2_PLACEMENT_3D('',#3147,#1523,#1524);
#1245=AXIS2_PLACEMENT_3D('',#3148,#1525,#1526);
#1246=AXIS2_PLACEMENT_3D('',#3149,#1527,#1528);
#1247=AXIS2_PLACEMENT_3D('',#3150,#1529,#1530);
#1248=AXIS2_PLACEMENT_3D('',#3151,#1531,#1532);
#1249=AXIS2_PLACEMENT_3D('',#3152,#1533,#1534);
#1250=AXIS2_PLACEMENT_3D('',#3153,#1535,#1536);
#1251=AXIS2_PLACEMENT_3D('',#3154,#1537,#1538);
#1252=AXIS2_PLACEMENT_3D('',#3155,#1539,#1540);
#1253=AXIS2_PLACEMENT_3D('',#3157,#1541,#1542);
#1254=AXIS2_PLACEMENT_3D('',#3158,#1543,#1544);
#1255=DIRECTION('axis',(0.,0.,1.));
#1256=DIRECTION('refdir',(1.,0.,0.));
#1257=DIRECTION('center_axis',(0.,0.,1.));
#1258=DIRECTION('ref_axis',(0.937367653539533,0.348341616947773,0.));
#1259=DIRECTION('',(0.,0.,-1.));
#1260=DIRECTION('center_axis',(0.,0.,1.));
#1261=DIRECTION('ref_axis',(1.,0.,0.));
#1262=DIRECTION('center_axis',(0.,0.,1.));
#1263=DIRECTION('ref_axis',(1.,0.,0.));
#1264=DIRECTION('',(0.,0.,-1.));
#1265=DIRECTION('center_axis',(0.,0.,1.));
#1266=DIRECTION('ref_axis',(1.,0.,0.));
#1267=DIRECTION('',(0.,0.,-1.));
#1268=DIRECTION('center_axis',(0.,0.,1.));
#1269=DIRECTION('ref_axis',(1.,0.,0.));
#1270=DIRECTION('',(0.,0.,-1.));
#1271=DIRECTION('center_axis',(0.,0.,1.));
#1272=DIRECTION('ref_axis',(1.,0.,0.));
#1273=DIRECTION('',(0.,0.,-1.));
#1274=DIRECTION('center_axis',(0.,0.,1.));
#1275=DIRECTION('ref_axis',(1.,0.,0.));
#1276=DIRECTION('',(0.,0.,-1.));
#1277=DIRECTION('center_axis',(0.,0.,1.));
#1278=DIRECTION('ref_axis',(1.,0.,0.));
#1279=DIRECTION('',(0.,0.,-1.));
#1280=DIRECTION('center_axis',(0.,0.,1.));
#1281=DIRECTION('ref_axis',(-0.348536395755874,-0.937295247418605,0.));
#1282=DIRECTION('',(0.,0.,-1.));
#1283=DIRECTION('center_axis',(0.,0.,1.));
#1284=DIRECTION('ref_axis',(1.,0.,0.));
#1285=DIRECTION('center_axis',(0.,0.,1.));
#1286=DIRECTION('ref_axis',(0.79323523848312,-0.608915311376408,0.));
#1287=DIRECTION('',(1.22464679914735E-16,3.97572788283352E-30,1.));
#1288=DIRECTION('center_axis',(0.,0.,-1.));
#1289=DIRECTION('ref_axis',(1.,3.23418171489487E-14,0.));
#1290=DIRECTION('center_axis',(0.,0.,1.));
#1291=DIRECTION('ref_axis',(1.,3.23418171489487E-14,0.));
#1292=DIRECTION('',(1.22464679914735E-16,3.97572788283352E-30,1.));
#1293=DIRECTION('center_axis',(0.,0.,1.));
#1294=DIRECTION('ref_axis',(1.,3.23418171489487E-14,0.));
#1295=DIRECTION('',(1.22464679914735E-16,3.97572788283352E-30,1.));
#1296=DIRECTION('center_axis',(0.,0.,1.));
#1297=DIRECTION('ref_axis',(1.,3.23418171489487E-14,0.));
#1298=DIRECTION('',(1.22464679914735E-16,3.97572788283352E-30,1.));
#1299=DIRECTION('center_axis',(0.,0.,1.));
#1300=DIRECTION('ref_axis',(1.,3.23418171489487E-14,0.));
#1301=DIRECTION('',(1.22464679914735E-16,3.97572788283352E-30,1.));
#1302=DIRECTION('center_axis',(0.,0.,1.));
#1303=DIRECTION('ref_axis',(1.,3.23418171489487E-14,0.));
#1304=DIRECTION('',(1.22464679914735E-16,3.97572788283352E-30,1.));
#1305=DIRECTION('center_axis',(0.,0.,1.));
#1306=DIRECTION('ref_axis',(1.,3.23418171489487E-14,0.));
#1307=DIRECTION('',(1.22464679914735E-16,3.97572788283352E-30,1.));
#1308=DIRECTION('center_axis',(0.,0.,1.));
#1309=DIRECTION('ref_axis',(-0.609092051251714,0.793099535431701,0.));
#1310=DIRECTION('',(1.22464679914735E-16,3.97572788283352E-30,1.));
#1311=DIRECTION('center_axis',(0.,0.,1.));
#1312=DIRECTION('ref_axis',(1.,3.23418171489487E-14,0.));
#1313=DIRECTION('center_axis',(0.,0.,1.));
#1314=DIRECTION('ref_axis',(1.,3.23418171489487E-14,0.));
#1315=DIRECTION('center_axis',(5.76888797318756E-16,1.,0.));
#1316=DIRECTION('ref_axis',(0.707106781186548,0.,-0.707106781186547));
#1317=DIRECTION('center_axis',(-0.774596669241483,-0.447213595499958,0.447213595499958));
#1318=DIRECTION('ref_axis',(0.387298334620741,-0.894427190999916,-0.223606797749979));
#1319=DIRECTION('',(-5.76888797318756E-16,-1.,0.));
#1320=DIRECTION('center_axis',(-0.774596669241483,0.447213595499958,0.447213595499958));
#1321=DIRECTION('ref_axis',(0.387298334620742,0.894427190999916,-0.223606797749979));
#1322=DIRECTION('',(5.76888797318756E-16,1.,0.));
#1323=DIRECTION('center_axis',(0.,0.,1.));
#1324=DIRECTION('ref_axis',(1.,0.,0.));
#1325=DIRECTION('',(0.5,0.866025403784439,0.));
#1326=DIRECTION('',(0.866025403784439,0.5,0.));
#1327=DIRECTION('',(1.,0.,0.));
#1328=DIRECTION('',(0.866025403784438,-0.5,0.));
#1329=DIRECTION('',(0.499999999999999,-0.866025403784439,0.));
#1330=DIRECTION('',(-5.76888797318756E-16,-1.,0.));
#1331=DIRECTION('',(-0.5,-0.866025403784438,0.));
#1332=DIRECTION('',(-0.866025403784439,-0.499999999999999,0.));
#1333=DIRECTION('',(-1.,1.22464679914735E-16,0.));
#1334=DIRECTION('',(-0.866025403784438,0.5,0.));
#1335=DIRECTION('',(-0.5,0.866025403784439,0.));
#1336=DIRECTION('center_axis',(-0.774596669241483,0.447213595499958,0.447213595499958));
#1337=DIRECTION('ref_axis',(0.5,0.866025403784439,0.));
#1338=DIRECTION('',(-4.07921980574645E-16,-0.707106781186548,0.707106781186547));
#1339=DIRECTION('center_axis',(-0.774596669241483,0.447213595499958,0.447213595499958));
#1340=DIRECTION('ref_axis',(0.387298334620742,-0.22360679774998,0.894427190999916));
#1341=DIRECTION('',(-0.612372435695795,-0.353553390593274,-0.707106781186547));
#1342=DIRECTION('center_axis',(-0.774596669241483,0.447213595499958,0.447213595499958));
#1343=DIRECTION('ref_axis',(-0.580947501931113,-0.782623792124926,-0.223606797749979));
#1344=DIRECTION('center_axis',(0.866025403784439,0.5,0.));
#1345=DIRECTION('ref_axis',(0.353553390593273,-0.612372435695794,-0.707106781186548));
#1346=DIRECTION('',(-0.866025403784439,-0.5,0.));
#1347=DIRECTION('center_axis',(0.,0.894427190999916,0.447213595499958));
#1348=DIRECTION('ref_axis',(0.968245836551854,0.11180339887499,-0.223606797749979));
#1349=DIRECTION('center_axis',(0.866025403784439,-0.5,0.));
#1350=DIRECTION('ref_axis',(-0.353553390593274,-0.612372435695794,-0.707106781186548));
#1351=DIRECTION('center_axis',(0.,0.894427190999916,0.447213595499958));
#1352=DIRECTION('ref_axis',(-0.968245836551854,0.11180339887499,-0.223606797749979));
#1353=DIRECTION('',(-0.866025403784438,0.5,0.));
#1354=DIRECTION('center_axis',(0.774596669241484,0.447213595499957,0.447213595499958));
#1355=DIRECTION('ref_axis',(0.580947501931112,-0.782623792124927,-0.223606797749979));
#1356=DIRECTION('center_axis',(0.774596669241484,0.447213595499957,0.447213595499958));
#1357=DIRECTION('ref_axis',(0.499999999999999,-0.866025403784439,0.));
#1358=DIRECTION('',(-0.612372435695794,0.353553390593274,0.707106781186548));
#1359=DIRECTION('center_axis',(0.774596669241484,0.447213595499957,0.447213595499958));
#1360=DIRECTION('ref_axis',(-0.387298334620742,-0.22360679774998,0.894427190999916));
#1361=DIRECTION('',(4.07921980574644E-16,0.707106781186548,-0.707106781186547));
#1362=DIRECTION('center_axis',(0.774596669241484,0.447213595499957,0.447213595499958));
#1363=DIRECTION('ref_axis',(-0.387298334620741,0.894427190999916,-0.223606797749979));
#1364=DIRECTION('center_axis',(-0.5,-0.866025403784439,0.));
#1365=DIRECTION('ref_axis',(0.866025403784438,-0.5,0.));
#1366=DIRECTION('',(0.612372435695795,-0.353553390593274,0.707106781186547));
#1367=DIRECTION('',(0.,0.,-1.));
#1368=DIRECTION('',(-0.612372435695793,0.353553390593273,0.707106781186549));
#1369=DIRECTION('',(0.866025403784438,-0.5,0.));
#1370=DIRECTION('',(0.612372435695793,-0.353553390593273,0.707106781186549));
#1371=DIRECTION('',(0.,0.,1.));
#1372=DIRECTION('center_axis',(-5.76888797318756E-16,-1.,0.));
#1373=DIRECTION('ref_axis',(-0.707106781186548,0.,-0.707106781186547));
#1374=DIRECTION('',(5.76888797318756E-16,1.,0.));
#1375=DIRECTION('center_axis',(0.774596669241483,-0.447213595499958,0.447213595499958));
#1376=DIRECTION('ref_axis',(-0.387298334620742,-0.894427190999916,-0.223606797749979));
#1377=DIRECTION('center_axis',(0.774596669241483,-0.447213595499958,0.447213595499958));
#1378=DIRECTION('ref_axis',(-0.5,-0.866025403784438,0.));
#1379=DIRECTION('',(4.07921980574644E-16,0.707106781186548,0.707106781186547));
#1380=DIRECTION('center_axis',(0.774596669241483,-0.447213595499958,0.447213595499958));
#1381=DIRECTION('ref_axis',(-0.387298334620742,0.223606797749979,0.894427190999916));
#1382=DIRECTION('',(0.612372435695795,0.353553390593274,-0.707106781186547));
#1383=DIRECTION('center_axis',(0.774596669241483,-0.447213595499958,0.447213595499958));
#1384=DIRECTION('ref_axis',(0.580947501931113,0.782623792124926,-0.223606797749979));
#1385=DIRECTION('center_axis',(-1.,5.76888797318756E-16,0.));
#1386=DIRECTION('ref_axis',(-5.76888797318756E-16,-1.,0.));
#1387=DIRECTION('',(0.,0.,-1.));
#1388=DIRECTION('',(-4.07921980574643E-16,-0.707106781186546,-0.707106781186549));
#1389=DIRECTION('',(-5.76888797318756E-16,-1.,0.));
#1390=DIRECTION('',(-4.07921980574643E-16,-0.707106781186546,0.707106781186549));
#1391=DIRECTION('',(0.,0.,1.));
#1392=DIRECTION('center_axis',(-0.866025403784439,-0.5,0.));
#1393=DIRECTION('ref_axis',(-0.353553390593273,0.612372435695794,-0.707106781186548));
#1394=DIRECTION('',(0.866025403784439,0.499999999999999,0.));
#1395=DIRECTION('center_axis',(-1.09535739652841E-16,-0.894427190999916,
0.447213595499958));
#1396=DIRECTION('ref_axis',(-0.968245836551854,-0.111803398874989,-0.223606797749979));
#1397=DIRECTION('center_axis',(-1.09535739652841E-16,-0.894427190999916,
0.447213595499958));
#1398=DIRECTION('ref_axis',(-1.,1.22464679914735E-16,0.));
#1399=DIRECTION('',(0.612372435695795,0.353553390593274,0.707106781186547));
#1400=DIRECTION('center_axis',(-1.09535739652841E-16,-0.894427190999916,
0.447213595499958));
#1401=DIRECTION('ref_axis',(3.35927756636662E-16,0.447213595499958,0.894427190999916));
#1402=DIRECTION('',(0.612372435695794,-0.353553390593274,-0.707106781186547));
#1403=DIRECTION('center_axis',(-1.09535739652841E-16,-0.894427190999916,
0.447213595499958));
#1404=DIRECTION('ref_axis',(0.968245836551854,-0.11180339887499,-0.223606797749979));
#1405=DIRECTION('center_axis',(-0.5,0.866025403784439,0.));
#1406=DIRECTION('ref_axis',(-0.866025403784439,-0.499999999999999,0.));
#1407=DIRECTION('',(0.,0.,-1.));
#1408=DIRECTION('',(-0.612372435695793,-0.353553390593273,-0.707106781186549));
#1409=DIRECTION('',(-0.866025403784439,-0.499999999999999,0.));
#1410=DIRECTION('',(-0.612372435695794,-0.353553390593273,0.707106781186549));
#1411=DIRECTION('',(0.,0.,1.));
#1412=DIRECTION('center_axis',(-0.866025403784438,0.5,0.));
#1413=DIRECTION('ref_axis',(0.353553390593274,0.612372435695794,-0.707106781186548));
#1414=DIRECTION('',(0.866025403784438,-0.5,0.));
#1415=DIRECTION('center_axis',(-0.774596669241483,-0.447213595499958,0.447213595499958));
#1416=DIRECTION('ref_axis',(-0.580947501931112,0.782623792124926,-0.223606797749979));
#1417=DIRECTION('center_axis',(-0.774596669241483,-0.447213595499958,0.447213595499958));
#1418=DIRECTION('ref_axis',(-0.5,0.866025403784439,0.));
#1419=DIRECTION('',(0.612372435695795,-0.353553390593274,0.707106781186547));
#1420=DIRECTION('center_axis',(-0.774596669241483,-0.447213595499958,0.447213595499958));
#1421=DIRECTION('ref_axis',(0.387298334620742,0.223606797749979,0.894427190999916));
#1422=DIRECTION('',(-4.07921980574644E-16,-0.707106781186548,-0.707106781186547));
#1423=DIRECTION('center_axis',(0.5,0.866025403784438,0.));
#1424=DIRECTION('ref_axis',(-0.866025403784438,0.5,0.));
#1425=DIRECTION('',(0.,0.,-1.));
#1426=DIRECTION('',(-0.612372435695793,0.353553390593273,-0.707106781186549));
#1427=DIRECTION('',(-0.866025403784438,0.5,0.));
#1428=DIRECTION('',(-0.612372435695793,0.353553390593273,0.707106781186549));
#1429=DIRECTION('',(0.,0.,1.));
#1430=DIRECTION('center_axis',(-0.866025403784438,0.5,0.));
#1431=DIRECTION('ref_axis',(0.353553390593274,0.612372435695794,0.707106781186548));
#1432=DIRECTION('center_axis',(-1.09535739652841E-16,-0.894427190999917,
-0.447213595499956));
#1433=DIRECTION('ref_axis',(0.968245836551854,-0.111803398874989,0.223606797749979));
#1434=DIRECTION('',(0.866025403784438,-0.5,0.));
#1435=DIRECTION('center_axis',(-0.774596669241484,-0.447213595499958,-0.447213595499956));
#1436=DIRECTION('ref_axis',(-0.580947501931112,0.782623792124927,0.223606797749978));
#1437=DIRECTION('center_axis',(0.,0.,1.));
#1438=DIRECTION('ref_axis',(1.,0.,0.));
#1439=DIRECTION('',(1.,-1.22464679914735E-16,0.));
#1440=DIRECTION('',(0.866025403784439,0.499999999999999,0.));
#1441=DIRECTION('',(0.5,0.866025403784438,0.));
#1442=DIRECTION('',(5.76888797318756E-16,1.,0.));
#1443=DIRECTION('',(-0.499999999999999,0.866025403784439,0.));
#1444=DIRECTION('',(-0.866025403784438,0.5,0.));
#1445=DIRECTION('',(1.,0.,0.));
#1446=DIRECTION('',(-0.866025403784439,-0.5,0.));
#1447=DIRECTION('',(-0.5,-0.866025403784439,0.));
#1448=DIRECTION('',(-5.76888797318756E-16,-1.,0.));
#1449=DIRECTION('',(0.5,-0.866025403784439,0.));
#1450=DIRECTION('center_axis',(0.,0.,-1.));
#1451=DIRECTION('ref_axis',(0.,1.,0.));
#1452=DIRECTION('center_axis',(-1.09535739652841E-16,-0.894427190999917,
-0.447213595499956));
#1453=DIRECTION('ref_axis',(1.,-1.22464679914735E-16,0.));
#1454=DIRECTION('center_axis',(-1.09535739652841E-16,-0.894427190999917,
-0.447213595499956));
#1455=DIRECTION('ref_axis',(3.3592775663666E-16,0.447213595499956,-0.894427190999917));
#1456=DIRECTION('center_axis',(-1.09535739652841E-16,-0.894427190999917,
-0.447213595499956));
#1457=DIRECTION('ref_axis',(-0.968245836551855,-0.111803398874988,0.223606797749978));
#1458=DIRECTION('center_axis',(-0.866025403784439,-0.5,0.));
#1459=DIRECTION('ref_axis',(-0.353553390593273,0.612372435695794,0.707106781186548));
#1460=DIRECTION('center_axis',(0.774596669241484,-0.447213595499959,-0.447213595499956));
#1461=DIRECTION('ref_axis',(0.580947501931113,0.782623792124926,0.223606797749978));
#1462=DIRECTION('center_axis',(-5.76888797318756E-16,-1.,0.));
#1463=DIRECTION('ref_axis',(-0.707106781186548,0.,0.707106781186548));
#1464=DIRECTION('center_axis',(0.774596669241484,0.447213595499958,-0.447213595499956));
#1465=DIRECTION('ref_axis',(-0.387298334620742,0.894427190999916,0.223606797749978));
#1466=DIRECTION('center_axis',(0.774596669241484,-0.447213595499959,-0.447213595499956));
#1467=DIRECTION('ref_axis',(-0.387298334620743,-0.894427190999915,0.223606797749978));
#1468=DIRECTION('center_axis',(0.774596669241484,0.447213595499958,-0.447213595499956));
#1469=DIRECTION('ref_axis',(-0.499999999999999,0.866025403784439,0.));
#1470=DIRECTION('center_axis',(0.774596669241484,0.447213595499958,-0.447213595499956));
#1471=DIRECTION('ref_axis',(-0.38729833462074,-0.223606797749979,-0.894427190999917));
#1472=DIRECTION('center_axis',(0.774596669241484,0.447213595499958,-0.447213595499956));
#1473=DIRECTION('ref_axis',(0.580947501931111,-0.782623792124927,0.223606797749979));
#1474=DIRECTION('center_axis',(0.866025403784439,-0.5,0.));
#1475=DIRECTION('ref_axis',(-0.353553390593273,-0.612372435695796,0.707106781186546));
#1476=DIRECTION('center_axis',(0.,0.894427190999917,-0.447213595499956));
#1477=DIRECTION('ref_axis',(-0.968245836551854,0.111803398874989,0.223606797749979));
#1478=DIRECTION('center_axis',(0.,0.894427190999917,-0.447213595499956));
#1479=DIRECTION('ref_axis',(-1.,0.,0.));
#1480=DIRECTION('center_axis',(0.,0.894427190999917,-0.447213595499956));
#1481=DIRECTION('ref_axis',(-2.46347021533551E-16,-0.447213595499956,-0.894427190999917));
#1482=DIRECTION('',(-0.612372435695794,-0.353553390593273,-0.707106781186549));
#1483=DIRECTION('center_axis',(0.,0.894427190999917,-0.447213595499956));
#1484=DIRECTION('ref_axis',(0.968245836551855,0.111803398874989,0.223606797749978));
#1485=DIRECTION('center_axis',(0.866025403784439,0.5,0.));
#1486=DIRECTION('ref_axis',(0.353553390593273,-0.612372435695794,0.707106781186548));
#1487=DIRECTION('center_axis',(-0.774596669241484,0.447213595499958,-0.447213595499956));
#1488=DIRECTION('ref_axis',(-0.580947501931112,-0.782623792124927,0.223606797749978));
#1489=DIRECTION('',(0.866025403784439,0.5,0.));
#1490=DIRECTION('center_axis',(0.5,-0.866025403784439,0.));
#1491=DIRECTION('ref_axis',(0.866025403784439,0.5,0.));
#1492=DIRECTION('',(0.,0.,-1.));
#1493=DIRECTION('',(0.612372435695793,0.353553390593273,-0.707106781186549));
#1494=DIRECTION('',(0.,0.,1.));
#1495=DIRECTION('',(0.612372435695795,0.353553390593274,-0.707106781186547));
#1496=DIRECTION('center_axis',(5.76888797318756E-16,1.,0.));
#1497=DIRECTION('ref_axis',(0.707106781186548,0.,0.707106781186548));
#1498=DIRECTION('center_axis',(-0.774596669241484,-0.447213595499958,-0.447213595499956));
#1499=DIRECTION('ref_axis',(0.387298334620742,-0.894427190999916,0.223606797749979));
#1500=DIRECTION('center_axis',(-0.774596669241484,0.447213595499958,-0.447213595499956));
#1501=DIRECTION('ref_axis',(0.387298334620743,0.894427190999916,0.223606797749978));
#1502=DIRECTION('',(5.76888797318756E-16,1.,0.));
#1503=DIRECTION('center_axis',(1.,-5.76888797318756E-16,0.));
#1504=DIRECTION('ref_axis',(5.76888797318756E-16,1.,0.));
#1505=DIRECTION('',(0.,0.,-1.));
#1506=DIRECTION('',(4.07921980574643E-16,0.707106781186546,-0.707106781186549));
#1507=DIRECTION('',(4.07921980574644E-16,0.707106781186546,0.707106781186549));
#1508=DIRECTION('',(0.,0.,1.));
#1509=DIRECTION('center_axis',(-0.774596669241484,0.447213595499958,-0.447213595499956));
#1510=DIRECTION('ref_axis',(-0.5,-0.866025403784439,0.));
#1511=DIRECTION('center_axis',(-0.774596669241484,0.447213595499958,-0.447213595499956));
#1512=DIRECTION('ref_axis',(0.38729833462074,-0.223606797749979,-0.894427190999917));
#1513=DIRECTION('center_axis',(0.,0.,1.));
#1514=DIRECTION('ref_axis',(0.866025403784438,-0.500000000000002,0.));
#1515=DIRECTION('center_axis',(0.,0.,1.));
#1516=DIRECTION('ref_axis',(0.866025403784439,0.499999999999999,0.));
#1517=DIRECTION('center_axis',(-0.774596669241484,-0.447213595499958,-0.447213595499956));
#1518=DIRECTION('ref_axis',(0.387298334620741,0.223606797749978,-0.894427190999917));
#1519=DIRECTION('center_axis',(0.,0.,1.));
#1520=DIRECTION('ref_axis',(7.51157299368581E-16,1.,0.));
#1521=DIRECTION('center_axis',(0.,0.,1.));
#1522=DIRECTION('ref_axis',(-0.866025403784439,0.499999999999999,0.));
#1523=DIRECTION('center_axis',(0.774596669241484,-0.447213595499959,-0.447213595499956));
#1524=DIRECTION('ref_axis',(-0.387298334620741,0.223606797749978,-0.894427190999917));
#1525=DIRECTION('center_axis',(0.,0.,1.));
#1526=DIRECTION('ref_axis',(-0.866025403784438,-0.500000000000002,0.));
#1527=DIRECTION('center_axis',(0.,0.,1.));
#1528=DIRECTION('ref_axis',(-5.50848686203626E-16,-1.,0.));
#1529=DIRECTION('center_axis',(0.,0.894427190999916,0.447213595499958));
#1530=DIRECTION('ref_axis',(-2.46347021533552E-16,-0.447213595499958,0.894427190999916));
#1531=DIRECTION('center_axis',(0.774596669241484,-0.447213595499959,-0.447213595499956));
#1532=DIRECTION('ref_axis',(0.5,0.866025403784438,0.));
#1533=DIRECTION('center_axis',(-0.774596669241484,-0.447213595499958,-0.447213595499956));
#1534=DIRECTION('ref_axis',(0.5,-0.866025403784439,0.));
#1535=DIRECTION('center_axis',(0.,0.894427190999916,0.447213595499958));
#1536=DIRECTION('ref_axis',(1.,0.,0.));
#1537=DIRECTION('center_axis',(0.,0.,1.));
#1538=DIRECTION('ref_axis',(1.,0.,0.));
#1539=DIRECTION('center_axis',(6.12323399573677E-17,0.,1.));
#1540=DIRECTION('ref_axis',(1.,0.,0.));
#1541=DIRECTION('center_axis',(1.22464679914735E-16,-1.,0.));
#1542=DIRECTION('ref_axis',(-1.,-1.22464679914735E-16,0.));
#1543=DIRECTION('center_axis',(0.,0.,1.));
#1544=DIRECTION('ref_axis',(1.,0.,0.));
#1545=CARTESIAN_POINT('',(0.,0.,0.));
#1546=CARTESIAN_POINT('Origin',(0.,0.,0.));
#1547=CARTESIAN_POINT('',(-1.2636803029943,-0.00100915500699791,0.443419673619415));
#1548=CARTESIAN_POINT('',(-1.26603304235197,-0.000598187743742762,0.306580326380584));
#1549=CARTESIAN_POINT('',(-1.2645,-1.54856587752183E-16,0.));
#1550=CARTESIAN_POINT('',(0.958116152722388,-0.825211298936491,0.));
#1551=CARTESIAN_POINT('Ctrl Pts',(-1.26603304235197,-0.000598187743742762,
0.306580326380584));
#1552=CARTESIAN_POINT('Ctrl Pts',(-1.26366035472216,0.37443129675995,0.282892394630502));
#1553=CARTESIAN_POINT('Ctrl Pts',(-1.08607486416783,0.751290608129446,0.25920446288042));
#1554=CARTESIAN_POINT('Ctrl Pts',(-0.794153822278795,0.986404625512765,
0.235516531130338));
#1555=CARTESIAN_POINT('Ctrl Pts',(-0.471663160155862,1.24613949988044,0.209348027671412));
#1556=CARTESIAN_POINT('Ctrl Pts',(-0.00963697731782051,1.33288790438471,
0.183179524212485));
#1557=CARTESIAN_POINT('Ctrl Pts',(0.384821737920977,1.20682938922508,0.157011020753559));
#1558=CARTESIAN_POINT('Ctrl Pts',(0.779280453159773,1.08077087406545,0.130842517294632));
#1559=CARTESIAN_POINT('Ctrl Pts',(1.10617170079933,0.741905439241916,0.104674013835706));
#1560=CARTESIAN_POINT('Ctrl Pts',(1.21872188877314,0.34417737053381,0.0785055103767793));
#1561=CARTESIAN_POINT('Ctrl Pts',(1.33127207674695,-0.0535506981742966,
0.0523370069178528));
#1562=CARTESIAN_POINT('Ctrl Pts',(1.22948120505502,-0.510141400766977,0.0261685034589265));
#1563=CARTESIAN_POINT('Ctrl Pts',(0.958116152722388,-0.825211298936491,
-3.76056033032776E-17));
#1564=CARTESIAN_POINT('',(-0.959875697964289,-0.826384910308209,6.91282032563698E-17));
#1565=CARTESIAN_POINT('Origin',(0.,0.,0.));
#1566=CARTESIAN_POINT('Ctrl Pts',(-0.959882334566779,-0.826389336902062,
6.93889390390723E-17));
#1567=CARTESIAN_POINT('Ctrl Pts',(-0.701617347007811,-1.12425563795991,
0.0249081603870092));
#1568=CARTESIAN_POINT('Ctrl Pts',(-0.292589807767304,-1.29367449093675,
0.0498163207740182));
#1569=CARTESIAN_POINT('Ctrl Pts',(0.100303268927114,-1.26238434711353,0.0747244811610273));
#1570=CARTESIAN_POINT('Ctrl Pts',(0.513076580031552,-1.22951093437867,0.100892984619954));
#1571=CARTESIAN_POINT('Ctrl Pts',(0.90804132434562,-0.975103053747443,0.12706148807888));
#1572=CARTESIAN_POINT('Ctrl Pts',(1.10832548218186,-0.612833187393871,0.153229991537807));
#1573=CARTESIAN_POINT('Ctrl Pts',(1.3086096400181,-0.250563321040299,0.179398494996733));
#1574=CARTESIAN_POINT('Ctrl Pts',(1.31421321137651,0.219568531035613,0.20556699845566));
#1575=CARTESIAN_POINT('Ctrl Pts',(1.1225006590064,0.586537423267972,0.231735501914586));
#1576=CARTESIAN_POINT('Ctrl Pts',(0.930788106636302,0.953506315500333,0.257904005373513));
#1577=CARTESIAN_POINT('Ctrl Pts',(0.541759430537689,1.21731224788914,0.28407250883244));
#1578=CARTESIAN_POINT('Ctrl Pts',(0.12992421133731,1.259772875201,0.310241012291366));
#1579=CARTESIAN_POINT('Ctrl Pts',(-0.281911007863065,1.30223350251285,0.336409515750293));
#1580=CARTESIAN_POINT('Ctrl Pts',(-0.716552770165205,1.12334882474776,0.362578019209219));
#1581=CARTESIAN_POINT('Ctrl Pts',(-0.979136441447433,0.803274332649901,
0.388746522668146));
#1582=CARTESIAN_POINT('Ctrl Pts',(-1.16200611044838,0.580366654728561,0.406970906318569));
#1583=CARTESIAN_POINT('Ctrl Pts',(-1.26142641651034,0.288980941338487,0.425195289968992));
#1584=CARTESIAN_POINT('Ctrl Pts',(-1.2636803029943,-0.00100915500699791,
0.443419673619415));
#1585=CARTESIAN_POINT('Origin',(0.,0.,0.));
#1586=CARTESIAN_POINT('',(-1.2662496280912,0.000464321788795533,0.943419673619416));
#1587=CARTESIAN_POINT('',(-1.26400824870563,0.00106976114691112,0.806580326380583));
#1588=CARTESIAN_POINT('',(-1.2645,-1.54856587752183E-16,0.));
#1589=CARTESIAN_POINT('Ctrl Pts',(-1.26400824870563,0.00106976114691112,
0.806580326380583));
#1590=CARTESIAN_POINT('Ctrl Pts',(-1.26496380921461,0.115163687007464,0.79940525217632));
#1591=CARTESIAN_POINT('Ctrl Pts',(-1.25075527546293,0.229023739594817,0.792230177972057));
#1592=CARTESIAN_POINT('Ctrl Pts',(-1.22042275388705,0.3384124596823,0.785055103767794));
#1593=CARTESIAN_POINT('Ctrl Pts',(-1.10979578708792,0.737368486962978,0.758886600308868));
#1594=CARTESIAN_POINT('Ctrl Pts',(-0.784693442718263,1.07684848780349,0.732718096849942));
#1595=CARTESIAN_POINT('Ctrl Pts',(-0.390896205924279,1.2046354145833,0.706549593391016));
#1596=CARTESIAN_POINT('Ctrl Pts',(0.00290103086970424,1.3324223413631,0.680381089932089));
#1597=CARTESIAN_POINT('Ctrl Pts',(0.465393160088017,1.24851619408219,0.654212586473162));
#1598=CARTESIAN_POINT('Ctrl Pts',(0.78919460078428,0.990522810928157,0.628044083014235));
#1599=CARTESIAN_POINT('Ctrl Pts',(1.11299604148054,0.732529427774125,0.601875579555308));
#1600=CARTESIAN_POINT('Ctrl Pts',(1.29810679365476,0.300448808746969,0.575707076096383));
#1601=CARTESIAN_POINT('Ctrl Pts',(1.26151835706361,-0.111933443134253,0.549538572637457));
#1602=CARTESIAN_POINT('Ctrl Pts',(1.22492992047246,-0.524315695015478,0.52337006917853));
#1603=CARTESIAN_POINT('Ctrl Pts',(0.966642295115938,-0.91699957975077,0.497201565719603));
#1604=CARTESIAN_POINT('Ctrl Pts',(0.602479741782068,-1.11396852700131,0.471033062260677));
#1605=CARTESIAN_POINT('Ctrl Pts',(0.238317188448199,-1.31093747425186,0.44486455880175));
#1606=CARTESIAN_POINT('Ctrl Pts',(-0.23172029286302,-1.31219148401765,0.418696055342824));
#1607=CARTESIAN_POINT('Ctrl Pts',(-0.596871865692486,-1.11703972948949,
0.392527551883897));
#1608=CARTESIAN_POINT('Ctrl Pts',(-0.962023438521953,-0.921887974961318,
0.366359048424971));
#1609=CARTESIAN_POINT('Ctrl Pts',(-1.22228910286967,-0.530330456139186,
0.340190544966044));
#1610=CARTESIAN_POINT('Ctrl Pts',(-1.26094436433961,-0.118191024612583,
0.314022041507118));
#1611=CARTESIAN_POINT('Ctrl Pts',(-1.26460858412011,-0.0791233944919348,
0.311541469798273));
#1612=CARTESIAN_POINT('Ctrl Pts',(-1.26628150734547,-0.0398708240826788,
0.309060898089428));
#1613=CARTESIAN_POINT('Ctrl Pts',(-1.26603304235197,-0.000598187743742762,
0.306580326380584));
#1614=CARTESIAN_POINT('Ctrl Pts',(-1.2636803029943,-0.00100915500699791,
0.443419673619415));
#1615=CARTESIAN_POINT('Ctrl Pts',(-1.26466278583744,-0.127417603865261,
0.451363793427919));
#1616=CARTESIAN_POINT('Ctrl Pts',(-1.24718227709114,-0.253560865780666,
0.459307913236422));
#1617=CARTESIAN_POINT('Ctrl Pts',(-1.21010261611609,-0.373651424101549,
0.467252033044925));
#1618=CARTESIAN_POINT('Ctrl Pts',(-1.08795953924021,-0.769238382324495,
0.493420536503851));
#1619=CARTESIAN_POINT('Ctrl Pts',(-0.75314780522613,-1.09914799233975,0.519589039962778));
#1620=CARTESIAN_POINT('Ctrl Pts',(-0.355810343441013,-1.21546103640383,
0.545757543421704));
#1621=CARTESIAN_POINT('Ctrl Pts',(0.0415271183441023,-1.3317740804679,0.571926046880631));
#1622=CARTESIAN_POINT('Ctrl Pts',(0.501390307900254,-1.2344905585808,0.598094550339557));
#1623=CARTESIAN_POINT('Ctrl Pts',(0.81757602956383,-0.967225056075435,0.624263053798483));
#1624=CARTESIAN_POINT('Ctrl Pts',(1.13376175122741,-0.699959553570066,0.65043155725741));
#1625=CARTESIAN_POINT('Ctrl Pts',(1.30627000499841,-0.262712070446428,0.676600060716337));
#1626=CARTESIAN_POINT('Ctrl Pts',(1.25774345026662,0.148445954643934,0.702768564175263));
#1627=CARTESIAN_POINT('Ctrl Pts',(1.20921689553483,0.559603979734291,0.72893706763419));
#1628=CARTESIAN_POINT('Ctrl Pts',(0.939655532300243,0.944672546791371,0.755105571093116));
#1629=CARTESIAN_POINT('Ctrl Pts',(0.569935241154579,1.13098468289712,0.781274074552042));
#1630=CARTESIAN_POINT('Ctrl Pts',(0.200214950008908,1.31729681900288,0.807442578010969));
#1631=CARTESIAN_POINT('Ctrl Pts',(-0.269664269047849,1.3048525241573,0.833611081469896));
#1632=CARTESIAN_POINT('Ctrl Pts',(-0.62900370436159,1.09923073278053,0.859779584928823));
#1633=CARTESIAN_POINT('Ctrl Pts',(-0.988343139675326,0.893608941403775,
0.885948088387749));
#1634=CARTESIAN_POINT('Ctrl Pts',(-1.23714279124605,0.494809653495841,0.912116591846675));
#1635=CARTESIAN_POINT('Ctrl Pts',(-1.26383756170516,0.0816598596272141,
0.938285095305602));
#1636=CARTESIAN_POINT('Ctrl Pts',(-1.26558350780287,0.0546381899154539,
0.939996621410206));
#1637=CARTESIAN_POINT('Ctrl Pts',(-1.26637935813031,0.027555133191637,0.941708147514811));
#1638=CARTESIAN_POINT('Ctrl Pts',(-1.2662496280912,0.000464321788795532,
0.943419673619416));
#1639=CARTESIAN_POINT('Origin',(0.,0.,0.));
#1640=CARTESIAN_POINT('',(-1.26266527402658,0.000418129041616995,1.44341967361941));
#1641=CARTESIAN_POINT('',(-1.26316593431142,-0.000827364261471314,1.30658032638058));
#1642=CARTESIAN_POINT('',(-1.2645,-1.54856587752183E-16,0.));
#1643=CARTESIAN_POINT('Ctrl Pts',(-1.26316593431142,-0.000827364261471314,
1.30658032638058));
#1644=CARTESIAN_POINT('Ctrl Pts',(-1.26151346924897,0.26725734419941,1.28974960626321));
#1645=CARTESIAN_POINT('Ctrl Pts',(-1.17781833843091,0.536284992625627,1.27291888614584));
#1646=CARTESIAN_POINT('Ctrl Pts',(-1.01997451388231,0.75073659924175,1.25608816602847));
#1647=CARTESIAN_POINT('Ctrl Pts',(-0.774557999326469,1.08416722908833,1.22991966256954));
#1648=CARTESIAN_POINT('Ctrl Pts',(-0.349892839639748,1.28566456302794,1.20375115911062));
#1649=CARTESIAN_POINT('Ctrl Pts',(0.0635960442364516,1.26487500893124,1.17758265565169));
#1650=CARTESIAN_POINT('Ctrl Pts',(0.47708492811265,1.24408545483453,1.15141415219277));
#1651=CARTESIAN_POINT('Ctrl Pts',(0.879397536178328,1.00100901270151,1.12524564873384));
#1652=CARTESIAN_POINT('Ctrl Pts',(1.09013214208414,0.644643653837196,1.09907714527491));
#1653=CARTESIAN_POINT('Ctrl Pts',(1.30086674798996,0.288278294972883,1.07290864181599));
#1654=CARTESIAN_POINT('Ctrl Pts',(1.32002335173592,-0.181375980622715,1.04674013835706));
#1655=CARTESIAN_POINT('Ctrl Pts',(1.13901184872248,-0.553719862347304,1.02057163489813));
#1656=CARTESIAN_POINT('Ctrl Pts',(0.958000345709042,-0.92606374407189,0.994403131439206));
#1657=CARTESIAN_POINT('Ctrl Pts',(0.576820735936217,-1.20109723192546,0.96823462798028));
#1658=CARTESIAN_POINT('Ctrl Pts',(0.166398593498672,-1.25549346839576,0.942066124521354));
#1659=CARTESIAN_POINT('Ctrl Pts',(-0.244023548938874,-1.30988970486605,
0.915897621062428));
#1660=CARTESIAN_POINT('Ctrl Pts',(-0.683688224041141,-1.14364868995305,
0.889729117603501));
#1661=CARTESIAN_POINT('Ctrl Pts',(-0.955444766977968,-0.831312155636136,
0.863560614144574));
#1662=CARTESIAN_POINT('Ctrl Pts',(-1.1526890870769,-0.604614366918243,0.84456718488991));
#1663=CARTESIAN_POINT('Ctrl Pts',(-1.26147874581698,-0.300952886637236,
0.825573755635247));
#1664=CARTESIAN_POINT('Ctrl Pts',(-1.26400824870563,0.00106976114691112,
0.806580326380583));
#1665=CARTESIAN_POINT('Ctrl Pts',(-1.2662496280912,0.000464321788795532,
0.943419673619416));
#1666=CARTESIAN_POINT('Ctrl Pts',(-1.26439584121635,-0.386651807615826,
0.967876650973738));
#1667=CARTESIAN_POINT('Ctrl Pts',(-1.07354604173174,-0.775351379655654,
0.992333628328059));
#1668=CARTESIAN_POINT('Ctrl Pts',(-0.765231643924573,-1.00914516520449,
1.01679060568238));
#1669=CARTESIAN_POINT('Ctrl Pts',(-0.435341066337398,-1.25930009633825,
1.04295910914131));
#1670=CARTESIAN_POINT('Ctrl Pts',(0.0290299781844398,-1.33210965877644,
1.06912761260023));
#1671=CARTESIAN_POINT('Ctrl Pts',(0.419652097344921,-1.19492499976647,1.09529611605916));
#1672=CARTESIAN_POINT('Ctrl Pts',(0.810274216505402,-1.0577403407565,1.12146461951809));
#1673=CARTESIAN_POINT('Ctrl Pts',(1.12714741030453,-0.710561460298356,1.14763312297701));
#1674=CARTESIAN_POINT('Ctrl Pts',(1.22818191737407,-0.309067589597687,1.17380162643594));
#1675=CARTESIAN_POINT('Ctrl Pts',(1.32921642444361,0.0924262811029805,1.19997012989487));
#1676=CARTESIAN_POINT('Ctrl Pts',(1.21441224478356,0.548235142046177,1.22613863335379));
#1677=CARTESIAN_POINT('Ctrl Pts',(0.935248965942432,0.853968931471431,1.25230713681272));
#1678=CARTESIAN_POINT('Ctrl Pts',(0.656085687101303,1.15970272089669,1.27847564027165));
#1679=CARTESIAN_POINT('Ctrl Pts',(0.212563309079097,1.315361438804,1.30464414373057));
#1680=CARTESIAN_POINT('Ctrl Pts',(-0.196437476853541,1.25114583971844,1.3308126471895));
#1681=CARTESIAN_POINT('Ctrl Pts',(-0.605438262786175,1.18693024063287,1.35698115064843));
#1682=CARTESIAN_POINT('Ctrl Pts',(-0.979917456629239,0.902840324554429,
1.38314965410735));
#1683=CARTESIAN_POINT('Ctrl Pts',(-1.15195412855593,0.526265400489273,1.40931815756628));
#1684=CARTESIAN_POINT('Ctrl Pts',(-1.22668405899367,0.362687382123636,1.42068532958399));
#1685=CARTESIAN_POINT('Ctrl Pts',(-1.26321526771514,0.181658439665723,1.4320525016017));
#1686=CARTESIAN_POINT('Ctrl Pts',(-1.26266527402658,0.000418129041616995,
1.44341967361941));
#1687=CARTESIAN_POINT('Origin',(0.,0.,0.));
#1688=CARTESIAN_POINT('',(-1.26493827935055,-0.00104833981122335,1.94341967361942));
#1689=CARTESIAN_POINT('',(-1.26646433663162,8.95050333583869E-5,1.80658032638058));
#1690=CARTESIAN_POINT('',(-1.2645,-1.54856587752183E-16,0.));
#1691=CARTESIAN_POINT('Ctrl Pts',(-1.26646433663162,8.95050333583869E-5,
1.80658032638058));
#1692=CARTESIAN_POINT('Ctrl Pts',(-1.26646957357448,0.00511849138403108,
1.80626246380903));
#1693=CARTESIAN_POINT('Ctrl Pts',(-1.26644214922951,0.0101474190690548,
1.80594460123748));
#1694=CARTESIAN_POINT('Ctrl Pts',(-1.26638188873317,0.0151759532553036,
1.80562673866593));
#1695=CARTESIAN_POINT('Ctrl Pts',(-1.26142085478983,0.42915742205058,1.779458235207));
#1696=CARTESIAN_POINT('Ctrl Pts',(-1.0339079563676,0.840471894793414,1.75328973174807));
#1697=CARTESIAN_POINT('Ctrl Pts',(-0.685862681345634,1.06468107036622,1.72712122828915));
#1698=CARTESIAN_POINT('Ctrl Pts',(-0.337817406323669,1.28889024593902,1.70095272483022));
#1699=CARTESIAN_POINT('Ctrl Pts',(0.130760245298034,1.32599412434179,1.6747842213713));
#1700=CARTESIAN_POINT('Ctrl Pts',(0.509754484304818,1.15935488984531,1.64861571791237));
#1701=CARTESIAN_POINT('Ctrl Pts',(0.888748723311611,0.992715655348829,1.62244721445344));
#1702=CARTESIAN_POINT('Ctrl Pts',(1.17815954970348,0.622333307953081,1.59627871099452));
#1703=CARTESIAN_POINT('Ctrl Pts',(1.24821170937376,0.214291686551149,1.57011020753559));
#1704=CARTESIAN_POINT('Ctrl Pts',(1.31826386904403,-0.193749934850775,1.54394170407666));
#1705=CARTESIAN_POINT('Ctrl Pts',(1.16895736199272,-0.639450830258884,1.51777320061774));
#1706=CARTESIAN_POINT('Ctrl Pts',(0.867242999581345,-0.922953404335845,
1.49160469715881));
#1707=CARTESIAN_POINT('Ctrl Pts',(0.565528637169968,-1.20645597841281,1.46543619369988));
#1708=CARTESIAN_POINT('Ctrl Pts',(0.111406419398527,-1.32776023115863,1.43926769024096));
#1709=CARTESIAN_POINT('Ctrl Pts',(-0.29148985097306,-1.23247192389945,1.41309918678203));
#1710=CARTESIAN_POINT('Ctrl Pts',(-0.694386121344644,-1.13718361664027,
1.3869306833231));
#1711=CARTESIAN_POINT('Ctrl Pts',(-1.04605644431637,-0.825302749376091,
1.36076217986418));
#1712=CARTESIAN_POINT('Ctrl Pts',(-1.18880767108975,-0.436680352867233,
1.33459367640525));
#1713=CARTESIAN_POINT('Ctrl Pts',(-1.23974600730158,-0.298007090715586,
1.32525589306369));
#1714=CARTESIAN_POINT('Ctrl Pts',(-1.26408273172859,-0.149562350485162,
1.31591810972214));
#1715=CARTESIAN_POINT('Ctrl Pts',(-1.26316593431142,-0.000827364261471314,
1.30658032638058));
#1716=CARTESIAN_POINT('Ctrl Pts',(-1.26266527402658,0.000418129041616995,
1.44341967361941));
#1717=CARTESIAN_POINT('Ctrl Pts',(-1.26194912062781,-0.235577059900374,
1.45822100506063));
#1718=CARTESIAN_POINT('Ctrl Pts',(-1.19836194647419,-0.471930622667912,
1.47302233650184));
#1719=CARTESIAN_POINT('Ctrl Pts',(-1.07437092732594,-0.67058235371423,1.48782366794306));
#1720=CARTESIAN_POINT('Ctrl Pts',(-0.855156904158962,-1.02179525180069,
1.51399217140198));
#1721=CARTESIAN_POINT('Ctrl Pts',(-0.447134707814691,-1.25516111592175,
1.54016067486091));
#1722=CARTESIAN_POINT('Ctrl Pts',(-0.0332663390249819,-1.26603591483175,
1.56632917831984));
#1723=CARTESIAN_POINT('Ctrl Pts',(0.380602029764736,-1.27691071374175,1.59249768177876));
#1724=CARTESIAN_POINT('Ctrl Pts',(0.800316570999892,-1.06529444744069,1.61866618523769));
#1725=CARTESIAN_POINT('Ctrl Pts',(1.03767229416489,-0.726078367187549,1.64483468869662));
#1726=CARTESIAN_POINT('Ctrl Pts',(1.27502801732989,-0.386862286934412,1.67100319215554));
#1727=CARTESIAN_POINT('Ctrl Pts',(1.33002492242474,0.0799536072707994,1.69717169561447));
#1728=CARTESIAN_POINT('Ctrl Pts',(1.17800174407503,0.465043520582763,1.7233401990734));
#1729=CARTESIAN_POINT('Ctrl Pts',(1.02597856572532,0.850133433894727,1.74950870253232));
#1730=CARTESIAN_POINT('Ctrl Pts',(0.666935303931051,1.15349736631344,1.77567720599125));
#1731=CARTESIAN_POINT('Ctrl Pts',(0.261871224840814,1.23910332391109,1.80184570945018));
#1732=CARTESIAN_POINT('Ctrl Pts',(-0.143192854249428,1.32470928150874,1.8280142129091));
#1733=CARTESIAN_POINT('Ctrl Pts',(-0.594277750635637,1.19255726428531,1.85418271636803));
#1734=CARTESIAN_POINT('Ctrl Pts',(-0.88911163463905,0.901905808012552,1.88035121982696));
#1735=CARTESIAN_POINT('Ctrl Pts',(-1.12597038634294,0.668407065673675,1.90137403775778));
#1736=CARTESIAN_POINT('Ctrl Pts',(-1.26198586690683,0.332613933917136,1.9223968556886));
#1737=CARTESIAN_POINT('Ctrl Pts',(-1.26493827935055,-0.00104833981122335,
1.94341967361942));
#1738=CARTESIAN_POINT('Origin',(0.,0.,0.));
#1739=CARTESIAN_POINT('',(-1.26522725304119,0.000989621792027545,2.44341967361942));
#1740=CARTESIAN_POINT('',(-1.26297353679968,0.000714353211245106,2.30658032638058));
#1741=CARTESIAN_POINT('',(-1.2645,-1.54856587752183E-16,0.));
#1742=CARTESIAN_POINT('Ctrl Pts',(-1.26297353679968,0.000714353211245106,
2.30658032638058));
#1743=CARTESIAN_POINT('Ctrl Pts',(-1.26381058374426,0.159636317771659,2.29660681789592));
#1744=CARTESIAN_POINT('Ctrl Pts',(-1.23594172405986,0.318275555377269,2.28663330941127));
#1745=CARTESIAN_POINT('Ctrl Pts',(-1.17800167514569,0.465043493370453,2.27665980092661));
#1746=CARTESIAN_POINT('Ctrl Pts',(-1.02597850569106,0.850133384148767,2.25049129746768));
#1747=CARTESIAN_POINT('Ctrl Pts',(-0.666935264906485,1.15349729881865,2.22432279400875));
#1748=CARTESIAN_POINT('Ctrl Pts',(-0.261871209518098,1.23910325140755,2.19815429054982));
#1749=CARTESIAN_POINT('Ctrl Pts',(0.143192845870291,1.32470920399645,2.1719857870909));
#1750=CARTESIAN_POINT('Ctrl Pts',(0.594277715862494,1.19255719450436,2.14581728363197));
#1751=CARTESIAN_POINT('Ctrl Pts',(0.889111582614249,0.90190575523852,2.11964878017305));
#1752=CARTESIAN_POINT('Ctrl Pts',(1.183945449366,0.61125431597268,2.09348027671412));
#1753=CARTESIAN_POINT('Ctrl Pts',(1.32252831287731,0.16210344693309,2.06731177325519));
#1754=CARTESIAN_POINT('Ctrl Pts',(1.24271796994186,-0.244142263557029,2.04114326979627));
#1755=CARTESIAN_POINT('Ctrl Pts',(1.16290762700642,-0.65038797404715,2.01497476633734));
#1756=CARTESIAN_POINT('Ctrl Pts',(0.864704077624215,-1.0137285259878,1.98880626287841));
#1757=CARTESIAN_POINT('Ctrl Pts',(0.481825337958541,-1.17123769650928,1.96263775941949));
#1758=CARTESIAN_POINT('Ctrl Pts',(0.0989465982928696,-1.32874686703077,
1.93646925596056));
#1759=CARTESIAN_POINT('Ctrl Pts',(-0.368607331656273,-1.28042465613309,
1.91030075250163));
#1760=CARTESIAN_POINT('Ctrl Pts',(-0.711179711898617,-1.04793931826039,
1.88413224904271));
#1761=CARTESIAN_POINT('Ctrl Pts',(-1.04959094712564,-0.818277924349962,
1.85828160815533));
#1762=CARTESIAN_POINT('Ctrl Pts',(-1.26603843455516,-0.408900202512129,
1.83243096726796));
#1763=CARTESIAN_POINT('Ctrl Pts',(-1.26646433663162,8.95050333583869E-5,
1.80658032638058));
#1764=CARTESIAN_POINT('Ctrl Pts',(-1.26493827935055,-0.00104833981122335,
1.94341967361942));
#1765=CARTESIAN_POINT('Ctrl Pts',(-1.26566093156752,-0.0827177496329164,
1.94856535914752));
#1766=CARTESIAN_POINT('Ctrl Pts',(-1.25841167799721,-0.164259498190769,
1.95371104467563));
#1767=CARTESIAN_POINT('Ctrl Pts',(-1.24271804265766,-0.244142277843102,
1.95885673020373));
#1768=CARTESIAN_POINT('Ctrl Pts',(-1.16290769505224,-0.650388012103924,
1.98502523366266));
#1769=CARTESIAN_POINT('Ctrl Pts',(-0.864704128220797,-1.01372858530348,
2.01119373712159));
#1770=CARTESIAN_POINT('Ctrl Pts',(-0.481825366151635,-1.17123776504175,
2.03736224058052));
#1771=CARTESIAN_POINT('Ctrl Pts',(-0.0989466040824744,-1.32874694478001,
2.06353074403944));
#1772=CARTESIAN_POINT('Ctrl Pts',(0.368607353224399,-1.28042473105697,2.08969924749837));
#1773=CARTESIAN_POINT('Ctrl Pts',(0.711179753511965,-1.04793937957998,2.11586775095729));
#1774=CARTESIAN_POINT('Ctrl Pts',(1.05375215379953,-0.815454028102989,2.14203625441622));
#1775=CARTESIAN_POINT('Ctrl Pts',(1.27134299706779,-0.398805538872034,2.16820475787515));
#1776=CARTESIAN_POINT('Ctrl Pts',(1.26638196283386,0.0151759541452423,2.19437326133407));
#1777=CARTESIAN_POINT('Ctrl Pts',(1.26142092859994,0.429157447162518,2.220541764793));
#1778=CARTESIAN_POINT('Ctrl Pts',(1.03390801686384,0.840471943966118,2.24671026825193));
#1779=CARTESIAN_POINT('Ctrl Pts',(0.685862721477108,1.06468113266086,2.27287877171085));
#1780=CARTESIAN_POINT('Ctrl Pts',(0.337817426090375,1.2888903213556,2.29904727516978));
#1781=CARTESIAN_POINT('Ctrl Pts',(-0.130760252946987,1.32599420194148,2.32521577862871));
#1782=CARTESIAN_POINT('Ctrl Pts',(-0.509754514131063,1.15935495768946,2.35138428208763));
#1783=CARTESIAN_POINT('Ctrl Pts',(-0.888748775315138,0.99271571343744,2.37755278554656));
#1784=CARTESIAN_POINT('Ctrl Pts',(-1.17815961864593,0.622333344347514,2.40372128900549));
#1785=CARTESIAN_POINT('Ctrl Pts',(-1.24821178241323,0.214291699078544,2.42988979246441));
#1786=CARTESIAN_POINT('Ctrl Pts',(-1.26028478780958,0.143968546725478,2.43439975284941));
#1787=CARTESIAN_POINT('Ctrl Pts',(-1.26584237189352,0.0725268334332425,
2.43890971323442));
#1788=CARTESIAN_POINT('Ctrl Pts',(-1.26522725304119,0.000989621792027545,
2.44341967361942));
#1789=CARTESIAN_POINT('Origin',(0.,0.,0.));
#1790=CARTESIAN_POINT('',(-1.26258143877192,-0.000267537816425575,2.94341967361941));
#1791=CARTESIAN_POINT('',(-1.26429349912244,-0.00108910952676108,2.80658032638058));
#1792=CARTESIAN_POINT('',(-1.2645,-1.54856587752183E-16,0.));
#1793=CARTESIAN_POINT('Ctrl Pts',(-1.26429349912244,-0.00108910952676108,
2.80658032638058));
#1794=CARTESIAN_POINT('Ctrl Pts',(-1.26157489984118,0.310862228225464,2.78695117198282));
#1795=CARTESIAN_POINT('Ctrl Pts',(-1.14465098078393,0.624636110681392,2.76732201758505));
#1796=CARTESIAN_POINT('Ctrl Pts',(-0.93524891120327,0.85396888146688,2.74769286318728));
#1797=CARTESIAN_POINT('Ctrl Pts',(-0.656085648686414,1.15970265297504,2.72152435972835));
#1798=CARTESIAN_POINT('Ctrl Pts',(-0.212563296643495,1.31536136184221,2.69535585626943));
#1799=CARTESIAN_POINT('Ctrl Pts',(0.196437465351138,1.25114576652938,2.6691873528105));
#1800=CARTESIAN_POINT('Ctrl Pts',(0.605438227345765,1.18693017121656,2.64301884935158));
#1801=CARTESIAN_POINT('Ctrl Pts',(0.979917399292106,0.90284027172375,2.61685034589265));
#1802=CARTESIAN_POINT('Ctrl Pts',(1.15195406115572,0.526265369684851,2.59068184243372));
#1803=CARTESIAN_POINT('Ctrl Pts',(1.32399072301934,0.149690467645952,2.56451333897479));
#1804=CARTESIAN_POINT('Ctrl Pts',(1.29358487480022,-0.319369436939035,2.53834483551587));
#1805=CARTESIAN_POINT('Ctrl Pts',(1.07437086445831,-0.670582314470202,2.51217633205694));
#1806=CARTESIAN_POINT('Ctrl Pts',(0.855156854116397,-1.02179519200137,2.48600782859802));
#1807=CARTESIAN_POINT('Ctrl Pts',(0.447134681651677,-1.25516104247871,2.45983932513909));
#1808=CARTESIAN_POINT('Ctrl Pts',(0.0332663370798755,-1.26603584075494,
2.43367082168016));
#1809=CARTESIAN_POINT('Ctrl Pts',(-0.380602007491933,-1.27691063903117,
2.40750231822124));
#1810=CARTESIAN_POINT('Ctrl Pts',(-0.800316524170827,-1.06529438510626,
2.38133381476231));
#1811=CARTESIAN_POINT('Ctrl Pts',(-1.03767223344793,-0.726078324700433,
2.35516531130338));
#1812=CARTESIAN_POINT('Ctrl Pts',(-1.18456540694902,-0.516146472766845,
2.33897031632912));
#1813=CARTESIAN_POINT('Ctrl Pts',(-1.26161433897258,-0.257343322411655,
2.32277532135485));
#1814=CARTESIAN_POINT('Ctrl Pts',(-1.26297353679968,0.000714353211245106,
2.30658032638058));
#1815=CARTESIAN_POINT('Ctrl Pts',(-1.26522725304119,0.000989621792027545,
2.44341967361942));
#1816=CARTESIAN_POINT('Ctrl Pts',(-1.26227321863256,-0.342559245038937,
2.46507821669334));
#1817=CARTESIAN_POINT('Ctrl Pts',(-1.11695904599829,-0.688310576220039,
2.48673675976727));
#1818=CARTESIAN_POINT('Ctrl Pts',(-0.867243050322294,-0.922953458320091,
2.50839530284119));
#1819=CARTESIAN_POINT('Ctrl Pts',(-0.565528670260242,-1.20645604900173,
2.53456380630012));
#1820=CARTESIAN_POINT('Ctrl Pts',(-0.111406425932319,-1.32776030891699,
2.56073230975904));
#1821=CARTESIAN_POINT('Ctrl Pts',(0.291489868020942,-1.23247199605345,2.58690081321797));
#1822=CARTESIAN_POINT('Ctrl Pts',(0.694386161974207,-1.13718368318991,2.6130693166769));
#1823=CARTESIAN_POINT('Ctrl Pts',(1.04605650555281,-0.82530279754755,2.63923782013582));
#1824=CARTESIAN_POINT('Ctrl Pts',(1.18880774066627,-0.436680378350492,2.66540632359475));
#1825=CARTESIAN_POINT('Ctrl Pts',(1.33155897577972,-0.0480579591534346,
2.69157482705368));
#1826=CARTESIAN_POINT('Ctrl Pts',(1.26539110242803,0.417305993598319,2.7177433305126));
#1827=CARTESIAN_POINT('Ctrl Pts',(1.01997457353588,0.750736643046802,2.74391183397153));
#1828=CARTESIAN_POINT('Ctrl Pts',(0.774558044643735,1.08416729249528,2.77008033743046));
#1829=CARTESIAN_POINT('Ctrl Pts',(0.349892860211126,1.28566463864049,2.79624884088938));
#1830=CARTESIAN_POINT('Ctrl Pts',(-0.0635960479042411,1.26487508316437,
2.82241734434831));
#1831=CARTESIAN_POINT('Ctrl Pts',(-0.477084956019608,1.24408552768825,2.84858584780724));
#1832=CARTESIAN_POINT('Ctrl Pts',(-0.879397587817737,1.0010090705908,2.87475435126616));
#1833=CARTESIAN_POINT('Ctrl Pts',(-1.09013220597129,0.644643691162285,2.90092285472509));
#1834=CARTESIAN_POINT('Ctrl Pts',(-1.20420764933133,0.451735003388679,2.9150884610232));
#1835=CARTESIAN_POINT('Ctrl Pts',(-1.26214492577624,0.225629226291167,2.92925406732131));
#1836=CARTESIAN_POINT('Ctrl Pts',(-1.26258143877192,-0.000267537816425575,
2.94341967361941));
#1837=CARTESIAN_POINT('Origin',(0.,0.,0.));
#1838=CARTESIAN_POINT('',(-1.26607286389629,-0.000628751492366403,3.44341967361942));
#1839=CARTESIAN_POINT('',(-1.2658067216596,0.000777893515349678,3.30658032638058));
#1840=CARTESIAN_POINT('',(-1.2645,-1.54856587752183E-16,0.));
#1841=CARTESIAN_POINT('Ctrl Pts',(-1.2658067216596,0.000777893515349678,
3.30658032638058));
#1842=CARTESIAN_POINT('Ctrl Pts',(-1.26616643423533,0.0501498130321977,
3.30346402952864));
#1843=CARTESIAN_POINT('Ctrl Pts',(-1.26352219999187,0.0994828734607139,
3.30034773267669));
#1844=CARTESIAN_POINT('Ctrl Pts',(-1.25774337737645,0.148445948141656,3.29723143582474));
#1845=CARTESIAN_POINT('Ctrl Pts',(-1.20921682590056,0.559603950739125,3.27106293236581));
#1846=CARTESIAN_POINT('Ctrl Pts',(-0.939655477160564,0.944672491180382,
3.24489442890688));
#1847=CARTESIAN_POINT('Ctrl Pts',(-0.569935207389616,1.1309846154924,3.21872592544795));
#1848=CARTESIAN_POINT('Ctrl Pts',(-0.200214937618673,1.31729673980442,3.19255742198903));
#1849=CARTESIAN_POINT('Ctrl Pts',(0.269664253183208,1.30485244798722,3.16638891853011));
#1850=CARTESIAN_POINT('Ctrl Pts',(0.629003667313681,1.09923066914732,3.14022041507118));
#1851=CARTESIAN_POINT('Ctrl Pts',(0.988343081444156,0.893608890307417,3.11405191161225));
#1852=CARTESIAN_POINT('Ctrl Pts',(1.23714271890321,0.494809624444818,3.08788340815332));
#1853=CARTESIAN_POINT('Ctrl Pts',(1.26383748789395,0.0816598544662999,3.0617149046944));
#1854=CARTESIAN_POINT('Ctrl Pts',(1.29053225688468,-0.331489915512216,3.03554640123547));
#1855=CARTESIAN_POINT('Ctrl Pts',(1.09512215740709,-0.75899018960665,3.00937789777655));
#1856=CARTESIAN_POINT('Ctrl Pts',(0.765231599067912,-1.00914510594329,2.98320939431762));
#1857=CARTESIAN_POINT('Ctrl Pts',(0.435341040728736,-1.25930002227993,2.9570408908587));
#1858=CARTESIAN_POINT('Ctrl Pts',(-0.0290299764720295,-1.33210958085877,
2.93087238739977));
#1859=CARTESIAN_POINT('Ctrl Pts',(-0.419652072743898,-1.19492492996518,
2.90470388394084));
#1860=CARTESIAN_POINT('Ctrl Pts',(-0.810274169015769,-1.05774027907159,
2.87853538048191));
#1861=CARTESIAN_POINT('Ctrl Pts',(-1.12714734435874,-0.71056141870556,2.85236687702299));
#1862=CARTESIAN_POINT('Ctrl Pts',(-1.22818184553483,-0.309067571447978,
2.82619837356406));
#1863=CARTESIAN_POINT('Ctrl Pts',(-1.25342974981211,-0.20873671312259,2.8196590245029));
#1864=CARTESIAN_POINT('Ctrl Pts',(-1.26519918610708,-0.105014049252608,
2.81311967544174));
#1865=CARTESIAN_POINT('Ctrl Pts',(-1.26429349912244,-0.00108910952676108,
2.80658032638058));
#1866=CARTESIAN_POINT('Ctrl Pts',(-1.26258143877192,-0.000267537816425575,
2.94341967361941));
#1867=CARTESIAN_POINT('Ctrl Pts',(-1.26295130791033,-0.191675909013845,
2.95542257078023));
#1868=CARTESIAN_POINT('Ctrl Pts',(-1.22203777809847,-0.382934216696782,
2.96742546794105));
#1869=CARTESIAN_POINT('Ctrl Pts',(-1.13901191518367,-0.553719894043422,
2.97942836510187));
#1870=CARTESIAN_POINT('Ctrl Pts',(-0.958000401733514,-0.92606379806102,
3.0055968685608));
#1871=CARTESIAN_POINT('Ctrl Pts',(-0.576820770324223,-1.20109730433664,
3.03176537201972));
#1872=CARTESIAN_POINT('Ctrl Pts',(-0.166398603582764,-1.25549354310707,
3.05793387547865));
#1873=CARTESIAN_POINT('Ctrl Pts',(0.244023563158699,-1.3098897818775,3.08410237893757));
#1874=CARTESIAN_POINT('Ctrl Pts',(0.683688265232331,-1.14364875314274,3.1102708823965));
#1875=CARTESIAN_POINT('Ctrl Pts',(0.955444823532607,-0.831312202077818,
3.13643938585543));
#1876=CARTESIAN_POINT('Ctrl Pts',(1.22720138183288,-0.518975651012894,3.16260788931435));
#1877=CARTESIAN_POINT('Ctrl Pts',(1.33104979635981,-0.0605435776178027,
3.18877639277328));
#1878=CARTESIAN_POINT('Ctrl Pts',(1.2204228240894,0.338412475625721,3.21494489623221));
#1879=CARTESIAN_POINT('Ctrl Pts',(1.109795851819,0.737368528869241,3.24111339969114));
#1880=CARTESIAN_POINT('Ctrl Pts',(0.784693492751271,1.0768485619612,3.26728190315006));
#1881=CARTESIAN_POINT('Ctrl Pts',(0.390896231049701,1.20463549178439,3.29345040660899));
#1882=CARTESIAN_POINT('Ctrl Pts',(-0.00290103065186793,1.33242242160758,
3.31961891006791));
#1883=CARTESIAN_POINT('Ctrl Pts',(-0.465393194987269,1.248516248162,3.34578741352684));
#1884=CARTESIAN_POINT('Ctrl Pts',(-0.789194651159578,0.990522857305797,
3.37195591698577));
#1885=CARTESIAN_POINT('Ctrl Pts',(-1.08395190259914,0.755670847443678,3.39577716919699));
#1886=CARTESIAN_POINT('Ctrl Pts',(-1.26378302816555,0.376561376313762,3.4195984214082));
#1887=CARTESIAN_POINT('Ctrl Pts',(-1.26607286389629,-0.000628751492366403,
3.44341967361942));
#1888=CARTESIAN_POINT('Origin',(0.,0.,0.));
#1889=CARTESIAN_POINT('',(-1.26384158287043,0.00153428955358196,3.94341967361942));
#1890=CARTESIAN_POINT('',(-1.26250505077119,3.41285737680969E-5,3.80658032638058));
#1891=CARTESIAN_POINT('',(-1.2645,-1.54856587752183E-16,0.));
#1892=CARTESIAN_POINT('',(-0.958116152722382,-0.825211298936497,4.));
#1893=CARTESIAN_POINT('Ctrl Pts',(-1.26384158287043,0.00153428955358196,
3.94341967361942));
#1894=CARTESIAN_POINT('Ctrl Pts',(-1.26118853987079,-0.297547230876287,
3.96227978241295));
#1895=CARTESIAN_POINT('Ctrl Pts',(-1.15369380269338,-0.598134784363576,
3.98113989120647));
#1896=CARTESIAN_POINT('Ctrl Pts',(-0.95811615272237,-0.825211298936511,
4.));
#1897=CARTESIAN_POINT('',(0.959875609858285,-0.826385162504496,4.));
#1898=CARTESIAN_POINT('Origin',(0.,0.,4.));
#1899=CARTESIAN_POINT('Ctrl Pts',(0.959882232879678,-0.826389581210337,
4.));
#1900=CARTESIAN_POINT('Ctrl Pts',(0.701617223856852,-1.12425595559549,3.97509183961299));
#1901=CARTESIAN_POINT('Ctrl Pts',(0.292589766278938,-1.29367434180183,3.95018367922598));
#1902=CARTESIAN_POINT('Ctrl Pts',(-0.100303262253064,-1.26238410725674,
3.92527551883897));
#1903=CARTESIAN_POINT('Ctrl Pts',(-0.513076522758086,-1.22951059920952,
3.89910701538004));
#1904=CARTESIAN_POINT('Ctrl Pts',(-0.908041253448884,-0.975103038333181,
3.87293851192112));
#1905=CARTESIAN_POINT('Ctrl Pts',(-1.10832540897228,-0.61283325308376,3.8467700084622));
#1906=CARTESIAN_POINT('Ctrl Pts',(-1.21085778533461,-0.427374838418722,
3.83337344776833));
#1907=CARTESIAN_POINT('Ctrl Pts',(-1.26236886646912,-0.213648218829098,
3.81997688707446));
#1908=CARTESIAN_POINT('Ctrl Pts',(-1.26250505077119,3.41285737680969E-5,
3.80658032638058));
#1909=CARTESIAN_POINT('Origin',(0.,0.,-1.10421172358872));
#1910=CARTESIAN_POINT('',(-1.54491927955079,-0.000767230963050342,3.60421172358873));
#1911=CARTESIAN_POINT('',(-1.5405656728667,4.16452267949552E-5,3.64578827641128));
#1912=CARTESIAN_POINT('',(-1.543,-5.00923868619363E-14,-1.10421172358872));
#1913=CARTESIAN_POINT('',(0.398513841857232,1.49064942821852,4.));
#1914=CARTESIAN_POINT('Ctrl Pts',(-1.5405656728667,4.16452267951173E-5,
3.64578827641128));
#1915=CARTESIAN_POINT('Ctrl Pts',(-1.54039949463175,-0.260703204154468,
3.65918483710514));
#1916=CARTESIAN_POINT('Ctrl Pts',(-1.35476173618375,-1.03094000966198,3.69874990125794));
#1917=CARTESIAN_POINT('Ctrl Pts',(-0.144125342158813,-1.81074394702449,
3.76448346886967));
#1918=CARTESIAN_POINT('Ctrl Pts',(1.43212068978092,-1.12010759922268,3.84298897924644));
#1919=CARTESIAN_POINT('Ctrl Pts',(1.72178919113362,0.578987785168023,3.92149448962322));
#1920=CARTESIAN_POINT('Ctrl Pts',(0.88870364005734,1.35960089593322,3.97383149654107));
#1921=CARTESIAN_POINT('Ctrl Pts',(0.398513841857232,1.49064942821852,4.));
#1922=CARTESIAN_POINT('',(-0.399480741375922,1.49304232084544,4.));
#1923=CARTESIAN_POINT('Origin',(0.,0.,4.));
#1924=CARTESIAN_POINT('Ctrl Pts',(-1.54491927955079,-0.000767230963050229,
3.60421172358873));
#1925=CARTESIAN_POINT('Ctrl Pts',(-1.5451946050349,-0.0461198530504685,
3.60655897483644));
#1926=CARTESIAN_POINT('Ctrl Pts',(-1.52298524945115,-0.596813265534842,
3.63507472954307));
#1927=CARTESIAN_POINT('Ctrl Pts',(-0.864366471663551,-1.59813513479663,
3.68975898770864));
#1928=CARTESIAN_POINT('Ctrl Pts',(0.85631669846046,-1.60272537159548,3.76826449808541));
#1929=CARTESIAN_POINT('Ctrl Pts',(1.80908014943809,-0.169337369490392,3.8467700084622));
#1930=CARTESIAN_POINT('Ctrl Pts',(1.1500826882236,1.38931087336535,3.92401517576705));
#1931=CARTESIAN_POINT('Ctrl Pts',(0.0656708929535653,1.61576369330194,3.97509183961299));
#1932=CARTESIAN_POINT('Ctrl Pts',(-0.399484388299921,1.4930513462895,4.));
#1933=CARTESIAN_POINT('Origin',(0.,0.,-1.10421172358872));
#1934=CARTESIAN_POINT('',(-1.54065888495458,-0.000326461724645816,3.10421172358873));
#1935=CARTESIAN_POINT('',(-1.54459452077562,0.000949220794091612,3.14578827641127));
#1936=CARTESIAN_POINT('',(-1.543,-5.00923868619363E-14,-1.10421172358872));
#1937=CARTESIAN_POINT('Ctrl Pts',(-1.54459452077562,0.000949220794091458,
3.14578827641127));
#1938=CARTESIAN_POINT('Ctrl Pts',(-1.54134756483171,-0.444707835300069,
3.16884048301825));
#1939=CARTESIAN_POINT('Ctrl Pts',(-1.10614036188307,-1.4018079547699,3.21806119308416));
#1940=CARTESIAN_POINT('Ctrl Pts',(0.510472527015693,-1.74380048562144,3.29345040660899));
#1941=CARTESIAN_POINT('Ctrl Pts',(1.73612966477539,-0.536088826382367,3.37195591698576));
#1942=CARTESIAN_POINT('Ctrl Pts',(1.40473945269841,1.1524778216847,3.45046142736255));
#1943=CARTESIAN_POINT('Ctrl Pts',(-0.186368929763864,1.80732702834998,3.52896693773932));
#1944=CARTESIAN_POINT('Ctrl Pts',(-1.36747934525641,1.00639945555909,3.59407588742224));
#1945=CARTESIAN_POINT('Ctrl Pts',(-1.54072410300068,0.248629202039417,3.63301633364622));
#1946=CARTESIAN_POINT('Ctrl Pts',(-1.5405656728667,4.16452267951173E-5,
3.64578827641128));
#1947=CARTESIAN_POINT('Ctrl Pts',(-1.54065888495458,-0.000326461724645764,
3.10421172358873));
#1948=CARTESIAN_POINT('Ctrl Pts',(-1.54111021597914,-0.233891599532154,
3.11621462074955));
#1949=CARTESIAN_POINT('Ctrl Pts',(-1.38234109042179,-0.976088970573846,
3.15438602136929));
#1950=CARTESIAN_POINT('Ctrl Pts',(-0.238730152112089,-1.80124147154979,
3.21872592544795));
#1951=CARTESIAN_POINT('Ctrl Pts',(1.37076601704476,-1.19267704132979,3.29723143582474));
#1952=CARTESIAN_POINT('Ctrl Pts',(1.75092759145767,0.485521509675243,3.37573694620152));
#1953=CARTESIAN_POINT('Ctrl Pts',(0.56081385470441,1.72826810768447,3.4542424565783));
#1954=CARTESIAN_POINT('Ctrl Pts',(-1.08162644698219,1.43029358734779,3.53040071570737));
#1955=CARTESIAN_POINT('Ctrl Pts',(-1.5421251185919,0.459497195454407,3.58039047137751));
#1956=CARTESIAN_POINT('Ctrl Pts',(-1.54491927955079,-0.000767230963050229,
3.60421172358873));
#1957=CARTESIAN_POINT('Origin',(0.,0.,-1.10421172358872));
#1958=CARTESIAN_POINT('',(-1.54388742700083,0.00120758119814712,2.60421172358873));
#1959=CARTESIAN_POINT('',(-1.5427480183044,-0.00132898062461086,2.64578827641127));
#1960=CARTESIAN_POINT('',(-1.543,-5.00923868619363E-14,-1.10421172358872));
#1961=CARTESIAN_POINT('Ctrl Pts',(-1.5427480183044,-0.00132898062461063,
2.64578827641127));
#1962=CARTESIAN_POINT('Ctrl Pts',(-1.54385317846043,-0.128142884932221,
2.65232762547243));
#1963=CARTESIAN_POINT('Ctrl Pts',(-1.47202079685153,-0.761193252500284,
2.68503547799252));
#1964=CARTESIAN_POINT('Ctrl Pts',(-0.602070172587684,-1.71434577473486,
2.74391183397153));
#1965=CARTESIAN_POINT('Ctrl Pts',(1.09786928065261,-1.44780924119476,2.82241734434831));
#1966=CARTESIAN_POINT('Ctrl Pts',(1.81321396272596,0.11715617500385,2.90092285472509));
#1967=CARTESIAN_POINT('Ctrl Pts',(0.902424305313572,1.5770547923846,2.97942836510186));
#1968=CARTESIAN_POINT('Ctrl Pts',(-0.817679114395372,1.62261005282101,3.05793387547865));
#1969=CARTESIAN_POINT('Ctrl Pts',(-1.51471197355375,0.626898215904055,3.11338717924845));
#1970=CARTESIAN_POINT('Ctrl Pts',(-1.54503345830376,0.0611950664362544,
3.14267197955932));
#1971=CARTESIAN_POINT('Ctrl Pts',(-1.54459452077562,0.000949220794091458,
3.14578827641127));
#1972=CARTESIAN_POINT('Ctrl Pts',(-1.54388742700083,0.00120758119814725,
2.60421172358873));
#1973=CARTESIAN_POINT('Ctrl Pts',(-1.54028278082248,-0.418006259466277,
2.62587026666265));
#1974=CARTESIAN_POINT('Ctrl Pts',(-1.14872181647585,-1.349661597739,2.6736973131955));
#1975=CARTESIAN_POINT('Ctrl Pts',(0.418197317346318,-1.76821402112153,2.74769286318728));
#1976=CARTESIAN_POINT('Ctrl Pts',(1.70556941732683,-0.62650060108321,2.82619837356406));
#1977=CARTESIAN_POINT('Ctrl Pts',(1.4633463364688,1.0770737265466,2.90470388394084));
#1978=CARTESIAN_POINT('Ctrl Pts',(-0.0912405664482049,1.814702208402,2.98320939431762));
#1979=CARTESIAN_POINT('Ctrl Pts',(-1.33882683389719,1.0609131750835,3.04971200753358));
#1980=CARTESIAN_POINT('Ctrl Pts',(-1.540126232086,0.275322970476252,3.09004611729062));
#1981=CARTESIAN_POINT('Ctrl Pts',(-1.54065888495458,-0.000326461724645764,
3.10421172358873));
#1982=CARTESIAN_POINT('Origin',(0.,0.,-1.10421172358872));
#1983=CARTESIAN_POINT('',(-1.54353480825457,-0.00127923157668491,2.10421172358873));
#1984=CARTESIAN_POINT('',(-1.5411373406737,0.000871686045807139,2.14578827641127));
#1985=CARTESIAN_POINT('',(-1.543,-5.00923868619363E-14,-1.10421172358872));
#1986=CARTESIAN_POINT('Ctrl Pts',(-1.5411373406737,0.000871686045807105,
2.14578827641127));
#1987=CARTESIAN_POINT('Ctrl Pts',(-1.53947878610889,-0.314021942650219,
2.16198327138554));
#1988=CARTESIAN_POINT('Ctrl Pts',(-1.29354130783888,-1.14011248660773,2.20434676981874));
#1989=CARTESIAN_POINT('Ctrl Pts',(0.0477268498817409,-1.81636773098553,
2.27287877171085));
#1990=CARTESIAN_POINT('Ctrl Pts',(1.54138808858414,-0.962077084991362,2.35138428208763));
#1991=CARTESIAN_POINT('Ctrl Pts',(1.65269585561165,0.755027144604458,2.42988979246441));
#1992=CARTESIAN_POINT('Ctrl Pts',(0.28182666862895,1.79500511593876,2.50839530284119));
#1993=CARTESIAN_POINT('Ctrl Pts',(-1.20654726484603,1.27264505059115,2.58036146415681));
#1994=CARTESIAN_POINT('Ctrl Pts',(-1.53943066069984,0.379328128233987,2.62615912201351));
#1995=CARTESIAN_POINT('Ctrl Pts',(-1.5427480183044,-0.00132898062461063,
2.64578827641127));
#1996=CARTESIAN_POINT('Ctrl Pts',(-1.54353480825457,-0.00127923157668517,
2.10421172358873));
#1997=CARTESIAN_POINT('Ctrl Pts',(-1.54441662112194,-0.100935933320357,
2.10935740911683));
#1998=CARTESIAN_POINT('Ctrl Pts',(-1.49058489441632,-0.706451119248242,
2.14067159810387));
#1999=CARTESIAN_POINT('Ctrl Pts',(-0.691269566013264,-1.68036197039952,
2.19815429054983));
#2000=CARTESIAN_POINT('Ctrl Pts',(1.02032178896778,-1.50346712870405,2.2766598009266));
#2001=CARTESIAN_POINT('Ctrl Pts',(1.81686430655477,0.0217727737475764,2.35516531130339));
#2002=CARTESIAN_POINT('Ctrl Pts',(0.98399972100602,1.52748634093133,2.43367082168016));
#2003=CARTESIAN_POINT('Ctrl Pts',(-0.731339208423763,1.66331383261346,2.51217633205695));
#2004=CARTESIAN_POINT('Ctrl Pts',(-1.4985069008805,0.68150753900267,2.5690232993598));
#2005=CARTESIAN_POINT('Ctrl Pts',(-1.54463802280087,0.088500517190562,2.59970176320373));
#2006=CARTESIAN_POINT('Ctrl Pts',(-1.54388742700083,0.00120758119814725,
2.60421172358873));
#2007=CARTESIAN_POINT('Origin',(0.,0.,-1.10421172358872));
#2008=CARTESIAN_POINT('',(-1.540761184518,0.000510219937661788,1.60421172358873));
#2009=CARTESIAN_POINT('',(-1.54539697225986,0.000109218083409495,1.64578827641127));
#2010=CARTESIAN_POINT('',(-1.543,-5.00923868619363E-14,-1.10421172358872));
#2011=CARTESIAN_POINT('Ctrl Pts',(-1.54539697225986,0.000109218083409583,
1.64578827641127));
#2012=CARTESIAN_POINT('Ctrl Pts',(-1.54487726731405,-0.498958491479807,
1.67163891729865));
#2013=CARTESIAN_POINT('Ctrl Pts',(-1.01339163232023,-1.50418327383794,1.72365806164495));
#2014=CARTESIAN_POINT('Ctrl Pts',(0.691269525565383,-1.68036187207875,1.80184570945018));
#2015=CARTESIAN_POINT('Ctrl Pts',(1.78291383564068,-0.350268226421778,1.88035121982696));
#2016=CARTESIAN_POINT('Ctrl Pts',(1.27559863184958,1.2939542906081,1.95885673020373));
#2017=CARTESIAN_POINT('Ctrl Pts',(-0.375703751063743,1.77772783899787,2.03736224058052));
#2018=CARTESIAN_POINT('Ctrl Pts',(-1.41892471203346,0.896286389511471,2.09967275598303));
#2019=CARTESIAN_POINT('Ctrl Pts',(-1.54215874315334,0.194795443512575,2.13581476792661));
#2020=CARTESIAN_POINT('Ctrl Pts',(-1.5411373406737,0.000871686045807105,
2.14578827641127));
#2021=CARTESIAN_POINT('Ctrl Pts',(-1.540761184518,0.00051021993766184,1.60421172358873));
#2022=CARTESIAN_POINT('Ctrl Pts',(-1.53988730180206,-0.287461766252514,
1.61901305502994));
#2023=CARTESIAN_POINT('Ctrl Pts',(-1.32511412173428,-1.08577379963978,1.65998288993008));
#2024=CARTESIAN_POINT('Ctrl Pts',(-0.0477268526681197,-1.81636783725271,
1.72712122828915));
#2025=CARTESIAN_POINT('Ctrl Pts',(1.48873705510373,-1.0416966654792,1.80562673866593));
#2026=CARTESIAN_POINT('Ctrl Pts',(1.69006617624572,0.667192835727548,1.88413224904271));
#2027=CARTESIAN_POINT('Ctrl Pts',(0.375703773046306,1.777727943016,1.96263775941949));
#2028=CARTESIAN_POINT('Ctrl Pts',(-1.16736320517544,1.32566356330271,2.03599758426816));
#2029=CARTESIAN_POINT('Ctrl Pts',(-1.53993214127105,0.405870541743093,2.08318890565791));
#2030=CARTESIAN_POINT('Ctrl Pts',(-1.54353480825457,-0.00127923157668517,
2.10421172358873));
#2031=CARTESIAN_POINT('Origin',(0.,0.,-1.10421172358872));
#2032=CARTESIAN_POINT('',(-1.54513497520341,0.000566586413674325,1.10421172358873));
#2033=CARTESIAN_POINT('',(-1.54137211280547,-0.00100958723246939,1.14578827641127));
#2034=CARTESIAN_POINT('',(-1.543,-5.00923868619363E-14,-1.10421172358872));
#2035=CARTESIAN_POINT('Ctrl Pts',(-1.54137211280547,-0.0010095872324694,
1.14578827641127));
#2036=CARTESIAN_POINT('Ctrl Pts',(-1.54249083041298,-0.182502733727647,
1.15512605975283));
#2037=CARTESIAN_POINT('Ctrl Pts',(-1.42957087953878,-0.871271381481667,
1.19063234655331));
#2038=CARTESIAN_POINT('Ctrl Pts',(-0.418197292913722,-1.76821391748877,
1.25230713681272));
#2039=CARTESIAN_POINT('Ctrl Pts',(1.24422401674542,-1.32415113697443,1.3308126471895));
#2040=CARTESIAN_POINT('Ctrl Pts',(1.79079564279566,0.307441939217058,1.40931815756628));
#2041=CARTESIAN_POINT('Ctrl Pts',(0.731339165636358,1.66331373525889,1.48782366794306));
#2042=CARTESIAN_POINT('Ctrl Pts',(-0.983999663431957,1.52748625156855,1.56632917831984));
#2043=CARTESIAN_POINT('Ctrl Pts',(-1.54261489028189,0.517580751303285,1.61898404780924));
#2044=CARTESIAN_POINT('Ctrl Pts',(-1.54540336261402,0.00624581431835459,
1.64547041383972));
#2045=CARTESIAN_POINT('Ctrl Pts',(-1.54539697225986,0.000109218083409583,
1.64578827641127));
#2046=CARTESIAN_POINT('Ctrl Pts',(-1.54513497520341,0.000566586413674412,
1.10421172358873));
#2047=CARTESIAN_POINT('Ctrl Pts',(-1.54287290074878,-0.47180999537464,1.12866870094305));
#2048=CARTESIAN_POINT('Ctrl Pts',(-1.06080836814814,-1.45362018340447,1.1792941817563));
#2049=CARTESIAN_POINT('Ctrl Pts',(0.602070208015644,-1.71434587452288,1.25608816602847));
#2050=CARTESIAN_POINT('Ctrl Pts',(1.76205914759347,-0.443415832893203,1.33459367640525));
#2051=CARTESIAN_POINT('Ctrl Pts',(1.34179141517246,1.22517983124761,1.41309918678203));
#2052=CARTESIAN_POINT('Ctrl Pts',(-0.28182668515557,1.79500522088221,1.49160469715881));
#2053=CARTESIAN_POINT('Ctrl Pts',(-1.39423396296414,0.951103355588936,1.55530887609438));
#2054=CARTESIAN_POINT('Ctrl Pts',(-1.5414323116524,0.221667831082786,1.59284455157101));
#2055=CARTESIAN_POINT('Ctrl Pts',(-1.540761184518,0.00051021993766184,1.60421172358873));
#2056=CARTESIAN_POINT('Origin',(0.,0.,-1.10421172358872));
#2057=CARTESIAN_POINT('',(-1.54199976869925,-0.00123141650914815,0.604211723588727));
#2058=CARTESIAN_POINT('',(-1.54239994286499,0.001305370857802,0.645788276411272));
#2059=CARTESIAN_POINT('',(-1.543,-5.00923868619363E-14,-1.10421172358872));
#2060=CARTESIAN_POINT('Ctrl Pts',(-1.54239994286499,0.00130537085780206,
0.645788276411272));
#2061=CARTESIAN_POINT('Ctrl Pts',(-1.53931332921756,-0.367236302159945,
0.664781705665936));
#2062=CARTESIAN_POINT('Ctrl Pts',(-1.22366474719734,-1.24829721157842,0.709943638379525));
#2063=CARTESIAN_POINT('Ctrl Pts',(0.238730136552074,-1.80124136071101,0.781274074552044));
#2064=CARTESIAN_POINT('Ctrl Pts',(1.63412785394111,-0.794416516682366,0.859779584928821));
#2065=CARTESIAN_POINT('Ctrl Pts',(1.56400059515105,0.924863547953469,0.938285095305602));
#2066=CARTESIAN_POINT('Ctrl Pts',(0.0912405613542716,1.81470210124234,1.01679060568238));
#2067=CARTESIAN_POINT('Ctrl Pts',(-1.27843700359185,1.16481036560492,1.08595833271761));
#2068=CARTESIAN_POINT('Ctrl Pts',(-1.53935570031725,0.326119479715053,1.1289575562939));
#2069=CARTESIAN_POINT('Ctrl Pts',(-1.54137211280547,-0.0010095872324694,
1.14578827641127));
#2070=CARTESIAN_POINT('Ctrl Pts',(-1.54199976869925,-0.00123141650914819,
0.604211723588727));
#2071=CARTESIAN_POINT('Ctrl Pts',(-1.54319863862962,-0.155480713929704,
0.61215584339723));
#2072=CARTESIAN_POINT('Ctrl Pts',(-1.45160390729391,-0.816448787150032,
0.646268466664659));
#2073=CARTESIAN_POINT('Ctrl Pts',(-0.51047256455531,-1.74380061718764,0.706549593391015));
#2074=CARTESIAN_POINT('Ctrl Pts',(1.17296492414017,-1.38767137810864,0.785055103767795));
#2075=CARTESIAN_POINT('Ctrl Pts',(1.80447200733982,0.212975991902676,0.863560614144573));
#2076=CARTESIAN_POINT('Ctrl Pts',(0.817679163992333,1.62261015315791,0.942066124521355));
#2077=CARTESIAN_POINT('Ctrl Pts',(-0.902424359150171,1.57705488163541,1.02057163489813));
#2078=CARTESIAN_POINT('Ctrl Pts',(-1.52947394370807,0.571961320507299,1.07462016792059));
#2079=CARTESIAN_POINT('Ctrl Pts',(-1.54529327765525,0.0336240178052075,
1.10250019748412));
#2080=CARTESIAN_POINT('Ctrl Pts',(-1.54513497520341,0.000566586413674412,
1.10421172358873));
#2081=CARTESIAN_POINT('Origin',(0.,0.,-1.10421172358872));
#2082=CARTESIAN_POINT('',(-1.54136357392849,0.00174830020578956,0.104211723588727));
#2083=CARTESIAN_POINT('',(-1.54487068750422,-0.000729935696790279,0.145788276411273));
#2084=CARTESIAN_POINT('',(-1.543,-5.00923868619363E-14,-1.10421172358872));
#2085=CARTESIAN_POINT('',(-0.398513841857234,1.49064942821852,0.));
#2086=CARTESIAN_POINT('Ctrl Pts',(-0.398513841857231,1.49064942821852,-1.38777878078145E-16));
#2087=CARTESIAN_POINT('Ctrl Pts',(-0.888703640057341,1.35960089593322,0.0261685034589264));
#2088=CARTESIAN_POINT('Ctrl Pts',(-1.44164093933653,0.841489332219077,0.0609057446551687));
#2089=CARTESIAN_POINT('Ctrl Pts',(-1.54251029598582,0.168262169784049,0.0956429858514112));
#2090=CARTESIAN_POINT('Ctrl Pts',(-1.54136357392849,0.00174830020578951,
0.104211723588727));
#2091=CARTESIAN_POINT('',(0.399480479159342,1.49304251450947,4.65903275145447E-16));
#2092=CARTESIAN_POINT('Origin',(0.,0.,0.));
#2093=CARTESIAN_POINT('Ctrl Pts',(0.399484117815494,1.49305152266396,3.25260651745651E-17));
#2094=CARTESIAN_POINT('Ctrl Pts',(-0.0656712354916987,1.61576392884082,
0.0249081603870092));
#2095=CARTESIAN_POINT('Ctrl Pts',(-1.09741707331875,1.40030813024443,0.0735042525241));
#2096=CARTESIAN_POINT('Ctrl Pts',(-1.5419754269168,0.456897976196604,0.122100344661191));
#2097=CARTESIAN_POINT('Ctrl Pts',(-1.54487068750422,-0.000729935696790291,
0.145788276411273));
#2098=CARTESIAN_POINT('Origin',(0.,0.,-1.10421172358872));
#2099=CARTESIAN_POINT('Ctrl Pts',(-1.54487068750422,-0.000729935696790326,
0.145788276411273));
#2100=CARTESIAN_POINT('Ctrl Pts',(-1.54517387570903,-0.0486521799601192,
0.148268848120118));
#2101=CARTESIAN_POINT('Ctrl Pts',(-1.52159723508658,-0.601841789630632,
0.176917923287889));
#2102=CARTESIAN_POINT('Ctrl Pts',(-0.85631652475354,-1.60272550170649,0.231735501914586));
#2103=CARTESIAN_POINT('Ctrl Pts',(0.864366354637237,-1.59813490367892,0.310241012291366));
#2104=CARTESIAN_POINT('Ctrl Pts',(1.80988902587118,-0.160623078894685,0.388746522668145));
#2105=CARTESIAN_POINT('Ctrl Pts',(1.13224752977435,1.42110976845739,0.467252033044925));
#2106=CARTESIAN_POINT('Ctrl Pts',(-0.56081381158711,1.72826797783923,0.545757543421704));
#2107=CARTESIAN_POINT('Ctrl Pts',(-1.46299432992512,0.786188511394537,0.60526962454382));
#2108=CARTESIAN_POINT('Ctrl Pts',(-1.54356596094752,0.140527931239638,0.638613202207009));
#2109=CARTESIAN_POINT('Ctrl Pts',(-1.54239994286499,0.00130537085780206,
0.645788276411272));
#2110=CARTESIAN_POINT('Ctrl Pts',(-1.54136357392849,0.00174830020578951,
0.104211723588727));
#2111=CARTESIAN_POINT('Ctrl Pts',(-1.53900826324266,-0.340262995251848,
0.121811489310338));
#2112=CARTESIAN_POINT('Ctrl Pts',(-1.26007645297805,-1.19548847095322,0.165579758490875));
#2113=CARTESIAN_POINT('Ctrl Pts',(0.144125395422757,-1.8107447461924,0.235516531130338));
#2114=CARTESIAN_POINT('Ctrl Pts',(1.58998684376584,-0.879424794083284,0.314022041507118));
#2115=CARTESIAN_POINT('Ctrl Pts',(1.61050003618819,0.841603551712995,0.392527551883897));
#2116=CARTESIAN_POINT('Ctrl Pts',(0.18636896330526,1.80732728522647,0.471033062260676));
#2117=CARTESIAN_POINT('Ctrl Pts',(-1.24373229775691,1.21874324787683,0.541594452828954));
#2118=CARTESIAN_POINT('Ctrl Pts',(-1.5392494746346,0.352627593898989,0.585987339938304));
#2119=CARTESIAN_POINT('Ctrl Pts',(-1.54199976869925,-0.00123141650914819,
0.604211723588727));
#2120=CARTESIAN_POINT('Ctrl Pts',(0.958116152722388,-0.825211298936491,
0.));
#2121=CARTESIAN_POINT('Ctrl Pts',(1.22948120505502,-0.510141400766977,0.0261685034589265));
#2122=CARTESIAN_POINT('Ctrl Pts',(1.43306294843888,0.403040004418382,0.0785055103767792));
#2123=CARTESIAN_POINT('Ctrl Pts',(0.45238920552022,1.41963630888898,0.157011020753559));
#2124=CARTESIAN_POINT('Ctrl Pts',(-0.933689342993903,1.15939109537616,0.235516531130338));
#2125=CARTESIAN_POINT('Ctrl Pts',(-1.48255476721738,-0.138772937317054,
0.314022041507118));
#2126=CARTESIAN_POINT('Ctrl Pts',(-0.701757774174241,-1.31344549378345,
0.392527551883897));
#2127=CARTESIAN_POINT('Ctrl Pts',(0.708354669759422,-1.30968346448606,0.471033062260677));
#2128=CARTESIAN_POINT('Ctrl Pts',(1.48321754582897,-0.131631810280188,0.549538572637457));
#2129=CARTESIAN_POINT('Ctrl Pts',(0.927885289306327,1.16461004680128,0.628044083014234));
#2130=CARTESIAN_POINT('Ctrl Pts',(-0.459591098348608,1.41632848864401,0.706549593391017));
#2131=CARTESIAN_POINT('Ctrl Pts',(-1.43489813145757,0.397888486122461,0.785055103767793));
#2132=CARTESIAN_POINT('Ctrl Pts',(-1.1233528991434,-0.977407675040058,0.863560614144574));
#2133=CARTESIAN_POINT('Ctrl Pts',(0.195641126163382,-1.47613071977904,0.942066124521354));
#2134=CARTESIAN_POINT('Ctrl Pts',(1.33917995548187,-0.651030256218311,1.02057163489813));
#2135=CARTESIAN_POINT('Ctrl Pts',(1.28171014424401,0.757932570568479,1.09907714527491));
#2136=CARTESIAN_POINT('Ctrl Pts',(0.0747723200469707,1.48716189696756,1.17758265565169));
#2137=CARTESIAN_POINT('Ctrl Pts',(-1.19922315901319,0.882669895148715,1.25608816602847));
#2138=CARTESIAN_POINT('Ctrl Pts',(-1.39772676728811,-0.513421882111915,
1.33459367640525));
#2139=CARTESIAN_POINT('Ctrl Pts',(-0.342715798372911,-1.44906448390444,
1.41309918678203));
#2140=CARTESIAN_POINT('Ctrl Pts',(1.01965085494141,-1.08515172566699,1.49160469715881));
#2141=CARTESIAN_POINT('Ctrl Pts',(1.46757037609534,0.251950960557334,1.57011020753559));
#2142=CARTESIAN_POINT('Ctrl Pts',(0.599337896919751,1.36309800274457,1.64861571791237));
#2143=CARTESIAN_POINT('Ctrl Pts',(-0.806395057945374,1.25178636753625,1.72712122828915));
#2144=CARTESIAN_POINT('Ctrl Pts',(-1.48893375321206,0.0178429493077419,
1.80562673866593));
#2145=CARTESIAN_POINT('Ctrl Pts',(-0.836161261605418,-1.23210244523541,
1.88413224904271));
#2146=CARTESIAN_POINT('Ctrl Pts',(0.566500528242015,-1.37706907792844,1.96263775941949));
#2147=CARTESIAN_POINT('Ctrl Pts',(1.46111117638862,-0.287047422106505,2.04114326979626));
#2148=CARTESIAN_POINT('Ctrl Pts',(1.04536258585469,1.06040518501228,2.11964878017305));
#2149=CARTESIAN_POINT('Ctrl Pts',(-0.307892024121908,1.45686121348853,2.19815429054982));
#2150=CARTESIAN_POINT('Ctrl Pts',(-1.38502174647564,0.546769469478886,2.27665980092661));
#2151=CARTESIAN_POINT('Ctrl Pts',(-1.22003104084972,-0.85367813118136,2.35516531130338));
#2152=CARTESIAN_POINT('Ctrl Pts',(0.0391125091869475,-1.48852689295606,
2.43367082168016));
#2153=CARTESIAN_POINT('Ctrl Pts',(1.26317902658111,-0.78842934152403,2.51217633205694));
#2154=CARTESIAN_POINT('Ctrl Pts',(1.35439657123845,0.618750372230937,2.59068184243372));
#2155=CARTESIAN_POINT('Ctrl Pts',(0.230959055399421,1.47102007070937,2.6691873528105));
#2156=CARTESIAN_POINT('Ctrl Pts',(-1.09960800072932,1.00404394410787,2.74769286318728));
#2157=CARTESIAN_POINT('Ctrl Pts',(-1.44402051970172,-0.363382558339536,
2.82619837356406));
#2158=CARTESIAN_POINT('Ctrl Pts',(-0.493400993672796,-1.40491913943761,
2.90470388394084));
#2159=CARTESIAN_POINT('Ctrl Pts',(0.899712057929499,-1.18649046370108,2.98320939431763));
#2160=CARTESIAN_POINT('Ctrl Pts',(1.48594235636227,0.0960103585822218,3.06171490469439));
#2161=CARTESIAN_POINT('Ctrl Pts',(0.739543443985101,1.29240815617001,3.14022041507119));
#2162=CARTESIAN_POINT('Ctrl Pts',(-0.670094128420576,1.32974103162163,3.21872592544795));
#2163=CARTESIAN_POINT('Ctrl Pts',(-1.47877817464056,0.174535410297871,3.29723143582474));
#2164=CARTESIAN_POINT('Ctrl Pts',(-0.961253437275869,-1.13720698396316,
3.37573694620151));
#2165=CARTESIAN_POINT('Ctrl Pts',(0.418336040448051,-1.42905749453552,3.4542424565783));
#2166=CARTESIAN_POINT('Ctrl Pts',(1.42277119968145,-0.439328788697669,3.53274796695508));
#2167=CARTESIAN_POINT('Ctrl Pts',(1.15119445102861,0.944464164303502,3.61125347733185));
#2168=CARTESIAN_POINT('Ctrl Pts',(-0.152730726951656,1.48111796976575,3.68975898770864));
#2169=CARTESIAN_POINT('Ctrl Pts',(-1.31981672520765,0.689700551410672,3.76826449808541));
#2170=CARTESIAN_POINT('Ctrl Pts',(-1.30300598413969,-0.720695477456842,
3.8467700084622));
#2171=CARTESIAN_POINT('Ctrl Pts',(-0.118111792067284,-1.48391816008585,
3.92527551883897));
#2172=CARTESIAN_POINT('Ctrl Pts',(1.17363357889045,-0.917936525740171,4.00378102921576));
#2173=CARTESIAN_POINT('Ctrl Pts',(1.41101907465228,0.474484805149038,4.08228653959253));
#2174=CARTESIAN_POINT('Ctrl Pts',(0.728299256547315,1.11420306734126,4.13462354651038));
#2175=CARTESIAN_POINT('Ctrl Pts',(0.326585063531089,1.22159831625555,4.16079204996931));
#2176=CARTESIAN_POINT('Ctrl Pts',(1.02845629995665,-0.885794229410674,-0.0535973499897702));
#2177=CARTESIAN_POINT('Ctrl Pts',(1.31974363173429,-0.547593458263643,-0.0274288465308437));
#2178=CARTESIAN_POINT('Ctrl Pts',(1.5382713394077,0.432629207326125,0.024908160387009));
#2179=CARTESIAN_POINT('Ctrl Pts',(0.485601382596107,1.52385898241622,0.103413670763789));
#2180=CARTESIAN_POINT('Ctrl Pts',(-1.00223619472022,1.24450785300428,0.181919181140568));
#2181=CARTESIAN_POINT('Ctrl Pts',(-1.5913966026385,-0.148960959735085,0.260424691517348));
#2182=CARTESIAN_POINT('Ctrl Pts',(-0.753277357700674,-1.40987216309113,
0.338930201894127));
#2183=CARTESIAN_POINT('Ctrl Pts',(0.760358564718695,-1.40583394421701,0.417435712270907));
#2184=CARTESIAN_POINT('Ctrl Pts',(1.59210803917637,-0.141295566485021,0.495941222647686));
#2185=CARTESIAN_POINT('Ctrl Pts',(0.996006036129,1.25010995401999,0.574446733024466));
#2186=CARTESIAN_POINT('Ctrl Pts',(-0.493332002761442,1.52030831837575,0.652952243401244));
#2187=CARTESIAN_POINT('Ctrl Pts',(-1.54024125248326,0.427099490046306,0.731457753778025));
#2188=CARTESIAN_POINT('Ctrl Pts',(-1.20582391071885,-1.04916411038964,0.809963264154802));
#2189=CARTESIAN_POINT('Ctrl Pts',(0.210004129626279,-1.58450093342303,0.888468774531586));
#2190=CARTESIAN_POINT('Ctrl Pts',(1.43749592163495,-0.698825676372996,0.96697428490836));
#2191=CARTESIAN_POINT('Ctrl Pts',(1.37580696121302,0.813576229696808,1.04547979528514));
#2192=CARTESIAN_POINT('Ctrl Pts',(0.0802617338160705,1.59634196505915,1.12398530566192));
#2193=CARTESIAN_POINT('Ctrl Pts',(-1.28726418966698,0.94747115145527,1.2024908160387));
#2194=CARTESIAN_POINT('Ctrl Pts',(-1.50034095067805,-0.551114776317311,
1.28099632641548));
#2195=CARTESIAN_POINT('Ctrl Pts',(-0.36787629655318,-1.55544762843255,1.35950183679226));
#2196=CARTESIAN_POINT('Ctrl Pts',(1.09450857554274,-1.16481819610281,1.43800734716904));
#2197=CARTESIAN_POINT('Ctrl Pts',(1.57531213166212,0.270447953443909,1.51651285754582));
#2198=CARTESIAN_POINT('Ctrl Pts',(0.643338319825287,1.46316991358267,1.5950183679226));
#2199=CARTESIAN_POINT('Ctrl Pts',(-0.865596593107568,1.34368632888035,1.67352387829938));
#2200=CARTESIAN_POINT('Ctrl Pts',(-1.59824390222209,0.0191528903601224,
1.75202938867616));
#2201=CARTESIAN_POINT('Ctrl Pts',(-0.897548084159024,-1.322557310399,1.83053489905293));
#2202=CARTESIAN_POINT('Ctrl Pts',(0.60809019401647,-1.47816667597855,1.90904040942972));
#2203=CARTESIAN_POINT('Ctrl Pts',(1.56837872947264,-0.30812102354493,1.98754591980649));
#2204=CARTESIAN_POINT('Ctrl Pts',(1.12210793451965,1.13825488687755,2.06605143018328));
#2205=CARTESIAN_POINT('Ctrl Pts',(-0.330495933102519,1.56381675532498,2.14455694056005));
#2206=CARTESIAN_POINT('Ctrl Pts',(-1.48670319010117,0.586910578546994,2.22306245093684));
#2207=CARTESIAN_POINT('Ctrl Pts',(-1.30959968323186,-0.916350955626861,
2.30156796131361));
#2208=CARTESIAN_POINT('Ctrl Pts',(0.0419839560852115,-1.59780717229922,
2.38007347169039));
#2209=CARTESIAN_POINT('Ctrl Pts',(1.35591538058212,-0.846311922679808,2.45857898206717));
#2210=CARTESIAN_POINT('Ctrl Pts',(1.45382966602951,0.664175963022111,2.53708449244395));
#2211=CARTESIAN_POINT('Ctrl Pts',(0.247914926475931,1.57901508578583,2.61559000282073));
#2212=CARTESIAN_POINT('Ctrl Pts',(-1.18033577935147,1.07775588253783,2.69409551319751));
#2213=CARTESIAN_POINT('Ctrl Pts',(-1.55003336133528,-0.390060307778725,
2.77260102357429));
#2214=CARTESIAN_POINT('Ctrl Pts',(-0.529624053311094,-1.50806135120336,
2.85110653395107));
#2215=CARTESIAN_POINT('Ctrl Pts',(0.96576446550387,-1.27359672286564,2.92961204432785));
#2216=CARTESIAN_POINT('Ctrl Pts',(1.59503289181683,0.103058964056097,3.00811755470463));
#2217=CARTESIAN_POINT('Ctrl Pts',(0.793837064427926,1.38729036824154,3.08662306508141));
#2218=CARTESIAN_POINT('Ctrl Pts',(-0.719289123745509,1.42736403868809,3.16512857545819));
#2219=CARTESIAN_POINT('Ctrl Pts',(-1.58734275132103,0.18734893653168,3.24363408583497));
#2220=CARTESIAN_POINT('Ctrl Pts',(-1.03182390841896,-1.22069509389693,3.32213959621174));
#2221=CARTESIAN_POINT('Ctrl Pts',(0.449048202637266,-1.5339718248975,3.40064510658853));
#2222=CARTESIAN_POINT('Ctrl Pts',(1.52722402137943,-0.471582134592567,3.4791506169653));
#2223=CARTESIAN_POINT('Ctrl Pts',(1.23570945158521,1.01380205009723,3.55765612734209));
#2224=CARTESIAN_POINT('Ctrl Pts',(-0.163943461222392,1.58985432262716,3.63616163771886));
#2225=CARTESIAN_POINT('Ctrl Pts',(-1.41671113880205,0.740334953300185,3.71466714809565));
#2226=CARTESIAN_POINT('Ctrl Pts',(-1.39866623630336,-0.773605373455715,
3.79317265847242));
#2227=CARTESIAN_POINT('Ctrl Pts',(-0.126782975431126,-1.5928600890654,3.87167816884921));
#2228=CARTESIAN_POINT('Ctrl Pts',(1.25979594918727,-0.985326883567675,3.95018367922598));
#2229=CARTESIAN_POINT('Ctrl Pts',(1.5146091134794,0.509319131822033,4.02868918960276));
#2230=CARTESIAN_POINT('Ctrl Pts',(0.78176738438399,1.19600234353858,4.08102619652061));
#2231=CARTESIAN_POINT('Ctrl Pts',(0.350561322973137,1.31128202024321,4.10719469997954));
#2232=CARTESIAN_POINT('Ctrl Pts',(1.09879644719092,-0.946377159884856,-0.107194699979541));
#2233=CARTESIAN_POINT('Ctrl Pts',(1.41000605841357,-0.585045515760308,-0.0810261965206141));
#2234=CARTESIAN_POINT('Ctrl Pts',(1.64347973037652,0.462218410233866,-0.028689189602761));
#2235=CARTESIAN_POINT('Ctrl Pts',(0.518813559671997,1.62808165594346,0.0498163207740183));
#2236=CARTESIAN_POINT('Ctrl Pts',(-1.07078304644655,1.3296246106324,0.128321831150798));
#2237=CARTESIAN_POINT('Ctrl Pts',(-1.70023843805963,-0.159148982153115,
0.206827341527578));
#2238=CARTESIAN_POINT('Ctrl Pts',(-0.804796941227108,-1.50629883239881,
0.285332851904356));
#2239=CARTESIAN_POINT('Ctrl Pts',(0.812362459677966,-1.50198442394797,0.363838362281136));
#2240=CARTESIAN_POINT('Ctrl Pts',(1.70099853252378,-0.150959322689852,0.442343872657916));
#2241=CARTESIAN_POINT('Ctrl Pts',(1.06412678295167,1.33560986123869,0.520849383034694));
#2242=CARTESIAN_POINT('Ctrl Pts',(-0.527072907174276,1.62428814810749,0.599354893411476));
#2243=CARTESIAN_POINT('Ctrl Pts',(-1.64558437350894,0.45631049397015,0.677860403788252));
#2244=CARTESIAN_POINT('Ctrl Pts',(-1.28829492229429,-1.12092054573923,0.756365914165035));
#2245=CARTESIAN_POINT('Ctrl Pts',(0.224367133089176,-1.69287114706702,0.834871424541812));
#2246=CARTESIAN_POINT('Ctrl Pts',(1.53581188778803,-0.74662109652768,0.913376934918593));
#2247=CARTESIAN_POINT('Ctrl Pts',(1.46990377818204,0.869219888825137,0.991882445295371));
#2248=CARTESIAN_POINT('Ctrl Pts',(0.0857511475851713,1.70552203315075,1.07038795567215));
#2249=CARTESIAN_POINT('Ctrl Pts',(-1.37530522032078,1.01227240776182,1.14889346604893));
#2250=CARTESIAN_POINT('Ctrl Pts',(-1.60295513406799,-0.588807670522706,
1.22739897642571));
#2251=CARTESIAN_POINT('Ctrl Pts',(-0.393036794733451,-1.66183077296066,
1.30590448680249));
#2252=CARTESIAN_POINT('Ctrl Pts',(1.16936629614408,-1.24448466653862,1.38440999717927));
#2253=CARTESIAN_POINT('Ctrl Pts',(1.68305388722889,0.288944946330482,1.46291550755605));
#2254=CARTESIAN_POINT('Ctrl Pts',(0.687338742730823,1.56324182442078,1.54142101793283));
#2255=CARTESIAN_POINT('Ctrl Pts',(-0.924798128269762,1.43558629022445,1.6199265283096));
#2256=CARTESIAN_POINT('Ctrl Pts',(-1.70755405123212,0.0204628314125027,
1.69843203868639));
#2257=CARTESIAN_POINT('Ctrl Pts',(-0.958934906712631,-1.41301217556258,
1.77693754906316));
#2258=CARTESIAN_POINT('Ctrl Pts',(0.649679859790926,-1.57926427402865,1.85544305943995));
#2259=CARTESIAN_POINT('Ctrl Pts',(1.67564628255666,-0.329194624983354,1.93394856981672));
#2260=CARTESIAN_POINT('Ctrl Pts',(1.19885328318462,1.21610458874282,2.0124540801935));
#2261=CARTESIAN_POINT('Ctrl Pts',(-0.353099842083131,1.67077229716142,2.09095959057029));
#2262=CARTESIAN_POINT('Ctrl Pts',(-1.5883846337267,0.627051687615103,2.16946510094706));
#2263=CARTESIAN_POINT('Ctrl Pts',(-1.39916832561399,-0.979023780072362,
2.24797061132385));
#2264=CARTESIAN_POINT('Ctrl Pts',(0.0448554029834759,-1.70708745164237,
2.32647612170062));
#2265=CARTESIAN_POINT('Ctrl Pts',(1.44865173458313,-0.904194503835585,2.4049816320774));
#2266=CARTESIAN_POINT('Ctrl Pts',(1.55326276082058,0.709601553813284,2.48348714245418));
#2267=CARTESIAN_POINT('Ctrl Pts',(0.26487079755244,1.68701010086229,2.56199265283096));
#2268=CARTESIAN_POINT('Ctrl Pts',(-1.26106355797362,1.15146782096779,2.64049816320774));
#2269=CARTESIAN_POINT('Ctrl Pts',(-1.65604620296885,-0.416738057217913,
2.71900367358452));
#2270=CARTESIAN_POINT('Ctrl Pts',(-0.565847112949389,-1.61120356296911,
2.7975091839613));
#2271=CARTESIAN_POINT('Ctrl Pts',(1.03181687307824,-1.3607029820302,2.87601469433808));
#2272=CARTESIAN_POINT('Ctrl Pts',(1.7041234272714,0.110107569529973,2.95452020471486));
#2273=CARTESIAN_POINT('Ctrl Pts',(0.848130684870748,1.48217258031307,3.03302571509164));
#2274=CARTESIAN_POINT('Ctrl Pts',(-0.768484119070441,1.52498704575455,3.11153122546841));
#2275=CARTESIAN_POINT('Ctrl Pts',(-1.69590732800151,0.200162462765489,3.1900367358452));
#2276=CARTESIAN_POINT('Ctrl Pts',(-1.10239437956206,-1.30418320383069,3.26854224622197));
#2277=CARTESIAN_POINT('Ctrl Pts',(0.479760364826479,-1.63888615525947,3.34704775659876));
#2278=CARTESIAN_POINT('Ctrl Pts',(1.63167684307741,-0.503835480487466,3.42555326697553));
#2279=CARTESIAN_POINT('Ctrl Pts',(1.32022445214181,1.08313993589097,3.50405877735232));
#2280=CARTESIAN_POINT('Ctrl Pts',(-0.175156195493128,1.69859067548857,3.58256428772909));
#2281=CARTESIAN_POINT('Ctrl Pts',(-1.51360555239644,0.790969355189699,3.66106979810587));
#2282=CARTESIAN_POINT('Ctrl Pts',(-1.49432648846704,-0.82651526945459,3.73957530848266));
#2283=CARTESIAN_POINT('Ctrl Pts',(-0.135454158794969,-1.70180201804495,
3.81808081885943));
#2284=CARTESIAN_POINT('Ctrl Pts',(1.34595831948409,-1.05271724139518,3.89658632923621));
#2285=CARTESIAN_POINT('Ctrl Pts',(1.61819915230651,0.544153458495029,3.97509183961299));
#2286=CARTESIAN_POINT('Ctrl Pts',(0.835235512220665,1.2778016197359,4.02742884653084));
#2287=CARTESIAN_POINT('Ctrl Pts',(0.374537582415184,1.40096572423086,4.05359734998977));
#2288=CARTESIAN_POINT('Ctrl Pts',(1.16913659442518,-1.00696009035904,-0.160792049969311));
#2289=CARTESIAN_POINT('Ctrl Pts',(1.50026848509284,-0.622497573256975,-0.134623546510384));
#2290=CARTESIAN_POINT('Ctrl Pts',(1.74868812134535,0.491807613141609,-0.0822865395925312));
#2291=CARTESIAN_POINT('Ctrl Pts',(0.552025736747883,1.7323043294707,-0.00378102921575189));
#2292=CARTESIAN_POINT('Ctrl Pts',(-1.13932989817287,1.41474136826052,0.0747244811610275));
#2293=CARTESIAN_POINT('Ctrl Pts',(-1.80908027348076,-0.169337004571145,
0.153229991537807));
#2294=CARTESIAN_POINT('Ctrl Pts',(-0.85631652475354,-1.60272550170649,0.231735501914586));
#2295=CARTESIAN_POINT('Ctrl Pts',(0.864366354637237,-1.59813490367892,0.310241012291366));
#2296=CARTESIAN_POINT('Ctrl Pts',(1.80988902587118,-0.160623078894685,0.388746522668145));
#2297=CARTESIAN_POINT('Ctrl Pts',(1.13224752977435,1.42110976845739,0.467252033044925));
#2298=CARTESIAN_POINT('Ctrl Pts',(-0.56081381158711,1.72826797783923,0.545757543421704));
#2299=CARTESIAN_POINT('Ctrl Pts',(-1.75092749453463,0.485521497893995,0.624263053798484));
#2300=CARTESIAN_POINT('Ctrl Pts',(-1.37076593386973,-1.19267698108882,0.702768564175262));
#2301=CARTESIAN_POINT('Ctrl Pts',(0.238730136552074,-1.80124136071101,0.781274074552044));
#2302=CARTESIAN_POINT('Ctrl Pts',(1.63412785394111,-0.794416516682366,0.859779584928821));
#2303=CARTESIAN_POINT('Ctrl Pts',(1.56400059515105,0.924863547953469,0.938285095305602));
#2304=CARTESIAN_POINT('Ctrl Pts',(0.0912405613542716,1.81470210124234,1.01679060568238));
#2305=CARTESIAN_POINT('Ctrl Pts',(-1.46334625097457,1.07707366406838,1.09529611605916));
#2306=CARTESIAN_POINT('Ctrl Pts',(-1.70556931745793,-0.626500564728103,
1.17380162643594));
#2307=CARTESIAN_POINT('Ctrl Pts',(-0.418197292913722,-1.76821391748877,
1.25230713681272));
#2308=CARTESIAN_POINT('Ctrl Pts',(1.24422401674542,-1.32415113697443,1.3308126471895));
#2309=CARTESIAN_POINT('Ctrl Pts',(1.79079564279566,0.307441939217058,1.40931815756628));
#2310=CARTESIAN_POINT('Ctrl Pts',(0.731339165636358,1.66331373525889,1.48782366794306));
#2311=CARTESIAN_POINT('Ctrl Pts',(-0.983999663431957,1.52748625156855,1.56632917831984));
#2312=CARTESIAN_POINT('Ctrl Pts',(-1.81686420024216,0.0217727724648825,
1.64483468869662));
#2313=CARTESIAN_POINT('Ctrl Pts',(-1.02032172926624,-1.50346704072617,1.7233401990734));
#2314=CARTESIAN_POINT('Ctrl Pts',(0.691269525565383,-1.68036187207875,1.80184570945018));
#2315=CARTESIAN_POINT('Ctrl Pts',(1.78291383564068,-0.350268226421778,1.88035121982696));
#2316=CARTESIAN_POINT('Ctrl Pts',(1.27559863184958,1.2939542906081,1.95885673020373));
#2317=CARTESIAN_POINT('Ctrl Pts',(-0.375703751063743,1.77772783899787,2.03736224058052));
#2318=CARTESIAN_POINT('Ctrl Pts',(-1.69006607735224,0.66719279668321,2.11586775095729));
#2319=CARTESIAN_POINT('Ctrl Pts',(-1.48873696799613,-1.04169660451786,2.19437326133408));
#2320=CARTESIAN_POINT('Ctrl Pts',(0.0477268498817409,-1.81636773098553,
2.27287877171085));
#2321=CARTESIAN_POINT('Ctrl Pts',(1.54138808858414,-0.962077084991362,2.35138428208763));
#2322=CARTESIAN_POINT('Ctrl Pts',(1.65269585561165,0.755027144604458,2.42988979246441));
#2323=CARTESIAN_POINT('Ctrl Pts',(0.28182666862895,1.79500511593876,2.50839530284119));
#2324=CARTESIAN_POINT('Ctrl Pts',(-1.34179133659576,1.22517975939775,2.58690081321797));
#2325=CARTESIAN_POINT('Ctrl Pts',(-1.76205904460241,-0.443415806657102,
2.66540632359475));
#2326=CARTESIAN_POINT('Ctrl Pts',(-0.602070172587684,-1.71434577473486,
2.74391183397153));
#2327=CARTESIAN_POINT('Ctrl Pts',(1.09786928065261,-1.44780924119476,2.82241734434831));
#2328=CARTESIAN_POINT('Ctrl Pts',(1.81321396272596,0.11715617500385,2.90092285472509));
#2329=CARTESIAN_POINT('Ctrl Pts',(0.902424305313572,1.5770547923846,2.97942836510186));
#2330=CARTESIAN_POINT('Ctrl Pts',(-0.817679114395372,1.62261005282101,3.05793387547865));
#2331=CARTESIAN_POINT('Ctrl Pts',(-1.80447190468199,0.212975988999299,3.13643938585542));
#2332=CARTESIAN_POINT('Ctrl Pts',(-1.17296485070515,-1.38767131376446,3.21494489623221));
#2333=CARTESIAN_POINT('Ctrl Pts',(0.510472527015693,-1.74380048562144,3.29345040660899));
#2334=CARTESIAN_POINT('Ctrl Pts',(1.73612966477539,-0.536088826382367,3.37195591698576));
#2335=CARTESIAN_POINT('Ctrl Pts',(1.40473945269841,1.1524778216847,3.45046142736255));
#2336=CARTESIAN_POINT('Ctrl Pts',(-0.186368929763864,1.80732702834998,3.52896693773932));
#2337=CARTESIAN_POINT('Ctrl Pts',(-1.61049996599083,0.841603757079214,3.60747244811611));
#2338=CARTESIAN_POINT('Ctrl Pts',(-1.58998674063071,-0.879425165453465,
3.68597795849288));
#2339=CARTESIAN_POINT('Ctrl Pts',(-0.144125342158813,-1.81074394702449,
3.76448346886967));
#2340=CARTESIAN_POINT('Ctrl Pts',(1.43212068978092,-1.12010759922268,3.84298897924644));
#2341=CARTESIAN_POINT('Ctrl Pts',(1.72178919113362,0.578987785168023,3.92149448962322));
#2342=CARTESIAN_POINT('Ctrl Pts',(0.88870364005734,1.35960089593322,3.97383149654107));
#2343=CARTESIAN_POINT('Ctrl Pts',(0.398513841857232,1.49064942821852,4.));
#2344=CARTESIAN_POINT('Ctrl Pts',(0.398513841857232,1.49064942821852,4.));
#2345=CARTESIAN_POINT('Ctrl Pts',(0.455862508647275,1.46969446141409,4.));
#2346=CARTESIAN_POINT('Ctrl Pts',(0.511727400656729,1.44511477449342,4.));
#2347=CARTESIAN_POINT('Ctrl Pts',(0.565893728192356,1.41718538794679,4.));
#2348=CARTESIAN_POINT('Ctrl Pts',(0.616124751772346,1.39128513334165,4.));
#2349=CARTESIAN_POINT('Ctrl Pts',(0.664895247643381,1.3625031011561,4.));
#2350=CARTESIAN_POINT('Ctrl Pts',(0.712006518942329,1.3310286915263,4.));
#2351=CARTESIAN_POINT('Ctrl Pts',(0.723373884992343,1.32343430645442,4.));
#2352=CARTESIAN_POINT('Ctrl Pts',(0.73464480271139,1.31568270730593,4.));
#2353=CARTESIAN_POINT('Ctrl Pts',(0.74580392620854,1.30778551595624,4.));
#2354=CARTESIAN_POINT('Ctrl Pts',(0.794927484189918,1.27302130376202,4.));
#2355=CARTESIAN_POINT('Ctrl Pts',(0.841948470389381,1.2353987517269,4.));
#2356=CARTESIAN_POINT('Ctrl Pts',(0.886637272825938,1.19516194118499,4.));
#2357=CARTESIAN_POINT('Ctrl Pts',(0.914221147405662,1.17032602983892,4.));
#2358=CARTESIAN_POINT('Ctrl Pts',(0.940915743270784,1.14449339164332,4.));
#2359=CARTESIAN_POINT('Ctrl Pts',(0.966658571143723,1.11771626107234,4.));
#2360=CARTESIAN_POINT('Ctrl Pts',(0.975470242725315,1.10855055163073,4.));
#2361=CARTESIAN_POINT('Ctrl Pts',(0.984170337322975,1.09927415286369,4.));
#2362=CARTESIAN_POINT('Ctrl Pts',(0.992756150041,1.08988908664021,4.));
#2363=CARTESIAN_POINT('Ctrl Pts',(1.00078295164421,1.08111506988922,4.));
#2364=CARTESIAN_POINT('Ctrl Pts',(1.00870470810965,1.07225164610288,4.));
#2365=CARTESIAN_POINT('Ctrl Pts',(1.01651571339473,1.06330536613482,4.));
#2366=CARTESIAN_POINT('Ctrl Pts',(1.05518935309338,1.01901078489971,4.));
#2367=CARTESIAN_POINT('Ctrl Pts',(1.09118366241603,0.972652309292335,4.));
#2368=CARTESIAN_POINT('Ctrl Pts',(1.12428330146008,0.924458364978806,4.));
#2369=CARTESIAN_POINT('Ctrl Pts',(1.15653541754601,0.877498436365369,4.));
#2370=CARTESIAN_POINT('Ctrl Pts',(1.18603957145883,0.82879491888984,4.));
#2371=CARTESIAN_POINT('Ctrl Pts',(1.21255089149431,0.778541027409033,4.));
#2372=CARTESIAN_POINT('Ctrl Pts',(1.22692475301341,0.751294459679708,4.));
#2373=CARTESIAN_POINT('Ctrl Pts',(1.24041802000288,0.72359191241138,4.));
#2374=CARTESIAN_POINT('Ctrl Pts',(1.25298525531333,0.695463250138173,4.));
#2375=CARTESIAN_POINT('Ctrl Pts',(1.26344080547834,0.672061075180279,4.));
#2376=CARTESIAN_POINT('Ctrl Pts',(1.27325530736847,0.648363935981964,4.));
#2377=CARTESIAN_POINT('Ctrl Pts',(1.28239997699941,0.624389031346686,4.));
#2378=CARTESIAN_POINT('Ctrl Pts',(1.28631216304634,0.614132314463973,4.));
#2379=CARTESIAN_POINT('Ctrl Pts',(1.29010205309589,0.603823492341524,4.));
#2380=CARTESIAN_POINT('Ctrl Pts',(1.29376161235101,0.593480886737751,4.));
#2381=CARTESIAN_POINT('Ctrl Pts',(1.3106889101897,0.545641146135604,4.));
#2382=CARTESIAN_POINT('Ctrl Pts',(1.32486269169318,0.496997814064807,4.));
#2383=CARTESIAN_POINT('Ctrl Pts',(1.33611674420259,0.447693208203818,4.));
#2384=CARTESIAN_POINT('Ctrl Pts',(1.3486932653702,0.392594796431489,4.));
#2385=CARTESIAN_POINT('Ctrl Pts',(1.35762423962087,0.336669626313094,4.));
#2386=CARTESIAN_POINT('Ctrl Pts',(1.36299975866578,0.280254851959842,4.));
#2387=CARTESIAN_POINT('Ctrl Pts',(1.36756137996384,0.232381737928464,4.));
#2388=CARTESIAN_POINT('Ctrl Pts',(1.36956160197993,0.18415560255611,4.));
#2389=CARTESIAN_POINT('Ctrl Pts',(1.36902703224483,0.135790117218751,4.));
#2390=CARTESIAN_POINT('Ctrl Pts',(1.36888010572656,0.122496861169331,4.));
#2391=CARTESIAN_POINT('Ctrl Pts',(1.36854155250434,0.109193147147755,4.));
#2392=CARTESIAN_POINT('Ctrl Pts',(1.36801161004926,0.0958835914028185,4.));
#2393=CARTESIAN_POINT('Ctrl Pts',(1.36759879987366,0.0855158241264673,4.));
#2394=CARTESIAN_POINT('Ctrl Pts',(1.36706965583279,0.0751427283172366,4.));
#2395=CARTESIAN_POINT('Ctrl Pts',(1.36642554241218,0.0647833960288261,4.));
#2396=CARTESIAN_POINT('Ctrl Pts',(1.36297984401184,0.00936592830835078,
4.));
#2397=CARTESIAN_POINT('Ctrl Pts',(1.35624542809959,-0.0457614925298787,
4.));
#2398=CARTESIAN_POINT('Ctrl Pts',(1.34631717428464,-0.100283231727694,4.));
#2399=CARTESIAN_POINT('Ctrl Pts',(1.33644487366912,-0.154497699797798,4.));
#2400=CARTESIAN_POINT('Ctrl Pts',(1.32341414509423,-0.208114389268975,4.));
#2401=CARTESIAN_POINT('Ctrl Pts',(1.30727137677254,-0.260803033868151,4.));
#2402=CARTESIAN_POINT('Ctrl Pts',(1.29229332239221,-0.309690149653129,4.));
#2403=CARTESIAN_POINT('Ctrl Pts',(1.27463537190108,-0.357778778263559,4.));
#2404=CARTESIAN_POINT('Ctrl Pts',(1.25430343700584,-0.404777477351831,4.));
#2405=CARTESIAN_POINT('Ctrl Pts',(1.24908080683963,-0.416849954708072,4.));
#2406=CARTESIAN_POINT('Ctrl Pts',(1.24367954270083,-0.428854401645152,4.));
#2407=CARTESIAN_POINT('Ctrl Pts',(1.23811208269114,-0.440759566147422,4.));
#2408=CARTESIAN_POINT('Ctrl Pts',(1.21560894678983,-0.488879091793958,4.));
#2409=CARTESIAN_POINT('Ctrl Pts',(1.19036264430424,-0.535456783327252,4.));
#2410=CARTESIAN_POINT('Ctrl Pts',(1.16242502738876,-0.580196278217661,4.));
#2411=CARTESIAN_POINT('Ctrl Pts',(1.13543806006017,-0.623413396218723,4.));
#2412=CARTESIAN_POINT('Ctrl Pts',(1.10593924447575,-0.664915939530023,4.));
#2413=CARTESIAN_POINT('Ctrl Pts',(1.0739420733939,-0.70440257271636,4.));
#2414=CARTESIAN_POINT('Ctrl Pts',(1.05154563068372,-0.732041269765975,4.));
#2415=CARTESIAN_POINT('Ctrl Pts',(1.02792448260373,-0.758691617312122,4.));
#2416=CARTESIAN_POINT('Ctrl Pts',(1.00307516342987,-0.784237269425451,4.));
#2417=CARTESIAN_POINT('Ctrl Pts',(0.989062721988143,-0.798642370499829,
4.));
#2418=CARTESIAN_POINT('Ctrl Pts',(0.974659602127364,-0.812695966648421,
4.));
#2419=CARTESIAN_POINT('Ctrl Pts',(0.959882232879672,-0.826389581210344,
4.));
#2420=CARTESIAN_POINT('Ctrl Pts',(0.958116152722388,-0.825211298936491,
0.));
#2421=CARTESIAN_POINT('Ctrl Pts',(0.995007146760802,-0.790760013315381,
3.36238360639971E-18));
#2422=CARTESIAN_POINT('Ctrl Pts',(1.0295208316232,-0.754071053978428,6.99459657139561E-17));
#2423=CARTESIAN_POINT('Ctrl Pts',(1.06165453349424,-0.715464047251009,3.29597460435593E-17));
#2424=CARTESIAN_POINT('Ctrl Pts',(1.09522494982118,-0.675130901254394,-5.68014666714716E-18));
#2425=CARTESIAN_POINT('Ctrl Pts',(1.12619842676683,-0.632703902419361,-1.19417261680867E-16));
#2426=CARTESIAN_POINT('Ctrl Pts',(1.1545439208019,-0.588497795350752,-2.35922392732846E-16));
#2427=CARTESIAN_POINT('Ctrl Pts',(1.17726993879636,-0.553055520699865,-3.29330456161123E-16));
#2428=CARTESIAN_POINT('Ctrl Pts',(1.19830622729629,-0.516468472082718,-4.79578743130348E-18));
#2429=CARTESIAN_POINT('Ctrl Pts',(1.21762056241307,-0.478880943085272,6.93889390390723E-18));
#2430=CARTESIAN_POINT('Ctrl Pts',(1.22580849181569,-0.46294645546305,1.19135793773614E-17));
#2431=CARTESIAN_POINT('Ctrl Pts',(1.23368676434785,-0.446831998698528,3.79039339814755E-17));
#2432=CARTESIAN_POINT('Ctrl Pts',(1.24125202754823,-0.430547919831314,2.77555756156289E-17));
#2433=CARTESIAN_POINT('Ctrl Pts',(1.24550701979672,-0.421389133478695,2.20477522342434E-17));
#2434=CARTESIAN_POINT('Ctrl Pts',(1.24966313320471,-0.412176086358465,-3.93949726749268E-17));
#2435=CARTESIAN_POINT('Ctrl Pts',(1.25371358592147,-0.402925301025221,-4.85722573273506E-17));
#2436=CARTESIAN_POINT('Ctrl Pts',(1.27555067719565,-0.353051803466754,-9.80494927422932E-17));
#2437=CARTESIAN_POINT('Ctrl Pts',(1.29436649949502,-0.301985625734008,2.00926166116356E-16));
#2438=CARTESIAN_POINT('Ctrl Pts',(1.31013283272469,-0.250057833616676,1.66533453693773E-16));
#2439=CARTESIAN_POINT('Ctrl Pts',(1.32618552202203,-0.197186902842,1.31516083543719E-16));
#2440=CARTESIAN_POINT('Ctrl Pts',(1.3390775406247,-0.143421851139626,1.67801544327191E-16));
#2441=CARTESIAN_POINT('Ctrl Pts',(1.34873841697953,-0.0890775370852857,
2.15105711021124E-16));
#2442=CARTESIAN_POINT('Ctrl Pts',(1.35564622898047,-0.0502197470650435,
2.4892958769454E-16));
#2443=CARTESIAN_POINT('Ctrl Pts',(1.36090123161068,-0.0110650269720208,
-1.03636188027842E-17));
#2444=CARTESIAN_POINT('Ctrl Pts',(1.36446266558877,0.0282778955072965,-1.38777878078145E-17));
#2445=CARTESIAN_POINT('Ctrl Pts',(1.36598028421591,0.0450429267749512,-1.53752656141499E-17));
#2446=CARTESIAN_POINT('Ctrl Pts',(1.36719021396544,0.0618421759334171,-1.05032391237174E-16));
#2447=CARTESIAN_POINT('Ctrl Pts',(1.36808853503843,0.0786673627505768,-1.11022302462516E-16));
#2448=CARTESIAN_POINT('Ctrl Pts',(1.3686824349795,0.0897908660943171,-1.14982365329446E-16));
#2449=CARTESIAN_POINT('Ctrl Pts',(1.36913964165383,0.100917915821121,9.54646904710952E-18));
#2450=CARTESIAN_POINT('Ctrl Pts',(1.36945944920666,0.112037788871856,1.38777878078145E-17));
#2451=CARTESIAN_POINT('Ctrl Pts',(1.37109237762862,0.168815549724841,3.59933802836745E-17));
#2452=CARTESIAN_POINT('Ctrl Pts',(1.36915053437064,0.225470282119336,-1.28761659940085E-16));
#2453=CARTESIAN_POINT('Ctrl Pts',(1.36357235600756,0.281671013447198,-8.32667268468867E-17));
#2454=CARTESIAN_POINT('Ctrl Pts',(1.36026183643694,0.315024844901545,-5.6266538511881E-17));
#2455=CARTESIAN_POINT('Ctrl Pts',(1.35566968669568,0.348219278618918,1.66911147334085E-16));
#2456=CARTESIAN_POINT('Ctrl Pts',(1.34977476182504,0.381187810457322,1.80411241501588E-16));
#2457=CARTESIAN_POINT('Ctrl Pts',(1.34010414755734,0.435272631108654,2.15820719773738E-16));
#2458=CARTESIAN_POINT('Ctrl Pts',(1.32693039107352,0.488749959958874,-1.29422349133361E-16));
#2459=CARTESIAN_POINT('Ctrl Pts',(1.31048008660479,0.541414848209316,-2.08166817117217E-16));
#2460=CARTESIAN_POINT('Ctrl Pts',(1.30555560195139,0.55718035786633,-2.31739385324946E-16));
#2461=CARTESIAN_POINT('Ctrl Pts',(1.30033714131353,0.572873029782862,1.5861454406149E-16));
#2462=CARTESIAN_POINT('Ctrl Pts',(1.29482990783383,0.588487232110164,1.66533453693773E-16));
#2463=CARTESIAN_POINT('Ctrl Pts',(1.28973941263601,0.602919890950224,1.73853130915336E-16));
#2464=CARTESIAN_POINT('Ctrl Pts',(1.28439956048751,0.617291743896152,6.45330789694625E-17));
#2465=CARTESIAN_POINT('Ctrl Pts',(1.27882808101472,0.631564132293884,5.55111512312578E-17));
#2466=CARTESIAN_POINT('Ctrl Pts',(1.25819394888624,0.684422327217953,2.20981861627998E-17));
#2467=CARTESIAN_POINT('Ctrl Pts',(1.23436552824341,0.735986447998338,1.75343009662495E-16));
#2468=CARTESIAN_POINT('Ctrl Pts',(1.20762634101314,0.786045472365425,1.38777878078145E-16));
#2469=CARTESIAN_POINT('Ctrl Pts',(1.1802524682792,0.837292705514649,1.01344830847857E-16));
#2470=CARTESIAN_POINT('Ctrl Pts',(1.14982766412948,0.886963451866399,2.08812214483256E-16));
#2471=CARTESIAN_POINT('Ctrl Pts',(1.11660076824078,0.934825713170118,2.08166817117217E-16));
#2472=CARTESIAN_POINT('Ctrl Pts',(1.09642557359539,0.963887423936173,2.07774935265626E-16));
#2473=CARTESIAN_POINT('Ctrl Pts',(1.07521623851039,0.992282206771559,1.48506888520608E-16));
#2474=CARTESIAN_POINT('Ctrl Pts',(1.05301976444555,1.01995491595529,1.66533453693773E-16));
#2475=CARTESIAN_POINT('Ctrl Pts',(1.04080018393082,1.03518926790431,1.76457420171244E-16));
#2476=CARTESIAN_POINT('Ctrl Pts',(1.0282813209389,1.05020472675897,4.35384995581071E-16));
#2477=CARTESIAN_POINT('Ctrl Pts',(1.01547026628377,1.0649916161761,4.71844785465692E-16));
#2478=CARTESIAN_POINT('Ctrl Pts',(1.00775497044934,1.07389683353682,4.93802233356861E-16));
#2479=CARTESIAN_POINT('Ctrl Pts',(0.999932345472349,1.08272062181219,2.27241634011699E-16));
#2480=CARTESIAN_POINT('Ctrl Pts',(0.992008129658546,1.09145609533994,2.22044604925031E-16));
#2481=CARTESIAN_POINT('Ctrl Pts',(0.95140169241394,1.13621969920198,1.95413220769825E-16));
#2482=CARTESIAN_POINT('Ctrl Pts',(0.908259598972509,1.1785265037216,2.10016830693323E-16));
#2483=CARTESIAN_POINT('Ctrl Pts',(0.862842625226159,1.21812520567445,1.38777878078145E-16));
#2484=CARTESIAN_POINT('Ctrl Pts',(0.833309922998245,1.24387453630834,9.24542549683689E-17));
#2485=CARTESIAN_POINT('Ctrl Pts',(0.80281425338547,1.26847848867524,4.77183922034451E-17));
#2486=CARTESIAN_POINT('Ctrl Pts',(0.771417139751805,1.29186194329923,5.55111512312578E-17));
#2487=CARTESIAN_POINT('Ctrl Pts',(0.758463186322604,1.30150958753008,5.87263205843743E-17));
#2488=CARTESIAN_POINT('Ctrl Pts',(0.745355698347481,1.31094940235346,8.20163832095637E-17));
#2489=CARTESIAN_POINT('Ctrl Pts',(0.732098655887542,1.3201757895519,8.32667268468867E-17));
#2490=CARTESIAN_POINT('Ctrl Pts',(0.722378147091676,1.32694088653242,8.41835207970594E-17));
#2491=CARTESIAN_POINT('Ctrl Pts',(0.712578069097591,1.33359055135525,1.51925854600043E-17));
#2492=CARTESIAN_POINT('Ctrl Pts',(0.702708557322635,1.34011717891992,0.));
#2493=CARTESIAN_POINT('Ctrl Pts',(0.651963732890201,1.37367431704964,-7.81138013127401E-17));
#2494=CARTESIAN_POINT('Ctrl Pts',(0.599327917916484,1.40402276119615,2.88095908522174E-17));
#2495=CARTESIAN_POINT('Ctrl Pts',(0.545037848880473,1.43089518897507,-2.77555756156289E-17));
#2496=CARTESIAN_POINT('Ctrl Pts',(0.519577010259393,1.4434977617694,-5.42833844872118E-17));
#2497=CARTESIAN_POINT('Ctrl Pts',(0.493751766371004,1.45533535401215,-2.64291851720498E-16));
#2498=CARTESIAN_POINT('Ctrl Pts',(0.467583842765323,1.46637746200259,-2.77555756156289E-16));
#2499=CARTESIAN_POINT('Ctrl Pts',(0.445129251114701,1.47585265115491,-2.61181884426937E-16));
#2500=CARTESIAN_POINT('Ctrl Pts',(0.42242230261046,1.48474207966821,-1.14545210808268E-16));
#2501=CARTESIAN_POINT('Ctrl Pts',(0.399484117815497,1.49305152266396,-1.11022302462516E-16));
#2502=CARTESIAN_POINT('Ctrl Pts',(-1.26250505077119,3.41285737680969E-5,
3.80658032638058));
#2503=CARTESIAN_POINT('Ctrl Pts',(-1.26263488544676,0.203753484108147,3.79380838361553));
#2504=CARTESIAN_POINT('Ctrl Pts',(-1.21606887304438,0.407432599614999,3.78103644085047));
#2505=CARTESIAN_POINT('Ctrl Pts',(-1.12250060198699,0.586537449658601,3.76826449808541));
#2506=CARTESIAN_POINT('Ctrl Pts',(-0.930788059122321,0.953506357529028,
3.74209599462649));
#2507=CARTESIAN_POINT('Ctrl Pts',(-0.541759393036995,1.21731216364738,3.71592749116756));
#2508=CARTESIAN_POINT('Ctrl Pts',(-0.129924196997623,1.25977276579619,3.68975898770864));
#2509=CARTESIAN_POINT('Ctrl Pts',(0.281910999041757,1.302233367945,3.66359048424971));
#2510=CARTESIAN_POINT('Ctrl Pts',(0.716552725035184,1.12334876612425,3.63742198079078));
#2511=CARTESIAN_POINT('Ctrl Pts',(0.979136379474038,0.803274306380345,3.61125347733185));
#2512=CARTESIAN_POINT('Ctrl Pts',(1.24172003391289,0.483199846636443,3.58508497387293));
#2513=CARTESIAN_POINT('Ctrl Pts',(1.33224561679717,0.0219355289693869,3.558916470414));
#2514=CARTESIAN_POINT('Ctrl Pts',(1.21010254836708,-0.37365141417045,3.53274796695508));
#2515=CARTESIAN_POINT('Ctrl Pts',(1.08795947993699,-0.769238357310287,3.50657946349615));
#2516=CARTESIAN_POINT('Ctrl Pts',(0.75314776019252,-1.0991479259229,3.48041096003722));
#2517=CARTESIAN_POINT('Ctrl Pts',(0.355810320699634,-1.21546095846715,3.4542424565783));
#2518=CARTESIAN_POINT('Ctrl Pts',(-0.0415271187932543,-1.3317739910114,
3.42807395311937));
#2519=CARTESIAN_POINT('Ctrl Pts',(-0.501390278034563,-1.23449048748728,
3.40190544966044));
#2520=CARTESIAN_POINT('Ctrl Pts',(-0.817575980549332,-0.967225003348382,
3.37573694620151));
#2521=CARTESIAN_POINT('Ctrl Pts',(-1.09610845956492,-0.73178703996029,3.35268473959454));
#2522=CARTESIAN_POINT('Ctrl Pts',(-1.26314581706398,-0.364441385441931,
3.32963253298756));
#2523=CARTESIAN_POINT('Ctrl Pts',(-1.2658067216596,0.000777893515349678,
3.30658032638058));
#2524=CARTESIAN_POINT('Ctrl Pts',(-0.398513841857231,1.49064942821852,-1.38777878078145E-16));
#2525=CARTESIAN_POINT('Ctrl Pts',(-0.888703640057341,1.35960089593322,0.0261685034589264));
#2526=CARTESIAN_POINT('Ctrl Pts',(-1.72178888980493,0.578985983507188,0.0785055103767791));
#2527=CARTESIAN_POINT('Ctrl Pts',(-1.43212095710794,-1.1201065300258,0.157011020753559));
#2528=CARTESIAN_POINT('Ctrl Pts',(0.144125395422757,-1.8107447461924,0.235516531130338));
#2529=CARTESIAN_POINT('Ctrl Pts',(1.58998684376584,-0.879424794083284,0.314022041507118));
#2530=CARTESIAN_POINT('Ctrl Pts',(1.61050003618819,0.841603551712995,0.392527551883897));
#2531=CARTESIAN_POINT('Ctrl Pts',(0.18636896330526,1.80732728522647,0.471033062260676));
#2532=CARTESIAN_POINT('Ctrl Pts',(-1.40473955207364,1.15247780054904,0.549538572637457));
#2533=CARTESIAN_POINT('Ctrl Pts',(-1.73612975455229,-0.536088806384465,
0.628044083014235));
#2534=CARTESIAN_POINT('Ctrl Pts',(-0.51047256455531,-1.74380061718764,0.706549593391015));
#2535=CARTESIAN_POINT('Ctrl Pts',(1.17296492414017,-1.38767137810864,0.785055103767795));
#2536=CARTESIAN_POINT('Ctrl Pts',(1.80447200733982,0.212975991902676,0.863560614144573));
#2537=CARTESIAN_POINT('Ctrl Pts',(0.817679163992333,1.62261015315791,0.942066124521355));
#2538=CARTESIAN_POINT('Ctrl Pts',(-0.902424359150171,1.57705488163541,1.02057163489813));
#2539=CARTESIAN_POINT('Ctrl Pts',(-1.81321406822166,0.117156183552505,1.09907714527491));
#2540=CARTESIAN_POINT('Ctrl Pts',(-1.09786934523986,-1.44780932685471,1.17758265565169));
#2541=CARTESIAN_POINT('Ctrl Pts',(0.602070208015644,-1.71434587452288,1.25608816602847));
#2542=CARTESIAN_POINT('Ctrl Pts',(1.76205914759347,-0.443415832893203,1.33459367640525));
#2543=CARTESIAN_POINT('Ctrl Pts',(1.34179141517246,1.22517983124761,1.41309918678203));
#2544=CARTESIAN_POINT('Ctrl Pts',(-0.28182668515557,1.79500522088221,1.49160469715881));
#2545=CARTESIAN_POINT('Ctrl Pts',(-1.65269595229638,0.755027188832301,1.57011020753559));
#2546=CARTESIAN_POINT('Ctrl Pts',(-1.54138817878727,-0.962077141312515,
1.64861571791237));
#2547=CARTESIAN_POINT('Ctrl Pts',(-0.0477268526681197,-1.81636783725271,
1.72712122828915));
#2548=CARTESIAN_POINT('Ctrl Pts',(1.48873705510373,-1.0416966654792,1.80562673866593));
#2549=CARTESIAN_POINT('Ctrl Pts',(1.69006617624572,0.667192835727548,1.88413224904271));
#2550=CARTESIAN_POINT('Ctrl Pts',(0.375703773046306,1.777727943016,1.96263775941949));
#2551=CARTESIAN_POINT('Ctrl Pts',(-1.2755987064885,1.29395436632383,2.04114326979627));
#2552=CARTESIAN_POINT('Ctrl Pts',(-1.78291393996562,-0.35026824691929,2.11964878017304));
#2553=CARTESIAN_POINT('Ctrl Pts',(-0.691269566013264,-1.68036197039952,
2.19815429054983));
#2554=CARTESIAN_POINT('Ctrl Pts',(1.02032178896778,-1.50346712870405,2.2766598009266));
#2555=CARTESIAN_POINT('Ctrl Pts',(1.81686430655477,0.0217727737475764,2.35516531130339));
#2556=CARTESIAN_POINT('Ctrl Pts',(0.98399972100602,1.52748634093133,2.43367082168016));
#2557=CARTESIAN_POINT('Ctrl Pts',(-0.731339208423763,1.66331383261346,2.51217633205695));
#2558=CARTESIAN_POINT('Ctrl Pts',(-1.79079574759199,0.307441957154968,2.59068184243372));
#2559=CARTESIAN_POINT('Ctrl Pts',(-1.24422408952909,-1.32415121436174,2.6691873528105));
#2560=CARTESIAN_POINT('Ctrl Pts',(0.418197317346318,-1.76821402112153,2.74769286318728));
#2561=CARTESIAN_POINT('Ctrl Pts',(1.70556941732683,-0.62650060108321,2.82619837356406));
#2562=CARTESIAN_POINT('Ctrl Pts',(1.4633463364688,1.0770737265466,2.90470388394084));
#2563=CARTESIAN_POINT('Ctrl Pts',(-0.0912405664482049,1.814702208402,2.98320939431762));
#2564=CARTESIAN_POINT('Ctrl Pts',(-1.56400068712321,0.924863600332321,3.0617149046944));
#2565=CARTESIAN_POINT('Ctrl Pts',(-1.63412794870649,-0.794416560082936,
3.14022041507118));
#2566=CARTESIAN_POINT('Ctrl Pts',(-0.238730152112089,-1.80124147154979,
3.21872592544795));
#2567=CARTESIAN_POINT('Ctrl Pts',(1.37076601704476,-1.19267704132979,3.29723143582474));
#2568=CARTESIAN_POINT('Ctrl Pts',(1.75092759145767,0.485521509675243,3.37573694620152));
#2569=CARTESIAN_POINT('Ctrl Pts',(0.56081385470441,1.72826810768447,3.4542424565783));
#2570=CARTESIAN_POINT('Ctrl Pts',(-1.13224761521147,1.42110980252072,3.53274796695507));
#2571=CARTESIAN_POINT('Ctrl Pts',(-1.80988909606131,-0.160623005440674,
3.61125347733186));
#2572=CARTESIAN_POINT('Ctrl Pts',(-0.864366471663551,-1.59813513479663,
3.68975898770864));
#2573=CARTESIAN_POINT('Ctrl Pts',(0.85631669846046,-1.60272537159548,3.76826449808541));
#2574=CARTESIAN_POINT('Ctrl Pts',(1.80908014943809,-0.169337369490392,3.8467700084622));
#2575=CARTESIAN_POINT('Ctrl Pts',(1.1393303924667,1.41474199848269,3.92527551883897));
#2576=CARTESIAN_POINT('Ctrl Pts',(-0.552026560037626,1.73230359677719,4.00378102921576));
#2577=CARTESIAN_POINT('Ctrl Pts',(-1.74868685725956,0.491808931802966,4.08228653959253));
#2578=CARTESIAN_POINT('Ctrl Pts',(-1.50026848509283,-0.622497573257002,
4.13462354651039));
#2579=CARTESIAN_POINT('Ctrl Pts',(-1.16913659442516,-1.00696009035906,4.16079204996931));
#2580=CARTESIAN_POINT('Ctrl Pts',(-0.374537582415184,1.40096572423086,-0.0535973499897704));
#2581=CARTESIAN_POINT('Ctrl Pts',(-0.835235512220666,1.2778016197359,-0.0274288465308439));
#2582=CARTESIAN_POINT('Ctrl Pts',(-1.61819886910701,0.544151765229644,0.0249081603870088));
#2583=CARTESIAN_POINT('Ctrl Pts',(-1.3459585707276,-1.05271623652565,0.103413670763789));
#2584=CARTESIAN_POINT('Ctrl Pts',(0.135454208854334,-1.70180276913157,0.181919181140568));
#2585=CARTESIAN_POINT('Ctrl Pts',(1.49432658539712,-0.826514920427594,0.260424691517347));
#2586=CARTESIAN_POINT('Ctrl Pts',(1.51360561837044,0.790969162179172,0.338930201894127));
#2587=CARTESIAN_POINT('Ctrl Pts',(0.175156227016532,1.69859091691029,0.417435712270906));
#2588=CARTESIAN_POINT('Ctrl Pts',(-1.32022454553821,1.08313991602692,0.495941222647687));
#2589=CARTESIAN_POINT('Ctrl Pts',(-1.63167692745296,-0.503835461692724,
0.574446733024465));
#2590=CARTESIAN_POINT('Ctrl Pts',(-0.479760400107557,-1.6388862789101,0.652952243401245));
#2591=CARTESIAN_POINT('Ctrl Pts',(1.10239444857891,-1.30418326430366,0.731457753778025));
#2592=CARTESIAN_POINT('Ctrl Pts',(1.69590742448301,0.200162465494188,0.809963264154803));
#2593=CARTESIAN_POINT('Ctrl Pts',(0.768484165683441,1.52498714005476,0.888468774531585));
#2594=CARTESIAN_POINT('Ctrl Pts',(-0.848130735468313,1.48217266419418,0.966974284908362));
#2595=CARTESIAN_POINT('Ctrl Pts',(-1.70412352642003,0.110107577564304,1.04547979528514));
#2596=CARTESIAN_POINT('Ctrl Pts',(-1.03181693377965,-1.36070306253649,1.12398530566192));
#2597=CARTESIAN_POINT('Ctrl Pts',(0.565847146245854,-1.61120365675347,1.2024908160387));
#2598=CARTESIAN_POINT('Ctrl Pts',(1.65604629976353,-0.41673808187554,1.28099632641548));
#2599=CARTESIAN_POINT('Ctrl Pts',(1.26106363182281,1.15146788849487,1.35950183679226));
#2600=CARTESIAN_POINT('Ctrl Pts',(-0.264870813084748,1.68701019949191,1.43800734716904));
#2601=CARTESIAN_POINT('Ctrl Pts',(-1.55326285168835,0.709601595380197,1.51651285754582));
#2602=CARTESIAN_POINT('Ctrl Pts',(-1.44865181935926,-0.904194556768222,
1.5950183679226));
#2603=CARTESIAN_POINT('Ctrl Pts',(-0.0448554056022155,-1.70708755151608,
1.67352387829938));
#2604=CARTESIAN_POINT('Ctrl Pts',(1.39916840748084,-0.979023837366007,1.75202938867616));
#2605=CARTESIAN_POINT('Ctrl Pts',(1.58838472667034,0.62705172431037,1.83053489905294));
#2606=CARTESIAN_POINT('Ctrl Pts',(0.353099862743132,1.67077239492139,1.90904040942972));
#2607=CARTESIAN_POINT('Ctrl Pts',(-1.19885335333295,1.21610465990318,1.98754591980649));
#2608=CARTESIAN_POINT('Ctrl Pts',(-1.67564638060497,-0.329194644247647,
2.06605143018328));
#2609=CARTESIAN_POINT('Ctrl Pts',(-0.649679897805295,-1.57926436643403,
2.14455694056006));
#2610=CARTESIAN_POINT('Ctrl Pts',(0.958934962822283,-1.41301225824734,2.22306245093683));
#2611=CARTESIAN_POINT('Ctrl Pts',(1.70755415114853,0.0204628326180214,2.30156796131361));
#2612=CARTESIAN_POINT('Ctrl Pts',(0.92479818237993,1.43558637421079,2.3800734716904));
#2613=CARTESIAN_POINT('Ctrl Pts',(-0.687338782943959,1.5632419159181,2.45857898206717));
#2614=CARTESIAN_POINT('Ctrl Pts',(-1.68305398572023,0.288944963189175,2.53708449244395));
#2615=CARTESIAN_POINT('Ctrl Pts',(-1.16936636454878,-1.24448473926998,2.61559000282073));
#2616=CARTESIAN_POINT('Ctrl Pts',(0.393036817696081,-1.66183087035844,2.69409551319751));
#2617=CARTESIAN_POINT('Ctrl Pts',(1.60295522792835,-0.588807704690537,2.77260102357429));
#2618=CARTESIAN_POINT('Ctrl Pts',(1.37530530067131,1.01227246648109,2.85110653395107));
#2619=CARTESIAN_POINT('Ctrl Pts',(-0.0857511523726323,1.70552213386323,
2.92961204432785));
#2620=CARTESIAN_POINT('Ctrl Pts',(-1.46990386462076,0.869219938052659,3.00811755470463));
#2621=CARTESIAN_POINT('Ctrl Pts',(-1.53581197685193,-0.74662113731709,3.08662306508141));
#2622=CARTESIAN_POINT('Ctrl Pts',(-0.224367147713036,-1.69287125123728,
3.16512857545819));
#2623=CARTESIAN_POINT('Ctrl Pts',(1.28829500046516,-1.12092060235586,3.24363408583497));
#2624=CARTESIAN_POINT('Ctrl Pts',(1.64558446460069,0.456310505042587,3.32213959621175));
#2625=CARTESIAN_POINT('Ctrl Pts',(0.52707294769746,1.6242882701407,3.40064510658852));
#2626=CARTESIAN_POINT('Ctrl Pts',(-1.06412686324854,1.33560989325262,3.47915061696531));
#2627=CARTESIAN_POINT('Ctrl Pts',(-1.70099859849097,-0.150959253655142,
3.55765612734208));
#2628=CARTESIAN_POINT('Ctrl Pts',(-0.812362569663489,-1.50198464116067,
3.63616163771887));
#2629=CARTESIAN_POINT('Ctrl Pts',(0.804797104483095,-1.50629871011582,3.71466714809564));
#2630=CARTESIAN_POINT('Ctrl Pts',(1.70023832147989,-0.159149325117293,3.79317265847243));
#2631=CARTESIAN_POINT('Ctrl Pts',(1.07078351100159,1.32962520293778,3.8716781688492));
#2632=CARTESIAN_POINT('Ctrl Pts',(-0.518814333429184,1.62808096733186,3.95018367922598));
#2633=CARTESIAN_POINT('Ctrl Pts',(-1.64347854234342,0.462219649559042,4.02868918960276));
#2634=CARTESIAN_POINT('Ctrl Pts',(-1.41000605841356,-0.585045515760334,
4.08102619652062));
#2635=CARTESIAN_POINT('Ctrl Pts',(-1.0987964471909,-0.946377159884879,4.10719469997954));
#2636=CARTESIAN_POINT('Ctrl Pts',(-0.350561322973136,1.31128202024321,-0.107194699979541));
#2637=CARTESIAN_POINT('Ctrl Pts',(-0.781767384383991,1.19600234353858,-0.0810261965206141));
#2638=CARTESIAN_POINT('Ctrl Pts',(-1.51460884840909,0.5093175469521,-0.0286891896027614));
#2639=CARTESIAN_POINT('Ctrl Pts',(-1.25979618434727,-0.985325943025503,
0.0498163207740184));
#2640=CARTESIAN_POINT('Ctrl Pts',(0.126783022285909,-1.59286079207074,0.128321831150798));
#2641=CARTESIAN_POINT('Ctrl Pts',(1.3986663270284,-0.773605046771903,0.206827341527577));
#2642=CARTESIAN_POINT('Ctrl Pts',(1.41671120055267,0.740334772645349,0.285332851904357));
#2643=CARTESIAN_POINT('Ctrl Pts',(0.163943490727806,1.58985454859412,0.363838362281136));
#2644=CARTESIAN_POINT('Ctrl Pts',(-1.23570953900278,1.0138020315048,0.442343872657915));
#2645=CARTESIAN_POINT('Ctrl Pts',(-1.52722410035363,-0.471582117000983,
0.520849383034696));
#2646=CARTESIAN_POINT('Ctrl Pts',(-0.449048235659801,-1.53397194063255,
0.599354893411474));
#2647=CARTESIAN_POINT('Ctrl Pts',(1.03182397301766,-1.22069515049868,0.677860403788254));
#2648=CARTESIAN_POINT('Ctrl Pts',(1.58734284162621,0.187348939085699,0.756365914165033));
#2649=CARTESIAN_POINT('Ctrl Pts',(0.719289167374548,1.42736412695161,0.834871424541813));
#2650=CARTESIAN_POINT('Ctrl Pts',(-0.793837111786454,1.38729044675295,0.913376934918592));
#2651=CARTESIAN_POINT('Ctrl Pts',(-1.5950329846184,0.103058971576106,0.991882445295372));
#2652=CARTESIAN_POINT('Ctrl Pts',(-0.965764522319445,-1.27359679821827,
1.07038795567215));
#2653=CARTESIAN_POINT('Ctrl Pts',(0.529624084476064,-1.50806143898405,1.14889346604893));
#2654=CARTESIAN_POINT('Ctrl Pts',(1.55003345193359,-0.390060330857879,1.22739897642571));
#2655=CARTESIAN_POINT('Ctrl Pts',(1.18033584847316,1.07775594574212,1.30590448680249));
#2656=CARTESIAN_POINT('Ctrl Pts',(-0.247914941013929,1.57901517810161,1.38440999717927));
#2657=CARTESIAN_POINT('Ctrl Pts',(-1.45382975108033,0.664176001928092,1.46291550755605));
#2658=CARTESIAN_POINT('Ctrl Pts',(-1.35591545993125,-0.846311972223929,
1.54142101793283));
#2659=CARTESIAN_POINT('Ctrl Pts',(-0.0419839585363113,-1.59780726577944,
1.61992652830961));
#2660=CARTESIAN_POINT('Ctrl Pts',(1.30959975985794,-0.916351009252818,1.69843203868639));
#2661=CARTESIAN_POINT('Ctrl Pts',(1.48670327709496,0.586910612893191,1.77693754906317));
#2662=CARTESIAN_POINT('Ctrl Pts',(0.330495952439957,1.56381684682677,1.85544305943995));
#2663=CARTESIAN_POINT('Ctrl Pts',(-1.1221080001774,1.13825495348253,1.93394856981673));
#2664=CARTESIAN_POINT('Ctrl Pts',(-1.56837882124433,-0.308121041576008,
2.01245408019351));
#2665=CARTESIAN_POINT('Ctrl Pts',(-0.608090229597324,-1.47816676246853,
2.09095959057029));
#2666=CARTESIAN_POINT('Ctrl Pts',(0.89754813667678,-1.32255738779064,2.16946510094706));
#2667=CARTESIAN_POINT('Ctrl Pts',(1.59824399574228,0.0191528914884693,2.24797061132384));
#2668=CARTESIAN_POINT('Ctrl Pts',(0.865596643753837,1.34368640749025,2.32647612170062));
#2669=CARTESIAN_POINT('Ctrl Pts',(-0.643338357464153,1.46316999922273,2.4049816320774));
#2670=CARTESIAN_POINT('Ctrl Pts',(-1.57531222384847,0.270447969223381,2.48348714245418));
#2671=CARTESIAN_POINT('Ctrl Pts',(-1.09450863956848,-1.16481826417822,2.56199265283096));
#2672=CARTESIAN_POINT('Ctrl Pts',(0.367876318045844,-1.55544771959535,2.64049816320774));
#2673=CARTESIAN_POINT('Ctrl Pts',(1.50034103852988,-0.551114808297867,2.71900367358452));
#2674=CARTESIAN_POINT('Ctrl Pts',(1.28726426487383,0.947471206415587,2.7975091839613));
#2675=CARTESIAN_POINT('Ctrl Pts',(-0.0802617382970605,1.59634205932446,
2.87601469433808));
#2676=CARTESIAN_POINT('Ctrl Pts',(-1.37580704211832,0.813576275773,2.95452020471486));
#2677=CARTESIAN_POINT('Ctrl Pts',(-1.43749600499737,-0.698825714551245,
3.03302571509164));
#2678=CARTESIAN_POINT('Ctrl Pts',(-0.210004143313983,-1.58450103092477,
3.11153122546842));
#2679=CARTESIAN_POINT('Ctrl Pts',(1.20582398388556,-1.04916416338192,3.1900367358452));
#2680=CARTESIAN_POINT('Ctrl Pts',(1.54024133774371,0.427099500409934,3.26854224622198));
#2681=CARTESIAN_POINT('Ctrl Pts',(0.493332040690509,1.52030843259692,3.34704775659876));
#2682=CARTESIAN_POINT('Ctrl Pts',(-0.996006111285612,1.25010998398452,3.42555326697554));
#2683=CARTESIAN_POINT('Ctrl Pts',(-1.59210810092064,-0.14129550186961,3.50405877735231));
#2684=CARTESIAN_POINT('Ctrl Pts',(-0.760358667663424,-1.40583414752471,
3.5825642877291));
#2685=CARTESIAN_POINT('Ctrl Pts',(0.753277510505725,-1.40987204863616,3.66106979810587));
#2686=CARTESIAN_POINT('Ctrl Pts',(1.59139649352169,-0.148961280744194,3.73957530848266));
#2687=CARTESIAN_POINT('Ctrl Pts',(1.00223662953648,1.24450840739286,3.81808081885943));
#2688=CARTESIAN_POINT('Ctrl Pts',(-0.485602106820742,1.52385833788653,3.89658632923622));
#2689=CARTESIAN_POINT('Ctrl Pts',(-1.53827022742729,0.432630367315117,3.97509183961299));
#2690=CARTESIAN_POINT('Ctrl Pts',(-1.31974363173429,-0.547593458263666,
4.02742884653085));
#2691=CARTESIAN_POINT('Ctrl Pts',(-1.02845629995663,-0.885794229410695,
4.05359734998977));
#2692=CARTESIAN_POINT('Ctrl Pts',(-0.326585063531088,1.22159831625555,-0.160792049969311));
#2693=CARTESIAN_POINT('Ctrl Pts',(-0.728299256547316,1.11420306734126,-0.134623546510384));
#2694=CARTESIAN_POINT('Ctrl Pts',(-1.41101882771117,0.474483328674555,-0.0822865395925317));
#2695=CARTESIAN_POINT('Ctrl Pts',(-1.17363379796694,-0.917935649525355,
-0.0037810292157518));
#2696=CARTESIAN_POINT('Ctrl Pts',(0.118111835717484,-1.48391881500991,0.0747244811610272));
#2697=CARTESIAN_POINT('Ctrl Pts',(1.30300606865969,-0.720695173116211,0.153229991537807));
#2698=CARTESIAN_POINT('Ctrl Pts',(1.31981678273491,0.689700383111525,0.231735501914586));
#2699=CARTESIAN_POINT('Ctrl Pts',(0.15273075443908,1.48111818027794,0.310241012291366));
#2700=CARTESIAN_POINT('Ctrl Pts',(-1.15119453246735,0.944464146982675,0.388746522668146));
#2701=CARTESIAN_POINT('Ctrl Pts',(-1.42277127325429,-0.439328772309241,
0.467252033044925));
#2702=CARTESIAN_POINT('Ctrl Pts',(-0.418336071212048,-1.429057602355,0.545757543421705));
#2703=CARTESIAN_POINT('Ctrl Pts',(0.961253497456409,-1.1372070366937,0.624263053798484));
#2704=CARTESIAN_POINT('Ctrl Pts',(1.47877825876941,0.17453541267721,0.702768564175264));
#2705=CARTESIAN_POINT('Ctrl Pts',(0.670094169065655,1.32974111384846,0.781274074552043));
#2706=CARTESIAN_POINT('Ctrl Pts',(-0.739543488104595,1.29240822931172,0.859779584928822));
#2707=CARTESIAN_POINT('Ctrl Pts',(-1.48594244281678,0.096010365587908,0.938285095305602));
#2708=CARTESIAN_POINT('Ctrl Pts',(-0.899712110859237,-1.18649053390005,
1.01679060568238));
#2709=CARTESIAN_POINT('Ctrl Pts',(0.493401022706274,-1.40491922121464,1.09529611605916));
#2710=CARTESIAN_POINT('Ctrl Pts',(1.44402060410365,-0.363382579840218,1.17380162643594));
#2711=CARTESIAN_POINT('Ctrl Pts',(1.09960806512351,1.00404400298938,1.25230713681272));
#2712=CARTESIAN_POINT('Ctrl Pts',(-0.230959068943109,1.47102015671131,1.3308126471895));
#2713=CARTESIAN_POINT('Ctrl Pts',(-1.35439665047231,0.618750408475986,1.40931815756628));
#2714=CARTESIAN_POINT('Ctrl Pts',(-1.26317910050324,-0.788429387679635,
1.48782366794306));
#2715=CARTESIAN_POINT('Ctrl Pts',(-0.039112511470406,-1.48852698004281,
1.56632917831984));
#2716=CARTESIAN_POINT('Ctrl Pts',(1.22003111223504,-0.853678181139627,1.64483468869662));
#2717=CARTESIAN_POINT('Ctrl Pts',(1.38502182751958,0.546769501476011,1.7233401990734));
#2718=CARTESIAN_POINT('Ctrl Pts',(0.307892042136782,1.45686129873216,1.80184570945017));
#2719=CARTESIAN_POINT('Ctrl Pts',(-1.04536264702185,1.06040524706188,1.88035121982696));
#2720=CARTESIAN_POINT('Ctrl Pts',(-1.46111126188369,-0.287047438904369,
1.95885673020373));
#2721=CARTESIAN_POINT('Ctrl Pts',(-0.566500561389354,-1.37706915850304,
2.03736224058052));
#2722=CARTESIAN_POINT('Ctrl Pts',(0.83616131053128,-1.23210251733394,2.11586775095729));
#2723=CARTESIAN_POINT('Ctrl Pts',(1.48893384033604,0.0178429503589168,2.19437326133407));
#2724=CARTESIAN_POINT('Ctrl Pts',(0.806395105127748,1.25178644076971,2.27287877171085));
#2725=CARTESIAN_POINT('Ctrl Pts',(-0.599337931984349,1.36309808252737,2.35138428208763));
#2726=CARTESIAN_POINT('Ctrl Pts',(-1.46757046197672,0.251950975257588,2.42988979246441));
#2727=CARTESIAN_POINT('Ctrl Pts',(-1.01965091458817,-1.08515178908647,2.50839530284119));
#2728=CARTESIAN_POINT('Ctrl Pts',(0.342715818395606,-1.44906456883226,2.58690081321797));
#2729=CARTESIAN_POINT('Ctrl Pts',(1.39772684913141,-0.513421911905198,2.66540632359475));
#2730=CARTESIAN_POINT('Ctrl Pts',(1.19922322907634,0.882669946350083,2.74391183397153));
#2731=CARTESIAN_POINT('Ctrl Pts',(-0.0747723242214882,1.48716198478569,
2.82241734434831));
#2732=CARTESIAN_POINT('Ctrl Pts',(-1.28171021961587,0.757932613493338,2.90092285472509));
#2733=CARTESIAN_POINT('Ctrl Pts',(-1.33918003314281,-0.6510302917854,2.97942836510187));
#2734=CARTESIAN_POINT('Ctrl Pts',(-0.195641138914929,-1.47613081061226,
3.05793387547865));
#2735=CARTESIAN_POINT('Ctrl Pts',(1.12335296730596,-0.977407724407985,3.13643938585543));
#2736=CARTESIAN_POINT('Ctrl Pts',(1.43489821088673,0.39788849577728,3.21494489623221));
#2737=CARTESIAN_POINT('Ctrl Pts',(0.459591133683557,1.41632859505315,3.29345040660898));
#2738=CARTESIAN_POINT('Ctrl Pts',(-0.927885359322685,1.16461007471642,3.37195591698577));
#2739=CARTESIAN_POINT('Ctrl Pts',(-1.4832176033503,-0.131631750084078,3.45046142736254));
#2740=CARTESIAN_POINT('Ctrl Pts',(-0.708354765663359,-1.30968365388875,
3.52896693773933));
#2741=CARTESIAN_POINT('Ctrl Pts',(0.701757916528356,-1.31344538715651,3.6074724481161));
#2742=CARTESIAN_POINT('Ctrl Pts',(1.48255466556349,-0.138773236371095,3.68597795849289));
#2743=CARTESIAN_POINT('Ctrl Pts',(0.933689748071379,1.15939161184794,3.76448346886966));
#2744=CARTESIAN_POINT('Ctrl Pts',(-0.452389880212299,1.41963570844119,3.84298897924644));
#2745=CARTESIAN_POINT('Ctrl Pts',(-1.43306191251115,0.403041085071191,3.92149448962322));
#2746=CARTESIAN_POINT('Ctrl Pts',(-1.22948120505501,-0.510141400766999,
3.97383149654108));
#2747=CARTESIAN_POINT('Ctrl Pts',(-0.95811615272237,-0.825211298936511,
4.));
#2748=CARTESIAN_POINT('Ctrl Pts',(-0.95811615272237,-0.825211298936511,
4.));
#2749=CARTESIAN_POINT('Ctrl Pts',(-0.9953197574685,-0.790468076460339,4.));
#2750=CARTESIAN_POINT('Ctrl Pts',(-1.03014218144381,-0.753414927985833,
4.));
#2751=CARTESIAN_POINT('Ctrl Pts',(-1.06256852049499,-0.714364599449516,
4.));
#2752=CARTESIAN_POINT('Ctrl Pts',(-1.08443758267586,-0.6880281677729,4.));
#2753=CARTESIAN_POINT('Ctrl Pts',(-1.10521634814823,-0.660782262015801,
4.));
#2754=CARTESIAN_POINT('Ctrl Pts',(-1.12489338973762,-0.632712033380911,
4.));
#2755=CARTESIAN_POINT('Ctrl Pts',(-1.13405901129795,-0.619636841583883,
4.));
#2756=CARTESIAN_POINT('Ctrl Pts',(-1.14298550436787,-0.606382684284962,
4.));
#2757=CARTESIAN_POINT('Ctrl Pts',(-1.15167124454308,-0.592957637295182,
4.));
#2758=CARTESIAN_POINT('Ctrl Pts',(-1.15879336258916,-0.581949390731654,
4.));
#2759=CARTESIAN_POINT('Ctrl Pts',(-1.16574929068668,-0.570832788045156,
4.));
#2760=CARTESIAN_POINT('Ctrl Pts',(-1.17253548728552,-0.559617962567244,
4.));
#2761=CARTESIAN_POINT('Ctrl Pts',(-1.20036796503162,-0.513622186289067,
4.));
#2762=CARTESIAN_POINT('Ctrl Pts',(-1.22536552396214,-0.465950638254256,
4.));
#2763=CARTESIAN_POINT('Ctrl Pts',(-1.24748880783867,-0.416927257105414,
4.));
#2764=CARTESIAN_POINT('Ctrl Pts',(-1.25596877309884,-0.398136350140672,
4.));
#2765=CARTESIAN_POINT('Ctrl Pts',(-1.26402607451405,-0.37914640652662,4.));
#2766=CARTESIAN_POINT('Ctrl Pts',(-1.27165703990467,-0.359974268898975,
4.));
#2767=CARTESIAN_POINT('Ctrl Pts',(-1.27719845517198,-0.346051944433004,
4.));
#2768=CARTESIAN_POINT('Ctrl Pts',(-1.28251503357082,-0.332033528231103,
4.));
#2769=CARTESIAN_POINT('Ctrl Pts',(-1.28760507499805,-0.317925268364263,
4.));
#2770=CARTESIAN_POINT('Ctrl Pts',(-1.29141266184619,-0.307371636240225,
4.));
#2771=CARTESIAN_POINT('Ctrl Pts',(-1.29509338485195,-0.296767641046523,
4.));
#2772=CARTESIAN_POINT('Ctrl Pts',(-1.29864214101931,-0.286129832496938,
4.));
#2773=CARTESIAN_POINT('Ctrl Pts',(-1.31657134315679,-0.232384967876559,
4.));
#2774=CARTESIAN_POINT('Ctrl Pts',(-1.33116732599917,-0.177694040619428,
4.));
#2775=CARTESIAN_POINT('Ctrl Pts',(-1.3423910442992,-0.122415602634786,4.));
#2776=CARTESIAN_POINT('Ctrl Pts',(-1.35345177381963,-0.0679399079927905,
4.));
#2777=CARTESIAN_POINT('Ctrl Pts',(-1.36123786167729,-0.0128924676317926,
4.));
#2778=CARTESIAN_POINT('Ctrl Pts',(-1.36566812173034,0.042413519614484,4.));
#2779=CARTESIAN_POINT('Ctrl Pts',(-1.36798129908548,0.071290505563453,4.));
#2780=CARTESIAN_POINT('Ctrl Pts',(-1.36937884330781,0.100238368553608,4.));
#2781=CARTESIAN_POINT('Ctrl Pts',(-1.3698437913191,0.129214225903216,4.));
#2782=CARTESIAN_POINT('Ctrl Pts',(-1.37009320373872,0.144757767366935,4.));
#2783=CARTESIAN_POINT('Ctrl Pts',(-1.37007418765983,0.160309377486923,4.));
#2784=CARTESIAN_POINT('Ctrl Pts',(-1.36978364430819,0.175862487697235,4.));
#2785=CARTESIAN_POINT('Ctrl Pts',(-1.36957715888884,0.186915882881636,4.));
#2786=CARTESIAN_POINT('Ctrl Pts',(-1.36923352448041,0.197970036373672,4.));
#2787=CARTESIAN_POINT('Ctrl Pts',(-1.36875152082382,0.20902259068408,4.));
#2788=CARTESIAN_POINT('Ctrl Pts',(-1.36832642270274,0.218770276217758,4.));
#2789=CARTESIAN_POINT('Ctrl Pts',(-1.36779411636451,0.228506956636564,4.));
#2790=CARTESIAN_POINT('Ctrl Pts',(-1.36715442520084,0.238230246456097,4.));
#2791=CARTESIAN_POINT('Ctrl Pts',(-1.36399382703381,0.286271260192658,4.));
#2792=CARTESIAN_POINT('Ctrl Pts',(-1.35821348893661,0.333990095476438,4.));
#2793=CARTESIAN_POINT('Ctrl Pts',(-1.34977421709322,0.381188397788949,4.));
#2794=CARTESIAN_POINT('Ctrl Pts',(-1.3401712509049,0.434894891626781,4.));
#2795=CARTESIAN_POINT('Ctrl Pts',(-1.32712725282062,0.487928141837074,4.));
#2796=CARTESIAN_POINT('Ctrl Pts',(-1.31089293399422,0.540089657267592,4.));
#2797=CARTESIAN_POINT('Ctrl Pts',(-1.29502037576006,0.59108882145224,4.));
#2798=CARTESIAN_POINT('Ctrl Pts',(-1.27609751641884,0.641255355403273,4.));
#2799=CARTESIAN_POINT('Ctrl Pts',(-1.25431320462647,0.690400042933524,4.));
#2800=CARTESIAN_POINT('Ctrl Pts',(-1.24899583248798,0.702395858762773,4.));
#2801=CARTESIAN_POINT('Ctrl Pts',(-1.24350777869055,0.7143307475909,4.));
#2802=CARTESIAN_POINT('Ctrl Pts',(-1.23785142496514,0.726201851864214,4.));
#2803=CARTESIAN_POINT('Ctrl Pts',(-1.23356765767551,0.735192281148954,4.));
#2804=CARTESIAN_POINT('Ctrl Pts',(-1.22918807465257,0.744144434455892,4.));
#2805=CARTESIAN_POINT('Ctrl Pts',(-1.22471922579434,0.753046746316272,4.));
#2806=CARTESIAN_POINT('Ctrl Pts',(-1.19887024295905,0.804540031001818,4.));
#2807=CARTESIAN_POINT('Ctrl Pts',(-1.16999339440679,0.854462742260619,4.));
#2808=CARTESIAN_POINT('Ctrl Pts',(-1.1383685436306,0.902599077889774,4.));
#2809=CARTESIAN_POINT('Ctrl Pts',(-1.10606183694142,0.951773269643873,4.));
#2810=CARTESIAN_POINT('Ctrl Pts',(-1.07088695396667,0.999084175723307,4.));
#2811=CARTESIAN_POINT('Ctrl Pts',(-1.03308857348383,1.04429182217729,4.));
#2812=CARTESIAN_POINT('Ctrl Pts',(-0.994943182245884,1.08991450068642,4.));
#2813=CARTESIAN_POINT('Ctrl Pts',(-0.954125338789859,1.13339617181881,4.));
#2814=CARTESIAN_POINT('Ctrl Pts',(-0.910839913317993,1.17446502416317,4.));
#2815=CARTESIAN_POINT('Ctrl Pts',(-0.90100422814622,1.18379704060108,4.));
#2816=CARTESIAN_POINT('Ctrl Pts',(-0.891037996501553,1.19300682397347,4.));
#2817=CARTESIAN_POINT('Ctrl Pts',(-0.880963915411346,1.20207295654965,4.));
#2818=CARTESIAN_POINT('Ctrl Pts',(-0.835730843397301,1.2427802949198,4.));
#2819=CARTESIAN_POINT('Ctrl Pts',(-0.788254252827291,1.28066537049765,4.));
#2820=CARTESIAN_POINT('Ctrl Pts',(-0.738801065798601,1.31548407710487,4.));
#2821=CARTESIAN_POINT('Ctrl Pts',(-0.689781627317014,1.34999739260769,4.));
#2822=CARTESIAN_POINT('Ctrl Pts',(-0.638819389757791,1.38149882320498,4.));
#2823=CARTESIAN_POINT('Ctrl Pts',(-0.586132525243261,1.40972287863378,4.));
#2824=CARTESIAN_POINT('Ctrl Pts',(-0.547518708242329,1.43040808207859,4.));
#2825=CARTESIAN_POINT('Ctrl Pts',(-0.507977634851754,1.44933239828409,4.));
#2826=CARTESIAN_POINT('Ctrl Pts',(-0.467584097476203,1.46637729904875,4.));
#2827=CARTESIAN_POINT('Ctrl Pts',(-0.445140816219471,1.47584771255321,4.));
#2828=CARTESIAN_POINT('Ctrl Pts',(-0.422434217120435,1.48473768698425,4.));
#2829=CARTESIAN_POINT('Ctrl Pts',(-0.399484388299942,1.4930513462895,4.));
#2830=CARTESIAN_POINT('Ctrl Pts',(-1.26607286389629,-0.000628751492366403,
3.44341967361942));
#2831=CARTESIAN_POINT('Ctrl Pts',(-1.26629849518252,-0.0377955633067273,
3.44576692486712));
#2832=CARTESIAN_POINT('Ctrl Pts',(-1.26480031663739,-0.0749437395524587,
3.44811417611484));
#2833=CARTESIAN_POINT('Ctrl Pts',(-1.26151842306454,-0.111933429918109,
3.45046142736254));
#2834=CARTESIAN_POINT('Ctrl Pts',(-1.22492999078799,-0.524315718018971,
3.47662993082147));
#2835=CARTESIAN_POINT('Ctrl Pts',(-0.966642378225674,-0.91699968595386,
3.5027984342804));
#2836=CARTESIAN_POINT('Ctrl Pts',(-0.602479791579231,-1.11396862546593,
3.52896693773933));
#2837=CARTESIAN_POINT('Ctrl Pts',(-0.238317204932785,-1.310937564978,3.55513544119825));
#2838=CARTESIAN_POINT('Ctrl Pts',(0.231720355797788,-1.31219147606725,3.58130394465718));
#2839=CARTESIAN_POINT('Ctrl Pts',(0.596871927668931,-1.11703973981431,3.6074724481161));
#2840=CARTESIAN_POINT('Ctrl Pts',(0.962023499540071,-0.921888003561363,
3.63364095157503));
#2841=CARTESIAN_POINT('Ctrl Pts',(1.22228908255178,-0.530330619966229,3.65980945503396));
#2842=CARTESIAN_POINT('Ctrl Pts',(1.26094438780895,-0.118191120132155,3.68597795849288));
#2843=CARTESIAN_POINT('Ctrl Pts',(1.29959969306612,0.293948379701916,3.71214646195181));
#2844=CARTESIAN_POINT('Ctrl Pts',(1.11664472056875,0.726669995774929,3.73831496541074));
#2845=CARTESIAN_POINT('Ctrl Pts',(0.794153962939451,0.986404819910309,3.76448346886966));
#2846=CARTESIAN_POINT('Ctrl Pts',(0.471663205310152,1.24613964404569,3.79065197232859));
#2847=CARTESIAN_POINT('Ctrl Pts',(0.00963666254892775,1.33288767624344,
3.81682047578751));
#2848=CARTESIAN_POINT('Ctrl Pts',(-0.384821947548161,1.20682925511398,3.84298897924644));
#2849=CARTESIAN_POINT('Ctrl Pts',(-0.77928055764525,1.08077083398453,3.86915748270537));
#2850=CARTESIAN_POINT('Ctrl Pts',(-1.1061712350782,0.741905959527863,3.8953259861643));
#2851=CARTESIAN_POINT('Ctrl Pts',(-1.21872139693064,0.344177900839984,3.92149448962322));
#2852=CARTESIAN_POINT('Ctrl Pts',(-1.25015464276998,0.233099572384702,3.92880288428862));
#2853=CARTESIAN_POINT('Ctrl Pts',(-1.26486965145253,0.117430004279203,3.93611127895402));
#2854=CARTESIAN_POINT('Ctrl Pts',(-1.26384158287043,0.00153428955358196,
3.94341967361942));
#2855=CARTESIAN_POINT('Ctrl Pts',(-0.398513841857231,1.49064942821852,-1.38777878078145E-16));
#2856=CARTESIAN_POINT('Ctrl Pts',(-0.455951304216525,1.46966201587856,-1.20447023526722E-16));
#2857=CARTESIAN_POINT('Ctrl Pts',(-0.511826759080581,1.44506604173334,-3.65056339198778E-16));
#2858=CARTESIAN_POINT('Ctrl Pts',(-0.565942046934362,1.41716043394471,-3.05311331771918E-16));
#2859=CARTESIAN_POINT('Ctrl Pts',(-0.619742860583199,1.38941699093744,-2.45913513918561E-16));
#2860=CARTESIAN_POINT('Ctrl Pts',(-0.67180459428388,1.35840124283248,-2.09422196585417E-16));
#2861=CARTESIAN_POINT('Ctrl Pts',(-0.72190059871119,1.32436224509873,-2.04697370165263E-16));
#2862=CARTESIAN_POINT('Ctrl Pts',(-0.759728818668241,1.29865890392192,-2.01129585166765E-16));
#2863=CARTESIAN_POINT('Ctrl Pts',(-0.79643560338497,1.27123071248594,-1.74000024507387E-16));
#2864=CARTESIAN_POINT('Ctrl Pts',(-0.831907613539085,1.24217308781111,-1.90819582357449E-16));
#2865=CARTESIAN_POINT('Ctrl Pts',(-0.850323276066212,1.2270875201332,-1.99551630523777E-16));
#2866=CARTESIAN_POINT('Ctrl Pts',(-0.868405890418631,1.21156263530591,-1.09346009772983E-16));
#2867=CARTESIAN_POINT('Ctrl Pts',(-0.886137894769645,1.1956110504558,-1.00613961606655E-16));
#2868=CARTESIAN_POINT('Ctrl Pts',(-0.895475224688456,1.18721125494904,-9.60158342330118E-17));
#2869=CARTESIAN_POINT('Ctrl Pts',(-0.904716685230693,1.17869165504305,-1.05337443296875E-16));
#2870=CARTESIAN_POINT('Ctrl Pts',(-0.913843488540041,1.17006979731018,-1.04083408558608E-16));
#2871=CARTESIAN_POINT('Ctrl Pts',(-0.956873945747469,1.12942002458606,-9.81709673332863E-17));
#2872=CARTESIAN_POINT('Ctrl Pts',(-0.997442270867232,1.08642674119815,-4.06766988674828E-16));
#2873=CARTESIAN_POINT('Ctrl Pts',(-1.03534050526765,1.04132872317473,-4.09394740330526E-16));
#2874=CARTESIAN_POINT('Ctrl Pts',(-1.07246184472495,0.997155192075338,-4.11968624385126E-16));
#2875=CARTESIAN_POINT('Ctrl Pts',(-1.10702188624687,0.950961397524004,-3.54109198374197E-16));
#2876=CARTESIAN_POINT('Ctrl Pts',(-1.13878215407377,0.90294873731961,-3.7470027081099E-16));
#2877=CARTESIAN_POINT('Ctrl Pts',(-1.16177583900235,0.868188703577464,-3.89607721671719E-16));
#2878=CARTESIAN_POINT('Ctrl Pts',(-1.18330118621634,0.832474818224905,-2.39330318669809E-16));
#2879=CARTESIAN_POINT('Ctrl Pts',(-1.20325117666741,0.795879762631985,-2.15105711021124E-16));
#2880=CARTESIAN_POINT('Ctrl Pts',(-1.21367880375076,0.776751954337868,-2.02443791436723E-16));
#2881=CARTESIAN_POINT('Ctrl Pts',(-1.22367579521684,0.757383374888617,-1.056653364845E-16));
#2882=CARTESIAN_POINT('Ctrl Pts',(-1.23322518080758,0.737784313526206,-1.11022302462516E-16));
#2883=CARTESIAN_POINT('Ctrl Pts',(-1.23766605121064,0.728669916510278,-1.13513519456106E-16));
#2884=CARTESIAN_POINT('Ctrl Pts',(-1.24200784353751,0.719510180749713,-2.15753705234059E-16));
#2885=CARTESIAN_POINT('Ctrl Pts',(-1.24624589802502,0.710313547990171,-2.08166817117217E-16));
#2886=CARTESIAN_POINT('Ctrl Pts',(-1.26958270867339,0.659672368660184,-1.66389682841315E-16));
#2887=CARTESIAN_POINT('Ctrl Pts',(-1.28981069655366,0.607846612140282,-2.34675314097744E-16));
#2888=CARTESIAN_POINT('Ctrl Pts',(-1.30671682960704,0.555025713087884,-2.35922392732846E-16));
#2889=CARTESIAN_POINT('Ctrl Pts',(-1.31803112149271,0.519675756497832,-2.36756989954894E-16));
#2890=CARTESIAN_POINT('Ctrl Pts',(-1.32785666481227,0.483879725936953,-3.01448710628682E-16));
#2891=CARTESIAN_POINT('Ctrl Pts',(-1.33611662454572,0.447692412346518,-2.91433543964104E-16));
#2892=CARTESIAN_POINT('Ctrl Pts',(-1.34834042819519,0.394139292209648,-2.62116890686713E-16));
#2893=CARTESIAN_POINT('Ctrl Pts',(-1.35713717393677,0.339728303703861,-1.12583380124277E-16));
#2894=CARTESIAN_POINT('Ctrl Pts',(-1.36256156275158,0.284770829099798,-9.71445146547012E-17));
#2895=CARTESIAN_POINT('Ctrl Pts',(-1.36423624366627,0.26780371317561,-9.23780470895981E-17));
#2896=CARTESIAN_POINT('Ctrl Pts',(-1.36558917340799,0.250784598204052,-5.25009094718785E-17));
#2897=CARTESIAN_POINT('Ctrl Pts',(-1.36662114500038,0.233722959307176,-4.16333634234434E-17));
#2898=CARTESIAN_POINT('Ctrl Pts',(-1.36752759393006,0.218736592985982,-3.2087678681275E-17));
#2899=CARTESIAN_POINT('Ctrl Pts',(-1.36818641041231,0.203710840062971,-8.00848319328306E-17));
#2900=CARTESIAN_POINT('Ctrl Pts',(-1.36859745276141,0.188688258996148,-8.32667268468867E-17));
#2901=CARTESIAN_POINT('Ctrl Pts',(-1.37012078834429,0.133014111707264,-9.50589272227685E-17));
#2902=CARTESIAN_POINT('Ctrl Pts',(-1.36825269934492,0.0773088549239126,
-4.61813829374281E-16));
#2903=CARTESIAN_POINT('Ctrl Pts',(-1.36309716305557,0.0218911193885416,
-3.88578058618805E-16));
#2904=CARTESIAN_POINT('Ctrl Pts',(-1.35794794570476,-0.0334586928028551,
-3.15432050073931E-16));
#2905=CARTESIAN_POINT('Ctrl Pts',(-1.34951887898082,-0.0885228312236487,
-1.87849818641745E-16));
#2906=CARTESIAN_POINT('Ctrl Pts',(-1.33786437829001,-0.142968507702087,
-1.80411241501588E-16));
#2907=CARTESIAN_POINT('Ctrl Pts',(-1.33041400820235,-0.177773983303246,
-1.75655983932852E-16));
#2908=CARTESIAN_POINT('Ctrl Pts',(-1.32164454500328,-0.212326352784964,
-8.1689927556308E-17));
#2909=CARTESIAN_POINT('Ctrl Pts',(-1.31156092698551,-0.246532160663487,
-9.71445146547012E-17));
#2910=CARTESIAN_POINT('Ctrl Pts',(-1.30636710442988,-0.264150727350556,
-1.05104790710193E-16));
#2911=CARTESIAN_POINT('Ctrl Pts',(-1.30082452178925,-0.281677251859304,
-8.32667268468867E-17));
#2912=CARTESIAN_POINT('Ctrl Pts',(-1.29493317653511,-0.299098249098458,
-8.32667268468867E-17));
#2913=CARTESIAN_POINT('Ctrl Pts',(-1.29137948114439,-0.309606700890033,
-8.32667268468867E-17));
#2914=CARTESIAN_POINT('Ctrl Pts',(-1.2876989852497,-0.320076092858329,1.03739469611427E-16));
#2915=CARTESIAN_POINT('Ctrl Pts',(-1.28389652815304,-0.330490973153864,
6.93889390390723E-17));
#2916=CARTESIAN_POINT('Ctrl Pts',(-1.26550711717278,-0.380859329507778,
-9.67368075579552E-17));
#2917=CARTESIAN_POINT('Ctrl Pts',(-1.24424249553874,-0.430033279035403,
-8.23056264888429E-17));
#2918=CARTESIAN_POINT('Ctrl Pts',(-1.22014366124651,-0.47769828774529,-5.55111512312578E-17));
#2919=CARTESIAN_POINT('Ctrl Pts',(-1.20501075611561,-0.507629613307493,
-3.86855136428017E-17));
#2920=CARTESIAN_POINT('Ctrl Pts',(-1.18875944373593,-0.536965381960029,
-4.01290762574527E-16));
#2921=CARTESIAN_POINT('Ctrl Pts',(-1.17139253542487,-0.565620109613765,
-3.88578058618805E-16));
#2922=CARTESIAN_POINT('Ctrl Pts',(-1.16504589862507,-0.576091815098578,
-3.83932274043617E-16));
#2923=CARTESIAN_POINT('Ctrl Pts',(-1.15854885860323,-0.586474601560309,
-2.87922942201761E-16));
#2924=CARTESIAN_POINT('Ctrl Pts',(-1.15190589812529,-0.596757108225417,
-2.4980018054066E-16));
#2925=CARTESIAN_POINT('Ctrl Pts',(-1.12400723517621,-0.639940894832944,
-8.96947453505401E-17));
#2926=CARTESIAN_POINT('Ctrl Pts',(-1.0935830166007,-0.681290988789005,-2.38839134102215E-16));
#2927=CARTESIAN_POINT('Ctrl Pts',(-1.06065797003406,-0.720507961856974,
-1.66533453693773E-16));
#2928=CARTESIAN_POINT('Ctrl Pts',(-1.04224628581891,-0.742438091022925,
-1.2610012121702E-16));
#2929=CARTESIAN_POINT('Ctrl Pts',(-1.0230519835108,-0.763700532102799,2.46270286435547E-16));
#2930=CARTESIAN_POINT('Ctrl Pts',(-1.00307526155455,-0.784237039329797,
2.4980018054066E-16));
#2931=CARTESIAN_POINT('Ctrl Pts',(-0.989057259153026,-0.798647852488101,
2.52277166712414E-16));
#2932=CARTESIAN_POINT('Ctrl Pts',(-0.974653902564962,-0.812701100585437,
1.03816524508324E-16));
#2933=CARTESIAN_POINT('Ctrl Pts',(-0.959882334566779,-0.826389336902062,
1.11022302462516E-16));
#2934=CARTESIAN_POINT('Origin',(2.4000000372529,-0.72168784724102,0.1));
#2935=CARTESIAN_POINT('',(2.4000000372529,1.14297397748895,-6.93889390390723E-17));
#2936=CARTESIAN_POINT('',(2.5000000372529,1.06976889673206,0.1));
#2937=CARTESIAN_POINT('Origin',(2.4000000372529,1.24297397748895,0.1));
#2938=CARTESIAN_POINT('',(2.5000000372529,-1.06976889673206,0.1));
#2939=CARTESIAN_POINT('',(2.5000000372529,-0.72168784724102,0.1));
#2940=CARTESIAN_POINT('',(2.4000000372529,-1.14297397748895,0.));
#2941=CARTESIAN_POINT('Origin',(2.4000000372529,-1.24297397748895,0.1));
#2942=CARTESIAN_POINT('',(2.4000000372529,-0.72168784724102,0.));
#2943=CARTESIAN_POINT('Origin',(0.,0.,0.));
#2944=CARTESIAN_POINT('',(2.18984451899642,-1.50697401260014,0.));
#2945=CARTESIAN_POINT('',(2.29492227812466,-1.32497399504454,0.));
#2946=CARTESIAN_POINT('',(0.210155518256479,-2.64994799008909,0.));
#2947=CARTESIAN_POINT('',(0.575000009313225,-2.43930492496512,0.));
#2948=CARTESIAN_POINT('',(-0.210155518256481,-2.64994799008909,0.));
#2949=CARTESIAN_POINT('',(0.,-2.64994799008909,0.));
#2950=CARTESIAN_POINT('',(-2.18984451899642,-1.50697401260014,-6.93889390390723E-17));
#2951=CARTESIAN_POINT('',(-1.82500002793968,-1.7176170777241,0.));
#2952=CARTESIAN_POINT('',(-2.4000000372529,-1.14297397748895,-6.93889390390723E-17));
#2953=CARTESIAN_POINT('',(-2.29492227812466,-1.32497399504454,-6.93889390390723E-17));
#2954=CARTESIAN_POINT('',(-2.4000000372529,1.14297397748895,0.));
#2955=CARTESIAN_POINT('',(-2.4000000372529,0.721687847241021,0.));
#2956=CARTESIAN_POINT('',(-2.18984451899642,1.50697401260014,0.));
#2957=CARTESIAN_POINT('',(-2.29492227812466,1.32497399504454,0.));
#2958=CARTESIAN_POINT('',(-0.210155518256479,2.64994799008909,0.));
#2959=CARTESIAN_POINT('',(-0.575000009313224,2.43930492496512,0.));
#2960=CARTESIAN_POINT('',(0.210155518256481,2.64994799008909,0.));
#2961=CARTESIAN_POINT('',(3.24525032396956E-16,2.64994799008909,0.));
#2962=CARTESIAN_POINT('',(2.18984451899642,1.50697401260014,-6.93889390390723E-17));
#2963=CARTESIAN_POINT('',(1.82500002793968,1.7176170777241,0.));
#2964=CARTESIAN_POINT('',(2.29492227812466,1.32497399504454,-6.93889390390723E-17));
#2965=CARTESIAN_POINT('Origin',(2.35879056255106,-1.3618483662508,0.147497484825044));
#2966=CARTESIAN_POINT('',(2.5000000372529,-1.38564066756308,0.415871770831015));
#2967=CARTESIAN_POINT('',(2.5000000372529,-1.2230648347555,0.253295938023441));
#2968=CARTESIAN_POINT('',(2.4500000372529,-1.47224320794152,0.415871770831015));
#2969=CARTESIAN_POINT('Origin',(2.4000000372529,-1.38564066756308,0.242666690074127));
#2970=CARTESIAN_POINT('',(2.17644705937487,-1.63017909335703,0.1));
#2971=CARTESIAN_POINT('',(1.68420522668691,-1.91437504796582,-0.468391909217577));
#2972=CARTESIAN_POINT('Origin',(2.27644705937487,-1.45697401260014,0.1));
#2973=CARTESIAN_POINT('Origin',(0.575000009313225,-2.43930492496512,0.1));
#2974=CARTESIAN_POINT('',(0.323552977878036,-2.69994799008909,0.1));
#2975=CARTESIAN_POINT('',(0.625000009313225,-2.52590746534357,0.1));
#2976=CARTESIAN_POINT('Origin',(0.123552977878036,-2.69994799008909,0.1));
#2977=CARTESIAN_POINT('Origin',(-1.82500002793968,-1.7176170777241,0.1));
#2978=CARTESIAN_POINT('',(-0.323552977878037,-2.69994799008909,0.1));
#2979=CARTESIAN_POINT('Origin',(-0.123552977878038,-2.69994799008909,0.1));
#2980=CARTESIAN_POINT('',(-2.17644705937487,-1.63017909335703,0.1));
#2981=CARTESIAN_POINT('',(-1.87500002793968,-1.80421961810255,0.1));
#2982=CARTESIAN_POINT('Origin',(-2.27644705937487,-1.45697401260014,0.1));
#2983=CARTESIAN_POINT('Origin',(-2.35879056255106,-1.3618483662508,0.147497484825044));
#2984=CARTESIAN_POINT('',(-2.4500000372529,-1.47224320794152,0.415871770831016));
#2985=CARTESIAN_POINT('',(-2.30920523600013,-1.55353112434531,0.253295938023442));
#2986=CARTESIAN_POINT('',(-2.5000000372529,-1.38564066756307,0.415871770831016));
#2987=CARTESIAN_POINT('Origin',(-2.4000000372529,-1.38564066756307,0.242666690074128));
#2988=CARTESIAN_POINT('',(-2.5000000372529,-1.06976889673206,0.1));
#2989=CARTESIAN_POINT('',(-2.5000000372529,-0.50137698751448,-0.468391909217578));
#2990=CARTESIAN_POINT('Origin',(-2.4000000372529,-1.24297397748895,0.1));
#2991=CARTESIAN_POINT('Origin',(-2.5000000372529,-1.44337569448204,0.));
#2992=CARTESIAN_POINT('',(-0.0500000000000009,-2.85788387550459,0.415871770831015));
#2993=CARTESIAN_POINT('',(-0.815794810565997,-2.4157520354803,-0.468391909217577));
#2994=CARTESIAN_POINT('',(-0.0500000000000009,-2.85788387550459,2.58412822916898));
#2995=CARTESIAN_POINT('',(-0.0500000000000008,-2.85788387550459,0.));
#2996=CARTESIAN_POINT('',(-0.323552977878038,-2.69994799008909,2.9));
#2997=CARTESIAN_POINT('',(-0.164271093610313,-2.79190942884809,2.716077122482));
#2998=CARTESIAN_POINT('',(-2.17644705937487,-1.63017909335703,2.9));
#2999=CARTESIAN_POINT('',(-1.87500002793968,-1.80421961810255,2.9));
#3000=CARTESIAN_POINT('',(-2.4500000372529,-1.47224320794152,2.58412822916898));
#3001=CARTESIAN_POINT('',(-2.96072895295581,-1.17737373097752,1.99438927524098));
#3002=CARTESIAN_POINT('',(-2.4500000372529,-1.47224320794152,0.));
#3003=CARTESIAN_POINT('Origin',(-2.4000000372529,0.721687847241021,0.1));
#3004=CARTESIAN_POINT('',(-2.5000000372529,1.06976889673206,0.1));
#3005=CARTESIAN_POINT('',(-2.5000000372529,0.721687847241021,0.1));
#3006=CARTESIAN_POINT('Origin',(-2.4000000372529,1.24297397748895,0.1));
#3007=CARTESIAN_POINT('Origin',(-2.35879056255106,1.36184836625081,0.147497484825044));
#3008=CARTESIAN_POINT('',(-2.5000000372529,1.38564066756308,0.415871770831016));
#3009=CARTESIAN_POINT('',(-2.5000000372529,1.2230648347555,0.253295938023442));
#3010=CARTESIAN_POINT('',(-2.4500000372529,1.47224320794152,0.415871770831015));
#3011=CARTESIAN_POINT('Origin',(-2.4000000372529,1.38564066756308,0.242666690074128));
#3012=CARTESIAN_POINT('',(-2.17644705937487,1.63017909335703,0.1));
#3013=CARTESIAN_POINT('',(-1.6842052266869,1.91437504796582,-0.468391909217577));
#3014=CARTESIAN_POINT('Origin',(-2.27644705937487,1.45697401260014,0.1));
#3015=CARTESIAN_POINT('Origin',(-2.5000000372529,1.44337569448204,0.));
#3016=CARTESIAN_POINT('',(-2.5000000372529,-1.38564066756307,2.58412822916898));
#3017=CARTESIAN_POINT('',(-2.5000000372529,-1.38564066756307,0.));
#3018=CARTESIAN_POINT('',(-2.5000000372529,-1.06976889673206,2.9));
#3019=CARTESIAN_POINT('',(-2.5000000372529,-1.25369177425006,2.716077122482));
#3020=CARTESIAN_POINT('',(-2.5000000372529,1.06976889673206,2.9));
#3021=CARTESIAN_POINT('',(-2.5000000372529,0.721687847241021,2.9));
#3022=CARTESIAN_POINT('',(-2.5000000372529,1.38564066756308,2.58412822916898));
#3023=CARTESIAN_POINT('',(-2.5000000372529,1.97537962149108,1.99438927524098));
#3024=CARTESIAN_POINT('',(-2.5000000372529,1.38564066756308,0.));
#3025=CARTESIAN_POINT('Origin',(-0.575000009313224,2.43930492496512,0.1));
#3026=CARTESIAN_POINT('',(-0.323552977878035,2.69994799008909,0.1));
#3027=CARTESIAN_POINT('',(-0.625000009313224,2.52590746534357,0.1));
#3028=CARTESIAN_POINT('Origin',(-0.123552977878035,2.69994799008909,0.1));
#3029=CARTESIAN_POINT('Origin',(3.3355664853062E-16,2.72369673250161,0.147497484825044));
#3030=CARTESIAN_POINT('',(-0.0499999999999983,2.85788387550459,0.415871770831016));
#3031=CARTESIAN_POINT('',(-0.190794801252769,2.77659595910081,0.253295938023442));
#3032=CARTESIAN_POINT('',(0.0500000000000013,2.85788387550459,0.415871770831016));
#3033=CARTESIAN_POINT('Origin',(1.38777878078145E-15,2.77128133512615,0.242666690074128));
#3034=CARTESIAN_POINT('',(0.323552977878038,2.69994799008909,0.1));
#3035=CARTESIAN_POINT('',(0.815794810565998,2.4157520354803,-0.468391909217577));
#3036=CARTESIAN_POINT('Origin',(0.123552977878037,2.69994799008909,0.1));
#3037=CARTESIAN_POINT('Origin',(1.94289029309402E-15,2.88675138896408,0.));
#3038=CARTESIAN_POINT('',(-2.4500000372529,1.47224320794152,2.58412822916898));
#3039=CARTESIAN_POINT('',(-2.4500000372529,1.47224320794152,0.));
#3040=CARTESIAN_POINT('',(-2.17644705937486,1.63017909335703,2.9));
#3041=CARTESIAN_POINT('',(-2.33572894364259,1.53821765459803,2.716077122482));
#3042=CARTESIAN_POINT('',(-0.323552977878035,2.69994799008909,2.9));
#3043=CARTESIAN_POINT('',(-0.625000009313224,2.52590746534357,2.9));
#3044=CARTESIAN_POINT('',(-0.0499999999999983,2.85788387550459,2.58412822916898));
#3045=CARTESIAN_POINT('',(0.460728915702912,3.15275335246859,1.99438927524098));
#3046=CARTESIAN_POINT('',(-0.0499999999999984,2.85788387550459,0.));
#3047=CARTESIAN_POINT('Origin',(1.82500002793968,1.7176170777241,0.1));
#3048=CARTESIAN_POINT('',(2.17644705937487,1.63017909335703,0.1));
#3049=CARTESIAN_POINT('',(1.87500002793968,1.80421961810255,0.1));
#3050=CARTESIAN_POINT('Origin',(2.27644705937487,1.45697401260014,0.1));
#3051=CARTESIAN_POINT('Origin',(2.35879056255106,1.3618483662508,0.147497484825044));
#3052=CARTESIAN_POINT('',(2.4500000372529,1.47224320794152,0.415871770831016));
#3053=CARTESIAN_POINT('',(2.30920523600013,1.5535311243453,0.253295938023442));
#3054=CARTESIAN_POINT('',(2.5000000372529,1.38564066756307,0.415871770831015));
#3055=CARTESIAN_POINT('Origin',(2.4000000372529,1.38564066756307,0.242666690074128));
#3056=CARTESIAN_POINT('',(2.5000000372529,0.501376987514481,-0.468391909217578));
#3057=CARTESIAN_POINT('Origin',(2.5000000372529,1.44337569448204,0.));
#3058=CARTESIAN_POINT('',(0.0500000000000013,2.85788387550459,2.58412822916898));
#3059=CARTESIAN_POINT('',(0.0500000000000013,2.85788387550459,0.));
#3060=CARTESIAN_POINT('',(0.323552977878038,2.69994799008909,2.9));
#3061=CARTESIAN_POINT('',(0.164271093610313,2.79190942884809,2.716077122482));
#3062=CARTESIAN_POINT('',(2.17644705937487,1.63017909335703,2.9));
#3063=CARTESIAN_POINT('',(1.87500002793968,1.80421961810255,2.9));
#3064=CARTESIAN_POINT('',(2.4500000372529,1.47224320794152,2.58412822916898));
#3065=CARTESIAN_POINT('',(2.96072895295581,1.17737373097752,1.99438927524098));
#3066=CARTESIAN_POINT('',(2.4500000372529,1.47224320794152,0.));
#3067=CARTESIAN_POINT('Origin',(1.82500002793968,1.7176170777241,2.9));
#3068=CARTESIAN_POINT('',(0.210155518256482,2.64994799008909,3.));
#3069=CARTESIAN_POINT('Origin',(0.123552977878038,2.69994799008909,2.9));
#3070=CARTESIAN_POINT('',(2.18984451899642,1.50697401260014,3.));
#3071=CARTESIAN_POINT('',(1.82500002793968,1.7176170777241,3.));
#3072=CARTESIAN_POINT('Origin',(2.27644705937487,1.45697401260014,2.9));
#3073=CARTESIAN_POINT('Origin',(0.,0.,3.));
#3074=CARTESIAN_POINT('',(-0.210155518256479,2.64994799008909,3.));
#3075=CARTESIAN_POINT('',(3.24525032396956E-16,2.64994799008909,3.));
#3076=CARTESIAN_POINT('',(-2.18984451899642,1.50697401260014,3.));
#3077=CARTESIAN_POINT('',(-0.575000009313224,2.43930492496512,3.));
#3078=CARTESIAN_POINT('',(-2.4000000372529,1.14297397748895,3.));
#3079=CARTESIAN_POINT('',(-2.29492227812466,1.32497399504454,3.));
#3080=CARTESIAN_POINT('',(-2.4000000372529,-1.14297397748895,3.));
#3081=CARTESIAN_POINT('',(-2.4000000372529,0.721687847241021,3.));
#3082=CARTESIAN_POINT('',(-2.18984451899642,-1.50697401260014,3.));
#3083=CARTESIAN_POINT('',(-2.29492227812466,-1.32497399504454,3.));
#3084=CARTESIAN_POINT('',(-0.210155518256481,-2.64994799008909,3.));
#3085=CARTESIAN_POINT('',(-1.82500002793968,-1.7176170777241,3.));
#3086=CARTESIAN_POINT('',(0.21015551825648,-2.64994799008909,3.));
#3087=CARTESIAN_POINT('',(0.,-2.64994799008909,3.));
#3088=CARTESIAN_POINT('',(2.18984451899642,-1.50697401260014,3.));
#3089=CARTESIAN_POINT('',(0.575000009313225,-2.43930492496512,3.));
#3090=CARTESIAN_POINT('',(2.4000000372529,-1.14297397748895,3.));
#3091=CARTESIAN_POINT('',(2.29492227812466,-1.32497399504454,3.));
#3092=CARTESIAN_POINT('',(2.4000000372529,1.14297397748895,3.));
#3093=CARTESIAN_POINT('',(2.4000000372529,-0.72168784724102,3.));
#3094=CARTESIAN_POINT('',(2.29492227812466,1.32497399504454,3.));
#3095=CARTESIAN_POINT('',(-2.25,-2.75545529808154E-16,3.));
#3096=CARTESIAN_POINT('Origin',(0.,0.,3.));
#3097=CARTESIAN_POINT('Origin',(3.34010215917249E-16,2.72740039127853,2.84509519762111));
#3098=CARTESIAN_POINT('Origin',(1.38777878078145E-15,2.77128133512615,2.75733330992587));
#3099=CARTESIAN_POINT('Origin',(-0.123552977878036,2.69994799008909,2.9));
#3100=CARTESIAN_POINT('Origin',(-0.575000009313224,2.43930492496512,2.9));
#3101=CARTESIAN_POINT('Origin',(-2.27644705937486,1.45697401260014,2.9));
#3102=CARTESIAN_POINT('Origin',(-2.4000000372529,0.721687847241021,2.9));
#3103=CARTESIAN_POINT('Origin',(-2.4000000372529,-1.24297397748895,2.9));
#3104=CARTESIAN_POINT('Origin',(-2.4000000372529,1.24297397748895,2.9));
#3105=CARTESIAN_POINT('Origin',(-2.36199802513883,-1.36370019563926,2.84509519762111));
#3106=CARTESIAN_POINT('Origin',(-2.4000000372529,-1.38564066756307,2.75733330992587));
#3107=CARTESIAN_POINT('Origin',(-2.27644705937487,-1.45697401260014,2.9));
#3108=CARTESIAN_POINT('Origin',(-1.82500002793968,-1.7176170777241,2.9));
#3109=CARTESIAN_POINT('Origin',(-0.123552977878038,-2.69994799008909,2.9));
#3110=CARTESIAN_POINT('Origin',(0.,-2.72740039127853,2.84509519762111));
#3111=CARTESIAN_POINT('',(0.0499999999999989,-2.85788387550459,2.58412822916898));
#3112=CARTESIAN_POINT('Origin',(-8.32667268468867E-16,-2.77128133512615,
2.75733330992587));
#3113=CARTESIAN_POINT('',(0.323552977878036,-2.69994799008909,2.9));
#3114=CARTESIAN_POINT('',(-0.460728915702911,-3.15275335246859,1.99438927524098));
#3115=CARTESIAN_POINT('Origin',(0.123552977878036,-2.69994799008909,2.9));
#3116=CARTESIAN_POINT('Origin',(0.575000009313225,-2.43930492496512,2.9));
#3117=CARTESIAN_POINT('',(2.17644705937487,-1.63017909335703,2.9));
#3118=CARTESIAN_POINT('Origin',(2.27644705937487,-1.45697401260014,2.9));
#3119=CARTESIAN_POINT('',(0.625000009313225,-2.52590746534357,2.9));
#3120=CARTESIAN_POINT('Origin',(-1.11022302462516E-15,-2.88675138896408,
0.));
#3121=CARTESIAN_POINT('',(2.4500000372529,-1.47224320794152,2.58412822916898));
#3122=CARTESIAN_POINT('',(2.4500000372529,-1.47224320794152,0.));
#3123=CARTESIAN_POINT('',(2.33572894364259,-1.53821765459803,2.716077122482));
#3124=CARTESIAN_POINT('',(0.049999999999999,-2.85788387550459,0.415871770831016));
#3125=CARTESIAN_POINT('',(0.049999999999999,-2.85788387550459,0.));
#3126=CARTESIAN_POINT('',(0.19079480125277,-2.77659595910081,0.253295938023442));
#3127=CARTESIAN_POINT('Origin',(2.4000000372529,-0.72168784724102,2.9));
#3128=CARTESIAN_POINT('',(2.5000000372529,1.06976889673206,2.9));
#3129=CARTESIAN_POINT('Origin',(2.4000000372529,1.24297397748894,2.9));
#3130=CARTESIAN_POINT('',(2.5000000372529,-1.06976889673206,2.9));
#3131=CARTESIAN_POINT('Origin',(2.4000000372529,-1.24297397748895,2.9));
#3132=CARTESIAN_POINT('',(2.5000000372529,-0.72168784724102,2.9));
#3133=CARTESIAN_POINT('Origin',(2.5000000372529,-1.44337569448204,0.));
#3134=CARTESIAN_POINT('',(2.5000000372529,1.38564066756307,2.58412822916898));
#3135=CARTESIAN_POINT('',(2.5000000372529,1.38564066756307,0.));
#3136=CARTESIAN_POINT('',(2.5000000372529,1.25369177425006,2.716077122482));
#3137=CARTESIAN_POINT('',(2.5000000372529,-1.38564066756308,2.58412822916898));
#3138=CARTESIAN_POINT('',(2.5000000372529,-1.97537962149108,1.99438927524098));
#3139=CARTESIAN_POINT('',(2.5000000372529,-1.38564066756308,0.));
#3140=CARTESIAN_POINT('Origin',(2.36199802513883,-1.36370019563927,2.84509519762111));
#3141=CARTESIAN_POINT('Origin',(2.4000000372529,-1.38564066756308,2.75733330992587));
#3142=CARTESIAN_POINT('Origin',(2.4000000372529,-1.38564066756308,0.));
#3143=CARTESIAN_POINT('Origin',(2.4000000372529,1.38564066756307,0.));
#3144=CARTESIAN_POINT('Origin',(2.4000000372529,1.38564066756307,2.75733330992587));
#3145=CARTESIAN_POINT('Origin',(1.38777878078145E-15,2.77128133512615,0.));
#3146=CARTESIAN_POINT('Origin',(-2.4000000372529,1.38564066756308,0.));
#3147=CARTESIAN_POINT('Origin',(-2.4000000372529,1.38564066756308,2.75733330992587));
#3148=CARTESIAN_POINT('Origin',(-2.4000000372529,-1.38564066756307,0.));
#3149=CARTESIAN_POINT('Origin',(-8.32667268468867E-16,-2.77128133512615,
0.));
#3150=CARTESIAN_POINT('Origin',(-8.32667268468867E-16,-2.77128133512615,
0.242666690074128));
#3151=CARTESIAN_POINT('Origin',(-2.36199802513883,1.36370019563927,2.84509519762111));
#3152=CARTESIAN_POINT('Origin',(2.36199802513883,1.36370019563926,2.84509519762111));
#3153=CARTESIAN_POINT('Origin',(0.,-2.72369673250161,0.147497484825044));
#3154=CARTESIAN_POINT('Origin',(0.,0.,4.));
#3155=CARTESIAN_POINT('Origin',(0.,0.,3.));
#3156=CARTESIAN_POINT('',(-1.37772764904077E-16,-1.68722975549459E-32,5.25));
#3157=CARTESIAN_POINT('Origin',(0.,0.,3.));
#3158=CARTESIAN_POINT('Origin',(0.,0.,0.));
#3159=UNCERTAINTY_MEASURE_WITH_UNIT(LENGTH_MEASURE(0.01),#3163,
'DISTANCE_ACCURACY_VALUE',
'Maximum model space distance between geometric entities at asserted c
onnectivities');
#3160=UNCERTAINTY_MEASURE_WITH_UNIT(LENGTH_MEASURE(0.01),#3163,
'DISTANCE_ACCURACY_VALUE',
'Maximum model space distance between geometric entities at asserted c
onnectivities');
#3161=(
GEOMETRIC_REPRESENTATION_CONTEXT(3)
GLOBAL_UNCERTAINTY_ASSIGNED_CONTEXT((#3159))
GLOBAL_UNIT_ASSIGNED_CONTEXT((#3163,#3165,#3166))
REPRESENTATION_CONTEXT('','3D')
);
#3162=(
GEOMETRIC_REPRESENTATION_CONTEXT(3)
GLOBAL_UNCERTAINTY_ASSIGNED_CONTEXT((#3160))
GLOBAL_UNIT_ASSIGNED_CONTEXT((#3163,#3165,#3166))
REPRESENTATION_CONTEXT('','3D')
);
#3163=(
LENGTH_UNIT()
NAMED_UNIT(*)
SI_UNIT(.MILLI.,.METRE.)
);
#3164=(
LENGTH_UNIT()
NAMED_UNIT(*)
SI_UNIT($,.METRE.)
);
#3165=(
NAMED_UNIT(*)
PLANE_ANGLE_UNIT()
SI_UNIT($,.RADIAN.)
);
#3166=(
NAMED_UNIT(*)
SI_UNIT($,.STERADIAN.)
SOLID_ANGLE_UNIT()
);
#3167=SHAPE_DEFINITION_REPRESENTATION(#3168,#3169);
#3168=PRODUCT_DEFINITION_SHAPE('',$,#3171);
#3169=SHAPE_REPRESENTATION('',(#1154),#3161);
#3170=PRODUCT_DEFINITION_CONTEXT('part definition',#3175,'design');
#3171=PRODUCT_DEFINITION('M3 Dome Nut','M3 Dome Nut v5',#3172,#3170);
#3172=PRODUCT_DEFINITION_FORMATION('',$,#3177);
#3173=PRODUCT_RELATED_PRODUCT_CATEGORY('M3 Dome Nut v5',
'M3 Dome Nut v5',(#3177));
#3174=APPLICATION_PROTOCOL_DEFINITION('international standard',
'automotive_design',2009,#3175);
#3175=APPLICATION_CONTEXT(
'Core Data for Automotive Mechanical Design Process');
#3176=PRODUCT_CONTEXT('part definition',#3175,'mechanical');
#3177=PRODUCT('M3 Dome Nut','M3 Dome Nut v5',$,(#3176));
#3178=PRESENTATION_STYLE_ASSIGNMENT((#3179));
#3179=SURFACE_STYLE_USAGE(.BOTH.,#3180);
#3180=SURFACE_SIDE_STYLE('',(#3181));
#3181=SURFACE_STYLE_FILL_AREA(#3182);
#3182=FILL_AREA_STYLE('Steel - Satin',(#3183));
#3183=FILL_AREA_STYLE_COLOUR('Steel - Satin',#3184);
#3184=COLOUR_RGB('Steel - Satin',0.627450980392157,0.627450980392157,0.627450980392157);
ENDSEC;
END-ISO-10303-21;
